slide_id,bif,tiene_h5,vendor,mpp_x,objective_power,level0_w,level0_h,n_regiones,regiones_json,n_parches,paso_grilla,n_bandas_h5,bandas_json,error
101907,101907.bif,1,ventana,0.46500000000000002,20,51765,44800,1,"[{""i"":0,""x"":0,""y"":0,""w"":40960,""h"":44800}]",4308,256,1,"[{""y_min"":2048,""y_max"":42560,""x_min"":13245,""x_max"":49334,""n_parches"":4308}]",
102287,102287.bif,1,ventana,0.46500000000000002,20,53234,40960,1,"[{""i"":0,""x"":0,""y"":0,""w"":44800,""h"":40960}]",6216,256,1,"[{""y_min"":2304,""y_max"":39872,""x_min"":9277,""x_max"":50612,""n_parches"":6216}]",
102376,102376.bif,1,ventana,0.46500000000000002,20,30696,24320,1,"[{""i"":0,""x"":0,""y"":0,""w"":21760,""h"":24320}]",1365,256,2,"[{""y_min"":320,""y_max"":11840,""x_min"":10615,""x_max"":28138,""n_parches"":743},{""y_min"":13376,""y_max"":24128,""x_min"":10807,""x_max"":30059,""n_parches"":622}]",
102467,102467.bif,1,ventana,0.46500000000000002,20,48991,28160,1,"[{""i"":0,""x"":0,""y"":0,""w"":26880,""h"":28160}]",2622,256,1,"[{""y_min"":1088,""y_max"":25088,""x_min"":23344,""x_max"":46182,""n_parches"":2622}]",
102730,102730.bif,1,ventana,0.46500000000000002,20,45684,97280,1,"[{""i"":0,""x"":0,""y"":0,""w"":34560,""h"":97280}]",7701,256,3,"[{""y_min"":0,""y_max"":46784,""x_min"":12220,""x_max"":39605,""n_parches"":3825},{""y_min"":47616,""y_max"":51584,""x_min"":27384,""x_max"":34039,""n_parches"":174},{""y_min"":52480,""y_max"":95232,""x_min"":15803,""x_max"":42932,""n_parches"":3702}]",
102732,102732.bif,1,ventana,0.46500000000000002,20,40792,25600,1,"[{""i"":0,""x"":0,""y"":0,""w"":29440,""h"":25600}]",2743,256,1,"[{""y_min"":2112,""y_max"":24512,""x_min"":12595,""x_max"":39340,""n_parches"":2743}]",
102737-1,102737-1.bif,1,ventana,0.46500000000000002,20,44751,30720,1,"[{""i"":0,""x"":0,""y"":0,""w"":26880,""h"":30720}]",3037,256,2,"[{""y_min"":1280,""y_max"":3584,""x_min"":39253,""x_max"":41301,""n_parches"":55},{""y_min"":4736,""y_max"":28928,""x_min"":20649,""x_max"":42453,""n_parches"":2982}]",
102737-1-2,,0,,,,,,,,,,,,sin .bif sin sufijo de tincion
102737-2,102737-2.bif,1,ventana,0.46500000000000002,20,46038,25600,1,"[{""i"":0,""x"":0,""y"":0,""w"":30720,""h"":25600}]",2500,256,1,"[{""y_min"":1344,""y_max"":24128,""x_min"":16305,""x_max"":43168,""n_parches"":2500}]",
103214,103214.bif,1,ventana,0.46500000000000002,20,55143,26880,1,"[{""i"":0,""x"":0,""y"":0,""w"":25600,""h"":26880}]",1585,256,3,"[{""y_min"":0,""y_max"":5760,""x_min"":39853,""x_max"":52585,""n_parches"":366},{""y_min"":7232,""y_max"":19904,""x_min"":31089,""x_max"":54056,""n_parches"":995},{""y_min"":21312,""y_max"":26688,""x_min"":31153,""x_max"":55015,""n_parches"":224}]",
103368,103368.bif,1,ventana,0.46500000000000002,20,27609,32000,1,"[{""i"":0,""x"":0,""y"":0,""w"":26880,""h"":32000}]",2393,256,2,"[{""y_min"":1216,""y_max"":5824,""x_min"":11695,""x_max"":20399,""n_parches"":264},{""y_min"":7616,""y_max"":31744,""x_min"":766,""x_max"":26851,""n_parches"":2129}]",
103370,103370.bif,1,ventana,0.46500000000000002,20,45950,29440,1,"[{""i"":0,""x"":0,""y"":0,""w"":32000,""h"":29440}]",5820,256,1,"[{""y_min"":0,""y_max"":29248,""x_min"":14783,""x_max"":45374,""n_parches"":5820}]",
103464,103464.bif,1,ventana,0.46500000000000002,20,47848,23040,1,"[{""i"":0,""x"":0,""y"":0,""w"":25600,""h"":23040}]",1646,256,1,"[{""y_min"":1152,""y_max"":17280,""x_min"":24179,""x_max"":45419,""n_parches"":1646}]",
103751,103751.bif,1,ventana,0.46500000000000002,20,30892,29440,1,"[{""i"":0,""x"":0,""y"":0,""w"":26880,""h"":29440}]",2128,256,1,"[{""y_min"":1280,""y_max"":26176,""x_min"":4029,""x_max"":28782,""n_parches"":2128}]",
103762,103762.bif,1,ventana,0.46500000000000002,20,52428,28160,1,"[{""i"":0,""x"":0,""y"":0,""w"":33280,""h"":28160}]",5203,256,1,"[{""y_min"":0,""y_max"":28032,""x_min"":19692,""x_max"":51228,""n_parches"":5203}]",
104512,104512.bif,1,ventana,0.46500000000000002,20,52313,28160,1,"[{""i"":0,""x"":0,""y"":0,""w"":24320,""h"":28160}]",2050,256,1,"[{""y_min"":1088,""y_max"":25152,""x_min"":29418,""x_max"":50143,""n_parches"":2050}]",
104514,104514.bif,1,ventana,0.46500000000000002,20,44338,25600,1,"[{""i"":0,""x"":0,""y"":0,""w"":25600,""h"":25600}]",1788,256,1,"[{""y_min"":2240,""y_max"":23424,""x_min"":19961,""x_max"":42675,""n_parches"":1788}]",
104516,104516.bif,1,ventana,0.46500000000000002,20,44355,23040,1,"[{""i"":0,""x"":0,""y"":0,""w"":32000,""h"":23040}]",2722,256,1,"[{""y_min"":0,""y_max"":22336,""x_min"":12846,""x_max"":41870,""n_parches"":2722}]",
104609,104609.bif,1,ventana,0.46500000000000002,20,45961,40960,1,"[{""i"":0,""x"":0,""y"":0,""w"":35840,""h"":40960}]",2956,256,2,"[{""y_min"":0,""y_max"":8448,""x_min"":17898,""x_max"":23018,""n_parches"":336},{""y_min"":9280,""y_max"":38528,""x_min"":11698,""x_max"":44366,""n_parches"":2620}]",
105040,105040.bif,1,ventana,0.46500000000000002,20,50555,34560,1,"[{""i"":0,""x"":0,""y"":0,""w"":32000,""h"":34560}]",4957,256,1,"[{""y_min"":0,""y_max"":32128,""x_min"":18558,""x_max"":48445,""n_parches"":4957}]",
105044,105044.bif,1,ventana,0.46500000000000002,20,47248,30720,1,"[{""i"":0,""x"":0,""y"":0,""w"":39680,""h"":30720}]",3952,256,1,"[{""y_min"":1344,""y_max"":28992,""x_min"":8823,""x_max"":44182,""n_parches"":3952}]",
105046,105046.bif,1,ventana,0.46500000000000002,20,35086,25600,1,"[{""i"":0,""x"":0,""y"":0,""w"":26880,""h"":25600}]",2439,256,1,"[{""y_min"":832,""y_max"":25280,""x_min"":9394,""x_max"":33752,""n_parches"":2439}]",
105405-1,105405-1.bif,1,ventana,0.46500000000000002,20,41307,26880,1,"[{""i"":0,""x"":0,""y"":0,""w"":34560,""h"":26880}]",3286,256,1,"[{""y_min"":768,""y_max"":26240,""x_min"":9399,""x_max"":39649,""n_parches"":3286}]",
105701,105701.bif,1,ventana,0.46500000000000002,20,40368,24320,1,"[{""i"":0,""x"":0,""y"":0,""w"":24320,""h"":24320}]",247,256,3,"[{""y_min"":4864,""y_max"":11136,""x_min"":17784,""x_max"":25462,""n_parches"":120},{""y_min"":14784,""y_max"":15552,""x_min"":32627,""x_max"":33907,""n_parches"":18},{""y_min"":19264,""y_max"":21824,""x_min"":18552,""x_max"":22904,""n_parches"":109}]",
106146,106146.bif,1,ventana,0.46500000000000002,20,44958,38400,1,"[{""i"":0,""x"":0,""y"":0,""w"":35840,""h"":38400}]",3019,256,2,"[{""y_min"":1728,""y_max"":20992,""x_min"":11639,""x_max"":37545,""n_parches"":1859},{""y_min"":21824,""y_max"":36096,""x_min"":14836,""x_max"":42658,""n_parches"":1160}]",
106148,106148.bif,1,ventana,0.46500000000000002,20,39768,21760,1,"[{""i"":0,""x"":0,""y"":0,""w"":21760,""h"":21760}]",979,256,1,"[{""y_min"":960,""y_max"":18816,""x_min"":18988,""x_max"":37852,""n_parches"":979}]",
106217,106217.bif,1,ventana,0.46500000000000002,20,49556,29440,1,"[{""i"":0,""x"":0,""y"":0,""w"":33280,""h"":29440}]",3292,256,1,"[{""y_min"":384,""y_max"":29312,""x_min"":17904,""x_max"":47708,""n_parches"":3292}]",
106552,106552.bif,1,ventana,0.46500000000000002,20,53901,46080,1,"[{""i"":0,""x"":0,""y"":0,""w"":38400,""h"":46080}]",4659,256,1,"[{""y_min"":1088,""y_max"":43520,""x_min"":16816,""x_max"":52627,""n_parches"":4659}]",
106580,106580.bif,1,ventana,0.46500000000000002,20,43993,29440,1,"[{""i"":0,""x"":0,""y"":0,""w"":33280,""h"":29440}]",4003,256,2,"[{""y_min"":0,""y_max"":256,""x_min"":26280,""x_max"":27304,""n_parches"":7},{""y_min"":1344,""y_max"":29120,""x_min"":12021,""x_max"":42019,""n_parches"":3996}]",
106583,106583.bif,1,ventana,0.46500000000000002,20,43384,28160,1,"[{""i"":0,""x"":0,""y"":0,""w"":26880,""h"":28160}]",1867,256,2,"[{""y_min"":2752,""y_max"":14592,""x_min"":18556,""x_max"":41274,""n_parches"":1121},{""y_min"":17280,""y_max"":26368,""x_min"":17852,""x_max"":39096,""n_parches"":746}]",
106611-1,106611-1.bif,1,ventana,0.46500000000000002,20,44127,35840,1,"[{""i"":0,""x"":0,""y"":0,""w"":32000,""h"":35840}]",3875,256,1,"[{""y_min"":1216,""y_max"":33152,""x_min"":13493,""x_max"":41703,""n_parches"":3875}]",
106611-2,106611-2.bif,1,ventana,0.46500000000000002,20,41136,28160,1,"[{""i"":0,""x"":0,""y"":0,""w"":21760,""h"":28160}]",2074,256,2,"[{""y_min"":2496,""y_max"":13056,""x_min"":21495,""x_max"":38837,""n_parches"":1149},{""y_min"":15424,""y_max"":27840,""x_min"":19384,""x_max"":39473,""n_parches"":925}]",
106961,106961.bif,1,ventana,0.46500000000000002,20,46445,25600,1,"[{""i"":0,""x"":0,""y"":0,""w"":29440,""h"":25600}]",1910,256,1,"[{""y_min"":768,""y_max"":24192,""x_min"":19256,""x_max"":45615,""n_parches"":1910}]",
107047,107047.bif,1,ventana,0.46500000000000002,20,28019,28160,1,"[{""i"":0,""x"":0,""y"":0,""w"":26880,""h"":28160}]",3661,256,1,"[{""y_min"":0,""y_max"":28032,""x_min"":1151,""x_max"":25974,""n_parches"":3661}]",
107072-1,107072-1.bif,1,ventana,0.46500000000000002,20,44853,28160,1,"[{""i"":0,""x"":0,""y"":0,""w"":30720,""h"":28160}]",3340,256,1,"[{""y_min"":1152,""y_max"":26880,""x_min"":15036,""x_max"":41335,""n_parches"":3340}]",
107072-2,107072-2.bif,1,ventana,0.46500000000000002,20,44306,33280,1,"[{""i"":0,""x"":0,""y"":0,""w"":30720,""h"":33280}]",3579,256,2,"[{""y_min"":1792,""y_max"":26816,""x_min"":15727,""x_max"":42843,""n_parches"":3464},{""y_min"":27712,""y_max"":30016,""x_min"":25445,""x_max"":30309,""n_parches"":115}]",
107072-3,107072-3.bif,1,ventana,0.46500000000000002,20,45961,32000,1,"[{""i"":0,""x"":0,""y"":0,""w"":35840,""h"":32000}]",4065,256,1,"[{""y_min"":1536,""y_max"":30464,""x_min"":11761,""x_max"":43726,""n_parches"":4065}]",
107272,107272.bif,1,ventana,0.46500000000000002,20,53472,61440,1,"[{""i"":0,""x"":0,""y"":0,""w"":48640,""h"":61440}]",18517,256,1,"[{""y_min"":1152,""y_max"":58688,""x_min"":4861,""x_max"":52778,""n_parches"":18517}]",
107344,107344.bif,1,ventana,0.46500000000000002,20,42331,24320,1,"[{""i"":0,""x"":0,""y"":0,""w"":25600,""h"":24320}]",2059,256,1,"[{""y_min"":1472,""y_max"":22400,""x_min"":17968,""x_max"":40158,""n_parches"":2059}]",
107359,,0,,,,,,,,,,,,sin .bif sin sufijo de tincion
107359-1,107359-1.bif,1,ventana,0.46500000000000002,20,52652,30720,1,"[{""i"":0,""x"":0,""y"":0,""w"":48640,""h"":30720}]",2928,256,1,"[{""y_min"":1600,""y_max"":28096,""x_min"":4030,""x_max"":51372,""n_parches"":2928}]",
107359-2,107359-2.bif,1,ventana,0.46500000000000002,20,54592,29440,1,"[{""i"":0,""x"":0,""y"":0,""w"":24320,""h"":29440}]",1836,256,2,"[{""y_min"":512,""y_max"":9728,""x_min"":31552,""x_max"":53440,""n_parches"":683},{""y_min"":10560,""y_max"":26560,""x_min"":30528,""x_max"":53888,""n_parches"":1153}]",
107415,107415.bif,1,ventana,0.46500000000000002,20,37825,23040,1,"[{""i"":0,""x"":0,""y"":0,""w"":28160,""h"":23040}]",1259,256,1,"[{""y_min"":1920,""y_max"":22080,""x_min"":11500,""x_max"":31439,""n_parches"":1259}]",
107746,107746.bif,1,ventana,0.46500000000000002,20,44527,29440,1,"[{""i"":0,""x"":0,""y"":0,""w"":28160,""h"":29440}]",3303,256,1,"[{""y_min"":0,""y_max"":29184,""x_min"":18680,""x_max"":43826,""n_parches"":3303}]",
107748,107748.bif,1,ventana,0.46500000000000002,20,51404,35840,1,"[{""i"":0,""x"":0,""y"":0,""w"":42240,""h"":35840}]",3716,256,1,"[{""y_min"":1280,""y_max"":33920,""x_min"":10293,""x_max"":48719,""n_parches"":3716}]",
107753-1,107753-1.bif,1,ventana,0.46500000000000002,20,46442,30720,1,"[{""i"":0,""x"":0,""y"":0,""w"":28160,""h"":30720}]",2371,256,2,"[{""y_min"":512,""y_max"":27968,""x_min"":19766,""x_max"":45291,""n_parches"":2357},{""y_min"":30208,""y_max"":30464,""x_min"":28594,""x_max"":30386,""n_parches"":14}]",
107753-2,107753-2.bif,1,ventana,0.46500000000000002,20,36300,24320,1,"[{""i"":0,""x"":0,""y"":0,""w"":20480,""h"":24320}]",1094,256,1,"[{""y_min"":1280,""y_max"":21824,""x_min"":18789,""x_max"":33621,""n_parches"":1094}]",
107780,107780.bif,1,ventana,0.46500000000000002,20,38190,23040,1,"[{""i"":0,""x"":0,""y"":0,""w"":28160,""h"":23040}]",1087,256,3,"[{""y_min"":2112,""y_max"":6464,""x_min"":24116,""x_max"":35636,""n_parches"":525},{""y_min"":7936,""y_max"":12800,""x_min"":11322,""x_max"":27766,""n_parches"":340},{""y_min"":13888,""y_max"":20800,""x_min"":15352,""x_max"":30003,""n_parches"":222}]",
108129,,0,,,,,,,,,,,,sin .bif sin sufijo de tincion
108129-1,108129-1.bif,1,ventana,0.46500000000000002,20,52592,25600,1,"[{""i"":0,""x"":0,""y"":0,""w"":43520,""h"":25600}]",2776,256,1,"[{""y_min"":3392,""y_max"":24704,""x_min"":10300,""x_max"":50226,""n_parches"":2776}]",
108129-2,108129-2.bif,1,ventana,0.46500000000000002,20,46013,40960,1,"[{""i"":0,""x"":0,""y"":0,""w"":38400,""h"":40960}]",4549,256,1,"[{""y_min"":1088,""y_max"":39232,""x_min"":10431,""x_max"":44093,""n_parches"":4549}]",
108152-1,108152-1.bif,1,ventana,0.46500000000000002,20,44769,25600,1,"[{""i"":0,""x"":0,""y"":0,""w"":33280,""h"":25600}]",3918,256,1,"[{""y_min"":960,""y_max"":25344,""x_min"":12983,""x_max"":43428,""n_parches"":3918}]",
108152-2,108152-2.bif,1,ventana,0.46500000000000002,20,47897,29440,1,"[{""i"":0,""x"":0,""y"":0,""w"":26880,""h"":29440}]",2008,256,2,"[{""y_min"":1280,""y_max"":15296,""x_min"":27561,""x_max"":42983,""n_parches"":1025},{""y_min"":17152,""y_max"":26752,""x_min"":22829,""x_max"":44832,""n_parches"":983}]",
108233,108233.bif,1,ventana,0.46500000000000002,20,49549,20480,1,"[{""i"":0,""x"":0,""y"":0,""w"":30720,""h"":20480}]",2646,256,1,"[{""y_min"":1152,""y_max"":18048,""x_min"":20075,""x_max"":47509,""n_parches"":2646}]",
108240,108240.bif,1,ventana,0.46500000000000002,20,44442,26880,1,"[{""i"":0,""x"":0,""y"":0,""w"":30720,""h"":26880}]",2167,256,1,"[{""y_min"":960,""y_max"":25600,""x_min"":15602,""x_max"":42972,""n_parches"":2167}]",
109124,109124.bif,1,ventana,0.46500000000000002,20,46655,44800,1,"[{""i"":0,""x"":0,""y"":0,""w"":39680,""h"":44800}]",5567,256,1,"[{""y_min"":0,""y_max"":44224,""x_min"":8575,""x_max"":44799,""n_parches"":5567}]",
109126,109126.bif,1,ventana,0.46500000000000002,20,44085,29440,1,"[{""i"":0,""x"":0,""y"":0,""w"":33280,""h"":29440}]",3482,256,1,"[{""y_min"":1152,""y_max"":27904,""x_min"":12348,""x_max"":41975,""n_parches"":3482}]",
109197,109197.bif,1,ventana,0.46500000000000002,20,40385,35840,1,"[{""i"":0,""x"":0,""y"":0,""w"":30720,""h"":35840}]",4360,256,1,"[{""y_min"":0,""y_max"":35648,""x_min"":9712,""x_max"":39045,""n_parches"":4360}]",
109199,109199.bif,1,ventana,0.46500000000000002,20,43654,21760,1,"[{""i"":0,""x"":0,""y"":0,""w"":25600,""h"":21760}]",2007,256,1,"[{""y_min"":1152,""y_max"":21440,""x_min"":18982,""x_max"":40907,""n_parches"":2007}]",
109356,109356.bif,1,ventana,0.46500000000000002,20,49952,38400,1,"[{""i"":0,""x"":0,""y"":0,""w"":44800,""h"":38400}]",5667,256,2,"[{""y_min"":1024,""y_max"":33344,""x_min"":6715,""x_max"":47527,""n_parches"":5657},{""y_min"":34944,""y_max"":35456,""x_min"":24048,""x_max"":24816,""n_parches"":10}]",
109523,109523.bif,1,ventana,0.46500000000000002,20,41707,26880,1,"[{""i"":0,""x"":0,""y"":0,""w"":30720,""h"":26880}]",1934,256,1,"[{""y_min"":1920,""y_max"":25280,""x_min"":13049,""x_max"":40496,""n_parches"":1934}]",
109609,109609.bif,1,ventana,0.46500000000000002,20,36910,32000,1,"[{""i"":0,""x"":0,""y"":0,""w"":26880,""h"":32000}]",2957,256,1,"[{""y_min"":0,""y_max"":31872,""x_min"":10043,""x_max"":34481,""n_parches"":2957}]",
109903,,0,,,,,,,,,,,,sin .bif sin sufijo de tincion
109903-1,109903-1.bif,1,ventana,0.46500000000000002,20,40241,26880,1,"[{""i"":0,""x"":0,""y"":0,""w"":28160,""h"":26880}]",3065,256,1,"[{""y_min"":0,""y_max"":26048,""x_min"":14394,""x_max"":39158,""n_parches"":3065}]",
109903-1-2,,0,,,,,,,,,,,,sin .bif sin sufijo de tincion
109903-2,109903-2.bif,1,ventana,0.46500000000000002,20,47406,21760,1,"[{""i"":0,""x"":0,""y"":0,""w"":30720,""h"":21760}]",1923,256,1,"[{""y_min"":960,""y_max"":19904,""x_min"":18680,""x_max"":45873,""n_parches"":1923}]",
109909,109909.bif,1,ventana,0.46500000000000002,20,42928,28160,1,"[{""i"":0,""x"":0,""y"":0,""w"":26880,""h"":28160}]",2491,256,1,"[{""y_min"":1152,""y_max"":26688,""x_min"":18745,""x_max"":41651,""n_parches"":2491}]",
109914,109914.bif,1,ventana,0.46500000000000002,20,44818,26880,1,"[{""i"":0,""x"":0,""y"":0,""w"":34560,""h"":26880}]",2955,256,1,"[{""y_min"":896,""y_max"":25024,""x_min"":11699,""x_max"":43029,""n_parches"":2955}]",
109985,109985.bif,1,ventana,0.46500000000000002,20,31337,20480,1,"[{""i"":0,""x"":0,""y"":0,""w"":23040,""h"":20480}]",953,256,2,"[{""y_min"":1984,""y_max"":3008,""x_min"":21040,""x_max"":22576,""n_parches"":26},{""y_min"":5248,""y_max"":17664,""x_min"":9337,""x_max"":28972,""n_parches"":927}]",
110020,110020.bif,1,ventana,0.46500000000000002,20,54823,40960,1,"[{""i"":0,""x"":0,""y"":0,""w"":42240,""h"":40960}]",5912,256,2,"[{""y_min"":1216,""y_max"":20544,""x_min"":15928,""x_max"":52714,""n_parches"":3283},{""y_min"":24128,""y_max"":38464,""x_min"":14393,""x_max"":51513,""n_parches"":2629}]",
110257,110257.bif,1,ventana,0.46500000000000002,20,43713,25600,1,"[{""i"":0,""x"":0,""y"":0,""w"":30720,""h"":25600}]",2177,256,1,"[{""y_min"":768,""y_max"":25152,""x_min"":15146,""x_max"":39694,""n_parches"":2177}]",
110298,110298.bif,1,ventana,0.46500000000000002,20,43499,37120,1,"[{""i"":0,""x"":0,""y"":0,""w"":35840,""h"":37120}]",3680,256,1,"[{""y_min"":448,""y_max"":36608,""x_min"":7740,""x_max"":42225,""n_parches"":3680}]",
110308,110308.bif,1,ventana,0.46500000000000002,20,34995,23040,1,"[{""i"":0,""x"":0,""y"":0,""w"":26880,""h"":23040}]",1157,256,1,"[{""y_min"":1152,""y_max"":19968,""x_min"":10236,""x_max"":32757,""n_parches"":1157}]",
110314,110314.bif,1,ventana,0.46500000000000002,20,42819,38400,1,"[{""i"":0,""x"":0,""y"":0,""w"":37120,""h"":38400}]",3455,256,1,"[{""y_min"":2560,""y_max"":35904,""x_min"":7732,""x_max"":40598,""n_parches"":3455}]",
110340,110340.bif,1,ventana,0.46500000000000002,20,37597,24320,1,"[{""i"":0,""x"":0,""y"":0,""w"":28160,""h"":24320}]",1609,256,1,"[{""y_min"":1344,""y_max"":21568,""x_min"":10678,""x_max"":35104,""n_parches"":1609}]",
110379,110379.bif,1,ventana,0.46500000000000002,20,40147,40960,1,"[{""i"":0,""x"":0,""y"":0,""w"":26880,""h"":40960}]",3154,256,2,"[{""y_min"":960,""y_max"":2752,""x_min"":28320,""x_max"":31648,""n_parches"":77},{""y_min"":3648,""y_max"":38464,""x_min"":14511,""x_max"":37146,""n_parches"":3077}]",
110609,110609.bif,1,ventana,0.46500000000000002,20,41700,29440,1,"[{""i"":0,""x"":0,""y"":0,""w"":28160,""h"":29440}]",2621,256,1,"[{""y_min"":1152,""y_max"":27136,""x_min"":14710,""x_max"":39144,""n_parches"":2621}]",
110614,110614.bif,1,ventana,0.46500000000000002,20,43482,28160,1,"[{""i"":0,""x"":0,""y"":0,""w"":29440,""h"":28160}]",2653,256,2,"[{""y_min"":0,""y_max"":512,""x_min"":35233,""x_max"":38049,""n_parches"":31},{""y_min"":1472,""y_max"":27904,""x_min"":14451,""x_max"":39392,""n_parches"":2622}]",
110616,110616.bif,1,ventana,0.46500000000000002,20,42261,29440,1,"[{""i"":0,""x"":0,""y"":0,""w"":33280,""h"":29440}]",2933,256,1,"[{""y_min"":1408,""y_max"":27840,""x_min"":11508,""x_max"":40282,""n_parches"":2933}]",
110618,110618.bif,1,ventana,0.46500000000000002,20,36874,25600,1,"[{""i"":0,""x"":0,""y"":0,""w"":30720,""h"":25600}]",2677,256,1,"[{""y_min"":512,""y_max"":24640,""x_min"":7349,""x_max"":33809,""n_parches"":2677}]",
110624,110624.bif,1,ventana,0.46500000000000002,20,45684,24320,1,"[{""i"":0,""x"":0,""y"":0,""w"":34560,""h"":24320}]",1527,256,1,"[{""y_min"":1792,""y_max"":22912,""x_min"":12860,""x_max"":41397,""n_parches"":1527}]",
110675,110675.bif,1,ventana,0.46500000000000002,20,45403,17920,1,"[{""i"":0,""x"":0,""y"":0,""w"":32000,""h"":17920}]",3641,256,1,"[{""y_min"":128,""y_max"":15232,""x_min"":14388,""x_max"":43113,""n_parches"":3641}]",
110704,,0,,,,,,,,,,,,sin .bif sin sufijo de tincion
110704-1,110704-1.bif,1,ventana,0.46500000000000002,20,48647,35840,1,"[{""i"":0,""x"":0,""y"":0,""w"":34560,""h"":35840}]",3094,256,1,"[{""y_min"":1856,""y_max"":34688,""x_min"":16173,""x_max"":45579,""n_parches"":3094}]",
110704-1-2,,0,,,,,,,,,,,,sin .bif sin sufijo de tincion
110704-2,110704-2.bif,1,ventana,0.46500000000000002,20,43857,38400,1,"[{""i"":0,""x"":0,""y"":0,""w"":33280,""h"":38400}]",4599,256,2,"[{""y_min"":1728,""y_max"":35776,""x_min"":11891,""x_max"":42085,""n_parches"":4510},{""y_min"":37376,""y_max"":38144,""x_min"":32861,""x_max"":43613,""n_parches"":89}]",
110704-3,110704-3.bif,1,ventana,0.46500000000000002,20,35714,28160,1,"[{""i"":0,""x"":0,""y"":0,""w"":23040,""h"":28160}]",3259,256,1,"[{""y_min"":0,""y_max"":27968,""x_min"":12713,""x_max"":34899,""n_parches"":3259}]",
110948,110948.bif,1,ventana,0.46500000000000002,20,43766,33280,1,"[{""i"":0,""x"":0,""y"":0,""w"":33280,""h"":33280}]",4451,256,1,"[{""y_min"":0,""y_max"":33088,""x_min"":11645,""x_max"":42168,""n_parches"":4451}]",
110950,110950.bif,1,ventana,0.46500000000000002,20,49601,29440,1,"[{""i"":0,""x"":0,""y"":0,""w"":33280,""h"":29440}]",4027,256,1,"[{""y_min"":1024,""y_max"":27584,""x_min"":17194,""x_max"":45702,""n_parches"":4027}]",
110960,110960.bif,1,ventana,0.46500000000000002,20,43629,29440,1,"[{""i"":0,""x"":0,""y"":0,""w"":33280,""h"":29440}]",3651,256,1,"[{""y_min"":192,""y_max"":28160,""x_min"":11578,""x_max"":39923,""n_parches"":3651}]",
110962,110962.bif,1,ventana,0.46500000000000002,20,46873,30720,1,"[{""i"":0,""x"":0,""y"":0,""w"":35840,""h"":30720}]",5043,256,1,"[{""y_min"":1088,""y_max"":28992,""x_min"":12597,""x_max"":44395,""n_parches"":5043}]",
110998,110998.bif,1,ventana,0.46500000000000002,20,46403,29440,1,"[{""i"":0,""x"":0,""y"":0,""w"":30720,""h"":29440}]",2513,256,3,"[{""y_min"":320,""y_max"":23424,""x_min"":17193,""x_max"":43605,""n_parches"":2416},{""y_min"":25664,""y_max"":27712,""x_min"":30040,""x_max"":34136,""n_parches"":91},{""y_min"":29120,""y_max"":29120,""x_min"":35856,""x_max"":37136,""n_parches"":6}]",
111281,111281.bif,1,ventana,0.46500000000000002,20,48097,29440,1,"[{""i"":0,""x"":0,""y"":0,""w"":33280,""h"":29440}]",2986,256,1,"[{""y_min"":1472,""y_max"":27840,""x_min"":16437,""x_max"":45095,""n_parches"":2986}]",
111284,111284.bif,1,ventana,0.46500000000000002,20,46255,35840,1,"[{""i"":0,""x"":0,""y"":0,""w"":43520,""h"":35840}]",3029,256,1,"[{""y_min"":1024,""y_max"":33792,""x_min"":4030,""x_max"":44338,""n_parches"":3029}]",
111286,111286.bif,1,ventana,0.46500000000000002,20,48903,47360,1,"[{""i"":0,""x"":0,""y"":0,""w"":44800,""h"":47360}]",5259,256,1,"[{""y_min"":1152,""y_max"":44416,""x_min"":4666,""x_max"":45595,""n_parches"":5259}]",
111456,111456.bif,1,ventana,0.46500000000000002,20,43029,25600,1,"[{""i"":0,""x"":0,""y"":0,""w"":30720,""h"":25600}]",2751,256,1,"[{""y_min"":1152,""y_max"":23744,""x_min"":14065,""x_max"":41310,""n_parches"":2751}]",
111568,111568.bif,1,ventana,0.46500000000000002,20,48664,40960,1,"[{""i"":0,""x"":0,""y"":0,""w"":40960,""h"":40960}]",3022,256,1,"[{""y_min"":1280,""y_max"":37888,""x_min"":8824,""x_max"":46170,""n_parches"":3022}]",
111681,111681.bif,1,ventana,0.46500000000000002,20,45453,25600,1,"[{""i"":0,""x"":0,""y"":0,""w"":33280,""h"":25600}]",2835,256,2,"[{""y_min"":1920,""y_max"":21056,""x_min"":14575,""x_max"":42774,""n_parches"":2776},{""y_min"":21952,""y_max"":24000,""x_min"":26402,""x_max"":28706,""n_parches"":59}]",
111938,111938.bif,1,ventana,0.46500000000000002,20,46512,33280,1,"[{""i"":0,""x"":0,""y"":0,""w"":37120,""h"":33280}]",3007,256,1,"[{""y_min"":1152,""y_max"":30656,""x_min"":11196,""x_max"":44784,""n_parches"":3007}]",
111940,,0,,,,,,,,,,,,sin .bif sin sufijo de tincion
111940-1,111940-1.bif,1,ventana,0.46500000000000002,20,47753,35840,1,"[{""i"":0,""x"":0,""y"":0,""w"":40960,""h"":35840}]",2772,256,2,"[{""y_min"":1216,""y_max"":4544,""x_min"":32154,""x_max"":36759,""n_parches"":75},{""y_min"":5504,""y_max"":34176,""x_min"":10228,""x_max"":45329,""n_parches"":2697}]",
111940-2,111940-2.bif,1,ventana,0.46500000000000002,20,45074,21760,1,"[{""i"":0,""x"":0,""y"":0,""w"":28160,""h"":21760}]",1439,256,2,"[{""y_min"":2048,""y_max"":12928,""x_min"":18221,""x_max"":41052,""n_parches"":1041},{""y_min"":14528,""y_max"":19136,""x_min"":33373,""x_max"":42589,""n_parches"":398}]",
112003,,0,,,,,,,,,,,,sin .bif sin sufijo de tincion
112003-1,112003-1.bif,1,ventana,0.46500000000000002,20,47111,32000,1,"[{""i"":0,""x"":0,""y"":0,""w"":39680,""h"":32000}]",3824,256,1,"[{""y_min"":2112,""y_max"":29504,""x_min"":8693,""x_max"":45007,""n_parches"":3824}]",
112185,112185.bif,1,ventana,0.46500000000000002,20,52091,42240,1,"[{""i"":0,""x"":0,""y"":0,""w"":43520,""h"":42240}]",9304,256,1,"[{""y_min"":1408,""y_max"":40192,""x_min"":10175,""x_max"":51132,""n_parches"":9304}]",
112344,112344.bif,1,ventana,0.46500000000000002,20,40010,21760,1,"[{""i"":0,""x"":0,""y"":0,""w"":26880,""h"":21760}]",1132,256,1,"[{""y_min"":1216,""y_max"":18112,""x_min"":14188,""x_max"":36691,""n_parches"":1132}]",
112348,112348.bif,1,ventana,0.46500000000000002,20,40238,28160,1,"[{""i"":0,""x"":0,""y"":0,""w"":26880,""h"":28160}]",2342,256,1,"[{""y_min"":1152,""y_max"":25408,""x_min"":15225,""x_max"":38191,""n_parches"":2342}]",
112787,112787.bif,1,ventana,0.46500000000000002,20,44068,26880,1,"[{""i"":0,""x"":0,""y"":0,""w"":26880,""h"":26880}]",3198,256,1,"[{""y_min"":1216,""y_max"":26688,""x_min"":18036,""x_max"":42794,""n_parches"":3198}]",
112810,112810.bif,1,ventana,0.46500000000000002,20,48405,30720,1,"[{""i"":0,""x"":0,""y"":0,""w"":29440,""h"":30720}]",2749,256,1,"[{""y_min"":1088,""y_max"":29504,""x_min"":19374,""x_max"":47895,""n_parches"":2749}]",
112825,112825.bif,1,ventana,0.46500000000000002,20,43580,30720,1,"[{""i"":0,""x"":0,""y"":0,""w"":32000,""h"":30720}]",2028,256,1,"[{""y_min"":1152,""y_max"":28160,""x_min"":13438,""x_max"":41276,""n_parches"":2028}]",
113142,113142.bif,1,ventana,0.46500000000000002,20,39645,25600,1,"[{""i"":0,""x"":0,""y"":0,""w"":26880,""h"":25600}]",1143,256,1,"[{""y_min"":1536,""y_max"":22080,""x_min"":15538,""x_max"":35938,""n_parches"":1143}]",
113555,113555.bif,1,ventana,0.46500000000000002,20,47536,21760,1,"[{""i"":0,""x"":0,""y"":0,""w"":28160,""h"":21760}]",1699,256,1,"[{""y_min"":1792,""y_max"":19712,""x_min"":21496,""x_max"":45937,""n_parches"":1699}]",
113566,,0,,,,,,,,,,,,sin .bif sin sufijo de tincion
113566-2,113566-2.bif,1,ventana,0.46500000000000002,20,39066,32000,1,"[{""i"":0,""x"":0,""y"":0,""w"":32000,""h"":32000}]",3368,256,1,"[{""y_min"":1216,""y_max"":31744,""x_min"":8311,""x_max"":38748,""n_parches"":3368}]",
114357,114357.bif,1,ventana,0.46500000000000002,20,44537,38400,1,"[{""i"":0,""x"":0,""y"":0,""w"":32000,""h"":38400}]",4725,256,1,"[{""y_min"":0,""y_max"":34816,""x_min"":14013,""x_max"":44345,""n_parches"":4725}]",
115505,115505.bif,1,ventana,0.46500000000000002,20,47266,30720,1,"[{""i"":0,""x"":0,""y"":0,""w"":29440,""h"":30720}]",3552,256,1,"[{""y_min"":1664,""y_max"":29568,""x_min"":19123,""x_max"":47076,""n_parches"":3552}]",
115507,115507.bif,1,ventana,0.46500000000000002,20,48578,26880,1,"[{""i"":0,""x"":0,""y"":0,""w"":25600,""h"":26880}]",1393,256,1,"[{""y_min"":1216,""y_max"":25216,""x_min"":25503,""x_max"":47178,""n_parches"":1393}]",
115516,115516.bif,1,ventana,0.46500000000000002,20,43310,29440,1,"[{""i"":0,""x"":0,""y"":0,""w"":33280,""h"":29440}]",1170,256,2,"[{""y_min"":1984,""y_max"":10624,""x_min"":16952,""x_max"":38769,""n_parches"":394},{""y_min"":11904,""y_max"":28160,""x_min"":11963,""x_max"":38448,""n_parches"":776}]",
115523-1,115523-1.bif,1,ventana,0.46500000000000002,20,39231,25600,1,"[{""i"":0,""x"":0,""y"":0,""w"":25600,""h"":25600}]",1843,256,1,"[{""y_min"":1280,""y_max"":24832,""x_min"":15103,""x_max"":36863,""n_parches"":1843}]",
115523-2,115523-2.bif,1,ventana,0.46500000000000002,20,47911,26880,1,"[{""i"":0,""x"":0,""y"":0,""w"":32000,""h"":26880}]",1612,256,4,"[{""y_min"":0,""y_max"":256,""x_min"":25714,""x_max"":26994,""n_parches"":10},{""y_min"":1792,""y_max"":13120,""x_min"":25202,""x_max"":44713,""n_parches"":1073},{""y_min"":14528,""y_max"":17856,""x_min"":20085,""x_max"":37805,""n_parches"":119},{""y_min"":18752,""y_max"":26688,""x_min"":20853,""x_max"":42922,""n_parches"":410}]",
115716,115716.bif,1,ventana,0.46500000000000002,20,49499,43520,1,"[{""i"":0,""x"":0,""y"":0,""w"":46080,""h"":43520}]",10311,256,2,"[{""y_min"":0,""y_max"":256,""x_min"":41057,""x_max"":41825,""n_parches"":7},{""y_min"":1920,""y_max"":43328,""x_min"":3453,""x_max"":48540,""n_parches"":10304}]",
115888,,0,,,,,,,,,,,,sin .bif sin sufijo de tincion
115888-1,115888-1.bif,1,ventana,0.46500000000000002,20,40665,29440,1,"[{""i"":0,""x"":0,""y"":0,""w"":33280,""h"":29440}]",4190,256,1,"[{""y_min"":1280,""y_max"":28864,""x_min"":10230,""x_max"":38763,""n_parches"":4190}]",
115888-2,115888-2.bif,1,ventana,0.46500000000000002,20,37625,26880,1,"[{""i"":0,""x"":0,""y"":0,""w"":21760,""h"":26880}]",1157,256,1,"[{""y_min"":2176,""y_max"":21632,""x_min"":17020,""x_max"":34425,""n_parches"":1157}]",
115893-1,115893-1.bif,1,ventana,0.46500000000000002,20,37513,26880,1,"[{""i"":0,""x"":0,""y"":0,""w"":30720,""h"":26880}]",3194,256,1,"[{""y_min"":896,""y_max"":26688,""x_min"":8116,""x_max"":34204,""n_parches"":3194}]",
115893-1-2,,0,,,,,,,,,,,,sin .bif sin sufijo de tincion
115893-2,115893-2.bif,1,ventana,0.46500000000000002,20,48290,30720,1,"[{""i"":0,""x"":0,""y"":0,""w"":37120,""h"":30720}]",3748,256,1,"[{""y_min"":1600,""y_max"":28864,""x_min"":13559,""x_max"":45806,""n_parches"":3748}]",
115999,115999.bif,1,ventana,0.46500000000000002,20,45589,30720,1,"[{""i"":0,""x"":0,""y"":0,""w"":33280,""h"":30720}]",3511,256,2,"[{""y_min"":1920,""y_max"":26880,""x_min"":13874,""x_max"":41883,""n_parches"":3488},{""y_min"":27968,""y_max"":29504,""x_min"":26726,""x_max"":27494,""n_parches"":23}]",
116014,,0,,,,,,,,,,,,sin .bif sin sufijo de tincion
116344,116344.bif,1,ventana,0.46500000000000002,20,40290,25600,1,"[{""i"":0,""x"":0,""y"":0,""w"":29440,""h"":25600}]",2500,256,1,"[{""y_min"":0,""y_max"":24256,""x_min"":12918,""x_max"":39398,""n_parches"":2500}]",
116350,116350.bif,1,ventana,0.46500000000000002,20,39662,37120,1,"[{""i"":0,""x"":0,""y"":0,""w"":33280,""h"":37120}]",1054,256,4,"[{""y_min"":2304,""y_max"":6592,""x_min"":23093,""x_max"":34352,""n_parches"":102},{""y_min"":10240,""y_max"":22592,""x_min"":7612,""x_max"":32691,""n_parches"":672},{""y_min"":26368,""y_max"":28736,""x_min"":8955,""x_max"":19447,""n_parches"":86},{""y_min"":30080,""y_max"":35392,""x_min"":12154,""x_max"":20728,""n_parches"":194}]",
116350-1,116350-1.bif,1,ventana,0.46500000000000002,20,48510,34560,1,"[{""i"":0,""x"":0,""y"":0,""w"":34560,""h"":34560}]",5058,256,2,"[{""y_min"":0,""y_max"":512,""x_min"":27966,""x_max"":31550,""n_parches"":21},{""y_min"":1856,""y_max"":34304,""x_min"":15103,""x_max"":46142,""n_parches"":5037}]",
116350-2,116350-2.bif,1,ventana,0.46500000000000002,20,49257,106240,1,"[{""i"":0,""x"":0,""y"":0,""w"":40960,""h"":106240}]",4780,256,9,"[{""y_min"":3648,""y_max"":23104,""x_min"":21493,""x_max"":37487,""n_parches"":950},{""y_min"":27776,""y_max"":28544,""x_min"":29554,""x_max"":31090,""n_parches"":24},{""y_min"":32448,""y_max"":51776,""x_min"":22645,""x_max"":43244,""n_parches"":1118},{""y_min"":55680,""y_max"":56704,""x_min"":29810,""x_max"":31602,""n_parches"":30},{""y_min"":58176,""y_max"":58432,""x_min"":34096,""x_max"":34864,""n_parches"":8},{""y_min"":60416,""y_max"":79680,""x_min"":22773,""x_max"":38958,""n_parches"":1177},{""y_min"":83008,""y_max"":84032,""x_min"":29682,""x_max"":31474,""n_parches"":33},{""y_min"":85376,""y_max"":85888,""x_min"":33584,""x_max"":34864,""n_parches"":13},{""y_min"":87744,""y_max"":106112,""x_min"":8316,""x_max"":49065,""n_parches"":1427}]",
116352,116352.bif,1,ventana,0.46500000000000002,20,46228,29440,1,"[{""i"":0,""x"":0,""y"":0,""w"":33280,""h"":29440}]",3052,256,2,"[{""y_min"":0,""y_max"":256,""x_min"":41560,""x_max"":42584,""n_parches"":8},{""y_min"":1216,""y_max"":29312,""x_min"":14450,""x_max"":43995,""n_parches"":3044}]",
116417,116417.bif,1,ventana,0.46500000000000002,20,51913,25600,1,"[{""i"":0,""x"":0,""y"":0,""w"":28160,""h"":25600}]",875,256,1,"[{""y_min"":3776,""y_max"":23872,""x_min"":26084,""x_max"":50765,""n_parches"":875}]",
116425,,0,,,,,,,,,,,,sin .bif sin sufijo de tincion
116425-1,116425-1.bif,1,ventana,0.46500000000000002,20,46449,30720,1,"[{""i"":0,""x"":0,""y"":0,""w"":30720,""h"":30720}]",3984,256,2,"[{""y_min"":0,""y_max"":768,""x_min"":33077,""x_max"":34869,""n_parches"":29},{""y_min"":1920,""y_max"":30272,""x_min"":16634,""x_max"":43954,""n_parches"":3955}]",
116425-2,116425-2.bif,1,ventana,0.46500000000000002,20,43022,26880,1,"[{""i"":0,""x"":0,""y"":0,""w"":28160,""h"":26880}]",1386,256,2,"[{""y_min"":2112,""y_max"":3840,""x_min"":27040,""x_max"":29789,""n_parches"":47},{""y_min"":4992,""y_max"":25536,""x_min"":18218,""x_max"":41616,""n_parches"":1339}]",
116736,116736.bif,1,ventana,0.46500000000000002,20,44401,30720,1,"[{""i"":0,""x"":0,""y"":0,""w"":32000,""h"":30720}]",4062,256,1,"[{""y_min"":0,""y_max"":30272,""x_min"":12603,""x_max"":42164,""n_parches"":4062}]",
116778,116778.bif,1,ventana,0.46500000000000002,20,42938,29440,1,"[{""i"":0,""x"":0,""y"":0,""w"":30720,""h"":29440}]",3258,256,1,"[{""y_min"":0,""y_max"":27456,""x_min"":14653,""x_max"":40701,""n_parches"":3258}]",
116781,116781.bif,1,ventana,0.46500000000000002,20,43264,29440,1,"[{""i"":0,""x"":0,""y"":0,""w"":33280,""h"":29440}]",3251,256,1,"[{""y_min"":1728,""y_max"":28608,""x_min"":11840,""x_max"":39872,""n_parches"":3251}]",
116852,116852.bif,1,ventana,0.46500000000000002,20,43716,33280,1,"[{""i"":0,""x"":0,""y"":0,""w"":32000,""h"":33280}]",3778,256,1,"[{""y_min"":2432,""y_max"":31552,""x_min"":13293,""x_max"":41818,""n_parches"":3778}]",
117226,117226.bif,1,ventana,0.46500000000000002,20,45719,26880,1,"[{""i"":0,""x"":0,""y"":0,""w"":30720,""h"":26880}]",1615,256,2,"[{""y_min"":1152,""y_max"":20160,""x_min"":16625,""x_max"":42333,""n_parches"":1472},{""y_min"":21952,""y_max"":25024,""x_min"":21996,""x_max"":26092,""n_parches"":143}]",
117413,117413.bif,1,ventana,0.46500000000000002,20,53490,106240,1,"[{""i"":0,""x"":0,""y"":0,""w"":38400,""h"":106240}]",9791,256,4,"[{""y_min"":0,""y_max"":21952,""x_min"":25465,""x_max"":53362,""n_parches"":2379},{""y_min"":23040,""y_max"":77696,""x_min"":19322,""x_max"":47990,""n_parches"":5376},{""y_min"":78784,""y_max"":80064,""x_min"":25657,""x_max"":26681,""n_parches"":21},{""y_min"":86016,""y_max"":106112,""x_min"":15995,""x_max"":53234,""n_parches"":2015}]",
117516,117516.bif,1,ventana,0.46500000000000002,20,38740,29440,1,"[{""i"":0,""x"":0,""y"":0,""w"":29440,""h"":29440}]",4176,256,1,"[{""y_min"":0,""y_max"":29184,""x_min"":10739,""x_max"":36508,""n_parches"":4176}]",
117527,117527.bif,1,ventana,0.46500000000000002,20,44765,26880,1,"[{""i"":0,""x"":0,""y"":0,""w"":32000,""h"":26880}]",2650,256,1,"[{""y_min"":0,""y_max"":26752,""x_min"":14580,""x_max"":41507,""n_parches"":2650}]",
117610,117610.bif,1,ventana,0.46500000000000002,20,48953,26880,1,"[{""i"":0,""x"":0,""y"":0,""w"":29440,""h"":26880}]",2151,256,1,"[{""y_min"":512,""y_max"":24448,""x_min"":19517,""x_max"":47738,""n_parches"":2151}]",
117825,117825.bif,1,ventana,0.46500000000000002,20,48139,28160,1,"[{""i"":0,""x"":0,""y"":0,""w"":32000,""h"":28160}]",2859,256,1,"[{""y_min"":1408,""y_max"":25920,""x_min"":21032,""x_max"":46672,""n_parches"":2859}]",
117954,117954.bif,1,ventana,0.46500000000000002,20,43254,25600,1,"[{""i"":0,""x"":0,""y"":0,""w"":29440,""h"":25600}]",2335,256,1,"[{""y_min"":2624,""y_max"":23168,""x_min"":15036,""x_max"":41206,""n_parches"":2335}]",
117956,,0,,,,,,,,,,,,sin .bif sin sufijo de tincion
117956-2,117956-2.bif,1,ventana,0.46500000000000002,20,53335,38400,1,"[{""i"":0,""x"":0,""y"":0,""w"":48640,""h"":38400}]",3701,256,1,"[{""y_min"":2112,""y_max"":34112,""x_min"":6267,""x_max"":50014,""n_parches"":3701}]",
118203,118203.bif,1,ventana,0.46500000000000002,20,36475,24320,1,"[{""i"":0,""x"":0,""y"":0,""w"":17920,""h"":24320}]",889,256,2,"[{""y_min"":1088,""y_max"":17280,""x_min"":19901,""x_max"":34875,""n_parches"":870},{""y_min"":18368,""y_max"":19392,""x_min"":27260,""x_max"":28284,""n_parches"":19}]",
118923,118923.bif,1,ventana,0.46500000000000002,20,53080,38400,1,"[{""i"":0,""x"":0,""y"":0,""w"":38400,""h"":38400}]",5325,256,2,"[{""y_min"":960,""y_max"":4800,""x_min"":30377,""x_max"":41641,""n_parches"":409},{""y_min"":5632,""y_max"":36160,""x_min"":16115,""x_max"":51169,""n_parches"":4916}]",
118925,118925.bif,1,ventana,0.46500000000000002,20,52059,107520,2,"[{""i"":0,""x"":0,""y"":0,""w"":48640,""h"":7680},{""i"":1,""x"":1280,""y"":67840,""w"":47360,""h"":39680}]",9595,256,2,"[{""y_min"":0,""y_max"":5632,""x_min"":3453,""x_max"":50813,""n_parches"":3817},{""y_min"":69696,""y_max"":107392,""x_min"":5564,""x_max"":51739,""n_parches"":5778}]",
119287,119287.bif,1,ventana,0.46500000000000002,20,44797,25600,1,"[{""i"":0,""x"":0,""y"":0,""w"":26880,""h"":25600}]",2861,256,1,"[{""y_min"":576,""y_max"":22784,""x_min"":18366,""x_max"":41021,""n_parches"":2861}]",
119325,119325.bif,1,ventana,0.46500000000000002,20,39193,28160,1,"[{""i"":0,""x"":0,""y"":0,""w"":28160,""h"":28160}]",3991,256,1,"[{""y_min"":832,""y_max"":26432,""x_min"":11060,""x_max"":38301,""n_parches"":3991}]",
119377-1,119377-1.bif,1,ventana,0.46500000000000002,20,45358,26880,1,"[{""i"":0,""x"":0,""y"":0,""w"":32000,""h"":26880}]",2391,256,1,"[{""y_min"":1216,""y_max"":24448,""x_min"":14778,""x_max"":43120,""n_parches"":2391}]",
119377-2,119377-2.bif,1,ventana,0.46500000000000002,20,45740,32000,1,"[{""i"":0,""x"":0,""y"":0,""w"":38400,""h"":32000}]",6808,256,1,"[{""y_min"":1408,""y_max"":30080,""x_min"":12090,""x_max"":42414,""n_parches"":6808}]",
119414,119414.bif,1,ventana,0.46500000000000002,20,37306,47360,2,"[{""i"":0,""x"":0,""y"":25600,""w"":20480,""h"":21760},{""i"":1,""x"":1280,""y"":0,""w"":20480,""h"":20480}]",2620,256,2,"[{""y_min"":1152,""y_max"":17216,""x_min"":18301,""x_max"":34811,""n_parches"":1316},{""y_min"":27776,""y_max"":43712,""x_min"":17213,""x_max"":34300,""n_parches"":1304}]",
119674,119674.bif,1,ventana,0.46500000000000002,20,43765,28160,1,"[{""i"":0,""x"":0,""y"":0,""w"":33280,""h"":28160}]",3507,256,1,"[{""y_min"":576,""y_max"":25600,""x_min"":12476,""x_max"":39929,""n_parches"":3507}]",
119677,119677.bif,1,ventana,0.46500000000000002,20,50327,30720,1,"[{""i"":0,""x"":0,""y"":0,""w"":32000,""h"":30720}]",1694,256,2,"[{""y_min"":1792,""y_max"":24000,""x_min"":21358,""x_max"":44636,""n_parches"":1436},{""y_min"":25152,""y_max"":28992,""x_min"":28201,""x_max"":36770,""n_parches"":258}]",
120057,120057.bif,1,ventana,0.46500000000000002,20,45088,28160,1,"[{""i"":0,""x"":0,""y"":0,""w"":33280,""h"":28160}]",3420,256,1,"[{""y_min"":1472,""y_max"":27008,""x_min"":13814,""x_max"":42665,""n_parches"":3420}]",
120059,120059.bif,1,ventana,0.46500000000000002,20,42605,26880,1,"[{""i"":0,""x"":0,""y"":0,""w"":25600,""h"":26880}]",1701,256,1,"[{""y_min"":1280,""y_max"":25216,""x_min"":19511,""x_max"":41582,""n_parches"":1701}]",
120061,120061.bif,1,ventana,0.46500000000000002,20,41209,30720,1,"[{""i"":0,""x"":0,""y"":0,""w"":32000,""h"":30720}]",3740,256,1,"[{""y_min"":768,""y_max"":28992,""x_min"":13117,""x_max"":40954,""n_parches"":3740}]",
120063,120063.bif,1,ventana,0.46500000000000002,20,53342,55040,2,"[{""i"":0,""x"":0,""y"":0,""w"":30720,""h"":29440},{""i"":1,""x"":25600,""y"":30720,""w"":25600,""h"":24320}]",1765,256,4,"[{""y_min"":1920,""y_max"":26304,""x_min"":2174,""x_max"":25200,""n_parches"":1498},{""y_min"":32640,""y_max"":37760,""x_min"":33898,""x_max"":37994,""n_parches"":121},{""y_min"":42112,""y_max"":48960,""x_min"":34282,""x_max"":46883,""n_parches"":117},{""y_min"":53632,""y_max"":54656,""x_min"":44003,""x_max"":46051,""n_parches"":29}]",
120063-2,120063-2.bif,1,ventana,0.46500000000000002,20,46403,29440,1,"[{""i"":0,""x"":0,""y"":0,""w"":30720,""h"":29440}]",2540,256,1,"[{""y_min"":1728,""y_max"":27328,""x_min"":15723,""x_max"":42708,""n_parches"":2540}]",
120103-1,120103-1.bif,1,ventana,0.46500000000000002,20,54752,52480,1,"[{""i"":0,""x"":0,""y"":0,""w"":49920,""h"":52480}]",14047,256,2,"[{""y_min"":0,""y_max"":2688,""x_min"":5372,""x_max"":34812,""n_parches"":305},{""y_min"":3584,""y_max"":52224,""x_min"":5180,""x_max"":51176,""n_parches"":13742}]",
120103-2,120103-2.bif,1,ventana,0.46500000000000002,20,50590,32000,1,"[{""i"":0,""x"":0,""y"":0,""w"":44800,""h"":32000}]",5866,256,1,"[{""y_min"":0,""y_max"":30592,""x_min"":7930,""x_max"":48554,""n_parches"":5866}]",
120213,120213.bif,1,ventana,0.46500000000000002,20,55618,71680,1,"[{""i"":0,""x"":0,""y"":0,""w"":49920,""h"":71680}]",16094,256,2,"[{""y_min"":0,""y_max"":55808,""x_min"":6265,""x_max"":54393,""n_parches"":15115},{""y_min"":56640,""y_max"":68032,""x_min"":10612,""x_max"":38296,""n_parches"":979}]",
120330,120330.bif,1,ventana,0.46500000000000002,20,54149,66560,1,"[{""i"":0,""x"":0,""y"":0,""w"":46080,""h"":66560}]",16527,256,1,"[{""y_min"":1600,""y_max"":63936,""x_min"":8822,""x_max"":52634,""n_parches"":16527}]",
120361,120361.bif,1,ventana,0.46500000000000002,20,45481,43520,2,"[{""i"":0,""x"":0,""y"":20480,""w"":23040,""h"":23040},{""i"":1,""x"":1280,""y"":0,""w"":25600,""h"":20480}]",4418,256,2,"[{""y_min"":1216,""y_max"":17536,""x_min"":24051,""x_max"":42736,""n_parches"":2153},{""y_min"":22848,""y_max"":39808,""x_min"":19893,""x_max"":38834,""n_parches"":2265}]",
120407,120407.bif,1,ventana,0.46500000000000002,20,53641,38400,1,"[{""i"":0,""x"":0,""y"":0,""w"":43520,""h"":38400}]",1707,256,4,"[{""y_min"":1920,""y_max"":10944,""x_min"":16175,""x_max"":48272,""n_parches"":559},{""y_min"":13120,""y_max"":24512,""x_min"":11188,""x_max"":52366,""n_parches"":900},{""y_min"":25344,""y_max"":27584,""x_min"":39767,""x_max"":42071,""n_parches"":60},{""y_min"":28608,""y_max"":33088,""x_min"":18221,""x_max"":46289,""n_parches"":188}]",
120409,120409.bif,1,ventana,0.46500000000000002,20,56503,40960,1,"[{""i"":0,""x"":0,""y"":0,""w"":39680,""h"":40960}]",3850,256,1,"[{""y_min"":0,""y_max"":38528,""x_min"":20796,""x_max"":54201,""n_parches"":3850}]",
120411,120411.bif,1,ventana,0.46500000000000002,20,47918,33280,1,"[{""i"":0,""x"":0,""y"":0,""w"":34560,""h"":33280}]",2992,256,1,"[{""y_min"":0,""y_max"":31360,""x_min"":15482,""x_max"":43635,""n_parches"":2992}]",
120417-1,120417-1.bif,1,ventana,0.46500000000000002,20,50400,46080,1,"[{""i"":0,""x"":0,""y"":0,""w"":42240,""h"":46080}]",4012,256,2,"[{""y_min"":832,""y_max"":38976,""x_min"":10745,""x_max"":47783,""n_parches"":3868},{""y_min"":40576,""y_max"":43264,""x_min"":9402,""x_max"":34029,""n_parches"":144}]",
120417-2,120417-2.bif,1,ventana,0.46500000000000002,20,47661,39680,1,"[{""i"":0,""x"":0,""y"":0,""w"":40960,""h"":39680}]",2317,256,2,"[{""y_min"":1408,""y_max"":32640,""x_min"":7868,""x_max"":45103,""n_parches"":2260},{""y_min"":36032,""y_max"":37312,""x_min"":18168,""x_max"":20728,""n_parches"":57}]",
120465,120465.bif,1,ventana,0.46500000000000002,20,37046,28160,1,"[{""i"":0,""x"":0,""y"":0,""w"":26880,""h"":28160}]",3008,256,1,"[{""y_min"":1152,""y_max"":24064,""x_min"":11580,""x_max"":34745,""n_parches"":3008}]",
120812,120812.bif,1,ventana,0.46500000000000002,20,49068,46080,1,"[{""i"":0,""x"":0,""y"":0,""w"":38400,""h"":46080}]",4770,256,2,"[{""y_min"":1472,""y_max"":6400,""x_min"":15993,""x_max"":24696,""n_parches"":296},{""y_min"":7296,""y_max"":43712,""x_min"":12538,""x_max"":46385,""n_parches"":4474}]",
121186,,0,,,,,,,,,,,,sin .bif sin sufijo de tincion
121186-1,121186-1.bif,1,ventana,0.46500000000000002,20,52589,42240,1,"[{""i"":0,""x"":0,""y"":0,""w"":42240,""h"":42240}]",5410,256,2,"[{""y_min"":1728,""y_max"":4800,""x_min"":17081,""x_max"":19897,""n_parches"":88},{""y_min"":6016,""y_max"":40384,""x_min"":11963,""x_max"":50224,""n_parches"":5322}]",
121186-2,121186-2.bif,1,ventana,0.46500000000000002,20,40778,26880,1,"[{""i"":0,""x"":0,""y"":0,""w"":24320,""h"":26880}]",1437,256,1,"[{""y_min"":1728,""y_max"":24192,""x_min"":17768,""x_max"":38353,""n_parches"":1437}]",
121206,121206.bif,1,ventana,0.46500000000000002,20,49959,28160,1,"[{""i"":0,""x"":0,""y"":0,""w"":30720,""h"":28160}]",3695,256,1,"[{""y_min"":0,""y_max"":27008,""x_min"":19446,""x_max"":48105,""n_parches"":3695}]",
121633-1,121633-1.bif,1,ventana,0.46500000000000002,20,53830,48640,1,"[{""i"":0,""x"":0,""y"":0,""w"":46080,""h"":48640}]",5889,256,1,"[{""y_min"":2304,""y_max"":47232,""x_min"":9397,""x_max"":52173,""n_parches"":5889}]",
121633-2,121633-2.bif,1,ventana,0.46500000000000002,20,54300,38400,1,"[{""i"":0,""x"":0,""y"":0,""w"":51200,""h"":38400}]",5383,256,1,"[{""y_min"":896,""y_max"":35200,""x_min"":3133,""x_max"":49506,""n_parches"":5383}]",
121723,121723.bif,1,ventana,0.46500000000000002,20,53662,28160,1,"[{""i"":0,""x"":0,""y"":0,""w"":51200,""h"":28160}]",4231,256,1,"[{""y_min"":1024,""y_max"":27648,""x_min"":2494,""x_max"":53409,""n_parches"":4231}]",
121745,121745.bif,1,ventana,0.46500000000000002,20,52953,44800,1,"[{""i"":0,""x"":0,""y"":0,""w"":42240,""h"":44800}]",5606,256,1,"[{""y_min"":1024,""y_max"":44672,""x_min"":11383,""x_max"":50078,""n_parches"":5606}]",
122547,,0,,,,,,,,,,,,sin .bif sin sufijo de tincion
122547-2,122547-2.bif,1,ventana,0.46500000000000002,20,40561,30720,1,"[{""i"":0,""x"":0,""y"":0,""w"":28160,""h"":30720}]",2102,256,1,"[{""y_min"":2368,""y_max"":28544,""x_min"":13882,""x_max"":37682,""n_parches"":2102}]",
122906,122906.bif,1,ventana,0.46500000000000002,20,44495,30720,1,"[{""i"":0,""x"":0,""y"":0,""w"":33280,""h"":30720}]",3132,256,1,"[{""y_min"":960,""y_max"":28544,""x_min"":13233,""x_max"":42141,""n_parches"":3132}]",
122909,122909.bif,1,ventana,0.46500000000000002,20,37460,28160,1,"[{""i"":0,""x"":0,""y"":0,""w"":28160,""h"":28160}]",2976,256,1,"[{""y_min"":2048,""y_max"":27072,""x_min"":10547,""x_max"":36122,""n_parches"":2976}]",
122911,122911.bif,1,ventana,0.46500000000000002,20,45824,33280,1,"[{""i"":0,""x"":0,""y"":0,""w"":35840,""h"":33280}]",4097,256,1,"[{""y_min"":0,""y_max"":33152,""x_min"":11840,""x_max"":44224,""n_parches"":4097}]",
123251,123251.bif,1,ventana,0.46500000000000002,20,43131,33280,1,"[{""i"":0,""x"":0,""y"":0,""w"":34560,""h"":33280}]",4414,256,1,"[{""y_min"":1152,""y_max"":33024,""x_min"":9598,""x_max"":39483,""n_parches"":4414}]",
123253,123253.bif,1,ventana,0.46500000000000002,20,44958,30720,1,"[{""i"":0,""x"":0,""y"":0,""w"":35840,""h"":30720}]",5065,256,2,"[{""y_min"":0,""y_max"":768,""x_min"":28202,""x_max"":32554,""n_parches"":67},{""y_min"":2176,""y_max"":30336,""x_min"":10679,""x_max"":42792,""n_parches"":4998}]",
124261,,0,,,,,,,,,,,,sin .bif sin sufijo de tincion
124261-1,124261-1.bif,1,ventana,0.46500000000000002,20,37881,29440,1,"[{""i"":0,""x"":0,""y"":0,""w"":32000,""h"":29440}]",4154,256,1,"[{""y_min"":1088,""y_max"":26944,""x_min"":7166,""x_max"":37434,""n_parches"":4154}]",
124261-2,124261-2.bif,1,ventana,0.46500000000000002,20,34936,24320,1,"[{""i"":0,""x"":0,""y"":0,""w"":21760,""h"":24320}]",1726,256,1,"[{""y_min"":1344,""y_max"":21696,""x_min"":14332,""x_max"":33145,""n_parches"":1726}]",
124374,124374.bif,1,ventana,0.46500000000000002,20,46231,107520,1,"[{""i"":0,""x"":0,""y"":0,""w"":34560,""h"":107520}]",16172,256,2,"[{""y_min"":0,""y_max"":103424,""x_min"":13811,""x_max"":44314,""n_parches"":16062},{""y_min"":105600,""y_max"":107392,""x_min"":22380,""x_max"":42586,""n_parches"":110}]",
124378,,0,,,,,,,,,,,,sin .bif sin sufijo de tincion
124378-1,124378-1.bif,1,ventana,0.46500000000000002,20,34823,26880,1,"[{""i"":0,""x"":0,""y"":0,""w"":30720,""h"":26880}]",2582,256,2,"[{""y_min"":2496,""y_max"":3008,""x_min"":30478,""x_max"":30990,""n_parches"":9},{""y_min"":4096,""y_max"":25920,""x_min"":7028,""x_max"":33869,""n_parches"":2573}]",
124378-2,124378-2.bif,1,ventana,0.46500000000000002,20,40231,26880,1,"[{""i"":0,""x"":0,""y"":0,""w"":24320,""h"":26880}]",2085,256,1,"[{""y_min"":1280,""y_max"":25856,""x_min"":17525,""x_max"":38442,""n_parches"":2085}]",
124727,124727.bif,1,ventana,0.46500000000000002,20,40385,28160,1,"[{""i"":0,""x"":0,""y"":0,""w"":30720,""h"":28160}]",2981,256,1,"[{""y_min"":0,""y_max"":26368,""x_min"":11118,""x_max"":38931,""n_parches"":2981}]",
124729,124729.bif,1,ventana,0.46500000000000002,20,46638,30720,1,"[{""i"":0,""x"":0,""y"":0,""w"":33280,""h"":30720}]",4334,256,2,"[{""y_min"":0,""y_max"":512,""x_min"":21879,""x_max"":22903,""n_parches"":13},{""y_min"":1600,""y_max"":30528,""x_min"":15546,""x_max"":44403,""n_parches"":4321}]",
124731,124731.bif,1,ventana,0.46500000000000002,20,43394,26880,1,"[{""i"":0,""x"":0,""y"":0,""w"":30720,""h"":26880}]",3729,256,2,"[{""y_min"":0,""y_max"":512,""x_min"":19939,""x_max"":20707,""n_parches"":7},{""y_min"":1600,""y_max"":26624,""x_min"":13676,""x_max"":41614,""n_parches"":3722}]",
124733,124733.bif,1,ventana,0.46500000000000002,20,39431,29440,1,"[{""i"":0,""x"":0,""y"":0,""w"":32000,""h"":29440}]",4034,256,1,"[{""y_min"":0,""y_max"":27392,""x_min"":9202,""x_max"":38041,""n_parches"":4034}]",
124804,,0,,,,,,,,,,,,sin .bif sin sufijo de tincion
124804-1,124804-1.bif,1,ventana,0.46500000000000002,20,50608,29440,1,"[{""i"":0,""x"":0,""y"":0,""w"":34560,""h"":29440}]",5421,256,1,"[{""y_min"":0,""y_max"":29184,""x_min"":18746,""x_max"":49841,""n_parches"":5421}]",
124806,124806.bif,1,ventana,0.46500000000000002,20,38330,26880,1,"[{""i"":0,""x"":0,""y"":0,""w"":29440,""h"":26880}]",2705,256,1,"[{""y_min"":1920,""y_max"":26496,""x_min"":11710,""x_max"":37244,""n_parches"":2705}]",
124806-1,124806-1.bif,1,ventana,0.46500000000000002,20,52645,47360,1,"[{""i"":0,""x"":0,""y"":0,""w"":46080,""h"":47360}]",6929,256,1,"[{""y_min"":2944,""y_max"":44416,""x_min"":7803,""x_max"":49894,""n_parches"":6929}]",
124806-2,124806-2.bif,1,ventana,0.46500000000000002,20,41995,37120,1,"[{""i"":0,""x"":0,""y"":0,""w"":35840,""h"":37120}]",3320,256,1,"[{""y_min"":1216,""y_max"":32000,""x_min"":7989,""x_max"":38933,""n_parches"":3320}]",
124870,124870.bif,1,ventana,0.46500000000000002,20,41297,28160,1,"[{""i"":0,""x"":0,""y"":0,""w"":30720,""h"":28160}]",3534,256,1,"[{""y_min"":1984,""y_max"":26560,""x_min"":12657,""x_max"":38833,""n_parches"":3534}]",
124886,124886.bif,1,ventana,0.46500000000000002,20,52606,53760,1,"[{""i"":0,""x"":0,""y"":0,""w"":48640,""h"":53760}]",14488,256,1,"[{""y_min"":384,""y_max"":53632,""x_min"":3967,""x_max"":52350,""n_parches"":14488}]",
125145,125145.bif,1,ventana,0.46500000000000002,20,35780,29440,1,"[{""i"":0,""x"":0,""y"":0,""w"":30720,""h"":29440}]",4057,256,2,"[{""y_min"":0,""y_max"":0,""x_min"":19934,""x_max"":22494,""n_parches"":11},{""y_min"":1728,""y_max"":28544,""x_min"":6069,""x_max"":33167,""n_parches"":4046}]",
125746,125746.bif,1,ventana,0.46500000000000002,20,46550,29440,1,"[{""i"":0,""x"":0,""y"":0,""w"":34560,""h"":29440}]",4034,256,1,"[{""y_min"":0,""y_max"":29312,""x_min"":14898,""x_max"":44633,""n_parches"":4034}]",
125797,125797.bif,1,ventana,0.46500000000000002,20,44257,26880,1,"[{""i"":0,""x"":0,""y"":0,""w"":29440,""h"":26880}]",2582,256,1,"[{""y_min"":576,""y_max"":24960,""x_min"":15541,""x_max"":42727,""n_parches"":2582}]",
125880,125880.bif,1,ventana,0.46500000000000002,20,46807,26880,1,"[{""i"":0,""x"":0,""y"":0,""w"":28160,""h"":26880}]",3811,256,1,"[{""y_min"":1024,""y_max"":26688,""x_min"":19950,""x_max"":46172,""n_parches"":3811}]",
126161,126161.bif,1,ventana,0.46500000000000002,20,51417,35840,1,"[{""i"":0,""x"":0,""y"":0,""w"":47360,""h"":35840}]",5059,256,1,"[{""y_min"":1088,""y_max"":33408,""x_min"":5755,""x_max"":49313,""n_parches"":5059}]",
126212,126212.bif,1,ventana,0.46500000000000002,20,51267,42240,1,"[{""i"":0,""x"":0,""y"":0,""w"":42240,""h"":42240}]",5435,256,1,"[{""y_min"":0,""y_max"":40576,""x_min"":9460,""x_max"":51143,""n_parches"":5435}]",
126374,126374.bif,1,ventana,0.46500000000000002,20,43808,32000,1,"[{""i"":0,""x"":0,""y"":0,""w"":32000,""h"":32000}]",4420,256,1,"[{""y_min"":832,""y_max"":31424,""x_min"":13174,""x_max"":42861,""n_parches"":4420}]",
126504,126504.bif,1,ventana,0.46500000000000002,20,49941,30720,1,"[{""i"":0,""x"":0,""y"":0,""w"":40960,""h"":30720}]",4410,256,1,"[{""y_min"":2048,""y_max"":28800,""x_min"":10295,""x_max"":46046,""n_parches"":4410}]",
126507,126507.bif,1,ventana,0.46500000000000002,20,44221,26880,1,"[{""i"":0,""x"":0,""y"":0,""w"":33280,""h"":26880}]",3160,256,1,"[{""y_min"":1664,""y_max"":26688,""x_min"":12863,""x_max"":41341,""n_parches"":3160}]",
126751,126751.bif,1,ventana,0.46500000000000002,20,46550,28160,1,"[{""i"":0,""x"":0,""y"":0,""w"":34560,""h"":28160}]",2212,256,1,"[{""y_min"":1472,""y_max"":25536,""x_min"":16049,""x_max"":44832,""n_parches"":2212}]",
126881,126881.bif,1,ventana,0.46500000000000002,20,48622,35840,1,"[{""i"":0,""x"":0,""y"":0,""w"":42240,""h"":35840}]",4512,256,1,"[{""y_min"":1152,""y_max"":32832,""x_min"":7677,""x_max"":46323,""n_parches"":4512}]",
126896,126896.bif,1,ventana,0.46500000000000002,20,51003,46080,1,"[{""i"":0,""x"":0,""y"":0,""w"":46080,""h"":46080}]",6781,256,1,"[{""y_min"":128,""y_max"":44288,""x_min"":7167,""x_max"":48380,""n_parches"":6781}]",
127318,127318.bif,1,ventana,0.46500000000000002,20,42479,26880,1,"[{""i"":0,""x"":0,""y"":0,""w"":29440,""h"":26880}]",2496,256,1,"[{""y_min"":2560,""y_max"":24960,""x_min"":15417,""x_max"":40945,""n_parches"":2496}]",
127633,127633.bif,1,ventana,0.46500000000000002,20,46778,29440,1,"[{""i"":0,""x"":0,""y"":0,""w"":34560,""h"":29440}]",4603,256,1,"[{""y_min"":1984,""y_max"":28032,""x_min"":13310,""x_max"":44796,""n_parches"":4603}]",
127715,127715.bif,1,ventana,0.46500000000000002,20,50885,30720,1,"[{""i"":0,""x"":0,""y"":0,""w"":35840,""h"":30720}]",4664,256,1,"[{""y_min"":1792,""y_max"":27648,""x_min"":16556,""x_max"":47060,""n_parches"":4664}]",
127836,127836.bif,1,ventana,0.46500000000000002,20,44502,32000,1,"[{""i"":0,""x"":0,""y"":0,""w"":35840,""h"":32000}]",3278,256,1,"[{""y_min"":1472,""y_max"":29696,""x_min"":9718,""x_max"":42011,""n_parches"":3278}]",
127903,127903.bif,1,ventana,0.46500000000000002,20,46771,26880,1,"[{""i"":0,""x"":0,""y"":0,""w"":32000,""h"":26880}]",2597,256,1,"[{""y_min"":1792,""y_max"":26624,""x_min"":16315,""x_max"":44149,""n_parches"":2597}]",
127956,127956.bif,1,ventana,0.46500000000000002,20,55387,40960,1,"[{""i"":0,""x"":0,""y"":0,""w"":48640,""h"":40960}]",5632,256,1,"[{""y_min"":1216,""y_max"":38336,""x_min"":6907,""x_max"":54238,""n_parches"":5632}]",
127960,127960.bif,1,ventana,0.46500000000000002,20,49468,29440,1,"[{""i"":0,""x"":0,""y"":0,""w"":34560,""h"":29440}]",3435,256,1,"[{""y_min"":1344,""y_max"":28416,""x_min"":16894,""x_max"":45629,""n_parches"":3435}]",
128194,128194.bif,1,ventana,0.46500000000000002,20,52231,33280,1,"[{""i"":0,""x"":0,""y"":0,""w"":44800,""h"":33280}]",4570,256,1,"[{""y_min"":3136,""y_max"":30976,""x_min"":10164,""x_max"":49872,""n_parches"":4570}]",
128194-1,,0,,,,,,,,,,,,sin .bif sin sufijo de tincion
128248,128248.bif,1,ventana,0.46500000000000002,20,51645,42240,1,"[{""i"":0,""x"":0,""y"":0,""w"":47360,""h"":42240}]",6748,256,1,"[{""y_min"":1792,""y_max"":40320,""x_min"":5759,""x_max"":48957,""n_parches"":6748}]",
128250,128250.bif,1,ventana,0.46500000000000002,20,50674,40960,1,"[{""i"":0,""x"":0,""y"":0,""w"":42240,""h"":40960}]",4489,256,2,"[{""y_min"":1280,""y_max"":2560,""x_min"":30519,""x_max"":33335,""n_parches"":54},{""y_min"":3776,""y_max"":37632,""x_min"":9917,""x_max"":46711,""n_parches"":4435}]",
128291,128291.bif,1,ventana,0.46500000000000002,20,39358,44800,2,"[{""i"":0,""x"":0,""y"":0,""w"":21760,""h"":19200},{""i"":1,""x"":0,""y"":24320,""w"":21760,""h"":20480}]",1714,256,2,"[{""y_min"":1280,""y_max"":17088,""x_min"":18815,""x_max"":35646,""n_parches"":854},{""y_min"":26304,""y_max"":41920,""x_min"":19071,""x_max"":35710,""n_parches"":860}]",
128323,128323.bif,1,ventana,0.46500000000000002,20,52007,33280,1,"[{""i"":0,""x"":0,""y"":0,""w"":46080,""h"":33280}]",4478,256,1,"[{""y_min"":2176,""y_max"":30336,""x_min"":7292,""x_max"":51755,""n_parches"":4478}]",
128398,128398.bif,1,ventana,0.46500000000000002,20,45130,58880,1,"[{""i"":0,""x"":0,""y"":0,""w"":32000,""h"":58880}]",5384,256,2,"[{""y_min"":1472,""y_max"":28224,""x_min"":15022,""x_max"":39958,""n_parches"":2806},{""y_min"":30400,""y_max"":57664,""x_min"":15149,""x_max"":41614,""n_parches"":2578}]",
128405,128405.bif,1,ventana,0.46500000000000002,20,44811,61440,1,"[{""i"":0,""x"":0,""y"":0,""w"":32000,""h"":61440}]",4747,256,1,"[{""y_min"":1152,""y_max"":61184,""x_min"":14063,""x_max"":44110,""n_parches"":4747}]",
128423,128423.bif,1,ventana,0.46500000000000002,20,47599,57600,1,"[{""i"":0,""x"":0,""y"":0,""w"":34560,""h"":57600}]",5747,256,3,"[{""y_min"":0,""y_max"":1280,""x_min"":24311,""x_max"":30517,""n_parches"":44},{""y_min"":3136,""y_max"":28160,""x_min"":14778,""x_max"":42800,""n_parches"":2726},{""y_min"":30016,""y_max"":57472,""x_min"":15866,""x_max"":43696,""n_parches"":2977}]",
128605,128605.bif,1,ventana,0.46500000000000002,20,43257,52480,2,"[{""i"":0,""x"":0,""y"":26880,""w"":28160,""h"":25600},{""i"":1,""x"":1280,""y"":0,""w"":29440,""h"":24320}]",4346,256,2,"[{""y_min"":1920,""y_max"":22592,""x_min"":16253,""x_max"":40315,""n_parches"":2261},{""y_min"":31424,""y_max"":51264,""x_min"":13821,""x_max"":37884,""n_parches"":2085}]",
128696,128696.bif,1,ventana,0.46500000000000002,20,50327,57600,2,"[{""i"":0,""x"":0,""y"":0,""w"":32000,""h"":28160},{""i"":1,""x"":0,""y"":28160,""w"":32000,""h"":29440}]",3587,256,4,"[{""y_min"":1728,""y_max"":4992,""x_min"":31846,""x_max"":41442,""n_parches"":241},{""y_min"":7936,""y_max"":25728,""x_min"":20910,""x_max"":48993,""n_parches"":1558},{""y_min"":30144,""y_max"":34368,""x_min"":32869,""x_max"":42209,""n_parches"":227},{""y_min"":36096,""y_max"":55232,""x_min"":20783,""x_max"":48289,""n_parches"":1561}]",
128763,128763.bif,1,ventana,0.46500000000000002,20,45140,34560,1,"[{""i"":0,""x"":0,""y"":0,""w"":35840,""h"":34560}]",1682,256,2,"[{""y_min"":5248,""y_max"":7104,""x_min"":32160,""x_max"":35166,""n_parches"":36},{""y_min"":8384,""y_max"":29952,""x_min"":16687,""x_max"":42009,""n_parches"":1646}]",
128766,128766.bif,1,ventana,0.46500000000000002,20,52438,39680,1,"[{""i"":0,""x"":0,""y"":0,""w"":37120,""h"":39680}]",1444,256,3,"[{""y_min"":1728,""y_max"":3008,""x_min"":40607,""x_max"":41887,""n_parches"":31},{""y_min"":11200,""y_max"":28160,""x_min"":16818,""x_max"":47450,""n_parches"":1395},{""y_min"":34240,""y_max"":35392,""x_min"":29160,""x_max"":31079,""n_parches"":18}]",
128771,128771.bif,1,ventana,0.46500000000000002,20,50790,62720,2,"[{""i"":0,""x"":2560,""y"":34560,""w"":32000,""h"":28160},{""i"":1,""x"":0,""y"":0,""w"":30720,""h"":26880}]",6644,256,2,"[{""y_min"":1280,""y_max"":25280,""x_min"":17590,""x_max"":43823,""n_parches"":3428},{""y_min"":38912,""y_max"":60224,""x_min"":20789,""x_max"":47853,""n_parches"":3216}]",
128774-1,128774-1.bif,1,ventana,0.46500000000000002,20,51631,44800,1,"[{""i"":0,""x"":0,""y"":0,""w"":42240,""h"":44800}]",6604,256,1,"[{""y_min"":2112,""y_max"":41920,""x_min"":10940,""x_max"":49587,""n_parches"":6604}]",
128774-2,128774-2.bif,1,ventana,0.46500000000000002,20,28153,72960,2,"[{""i"":0,""x"":0,""y"":0,""w"":25600,""h"":26880},{""i"":1,""x"":1280,""y"":43520,""w"":21760,""h"":29440}]",2929,256,4,"[{""y_min"":3968,""y_max"":20416,""x_min"":5246,""x_max"":25468,""n_parches"":1275},{""y_min"":22144,""y_max"":25856,""x_min"":6462,""x_max"":12285,""n_parches"":94},{""y_min"":47296,""y_max"":62912,""x_min"":5694,""x_max"":21628,""n_parches"":1418},{""y_min"":67264,""y_max"":72832,""x_min"":4030,""x_max"":15228,""n_parches"":142}]",
129146,129146.bif,1,ventana,0.46500000000000002,20,47482,43520,1,"[{""i"":0,""x"":0,""y"":0,""w"":42240,""h"":43520}]",5911,256,1,"[{""y_min"":1088,""y_max"":40832,""x_min"":7103,""x_max"":44541,""n_parches"":5911}]",
129150,129150.bif,1,ventana,0.46500000000000002,20,52052,47360,1,"[{""i"":0,""x"":0,""y"":0,""w"":46080,""h"":47360}]",6462,256,1,"[{""y_min"":4160,""y_max"":44672,""x_min"":8760,""x_max"":48859,""n_parches"":6462}]",
129440,129440.bif,1,ventana,0.46500000000000002,20,53567,89600,2,"[{""i"":0,""x"":0,""y"":0,""w"":47360,""h"":40960},{""i"":1,""x"":0,""y"":47360,""w"":49920,""h"":42240}]",14343,256,2,"[{""y_min"":1536,""y_max"":37952,""x_min"":3711,""x_max"":48703,""n_parches"":7063},{""y_min"":49728,""y_max"":87424,""x_min"":5375,""x_max"":51647,""n_parches"":7280}]",
129444,129444.bif,1,ventana,0.46500000000000002,20,52879,43520,1,"[{""i"":0,""x"":0,""y"":0,""w"":48640,""h"":43520}]",6971,256,1,"[{""y_min"":384,""y_max"":41216,""x_min"":6458,""x_max"":50328,""n_parches"":6971}]",
129498,129498.bif,1,ventana,0.46500000000000002,20,48254,34560,1,"[{""i"":0,""x"":0,""y"":0,""w"":40960,""h"":34560}]",3610,256,2,"[{""y_min"":1280,""y_max"":5888,""x_min"":27070,""x_max"":33534,""n_parches"":251},{""y_min"":7232,""y_max"":32384,""x_min"":8319,""x_max"":45054,""n_parches"":3359}]",
129500,129500.bif,1,ventana,0.46500000000000002,20,51270,85760,2,"[{""i"":0,""x"":0,""y"":48640,""w"":43520,""h"":37120},{""i"":1,""x"":1280,""y"":0,""w"":42240,""h"":35840}]",8368,256,3,"[{""y_min"":1280,""y_max"":19648,""x_min"":16685,""x_max"":48778,""n_parches"":2474},{""y_min"":20672,""y_max"":34304,""x_min"":10100,""x_max"":41489,""n_parches"":1606},{""y_min"":50624,""y_max"":82944,""x_min"":9013,""x_max"":48778,""n_parches"":4288}]",
129739,129739.bif,1,ventana,0.46500000000000002,20,49264,33280,1,"[{""i"":0,""x"":0,""y"":0,""w"":43520,""h"":33280}]",3212,256,2,"[{""y_min"":1216,""y_max"":13120,""x_min"":14907,""x_max"":41650,""n_parches"":1260},{""y_min"":17152,""y_max"":30976,""x_min"":7293,""x_max"":43058,""n_parches"":1952}]",
129741,129741.bif,1,ventana,0.46500000000000002,20,39669,80640,2,"[{""i"":0,""x"":0,""y"":0,""w"":35840,""h"":30720},{""i"":1,""x"":0,""y"":49920,""w"":34560,""h"":30720}]",4799,256,2,"[{""y_min"":1856,""y_max"":28096,""x_min"":3838,""x_max"":37238,""n_parches"":2303},{""y_min"":51904,""y_max"":78528,""x_min"":3838,""x_max"":36408,""n_parches"":2496}]",
129743,129743.bif,1,ventana,0.46500000000000002,20,53420,107520,2,"[{""i"":0,""x"":0,""y"":0,""w"":46080,""h"":52480},{""i"":1,""x"":0,""y"":60160,""w"":42240,""h"":47360}]",7949,256,3,"[{""y_min"":1088,""y_max"":44992,""x_min"":8444,""x_max"":46895,""n_parches"":3977},{""y_min"":63232,""y_max"":66560,""x_min"":22647,""x_max"":26743,""n_parches"":107},{""y_min"":67456,""y_max"":107392,""x_min"":7357,""x_max"":46639,""n_parches"":3865}]",
129749,129749.bif,1,ventana,0.46500000000000002,20,47928,80640,2,"[{""i"":0,""x"":0,""y"":44800,""w"":37120,""h"":35840},{""i"":1,""x"":1280,""y"":0,""w"":37120,""h"":37120}]",2946,256,4,"[{""y_min"":1664,""y_max"":20288,""x_min"":14845,""x_max"":38329,""n_parches"":1188},{""y_min"":23232,""y_max"":26048,""x_min"":18748,""x_max"":39545,""n_parches"":281},{""y_min"":46272,""y_max"":65024,""x_min"":12541,""x_max"":36346,""n_parches"":1204},{""y_min"":68032,""y_max"":71552,""x_min"":17917,""x_max"":38265,""n_parches"":273}]",
129766,,0,,,,,,,,,,,,sin .bif sin sufijo de tincion
129886,129886.bif,1,ventana,0.46500000000000002,20,48447,38400,1,"[{""i"":0,""x"":0,""y"":0,""w"":44800,""h"":38400}]",6080,256,1,"[{""y_min"":1216,""y_max"":35840,""x_min"":4991,""x_max"":45375,""n_parches"":6080}]",
130148,130148.bif,1,ventana,0.46500000000000002,20,49524,29440,1,"[{""i"":0,""x"":0,""y"":0,""w"":38400,""h"":29440}]",1297,256,2,"[{""y_min"":5504,""y_max"":22528,""x_min"":12476,""x_max"":46965,""n_parches"":1291},{""y_min"":25152,""y_max"":25408,""x_min"":25081,""x_max"":25593,""n_parches"":6}]",
130150,130150.bif,1,ventana,0.46500000000000002,20,54111,33280,1,"[{""i"":0,""x"":0,""y"":0,""w"":48640,""h"":33280}]",3684,256,1,"[{""y_min"":4288,""y_max"":30464,""x_min"":7355,""x_max"":51619,""n_parches"":3684}]",
130243,130243.bif,1,ventana,0.46500000000000002,20,51982,64000,1,"[{""i"":0,""x"":0,""y"":0,""w"":37120,""h"":64000}]",6039,256,3,"[{""y_min"":0,""y_max"":28160,""x_min"":21035,""x_max"":49553,""n_parches"":3007},{""y_min"":29760,""y_max"":31808,""x_min"":24168,""x_max"":25192,""n_parches"":30},{""y_min"":33792,""y_max"":62272,""x_min"":17583,""x_max"":45653,""n_parches"":3002}]",
130246,130246.bif,1,ventana,0.46500000000000002,20,52442,64000,1,"[{""i"":0,""x"":0,""y"":0,""w"":38400,""h"":64000}]",7458,256,2,"[{""y_min"":2112,""y_max"":31296,""x_min"":23470,""x_max"":48738,""n_parches"":3754},{""y_min"":34560,""y_max"":63168,""x_min"":20273,""x_max"":45155,""n_parches"":3704}]",
130256,130256.bif,1,ventana,0.46500000000000002,20,49520,46080,1,"[{""i"":0,""x"":0,""y"":0,""w"":37120,""h"":46080}]",5695,256,1,"[{""y_min"":1152,""y_max"":43776,""x_min"":14139,""x_max"":46002,""n_parches"":5695}]",
130301,130301.bif,1,ventana,0.46500000000000002,20,43391,53760,2,"[{""i"":0,""x"":0,""y"":0,""w"":29440,""h"":25600},{""i"":1,""x"":0,""y"":26880,""w"":28160,""h"":26880}]",4241,256,3,"[{""y_min"":4608,""y_max"":24000,""x_min"":19327,""x_max"":43263,""n_parches"":2097},{""y_min"":29952,""y_max"":30208,""x_min"":34559,""x_max"":35071,""n_parches"":6},{""y_min"":31616,""y_max"":51328,""x_min"":15871,""x_max"":39743,""n_parches"":2138}]",
130519,130519.bif,1,ventana,0.46500000000000002,20,44302,29440,1,"[{""i"":0,""x"":0,""y"":0,""w"":29440,""h"":29440}]",3112,256,1,"[{""y_min"":576,""y_max"":27072,""x_min"":16109,""x_max"":42901,""n_parches"":3112}]",
130778,130778.bif,1,ventana,0.46500000000000002,20,39845,29440,1,"[{""i"":0,""x"":0,""y"":0,""w"":33280,""h"":29440}]",3345,256,2,"[{""y_min"":1280,""y_max"":9920,""x_min"":13366,""x_max"":34352,""n_parches"":1112},{""y_min"":12224,""y_max"":26368,""x_min"":8122,""x_max"":39337,""n_parches"":2233}]",
130981-1,130981-1.bif,1,ventana,0.46500000000000002,20,43895,58880,1,"[{""i"":0,""x"":0,""y"":0,""w"":30720,""h"":58880}]",5891,256,2,"[{""y_min"":2176,""y_max"":29248,""x_min"":15036,""x_max"":42487,""n_parches"":3034},{""y_min"":31488,""y_max"":56704,""x_min"":14652,""x_max"":41911,""n_parches"":2857}]",
130981-2,130981-2.bif,1,ventana,0.46500000000000002,20,48048,60160,2,"[{""i"":0,""x"":0,""y"":0,""w"":28160,""h"":30720},{""i"":1,""x"":3840,""y"":30720,""w"":28160,""h"":29440}]",6368,256,2,"[{""y_min"":1280,""y_max"":29504,""x_min"":17274,""x_max"":41395,""n_parches"":3181},{""y_min"":33600,""y_max"":60032,""x_min"":20857,""x_max"":46513,""n_parches"":3187}]",
131055,131055.bif,1,ventana,0.46500000000000002,20,46055,61440,1,"[{""i"":0,""x"":0,""y"":0,""w"":37120,""h"":61440}]",8202,256,1,"[{""y_min"":0,""y_max"":61184,""x_min"":12857,""x_max"":44395,""n_parches"":8202}]",
131194,131194.bif,1,ventana,0.46500000000000002,20,42672,52480,1,"[{""i"":0,""x"":0,""y"":0,""w"":33280,""h"":52480}]",4470,256,3,"[{""y_min"":1088,""y_max"":23552,""x_min"":12411,""x_max"":37620,""n_parches"":2165},{""y_min"":25856,""y_max"":50368,""x_min"":15802,""x_max"":41331,""n_parches"":2298},{""y_min"":51968,""y_max"":52224,""x_min"":23671,""x_max"":24439,""n_parches"":7}]",
131307,131307.bif,1,ventana,0.46500000000000002,20,50814,39680,1,"[{""i"":0,""x"":0,""y"":0,""w"":43520,""h"":39680}]",5042,256,1,"[{""y_min"":1344,""y_max"":39488,""x_min"":9471,""x_max"":48830,""n_parches"":5042}]",
131309,131309.bif,1,ventana,0.46500000000000002,20,46905,61440,1,"[{""i"":0,""x"":0,""y"":0,""w"":30720,""h"":61440}]",8203,256,3,"[{""y_min"":0,""y_max"":256,""x_min"":31739,""x_max"":33531,""n_parches"":15},{""y_min"":1728,""y_max"":29760,""x_min"":18749,""x_max"":45050,""n_parches"":4117},{""y_min"":31552,""y_max"":59392,""x_min"":17917,""x_max"":44538,""n_parches"":4071}]",
131461-1,131461-1.bif,1,ventana,0.46500000000000002,20,42948,56320,1,"[{""i"":0,""x"":0,""y"":0,""w"":34560,""h"":56320}]",7839,256,3,"[{""y_min"":1088,""y_max"":25536,""x_min"":10864,""x_max"":37517,""n_parches"":3838},{""y_min"":29248,""y_max"":53056,""x_min"":14827,""x_max"":40087,""n_parches"":3974},{""y_min"":55168,""y_max"":56192,""x_min"":29654,""x_max"":30934,""n_parches"":27}]",
131461-2,131461-2.bif,1,ventana,0.46500000000000002,20,34339,48640,2,"[{""i"":0,""x"":0,""y"":0,""w"":19200,""h"":23040},{""i"":1,""x"":0,""y"":29440,""w"":20480,""h"":19200}]",2515,256,2,"[{""y_min"":4992,""y_max"":19072,""x_min"":15091,""x_max"":29677,""n_parches"":1220},{""y_min"":30848,""y_max"":46400,""x_min"":17329,""x_max"":32040,""n_parches"":1295}]",
131791,131791.bif,1,ventana,0.46500000000000002,20,47416,57600,1,"[{""i"":0,""x"":0,""y"":0,""w"":34560,""h"":57600}]",7824,256,2,"[{""y_min"":768,""y_max"":28416,""x_min"":15101,""x_max"":44152,""n_parches"":3812},{""y_min"":29312,""y_max"":57216,""x_min"":15101,""x_max"":43384,""n_parches"":4012}]",
131844,131844.bif,1,ventana,0.46500000000000002,20,42055,52480,2,"[{""i"":0,""x"":0,""y"":26880,""w"":23040,""h"":25600},{""i"":1,""x"":0,""y"":0,""w"":24320,""h"":24320}]",2381,256,2,"[{""y_min"":1344,""y_max"":21504,""x_min"":20196,""x_max"":37860,""n_parches"":1165},{""y_min"":29248,""y_max"":49920,""x_min"":19301,""x_max"":38732,""n_parches"":1216}]",
132144,132144.bif,1,ventana,0.46500000000000002,20,42398,48640,1,"[{""i"":0,""x"":0,""y"":0,""w"":33280,""h"":48640}]",3077,256,2,"[{""y_min"":1984,""y_max"":20416,""x_min"":12725,""x_max"":39842,""n_parches"":1385},{""y_min"":25152,""y_max"":45760,""x_min"":12214,""x_max"":37860,""n_parches"":1692}]",
132148,132148.bif,1,ventana,0.46500000000000002,20,43068,90880,3,"[{""i"":0,""x"":0,""y"":0,""w"":28160,""h"":21760},{""i"":1,""x"":0,""y"":46080,""w"":28160,""h"":23040},{""i"":2,""x"":10240,""y"":83200,""w"":10240,""h"":7680}]",4298,256,2,"[{""y_min"":2048,""y_max"":18432,""x_min"":15998,""x_max"":39932,""n_parches"":2099},{""y_min"":49600,""y_max"":66496,""x_min"":16254,""x_max"":40380,""n_parches"":2199}]",
132208,132208.bif,1,ventana,0.46500000000000002,20,44050,57600,1,"[{""i"":0,""x"":0,""y"":0,""w"":37120,""h"":57600}]",7851,256,3,"[{""y_min"":0,""y_max"":256,""x_min"":19371,""x_max"":20651,""n_parches"":9},{""y_min"":1088,""y_max"":28224,""x_min"":9462,""x_max"":38941,""n_parches"":3967},{""y_min"":29312,""y_max"":57280,""x_min"":8567,""x_max"":37662,""n_parches"":3875}]",
132844,132844.bif,1,ventana,0.46500000000000002,20,42587,39680,1,"[{""i"":0,""x"":0,""y"":0,""w"":35840,""h"":39680}]",2292,256,2,"[{""y_min"":1216,""y_max"":26432,""x_min"":8120,""x_max"":39200,""n_parches"":2094},{""y_min"":28992,""y_max"":38080,""x_min"":11829,""x_max"":39966,""n_parches"":198}]",
132896,132896.bif,1,ventana,0.46500000000000002,20,48647,51200,1,"[{""i"":0,""x"":0,""y"":0,""w"":34560,""h"":51200}]",5283,256,2,"[{""y_min"":1792,""y_max"":22848,""x_min"":21414,""x_max"":47241,""n_parches"":2438},{""y_min"":25920,""y_max"":48896,""x_min"":15342,""x_max"":40788,""n_parches"":2845}]",
132937,132937.bif,1,ventana,0.46500000000000002,20,42209,49920,1,"[{""i"":0,""x"":0,""y"":0,""w"":30720,""h"":49920}]",5697,256,3,"[{""y_min"":0,""y_max"":256,""x_min"":34982,""x_max"":38310,""n_parches"":26},{""y_min"":1600,""y_max"":23360,""x_min"":15860,""x_max"":40360,""n_parches"":2755},{""y_min"":25472,""y_max"":48320,""x_min"":12854,""x_max"":37866,""n_parches"":2916}]",
133003,133003.bif,1,ventana,0.46500000000000002,20,51694,33280,1,"[{""i"":0,""x"":0,""y"":0,""w"":48640,""h"":33280}]",7310,256,1,"[{""y_min"":1344,""y_max"":31040,""x_min"":4478,""x_max"":48753,""n_parches"":7310}]",
133013,133013.bif,1,ventana,0.46500000000000002,20,40069,58880,1,"[{""i"":0,""x"":0,""y"":0,""w"":32000,""h"":58880}]",7389,256,2,"[{""y_min"":1152,""y_max"":25856,""x_min"":10800,""x_max"":37977,""n_parches"":3653},{""y_min"":29632,""y_max"":56000,""x_min"":9777,""x_max"":37662,""n_parches"":3736}]",
133221,133221.bif,1,ventana,0.46500000000000002,20,52172,61440,1,"[{""i"":0,""x"":0,""y"":0,""w"":39680,""h"":61440}]",8530,256,2,"[{""y_min"":1216,""y_max"":29632,""x_min"":15728,""x_max"":47637,""n_parches"":4154},{""y_min"":31552,""y_max"":60864,""x_min"":14641,""x_max"":46103,""n_parches"":4376}]",
133223,133223.bif,1,ventana,0.46500000000000002,20,53658,38400,1,"[{""i"":0,""x"":0,""y"":0,""w"":49920,""h"":38400}]",4633,256,2,"[{""y_min"":1152,""y_max"":1920,""x_min"":36134,""x_max"":37158,""n_parches"":14},{""y_min"":3008,""y_max"":35648,""x_min"":4221,""x_max"":53342,""n_parches"":4619}]",
133677,133677.bif,1,ventana,0.46500000000000002,20,50495,58880,1,"[{""i"":0,""x"":0,""y"":0,""w"":43520,""h"":58880}]",8100,256,2,"[{""y_min"":0,""y_max"":56064,""x_min"":11071,""x_max"":44735,""n_parches"":8064},{""y_min"":57600,""y_max"":58752,""x_min"":20351,""x_max"":23295,""n_parches"":36}]",
133677-2,133677-2.bif,1,ventana,0.46500000000000002,20,45446,28160,1,"[{""i"":0,""x"":0,""y"":0,""w"":30720,""h"":28160}]",3444,256,1,"[{""y_min"":1152,""y_max"":24512,""x_min"":16107,""x_max"":42769,""n_parches"":3444}]",
133677-3,133677-3.bif,1,ventana,0.46500000000000002,20,43345,48640,1,"[{""i"":0,""x"":0,""y"":0,""w"":29440,""h"":48640}]",3527,256,2,"[{""y_min"":1600,""y_max"":22272,""x_min"":18348,""x_max"":39073,""n_parches"":1780},{""y_min"":26304,""y_max"":46848,""x_min"":17261,""x_max"":38114,""n_parches"":1747}]",
133681,133681.bif,1,ventana,0.46500000000000002,20,48472,52480,2,"[{""i"":0,""x"":2560,""y"":0,""w"":34560,""h"":26880},{""i"":1,""x"":0,""y"":25600,""w"":32000,""h"":26880}]",4313,256,2,"[{""y_min"":448,""y_max"":25664,""x_min"":16690,""x_max"":44641,""n_parches"":2116},{""y_min"":27584,""y_max"":52224,""x_min"":12022,""x_max"":40038,""n_parches"":2197}]",
133698,133698.bif,1,ventana,0.46500000000000002,20,52842,60160,1,"[{""i"":0,""x"":0,""y"":0,""w"":34560,""h"":60160}]",2566,256,3,"[{""y_min"":1728,""y_max"":23936,""x_min"":22262,""x_max"":50155,""n_parches"":1422},{""y_min"":25664,""y_max"":27712,""x_min"":28020,""x_max"":32690,""n_parches"":24},{""y_min"":32512,""y_max"":52992,""x_min"":20663,""x_max"":48301,""n_parches"":1120}]",
133738,,0,,,,,,,,,,,,sin .bif sin sufijo de tincion
133738-1,133738-1.bif,1,ventana,0.46500000000000002,20,41482,65280,1,"[{""i"":0,""x"":0,""y"":0,""w"":32000,""h"":65280}]",5829,256,2,"[{""y_min"":3264,""y_max"":32256,""x_min"":12463,""x_max"":39257,""n_parches"":2943},{""y_min"":33920,""y_max"":61952,""x_min"":12911,""x_max"":38936,""n_parches"":2886}]",
133738-2,133738-2.bif,1,ventana,0.46500000000000002,20,51001,56320,2,"[{""i"":0,""x"":0,""y"":0,""w"":28160,""h"":25600},{""i"":1,""x"":0,""y"":28160,""w"":26880,""h"":28160}]",3450,256,2,"[{""y_min"":1792,""y_max"":23488,""x_min"":27132,""x_max"":44603,""n_parches"":1670},{""y_min"":31040,""y_max"":53312,""x_min"":25468,""x_max"":43834,""n_parches"":1780}]",
133746,133746.bif,1,ventana,0.46500000000000002,20,53283,40960,1,"[{""i"":0,""x"":0,""y"":0,""w"":46080,""h"":40960}]",3670,256,2,"[{""y_min"":1344,""y_max"":29824,""x_min"":8443,""x_max"":48935,""n_parches"":3277},{""y_min"":30784,""y_max"":38464,""x_min"":10810,""x_max"":28849,""n_parches"":393}]",
133808-1,133808-1.bif,1,ventana,0.46500000000000002,20,42850,51200,1,"[{""i"":0,""x"":0,""y"":0,""w"":32000,""h"":51200}]",4690,256,2,"[{""y_min"":1152,""y_max"":22848,""x_min"":13430,""x_max"":39788,""n_parches"":2376},{""y_min"":26112,""y_max"":47744,""x_min"":12279,""x_max"":38700,""n_parches"":2314}]",
133808-2,133808-2.bif,1,ventana,0.46500000000000002,20,44362,49920,1,"[{""i"":0,""x"":0,""y"":0,""w"":34560,""h"":49920}]",3675,256,3,"[{""y_min"":2432,""y_max"":12416,""x_min"":16044,""x_max"":37594,""n_parches"":964},{""y_min"":13376,""y_max"":24768,""x_min"":19943,""x_max"":42513,""n_parches"":961},{""y_min"":27648,""y_max"":49344,""x_min"":11953,""x_max"":39509,""n_parches"":1750}]",
134057-1,134057-1.bif,1,ventana,0.46500000000000002,20,49180,40960,1,"[{""i"":0,""x"":0,""y"":0,""w"":46080,""h"":40960}]",4802,256,2,"[{""y_min"":1152,""y_max"":32320,""x_min"":3197,""x_max"":47332,""n_parches"":4675},{""y_min"":33920,""y_max"":38144,""x_min"":19313,""x_max"":28012,""n_parches"":127}]",
134057-2,134057-2.bif,1,ventana,0.46500000000000002,20,51326,28160,1,"[{""i"":0,""x"":0,""y"":0,""w"":47360,""h"":28160}]",3618,256,1,"[{""y_min"":1920,""y_max"":25472,""x_min"":5247,""x_max"":47038,""n_parches"":3618}]",
134425,134425.bif,1,ventana,0.46500000000000002,20,52227,40960,1,"[{""i"":0,""x"":0,""y"":0,""w"":43520,""h"":40960}]",4554,256,2,"[{""y_min"":1984,""y_max"":33472,""x_min"":10483,""x_max"":50889,""n_parches"":4492},{""y_min"":35520,""y_max"":37824,""x_min"":19880,""x_max"":23208,""n_parches"":62}]",
134522,134522.bif,1,ventana,0.46500000000000002,20,45681,29440,1,"[{""i"":0,""x"":0,""y"":0,""w"":33280,""h"":29440}]",2573,256,1,"[{""y_min"":1984,""y_max"":26944,""x_min"":13947,""x_max"":43251,""n_parches"":2573}]",
134757,134757.bif,1,ventana,0.46500000000000002,20,45459,34560,1,"[{""i"":0,""x"":0,""y"":0,""w"":35840,""h"":34560}]",2011,256,1,"[{""y_min"":2048,""y_max"":29248,""x_min"":10805,""x_max"":42969,""n_parches"":2011}]",
134845,134845.bif,1,ventana,0.46500000000000002,20,48781,52480,1,"[{""i"":0,""x"":0,""y"":0,""w"":33280,""h"":52480}]",7792,256,2,"[{""y_min"":1536,""y_max"":25344,""x_min"":17645,""x_max"":46635,""n_parches"":4084},{""y_min"":26880,""y_max"":49984,""x_min"":17453,""x_max"":45023,""n_parches"":3708}]",
134888-1,134888-1.bif,1,ventana,0.46500000000000002,20,47482,37120,1,"[{""i"":0,""x"":0,""y"":0,""w"":42240,""h"":37120}]",4751,256,2,"[{""y_min"":3840,""y_max"":32256,""x_min"":6655,""x_max"":44859,""n_parches"":4702},{""y_min"":34112,""y_max"":36160,""x_min"":19261,""x_max"":22077,""n_parches"":49}]",
134888-2,134888-2.bif,1,ventana,0.46500000000000002,20,45557,90880,2,"[{""i"":0,""x"":0,""y"":0,""w"":3840,""h"":2560},{""i"":1,""x"":1280,""y"":49920,""w"":37120,""h"":40960}]",3608,256,4,"[{""y_min"":0,""y_max"":256,""x_min"":8317,""x_max"":9341,""n_parches"":8},{""y_min"":53056,""y_max"":54592,""x_min"":30456,""x_max"":32760,""n_parches"":36},{""y_min"":55936,""y_max"":58752,""x_min"":34679,""x_max"":38775,""n_parches"":112},{""y_min"":61696,""y_max"":89536,""x_min"":11069,""x_max"":43510,""n_parches"":3452}]",
134888-3,134888-3.bif,1,ventana,0.46500000000000002,20,41504,51200,1,"[{""i"":0,""x"":0,""y"":0,""w"":23040,""h"":51200}]",2453,256,4,"[{""y_min"":4224,""y_max"":5504,""x_min"":28330,""x_max"":31784,""n_parches"":46},{""y_min"":6528,""y_max"":20928,""x_min"":21679,""x_max"":38755,""n_parches"":1145},{""y_min"":30336,""y_max"":31616,""x_min"":27754,""x_max"":32487,""n_parches"":51},{""y_min"":32704,""y_max"":47744,""x_min"":20720,""x_max"":38180,""n_parches"":1211}]",
135132-1,135132-1.bif,1,ventana,0.46500000000000002,20,52550,60160,1,"[{""i"":0,""x"":0,""y"":0,""w"":44800,""h"":60160}]",6472,256,2,"[{""y_min"":1408,""y_max"":34624,""x_min"":9333,""x_max"":51101,""n_parches"":4278},{""y_min"":35520,""y_max"":58240,""x_min"":13808,""x_max"":46548,""n_parches"":2194}]",
135132-2,135132-2.bif,1,ventana,0.46500000000000002,20,50120,34560,4,"[{""i"":0,""x"":0,""y"":1280,""w"":20480,""h"":17920},{""i"":1,""x"":1280,""y"":20480,""w"":12800,""h"":11520},{""i"":2,""x"":17920,""y"":21760,""w"":19200,""h"":12800},{""i"":3,""x"":21760,""y"":0,""w"":17920,""h"":21760}]",4989,256,2,"[{""y_min"":1280,""y_max"":18688,""x_min"":11635,""x_max"":45786,""n_parches"":3397},{""y_min"":22336,""y_max"":31872,""x_min"":13169,""x_max"":45020,""n_parches"":1592}]",
135146,135146.bif,1,ventana,0.46500000000000002,20,40911,46080,2,"[{""i"":0,""x"":0,""y"":25600,""w"":17920,""h"":20480},{""i"":1,""x"":1280,""y"":0,""w"":21760,""h"":21760}]",1799,256,2,"[{""y_min"":3328,""y_max"":18624,""x_min"":21222,""x_max"":36440,""n_parches"":897},{""y_min"":27584,""y_max"":42816,""x_min"":18985,""x_max"":34138,""n_parches"":902}]",
135242,135242.bif,1,ventana,0.46500000000000002,20,49416,49920,1,"[{""i"":0,""x"":0,""y"":0,""w"":32000,""h"":49920}]",5397,256,2,"[{""y_min"":768,""y_max"":22272,""x_min"":18666,""x_max"":47196,""n_parches"":2593},{""y_min"":25344,""y_max"":47616,""x_min"":19497,""x_max"":48155,""n_parches"":2804}]",
135295,135295.bif,1,ventana,0.46500000000000002,20,50422,53760,1,"[{""i"":0,""x"":0,""y"":0,""w"":33280,""h"":53760}]",4125,256,3,"[{""y_min"":0,""y_max"":3904,""x_min"":24635,""x_max"":46391,""n_parches"":175},{""y_min"":4864,""y_max"":27648,""x_min"":18428,""x_max"":46519,""n_parches"":2017},{""y_min"":28608,""y_max"":52800,""x_min"":18364,""x_max"":46775,""n_parches"":1933}]",
135299,135299.bif,1,ventana,0.46500000000000002,20,39919,25600,1,"[{""i"":0,""x"":0,""y"":0,""w"":26880,""h"":25600}]",2307,256,1,"[{""y_min"":1344,""y_max"":22976,""x_min"":14713,""x_max"":37170,""n_parches"":2307}]",
135353,135353.bif,1,ventana,0.46500000000000002,20,49654,55040,2,"[{""i"":0,""x"":0,""y"":0,""w"":33280,""h"":26880},{""i"":1,""x"":2560,""y"":28160,""w"":33280,""h"":26880}]",5320,256,2,"[{""y_min"":1728,""y_max"":23680,""x_min"":15548,""x_max"":45496,""n_parches"":2685},{""y_min"":30912,""y_max"":52352,""x_min"":18620,""x_max"":47544,""n_parches"":2635}]",
135492,135492.bif,1,ventana,0.46500000000000002,20,42072,48640,2,"[{""i"":0,""x"":0,""y"":24320,""w"":28160,""h"":24320},{""i"":1,""x"":1280,""y"":0,""w"":29440,""h"":24320}]",4392,256,2,"[{""y_min"":2816,""y_max"":21696,""x_min"":14706,""x_max"":39775,""n_parches"":2237},{""y_min"":28096,""y_max"":46080,""x_min"":13043,""x_max"":37345,""n_parches"":2155}]",
135924,135924.bif,1,ventana,0.46500000000000002,20,35405,48640,2,"[{""i"":0,""x"":2560,""y"":0,""w"":24320,""h"":21760},{""i"":1,""x"":0,""y"":26880,""w"":24320,""h"":21760}]",2940,256,2,"[{""y_min"":1216,""y_max"":18112,""x_min"":14443,""x_max"":30744,""n_parches"":1412},{""y_min"":28736,""y_max"":45632,""x_min"":10864,""x_max"":28891,""n_parches"":1528}]",
135984,135984.bif,1,ventana,0.46500000000000002,20,41718,57600,1,"[{""i"":0,""x"":0,""y"":0,""w"":34560,""h"":57600}]",9022,256,2,"[{""y_min"":1152,""y_max"":27520,""x_min"":9661,""x_max"":39353,""n_parches"":4491},{""y_min"":30336,""y_max"":56576,""x_min"":9213,""x_max"":39225,""n_parches"":4531}]",
136247,136247.bif,1,ventana,0.46500000000000002,20,38786,55040,2,"[{""i"":0,""x"":0,""y"":29440,""w"":25600,""h"":25600},{""i"":1,""x"":2560,""y"":0,""w"":26880,""h"":25600}]",2918,256,2,"[{""y_min"":1408,""y_max"":21504,""x_min"":15335,""x_max"":36177,""n_parches"":1487},{""y_min"":31680,""y_max"":48768,""x_min"":11821,""x_max"":32983,""n_parches"":1431}]",
136248,136248.bif,1,ventana,0.46500000000000002,20,38786,55040,2,"[{""i"":0,""x"":0,""y"":29440,""w"":25600,""h"":25600},{""i"":1,""x"":2560,""y"":0,""w"":26880,""h"":25600}]",2918,256,2,"[{""y_min"":1408,""y_max"":21504,""x_min"":15335,""x_max"":36177,""n_parches"":1487},{""y_min"":31680,""y_max"":48768,""x_min"":11821,""x_max"":32983,""n_parches"":1431}]",
136370,136370.bif,1,ventana,0.46500000000000002,20,52687,85760,2,"[{""i"":0,""x"":0,""y"":48640,""w"":38400,""h"":37120},{""i"":1,""x"":1280,""y"":0,""w"":43520,""h"":34560}]",9931,256,2,"[{""y_min"":1280,""y_max"":31360,""x_min"":10742,""x_max"":43802,""n_parches"":4992},{""y_min"":51008,""y_max"":81920,""x_min"":9335,""x_max"":42843,""n_parches"":4939}]",
136767,136767.bif,1,ventana,0.46500000000000002,20,47956,99840,3,"[{""i"":0,""x"":0,""y"":32000,""w"":28160,""h"":28160},{""i"":1,""x"":1280,""y"":0,""w"":29440,""h"":25600},{""i"":2,""x"":28160,""y"":94720,""w"":3840,""h"":5120}]",6257,256,2,"[{""y_min"":1216,""y_max"":24064,""x_min"":18479,""x_max"":43745,""n_parches"":3180},{""y_min"":34112,""y_max"":56640,""x_min"":17200,""x_max"":42146,""n_parches"":3077}]",
136775,136775.bif,1,ventana,0.46500000000000002,20,41995,62720,1,"[{""i"":0,""x"":0,""y"":0,""w"":35840,""h"":62720}]",9599,256,2,"[{""y_min"":448,""y_max"":29760,""x_min"":9971,""x_max"":39827,""n_parches"":4852},{""y_min"":31296,""y_max"":61888,""x_min"":7414,""x_max"":37334,""n_parches"":4747}]",
136809-1,136809-1.bif,1,ventana,0.46500000000000002,20,48097,58880,2,"[{""i"":0,""x"":0,""y"":0,""w"":33280,""h"":29440},{""i"":1,""x"":0,""y"":32000,""w"":33280,""h"":26880}]",8061,256,2,"[{""y_min"":3584,""y_max"":25856,""x_min"":19315,""x_max"":46055,""n_parches"":4058},{""y_min"":35264,""y_max"":57152,""x_min"":19443,""x_max"":46758,""n_parches"":4003}]",
136809-2,136809-2.bif,1,ventana,0.46500000000000002,20,45035,28160,1,"[{""i"":0,""x"":0,""y"":0,""w"":30720,""h"":28160}]",3648,256,1,"[{""y_min"":2048,""y_max"":26496,""x_min"":16824,""x_max"":42925,""n_parches"":3648}]",
136815,136815.bif,1,ventana,0.46500000000000002,20,52652,74240,2,"[{""i"":0,""x"":0,""y"":48640,""w"":48640,""h"":25600},{""i"":1,""x"":1280,""y"":0,""w"":43520,""h"":24320}]",6656,256,2,"[{""y_min"":4224,""y_max"":20544,""x_min"":8316,""x_max"":47216,""n_parches"":3290},{""y_min"":54336,""y_max"":71232,""x_min"":6077,""x_max"":49773,""n_parches"":3366}]",
136829-2,136829-2.bif,1,ventana,0.46500000000000002,20,50657,25600,1,"[{""i"":0,""x"":0,""y"":0,""w"":35840,""h"":25600}]",2856,256,1,"[{""y_min"":1280,""y_max"":22976,""x_min"":16310,""x_max"":46056,""n_parches"":2856}]",
136892,136892.bif,1,ventana,0.46500000000000002,20,34911,29440,1,"[{""i"":0,""x"":0,""y"":0,""w"":29440,""h"":29440}]",3873,256,1,"[{""y_min"":960,""y_max"":28288,""x_min"":8440,""x_max"":33509,""n_parches"":3873}]",
136893,136893.bif,1,ventana,0.46500000000000002,20,50169,37120,1,"[{""i"":0,""x"":0,""y"":0,""w"":40960,""h"":37120}]",5445,256,1,"[{""y_min"":1152,""y_max"":34560,""x_min"":10366,""x_max"":47482,""n_parches"":5445}]",
137092,137092.bif,1,ventana,0.46500000000000002,20,42896,26880,1,"[{""i"":0,""x"":0,""y"":0,""w"":32000,""h"":26880}]",3248,256,2,"[{""y_min"":1664,""y_max"":4224,""x_min"":30493,""x_max"":31517,""n_parches"":35},{""y_min"":5120,""y_max"":25600,""x_min"":12785,""x_max"":39320,""n_parches"":3213}]",
137484,137484.bif,1,ventana,0.46500000000000002,20,46329,26880,1,"[{""i"":0,""x"":0,""y"":0,""w"":37120,""h"":26880}]",2784,256,1,"[{""y_min"":1344,""y_max"":23616,""x_min"":10494,""x_max"":44409,""n_parches"":2784}]",
137536,137536.bif,1,ventana,0.46500000000000002,20,56471,35840,1,"[{""i"":0,""x"":0,""y"":0,""w"":44800,""h"":35840}]",3886,256,1,"[{""y_min"":2176,""y_max"":33728,""x_min"":15860,""x_max"":54046,""n_parches"":3886}]",
137538,137538.bif,1,ventana,0.46500000000000002,20,52087,76800,2,"[{""i"":0,""x"":0,""y"":0,""w"":39680,""h"":30720},{""i"":1,""x"":1280,""y"":44800,""w"":40960,""h"":32000}]",7183,256,2,"[{""y_min"":1664,""y_max"":28032,""x_min"":14909,""x_max"":47352,""n_parches"":3598},{""y_min"":46912,""y_max"":73280,""x_min"":16445,""x_max"":49208,""n_parches"":3585}]",
137539,137539.bif,1,ventana,0.46500000000000002,20,52087,76800,2,"[{""i"":0,""x"":0,""y"":0,""w"":39680,""h"":30720},{""i"":1,""x"":1280,""y"":44800,""w"":40960,""h"":32000}]",7183,256,2,"[{""y_min"":1664,""y_max"":28032,""x_min"":14909,""x_max"":47352,""n_parches"":3598},{""y_min"":46912,""y_max"":73280,""x_min"":16445,""x_max"":49208,""n_parches"":3585}]",
137630,137630.bif,1,ventana,0.46500000000000002,20,42462,55040,2,"[{""i"":0,""x"":0,""y"":0,""w"":23040,""h"":26880},{""i"":1,""x"":0,""y"":26880,""w"":23040,""h"":28160}]",4155,256,2,"[{""y_min"":1280,""y_max"":24448,""x_min"":21294,""x_max"":39650,""n_parches"":1976},{""y_min"":28992,""y_max"":52928,""x_min"":21039,""x_max"":39203,""n_parches"":2179}]",
137877-1,137877-1.bif,1,ventana,0.46500000000000002,20,43468,51200,2,"[{""i"":0,""x"":0,""y"":28160,""w"":23040,""h"":23040},{""i"":1,""x"":1280,""y"":0,""w"":23040,""h"":21760}]",3285,256,2,"[{""y_min"":1408,""y_max"":20160,""x_min"":22501,""x_max"":40914,""n_parches"":1658},{""y_min"":30272,""y_max"":48832,""x_min"":20966,""x_max"":39380,""n_parches"":1627}]",
137877-2,137877-2.bif,1,ventana,0.46500000000000002,20,46080,61440,2,"[{""i"":0,""x"":0,""y"":0,""w"":29440,""h"":29440},{""i"":1,""x"":0,""y"":30720,""w"":29440,""h"":30720}]",5595,256,2,"[{""y_min"":2688,""y_max"":29184,""x_min"":18112,""x_max"":41664,""n_parches"":2820},{""y_min"":31936,""y_max"":59200,""x_min"":19584,""x_max"":43648,""n_parches"":2775}]",
137969,137969.bif,1,ventana,0.46500000000000002,20,53515,65280,2,"[{""i"":0,""x"":0,""y"":0,""w"":29440,""h"":30720},{""i"":1,""x"":0,""y"":30720,""w"":30720,""h"":34560}]",8707,256,2,"[{""y_min"":1664,""y_max"":26304,""x_min"":24104,""x_max"":50004,""n_parches"":4247},{""y_min"":33088,""y_max"":60864,""x_min"":25063,""x_max"":50898,""n_parches"":4460}]",
137971,137971.bif,1,ventana,0.46500000000000002,20,43850,29440,1,"[{""i"":0,""x"":0,""y"":0,""w"":30720,""h"":29440}]",3512,256,1,"[{""y_min"":1216,""y_max"":26560,""x_min"":14893,""x_max"":39511,""n_parches"":3512}]",
137973-1,137973-1.bif,1,ventana,0.46500000000000002,20,48882,97280,2,"[{""i"":0,""x"":0,""y"":0,""w"":33280,""h"":30720},{""i"":1,""x"":1280,""y"":66560,""w"":35840,""h"":30720}]",9508,256,2,"[{""y_min"":3008,""y_max"":28800,""x_min"":12924,""x_max"":42805,""n_parches"":4503},{""y_min"":69376,""y_max"":95424,""x_min"":15419,""x_max"":47220,""n_parches"":5005}]",
137973-2,137973-2.bif,1,ventana,0.46500000000000002,20,38891,52480,2,"[{""i"":0,""x"":0,""y"":0,""w"":17920,""h"":21760},{""i"":1,""x"":0,""y"":28160,""w"":16640,""h"":24320}]",1025,256,2,"[{""y_min"":4352,""y_max"":17408,""x_min"":22963,""x_max"":36270,""n_parches"":517},{""y_min"":31168,""y_max"":45184,""x_min"":23091,""x_max"":35054,""n_parches"":508}]",
138131,138131.bif,1,ventana,0.46500000000000002,20,49769,46080,1,"[{""i"":0,""x"":0,""y"":0,""w"":44800,""h"":46080}]",5208,256,2,"[{""y_min"":1216,""y_max"":4800,""x_min"":11066,""x_max"":18746,""n_parches"":326},{""y_min"":5696,""y_max"":44416,""x_min"":5309,""x_max"":47788,""n_parches"":4882}]",
138527,138527.bif,1,ventana,0.46500000000000002,20,54977,64000,2,"[{""i"":0,""x"":0,""y"":0,""w"":23040,""h"":32000},{""i"":1,""x"":24320,""y"":33280,""w"":24320,""h"":30720}]",8063,256,2,"[{""y_min"":3904,""y_max"":30016,""x_min"":6392,""x_max"":28535,""n_parches"":4007},{""y_min"":36352,""y_max"":60800,""x_min"":31388,""x_max"":54615,""n_parches"":4056}]",
138529,138529.bif,1,ventana,0.46500000000000002,20,42264,57600,1,"[{""i"":0,""x"":0,""y"":0,""w"":34560,""h"":57600}]",7663,256,2,"[{""y_min"":2112,""y_max"":25536,""x_min"":10102,""x_max"":40669,""n_parches"":3847},{""y_min"":30528,""y_max"":53952,""x_min"":8759,""x_max"":39326,""n_parches"":3816}]",
138566,138566.bif,1,ventana,0.46500000000000002,20,47862,26880,1,"[{""i"":0,""x"":0,""y"":0,""w"":30720,""h"":26880}]",4029,256,1,"[{""y_min"":2368,""y_max"":25920,""x_min"":17532,""x_max"":45560,""n_parches"":4029}]",
138809-2,138809-2.bif,1,ventana,0.46500000000000002,20,45035,28160,1,"[{""i"":0,""x"":0,""y"":0,""w"":30720,""h"":28160}]",3648,256,1,"[{""y_min"":2048,""y_max"":26496,""x_min"":16824,""x_max"":42925,""n_parches"":3648}]",
138974,138974.bif,1,ventana,0.46500000000000002,20,39512,28160,1,"[{""i"":0,""x"":0,""y"":0,""w"":28160,""h"":28160}]",2955,256,1,"[{""y_min"":768,""y_max"":27136,""x_min"":13682,""x_max"":36330,""n_parches"":2955}]",
139301,139301.bif,1,ventana,0.46500000000000002,20,48823,28160,1,"[{""i"":0,""x"":0,""y"":0,""w"":32000,""h"":28160}]",2530,256,1,"[{""y_min"":1280,""y_max"":26240,""x_min"":19324,""x_max"":46264,""n_parches"":2530}]",
139390,139390.bif,1,ventana,0.46500000000000002,20,42847,29440,1,"[{""i"":0,""x"":0,""y"":0,""w"":30720,""h"":29440}]",3742,256,1,"[{""y_min"":1216,""y_max"":29184,""x_min"":12214,""x_max"":42531,""n_parches"":3742}]",
139394,139394.bif,1,ventana,0.46500000000000002,20,41219,33280,1,"[{""i"":0,""x"":0,""y"":0,""w"":35840,""h"":33280}]",6617,256,2,"[{""y_min"":0,""y_max"":512,""x_min"":22558,""x_max"":26398,""n_parches"":32},{""y_min"":1920,""y_max"":32768,""x_min"":9202,""x_max"":37489,""n_parches"":6585}]",
139398,139398.bif,1,ventana,0.46500000000000002,20,47690,30720,1,"[{""i"":0,""x"":0,""y"":0,""w"":34560,""h"":30720}]",5439,256,1,"[{""y_min"":1088,""y_max"":28416,""x_min"":14639,""x_max"":44573,""n_parches"":5439}]",
139402,,0,,,,,,,,,,,,sin .bif sin sufijo de tincion
139402-2,139402-2.bif,1,ventana,0.46500000000000002,20,45329,32000,1,"[{""i"":0,""x"":0,""y"":0,""w"":38400,""h"":32000}]",2433,256,1,"[{""y_min"":1920,""y_max"":29696,""x_min"":9398,""x_max"":42522,""n_parches"":2433}]",
139721-1,139721-1.bif,1,ventana,0.46500000000000002,20,43654,51200,2,"[{""i"":0,""x"":0,""y"":0,""w"":23040,""h"":21760},{""i"":1,""x"":1280,""y"":28160,""w"":24320,""h"":23040}]",2681,256,2,"[{""y_min"":1280,""y_max"":19968,""x_min"":20261,""x_max"":38993,""n_parches"":1348},{""y_min"":30272,""y_max"":48896,""x_min"":22562,""x_max"":41167,""n_parches"":1333}]",
139721-2,139721-2.bif,1,ventana,0.46500000000000002,20,30043,47360,2,"[{""i"":0,""x"":0,""y"":30720,""w"":14080,""h"":16640},{""i"":1,""x"":1280,""y"":0,""w"":15360,""h"":15360}]",1317,256,4,"[{""y_min"":1280,""y_max"":9408,""x_min"":16683,""x_max"":27556,""n_parches"":479},{""y_min"":10304,""y_max"":13376,""x_min"":20454,""x_max"":25062,""n_parches"":184},{""y_min"":32960,""y_max"":40448,""x_min"":15085,""x_max"":25318,""n_parches"":477},{""y_min"":41344,""y_max"":44416,""x_min"":18025,""x_max"":22377,""n_parches"":177}]",
139725-1,139725-1.bif,1,ventana,0.46500000000000002,20,43654,51200,2,"[{""i"":0,""x"":0,""y"":0,""w"":23040,""h"":21760},{""i"":1,""x"":1280,""y"":28160,""w"":24320,""h"":23040}]",2681,256,2,"[{""y_min"":1280,""y_max"":19968,""x_min"":20261,""x_max"":38993,""n_parches"":1348},{""y_min"":30272,""y_max"":48896,""x_min"":22562,""x_max"":41167,""n_parches"":1333}]",
139725-2,139725-2.bif,1,ventana,0.46500000000000002,20,30043,47360,2,"[{""i"":0,""x"":0,""y"":30720,""w"":14080,""h"":16640},{""i"":1,""x"":1280,""y"":0,""w"":15360,""h"":15360}]",1317,256,4,"[{""y_min"":1280,""y_max"":9408,""x_min"":16683,""x_max"":27556,""n_parches"":479},{""y_min"":10304,""y_max"":13376,""x_min"":20454,""x_max"":25062,""n_parches"":184},{""y_min"":32960,""y_max"":40448,""x_min"":15085,""x_max"":25318,""n_parches"":477},{""y_min"":41344,""y_max"":44416,""x_min"":18025,""x_max"":22377,""n_parches"":177}]",
139772,139772.bif,1,ventana,0.46500000000000002,20,48907,48640,2,"[{""i"":0,""x"":0,""y"":25600,""w"":28160,""h"":23040},{""i"":1,""x"":1280,""y"":0,""w"":28160,""h"":23040}]",5017,256,3,"[{""y_min"":1024,""y_max"":9408,""x_min"":26850,""x_max"":47379,""n_parches"":1050},{""y_min"":10304,""y_max"":19264,""x_min"":22823,""x_max"":47057,""n_parches"":1473},{""y_min"":27008,""y_max"":45248,""x_min"":20969,""x_max"":45267,""n_parches"":2494}]",
139955,139955.bif,1,ventana,0.46500000000000002,20,34598,29440,1,"[{""i"":0,""x"":0,""y"":0,""w"":32000,""h"":29440}]",3982,256,1,"[{""y_min"":1344,""y_max"":26688,""x_min"":2622,""x_max"":31728,""n_parches"":3982}]",
140454,140454.bif,1,ventana,0.46500000000000002,20,41072,28160,1,"[{""i"":0,""x"":0,""y"":0,""w"":32000,""h"":28160}]",3793,256,1,"[{""y_min"":1600,""y_max"":26752,""x_min"":10427,""x_max"":38968,""n_parches"":3793}]",
140456,140456.bif,1,ventana,0.46500000000000002,20,54111,43520,1,"[{""i"":0,""x"":0,""y"":0,""w"":48640,""h"":43520}]",5151,256,2,"[{""y_min"":2560,""y_max"":3584,""x_min"":29230,""x_max"":30766,""n_parches"":28},{""y_min"":6592,""y_max"":41344,""x_min"":6651,""x_max"":50659,""n_parches"":5123}]",
140569,140569.bif,1,ventana,0.46500000000000002,20,46967,35840,1,"[{""i"":0,""x"":0,""y"":0,""w"":37120,""h"":35840}]",3567,256,1,"[{""y_min"":1216,""y_max"":33600,""x_min"":12861,""x_max"":45624,""n_parches"":3567}]",
140939,140939.bif,1,ventana,0.46500000000000002,20,52606,46080,1,"[{""i"":0,""x"":0,""y"":0,""w"":48640,""h"":46080}]",5453,256,1,"[{""y_min"":1152,""y_max"":43712,""x_min"":6655,""x_max"":51454,""n_parches"":5453}]",
141014,141014.bif,1,ventana,0.46500000000000002,20,49829,55040,1,"[{""i"":0,""x"":0,""y"":0,""w"":33280,""h"":55040}]",4961,256,3,"[{""y_min"":0,""y_max"":512,""x_min"":24114,""x_max"":26162,""n_parches"":23},{""y_min"":1600,""y_max"":27392,""x_min"":17846,""x_max"":47399,""n_parches"":2463},{""y_min"":28864,""y_max"":53056,""x_min"":17206,""x_max"":46312,""n_parches"":2475}]",
141358,141358.bif,1,ventana,0.46500000000000002,20,44267,55040,1,"[{""i"":0,""x"":0,""y"":0,""w"":33280,""h"":55040}]",2870,256,4,"[{""y_min"":0,""y_max"":768,""x_min"":29553,""x_max"":40173,""n_parches"":44},{""y_min"":1664,""y_max"":26624,""x_min"":14713,""x_max"":39534,""n_parches"":1293},{""y_min"":28736,""y_max"":45440,""x_min"":12282,""x_max"":34991,""n_parches"":1009},{""y_min"":46272,""y_max"":54784,""x_min"":15288,""x_max"":40046,""n_parches"":524}]",
141419,141419.bif,1,ventana,0.46500000000000002,20,43275,35840,1,"[{""i"":0,""x"":0,""y"":0,""w"":37120,""h"":35840}]",4552,256,1,"[{""y_min"":1600,""y_max"":32448,""x_min"":7414,""x_max"":39378,""n_parches"":4552}]",
141424,141424.bif,1,ventana,0.46500000000000002,20,51540,38400,1,"[{""i"":0,""x"":0,""y"":0,""w"":42240,""h"":38400}]",4163,256,1,"[{""y_min"":1856,""y_max"":36096,""x_min"":10678,""x_max"":49691,""n_parches"":4163}]",
141426-1,141426-1.bif,1,ventana,0.46500000000000002,20,46498,37120,1,"[{""i"":0,""x"":0,""y"":0,""w"":32000,""h"":37120}]",4627,256,1,"[{""y_min"":2112,""y_max"":32576,""x_min"":15925,""x_max"":44583,""n_parches"":4627}]",
141426-2,141426-2.bif,1,ventana,0.46500000000000002,20,31975,48640,2,"[{""i"":0,""x"":0,""y"":0,""w"":21760,""h"":25600},{""i"":1,""x"":0,""y"":26880,""w"":23040,""h"":21760}]",4262,256,2,"[{""y_min"":1728,""y_max"":22080,""x_min"":10615,""x_max"":27631,""n_parches"":2145},{""y_min"":28544,""y_max"":48256,""x_min"":10615,""x_max"":29675,""n_parches"":2117}]",
141560,141560.bif,1,ventana,0.46500000000000002,20,43075,57600,2,"[{""i"":0,""x"":0,""y"":30720,""w"":25600,""h"":26880},{""i"":1,""x"":5120,""y"":0,""w"":25600,""h"":29440}]",4499,256,2,"[{""y_min"":1792,""y_max"":26432,""x_min"":19045,""x_max"":40335,""n_parches"":2285},{""y_min"":32640,""y_max"":56832,""x_min"":13548,""x_max"":35286,""n_parches"":2214}]",
141636,141636.bif,1,ventana,0.46500000000000002,20,55166,46080,1,"[{""i"":0,""x"":0,""y"":0,""w"":51200,""h"":46080}]",2153,256,1,"[{""y_min"":0,""y_max"":45824,""x_min"":4415,""x_max"":54910,""n_parches"":2153}]",
141756,141756.bif,1,ventana,0.46500000000000002,20,46957,79360,2,"[{""i"":0,""x"":3840,""y"":0,""w"":29440,""h"":25600},{""i"":1,""x"":0,""y"":52480,""w"":28160,""h"":26880}]",3882,256,2,"[{""y_min"":2176,""y_max"":22400,""x_min"":20023,""x_max"":42672,""n_parches"":1887},{""y_min"":54400,""y_max"":76160,""x_min"":16377,""x_max"":38769,""n_parches"":1995}]",
141758,141758.bif,1,ventana,0.46500000000000002,20,53788,44800,1,"[{""i"":0,""x"":0,""y"":0,""w"":47360,""h"":44800}]",6137,256,1,"[{""y_min"":1280,""y_max"":39296,""x_min"":7738,""x_max"":51170,""n_parches"":6137}]",
141760,141760.bif,1,ventana,0.46500000000000002,20,43299,80640,2,"[{""i"":0,""x"":0,""y"":0,""w"":29440,""h"":26880},{""i"":1,""x"":0,""y"":52480,""w"":29440,""h"":28160}]",4376,256,2,"[{""y_min"":1728,""y_max"":26048,""x_min"":15093,""x_max"":40999,""n_parches"":2281},{""y_min"":54464,""y_max"":78272,""x_min"":16181,""x_max"":41319,""n_parches"":2095}]",
141825,141825.bif,1,ventana,0.46500000000000002,20,49583,83200,2,"[{""i"":0,""x"":0,""y"":0,""w"":42240,""h"":33280},{""i"":1,""x"":0,""y"":48640,""w"":43520,""h"":34560}]",9758,256,2,"[{""y_min"":1088,""y_max"":30656,""x_min"":6141,""x_max"":46131,""n_parches"":4782},{""y_min"":50816,""y_max"":80128,""x_min"":6333,""x_max"":47410,""n_parches"":4976}]",
141827,141827.bif,1,ventana,0.46500000000000002,20,41447,37120,1,"[{""i"":0,""x"":0,""y"":0,""w"":35840,""h"":37120}]",3582,256,2,"[{""y_min"":1216,""y_max"":1984,""x_min"":36969,""x_max"":38249,""n_parches"":16},{""y_min"":3136,""y_max"":32704,""x_min"":7163,""x_max"":38635,""n_parches"":3566}]",
142430,142430.bif,1,ventana,0.46500000000000002,20,56123,78080,2,"[{""i"":0,""x"":0,""y"":0,""w"":51200,""h"":12800},{""i"":1,""x"":8960,""y"":49920,""w"":29440,""h"":28160}]",7787,256,3,"[{""y_min"":0,""y_max"":12544,""x_min"":4927,""x_max"":55871,""n_parches"":4321},{""y_min"":51520,""y_max"":76544,""x_min"":18110,""x_max"":43069,""n_parches"":3455},{""y_min"":77696,""y_max"":77952,""x_min"":33724,""x_max"":35004,""n_parches"":11}]",
142432,142432.bif,1,ventana,0.46500000000000002,20,38744,49920,2,"[{""i"":0,""x"":0,""y"":26880,""w"":29440,""h"":23040},{""i"":1,""x"":1280,""y"":0,""w"":29440,""h"":23040}]",4545,256,2,"[{""y_min"":1216,""y_max"":20224,""x_min"":11252,""x_max"":36636,""n_parches"":2280},{""y_min"":29248,""y_max"":49792,""x_min"":10485,""x_max"":35868,""n_parches"":2265}]",
142446,142446.bif,1,ventana,0.46500000000000002,20,44446,60160,1,"[{""i"":0,""x"":0,""y"":0,""w"":32000,""h"":60160}]",7038,256,2,"[{""y_min"":1088,""y_max"":26496,""x_min"":14197,""x_max"":41383,""n_parches"":3495},{""y_min"":29248,""y_max"":55296,""x_min"":13941,""x_max"":41064,""n_parches"":3543}]",
142536,142536.bif,1,ventana,0.46500000000000002,20,46869,52480,2,"[{""i"":0,""x"":0,""y"":26880,""w"":30720,""h"":25600},{""i"":1,""x"":3840,""y"":0,""w"":30720,""h"":25600}]",6382,256,2,"[{""y_min"":2240,""y_max"":23872,""x_min"":19502,""x_max"":44645,""n_parches"":3249},{""y_min"":29952,""y_max"":51392,""x_min"":15026,""x_max"":40490,""n_parches"":3133}]",
142541-1,142541-1.bif,1,ventana,0.46500000000000002,20,51225,38400,1,"[{""i"":0,""x"":0,""y"":0,""w"":43520,""h"":38400}]",5875,256,2,"[{""y_min"":1216,""y_max"":34944,""x_min"":8441,""x_max"":48161,""n_parches"":5860},{""y_min"":35840,""y_max"":36608,""x_min"":15348,""x_max"":16372,""n_parches"":15}]",
142541-2,142541-2.bif,1,ventana,0.46500000000000002,20,44039,52480,1,"[{""i"":0,""x"":0,""y"":0,""w"":33280,""h"":52480}]",5554,256,3,"[{""y_min"":2688,""y_max"":26304,""x_min"":13550,""x_max"":41627,""n_parches"":2822},{""y_min"":27264,""y_max"":50176,""x_min"":12847,""x_max"":40477,""n_parches"":2656},{""y_min"":51328,""y_max"":52352,""x_min"":26589,""x_max"":32221,""n_parches"":76}]",
142696,142696.bif,1,ventana,0.46500000000000002,20,43082,52480,2,"[{""i"":0,""x"":2560,""y"":0,""w"":30720,""h"":21760},{""i"":1,""x"":0,""y"":30720,""w"":29440,""h"":21760}]",7001,256,2,"[{""y_min"":1088,""y_max"":19136,""x_min"":15085,""x_max"":41238,""n_parches"":3553},{""y_min"":32576,""y_max"":50624,""x_min"":11058,""x_max"":37083,""n_parches"":3448}]",
142883-1,142883-1.bif,1,ventana,0.46500000000000002,20,41065,65280,1,"[{""i"":0,""x"":0,""y"":0,""w"":29440,""h"":65280}]",5789,256,3,"[{""y_min"":3904,""y_max"":33152,""x_min"":15031,""x_max"":37293,""n_parches"":2889},{""y_min"":34624,""y_max"":63808,""x_min"":15351,""x_max"":37741,""n_parches"":2880},{""y_min"":64768,""y_max"":65024,""x_min"":25585,""x_max"":28401,""n_parches"":20}]",
142883-2,142883-2.bif,1,ventana,0.46500000000000002,20,50905,44800,1,"[{""i"":0,""x"":0,""y"":0,""w"":43520,""h"":44800}]",5439,256,2,"[{""y_min"":1024,""y_max"":2816,""x_min"":23470,""x_max"":25006,""n_parches"":37},{""y_min"":4032,""y_max"":41728,""x_min"":8953,""x_max"":48165,""n_parches"":5402}]",
142887-1,142887-1.bif,1,ventana,0.46500000000000002,20,48391,40960,1,"[{""i"":0,""x"":0,""y"":0,""w"":40960,""h"":40960}]",5326,256,1,"[{""y_min"":1408,""y_max"":38080,""x_min"":9908,""x_max"":46415,""n_parches"":5326}]",
142887-2,142887-2.bif,1,ventana,0.46500000000000002,20,42896,60160,2,"[{""i"":0,""x"":1280,""y"":0,""w"":30720,""h"":29440},{""i"":1,""x"":0,""y"":32000,""w"":29440,""h"":28160}]",6756,256,2,"[{""y_min"":832,""y_max"":28736,""x_min"":15534,""x_max"":40856,""n_parches"":3413},{""y_min"":32256,""y_max"":59968,""x_min"":14895,""x_max"":40217,""n_parches"":3343}]",
142994,142994.bif,1,ventana,0.46500000000000002,20,52455,46080,1,"[{""i"":0,""x"":0,""y"":0,""w"":43520,""h"":46080}]",5412,256,1,"[{""y_min"":3392,""y_max"":42752,""x_min"":9851,""x_max"":50541,""n_parches"":5412}]",
143091,143091.bif,1,ventana,0.46500000000000002,20,43934,53760,2,"[{""i"":0,""x"":0,""y"":0,""w"":28160,""h"":25600},{""i"":1,""x"":0,""y"":28160,""w"":28160,""h"":25600}]",3256,256,2,"[{""y_min"":1856,""y_max"":22400,""x_min"":18609,""x_max"":41696,""n_parches"":1636},{""y_min"":31424,""y_max"":51392,""x_min"":18801,""x_max"":41696,""n_parches"":1620}]",
143338,143338.bif,1,ventana,0.46500000000000002,20,45894,39680,1,"[{""i"":0,""x"":0,""y"":0,""w"":44800,""h"":39680}]",6808,256,1,"[{""y_min"":1280,""y_max"":35904,""x_min"":1853,""x_max"":43785,""n_parches"":6808}]",
143868,143868.bif,1,ventana,0.46500000000000002,20,44460,60160,1,"[{""i"":0,""x"":0,""y"":0,""w"":37120,""h"":60160}]",7685,256,2,"[{""y_min"":704,""y_max"":28352,""x_min"":11003,""x_max"":40370,""n_parches"":3832},{""y_min"":30144,""y_max"":57856,""x_min"":8572,""x_max"":37810,""n_parches"":3853}]",
143870,143870.bif,1,ventana,0.46500000000000002,20,42401,57600,2,"[{""i"":0,""x"":0,""y"":28160,""w"":30720,""h"":29440},{""i"":1,""x"":2560,""y"":0,""w"":32000,""h"":28160}]",5760,256,2,"[{""y_min"":1088,""y_max"":25920,""x_min"":12215,""x_max"":39087,""n_parches"":2906},{""y_min"":30528,""y_max"":55616,""x_min"":9209,""x_max"":35954,""n_parches"":2854}]",
143872,143872.bif,1,ventana,0.46500000000000002,20,45978,34560,1,"[{""i"":0,""x"":0,""y"":0,""w"":42240,""h"":34560}]",5033,256,1,"[{""y_min"":1152,""y_max"":34304,""x_min"":3772,""x_max"":44063,""n_parches"":5033}]",
144313,144313.bif,1,ventana,0.46500000000000002,20,45403,56320,1,"[{""i"":0,""x"":0,""y"":0,""w"":32000,""h"":56320}]",7344,256,2,"[{""y_min"":1600,""y_max"":28032,""x_min"":14708,""x_max"":43232,""n_parches"":3603},{""y_min"":29632,""y_max"":56128,""x_min"":14771,""x_max"":43680,""n_parches"":3741}]",
144317,144317.bif,1,ventana,0.46500000000000002,20,47469,34560,1,"[{""i"":0,""x"":0,""y"":0,""w"":37120,""h"":34560}]",4769,256,1,"[{""y_min"":2496,""y_max"":32256,""x_min"":11643,""x_max"":45359,""n_parches"":4769}]",
144672,144672.bif,1,ventana,0.46500000000000002,20,44306,57600,2,"[{""i"":0,""x"":3840,""y"":0,""w"":26880,""h"":26880},{""i"":1,""x"":0,""y"":28160,""w"":25600,""h"":29440}]",5989,256,2,"[{""y_min"":1664,""y_max"":26560,""x_min"":19819,""x_max"":41181,""n_parches"":2926},{""y_min"":31552,""y_max"":57024,""x_min"":16111,""x_max"":37983,""n_parches"":3063}]",
144820,144820.bif,1,ventana,0.46500000000000002,20,50461,57600,1,"[{""i"":0,""x"":0,""y"":0,""w"":30720,""h"":57600}]",5205,256,2,"[{""y_min"":1600,""y_max"":28352,""x_min"":22448,""x_max"":47394,""n_parches"":2620},{""y_min"":31616,""y_max"":57280,""x_min"":24303,""x_max"":48609,""n_parches"":2585}]",
144822,144822.bif,1,ventana,0.46500000000000002,20,48272,55040,2,"[{""i"":0,""x"":0,""y"":32000,""w"":29440,""h"":23040},{""i"":1,""x"":1280,""y"":0,""w"":29440,""h"":25600}]",2958,256,2,"[{""y_min"":3136,""y_max"":21952,""x_min"":20843,""x_max"":45142,""n_parches"":1541},{""y_min"":33280,""y_max"":51904,""x_min"":20267,""x_max"":43992,""n_parches"":1417}]",
144993,144993.bif,1,ventana,0.46500000000000002,20,40216,57600,2,"[{""i"":0,""x"":0,""y"":0,""w"":33280,""h"":28160},{""i"":1,""x"":1280,""y"":29440,""w"":34560,""h"":28160}]",8046,256,2,"[{""y_min"":1664,""y_max"":27264,""x_min"":5562,""x_max"":34413,""n_parches"":4030},{""y_min"":31232,""y_max"":56832,""x_min"":8759,""x_max"":38057,""n_parches"":4016}]",
144995,144995.bif,1,ventana,0.46500000000000002,20,38782,53760,2,"[{""i"":0,""x"":0,""y"":28160,""w"":23040,""h"":25600},{""i"":1,""x"":3840,""y"":0,""w"":24320,""h"":25600}]",2429,256,3,"[{""y_min"":1280,""y_max"":23424,""x_min"":16511,""x_max"":35454,""n_parches"":1225},{""y_min"":29632,""y_max"":34496,""x_min"":18943,""x_max"":24062,""n_parches"":182},{""y_min"":36032,""y_max"":51200,""x_min"":11839,""x_max"":30974,""n_parches"":1022}]",
145083,145083.bif,1,ventana,0.46500000000000002,20,44166,55040,1,"[{""i"":0,""x"":0,""y"":0,""w"":29440,""h"":55040}]",2940,256,4,"[{""y_min"":832,""y_max"":12224,""x_min"":17768,""x_max"":38358,""n_parches"":721},{""y_min"":14912,""y_max"":19072,""x_min"":24415,""x_max"":37391,""n_parches"":180},{""y_min"":21312,""y_max"":25408,""x_min"":26333,""x_max"":33813,""n_parches"":174},{""y_min"":28928,""y_max"":53696,""x_min"":17065,""x_max"":39894,""n_parches"":1865}]",
145445,145445.bif,1,ventana,0.46500000000000002,20,42531,56320,1,"[{""i"":0,""x"":0,""y"":0,""w"":32000,""h"":56320}]",3857,256,3,"[{""y_min"":1600,""y_max"":2112,""x_min"":20913,""x_max"":21937,""n_parches"":12},{""y_min"":3136,""y_max"":26752,""x_min"":13814,""x_max"":38503,""n_parches"":1903},{""y_min"":29760,""y_max"":54848,""x_min"":13111,""x_max"":37990,""n_parches"":1942}]",
145450,145450.bif,1,ventana,0.46500000000000002,20,40284,48640,2,"[{""i"":0,""x"":0,""y"":0,""w"":26880,""h"":21760},{""i"":1,""x"":0,""y"":28160,""w"":26880,""h"":20480}]",2641,256,2,"[{""y_min"":2624,""y_max"":18624,""x_min"":17328,""x_max"":37028,""n_parches"":1257},{""y_min"":30912,""y_max"":46400,""x_min"":18031,""x_max"":38178,""n_parches"":1384}]",
145799,145799.bif,1,ventana,0.46500000000000002,20,47935,33280,1,"[{""i"":0,""x"":0,""y"":0,""w"":40960,""h"":33280}]",4945,256,1,"[{""y_min"":1792,""y_max"":31104,""x_min"":10751,""x_max"":44927,""n_parches"":4945}]",
145814,145814.bif,1,ventana,0.46500000000000002,20,52831,71680,2,"[{""i"":0,""x"":0,""y"":0,""w"":44800,""h"":30720},{""i"":1,""x"":1280,""y"":42240,""w"":46080,""h"":29440}]",10374,256,3,"[{""y_min"":2496,""y_max"":26368,""x_min"":6779,""x_max"":47461,""n_parches"":5143},{""y_min"":29056,""y_max"":29312,""x_min"":32107,""x_max"":32875,""n_parches"":7},{""y_min"":43904,""y_max"":67776,""x_min"":9082,""x_max"":49763,""n_parches"":5224}]",
145819,145819.bif,1,ventana,0.46500000000000002,20,54073,49920,2,"[{""i"":0,""x"":1280,""y"":0,""w"":33280,""h"":23040},{""i"":1,""x"":0,""y"":25600,""w"":34560,""h"":24320}]",7419,256,2,"[{""y_min"":1024,""y_max"":21440,""x_min"":23868,""x_max"":53754,""n_parches"":3630},{""y_min"":27392,""y_max"":47680,""x_min"":21245,""x_max"":51130,""n_parches"":3789}]",
145913,145913.bif,1,ventana,0.46500000000000002,20,49152,55040,2,"[{""i"":0,""x"":0,""y"":0,""w"":32000,""h"":26880},{""i"":1,""x"":3840,""y"":26880,""w"":32000,""h"":28160}]",7169,256,2,"[{""y_min"":1664,""y_max"":23936,""x_min"":15424,""x_max"":42816,""n_parches"":3515},{""y_min"":29568,""y_max"":52800,""x_min"":19008,""x_max"":46528,""n_parches"":3654}]",
145917,145917.bif,1,ventana,0.46500000000000002,20,50839,56320,2,"[{""i"":0,""x"":0,""y"":0,""w"":30720,""h"":28160},{""i"":1,""x"":3840,""y"":29440,""w"":32000,""h"":26880}]",7225,256,3,"[{""y_min"":384,""y_max"":2944,""x_min"":27881,""x_max"":31721,""n_parches"":114},{""y_min"":4672,""y_max"":24832,""x_min"":16178,""x_max"":43877,""n_parches"":3673},{""y_min"":31680,""y_max"":55168,""x_min"":20271,""x_max"":48163,""n_parches"":3438}]",
146356,146356.bif,1,ventana,0.46500000000000002,20,45022,46080,2,"[{""i"":0,""x"":0,""y"":0,""w"":21760,""h"":17920},{""i"":1,""x"":2560,""y"":28160,""w"":23040,""h"":17920}]",1860,256,2,"[{""y_min"":1280,""y_max"":15296,""x_min"":20784,""x_max"":35302,""n_parches"":901},{""y_min"":29952,""y_max"":43904,""x_min"":23726,""x_max"":38307,""n_parches"":959}]",
146358,146358.bif,1,ventana,0.46500000000000002,20,46055,58880,2,"[{""i"":0,""x"":1280,""y"":0,""w"":34560,""h"":29440},{""i"":1,""x"":0,""y"":30720,""w"":37120,""h"":28160}]",3679,256,2,"[{""y_min"":2496,""y_max"":25536,""x_min"":17398,""x_max"":42281,""n_parches"":1807},{""y_min"":31936,""y_max"":54656,""x_min"":16055,""x_max"":41641,""n_parches"":1872}]",
147247,147247.bif,1,ventana,0.46500000000000002,20,44453,60160,2,"[{""i"":0,""x"":0,""y"":0,""w"":34560,""h"":28160},{""i"":1,""x"":1280,""y"":32000,""w"":33280,""h"":28160}]",4654,256,2,"[{""y_min"":2624,""y_max"":26816,""x_min"":13112,""x_max"":41325,""n_parches"":2288},{""y_min"":33024,""y_max"":56704,""x_min"":13175,""x_max"":41453,""n_parches"":2366}]",
147258,147258.bif,1,ventana,0.46500000000000002,20,41756,56320,2,"[{""i"":0,""x"":0,""y"":0,""w"":32000,""h"":26880},{""i"":1,""x"":0,""y"":28160,""w"":30720,""h"":28160}]",5595,256,2,"[{""y_min"":1088,""y_max"":24576,""x_min"":13172,""x_max"":37856,""n_parches"":2797},{""y_min"":32192,""y_max"":55424,""x_min"":11701,""x_max"":37473,""n_parches"":2798}]",
147339,147339.bif,1,ventana,0.46500000000000002,20,42896,58880,2,"[{""i"":0,""x"":0,""y"":0,""w"":32000,""h"":29440},{""i"":1,""x"":0,""y"":29440,""w"":30720,""h"":29440}]",9919,256,2,"[{""y_min"":1920,""y_max"":28032,""x_min"":13105,""x_max"":40753,""n_parches"":4895},{""y_min"":31424,""y_max"":57536,""x_min"":12529,""x_max"":40304,""n_parches"":5024}]",
147341,147341.bif,1,ventana,0.46500000000000002,20,43499,56320,2,"[{""i"":0,""x"":0,""y"":0,""w"":35840,""h"":28160},{""i"":1,""x"":0,""y"":29440,""w"":35840,""h"":26880}]",6820,256,2,"[{""y_min"":2112,""y_max"":25024,""x_min"":7868,""x_max"":39414,""n_parches"":3337},{""y_min"":31360,""y_max"":55168,""x_min"":8571,""x_max"":40245,""n_parches"":3483}]",
147343,147343.bif,1,ventana,0.46500000000000002,20,42812,60160,1,"[{""i"":0,""x"":0,""y"":0,""w"":34560,""h"":60160}]",10304,256,1,"[{""y_min"":0,""y_max"":57536,""x_min"":10367,""x_max"":40574,""n_parches"":10304}]",
147414,147414.bif,1,ventana,0.46500000000000002,20,52582,84480,2,"[{""i"":0,""x"":0,""y"":49920,""w"":38400,""h"":34560},{""i"":1,""x"":0,""y"":0,""w"":39680,""h"":33280}]",10135,256,2,"[{""y_min"":1408,""y_max"":30464,""x_min"":15160,""x_max"":49706,""n_parches"":5047},{""y_min"":51968,""y_max"":81216,""x_min"":14200,""x_max"":49065,""n_parches"":5088}]",
147774,147774.bif,1,ventana,0.46500000000000002,20,43710,58880,2,"[{""i"":0,""x"":0,""y"":0,""w"":29440,""h"":29440},{""i"":1,""x"":0,""y"":28160,""w"":26880,""h"":30720}]",6539,256,2,"[{""y_min"":320,""y_max"":28736,""x_min"":16575,""x_max"":42174,""n_parches"":3253},{""y_min"":30656,""y_max"":58560,""x_min"":14975,""x_max"":40958,""n_parches"":3286}]",
147784,147784.bif,1,ventana,0.46500000000000002,20,47430,90880,2,"[{""i"":0,""x"":10240,""y"":0,""w"":29440,""h"":28160},{""i"":1,""x"":0,""y"":57600,""w"":28160,""h"":33280}]",5826,256,3,"[{""y_min"":1920,""y_max"":26880,""x_min"":21285,""x_max"":44559,""n_parches"":2927},{""y_min"":60352,""y_max"":61120,""x_min"":26399,""x_max"":26911,""n_parches"":12},{""y_min"":62336,""y_max"":88832,""x_min"":10994,""x_max"":32158,""n_parches"":2887}]",
147844,147844.bif,1,ventana,0.46500000000000002,20,51004,74240,2,"[{""i"":0,""x"":0,""y"":48640,""w"":46080,""h"":25600},{""i"":1,""x"":0,""y"":0,""w"":46080,""h"":26880}]",6337,256,2,"[{""y_min"":4416,""y_max"":24512,""x_min"":11071,""x_max"":49084,""n_parches"":3166},{""y_min"":54720,""y_max"":73216,""x_min"":9087,""x_max"":49020,""n_parches"":3171}]",
148150,148150.bif,1,ventana,0.46500000000000002,20,40620,57600,2,"[{""i"":0,""x"":0,""y"":0,""w"":30720,""h"":29440},{""i"":1,""x"":2560,""y"":29440,""w"":30720,""h"":28160}]",5945,256,2,"[{""y_min"":2816,""y_max"":27008,""x_min"":7932,""x_max"":36718,""n_parches"":2980},{""y_min"":31040,""y_max"":55488,""x_min"":10874,""x_max"":39788,""n_parches"":2965}]",
148365,148365.bif,1,ventana,0.46500000000000002,20,43906,58880,2,"[{""i"":0,""x"":2560,""y"":0,""w"":32000,""h"":30720},{""i"":1,""x"":0,""y"":29440,""w"":30720,""h"":29440}]",6976,256,1,"[{""y_min"":0,""y_max"":58752,""x_min"":12078,""x_max"":40783,""n_parches"":6976}]",
148454,,0,,,,,,,,,,,,sin .bif sin sufijo de tincion
148709,148709.bif,1,ventana,0.46500000000000002,20,45133,61440,2,"[{""i"":0,""x"":0,""y"":0,""w"":33280,""h"":29440},{""i"":1,""x"":0,""y"":29440,""w"":32000,""h"":32000}]",5245,256,2,"[{""y_min"":1152,""y_max"":28928,""x_min"":14639,""x_max"":42199,""n_parches"":2630},{""y_min"":32576,""y_max"":60416,""x_min"":14319,""x_max"":41752,""n_parches"":2615}]",
148713,148713.bif,1,ventana,0.46500000000000002,20,50773,57600,2,"[{""i"":0,""x"":0,""y"":0,""w"":28160,""h"":28160},{""i"":1,""x"":0,""y"":30720,""w"":28160,""h"":26880}]",5358,256,2,"[{""y_min"":1280,""y_max"":25088,""x_min"":23787,""x_max"":47964,""n_parches"":2690},{""y_min"":32768,""y_max"":55488,""x_min"":24491,""x_max"":47708,""n_parches"":2668}]",
148716,148716.bif,1,ventana,0.46500000000000002,20,43625,60160,2,"[{""i"":0,""x"":0,""y"":0,""w"":29440,""h"":28160},{""i"":1,""x"":0,""y"":30720,""w"":32000,""h"":29440}]",6407,256,2,"[{""y_min"":1280,""y_max"":27968,""x_min"":13688,""x_max"":39344,""n_parches"":3184},{""y_min"":31936,""y_max"":58752,""x_min"":14136,""x_max"":40172,""n_parches"":3223}]",
148771,148771.bif,1,ventana,0.46500000000000002,20,39694,53760,2,"[{""i"":0,""x"":0,""y"":30720,""w"":26880,""h"":23040},{""i"":1,""x"":1280,""y"":0,""w"":26880,""h"":23040}]",3370,256,2,"[{""y_min"":640,""y_max"":21120,""x_min"":15596,""x_max"":37017,""n_parches"":1708},{""y_min"":31168,""y_max"":51328,""x_min"":14509,""x_max"":35355,""n_parches"":1662}]",
148778,148778.bif,1,ventana,0.46500000000000002,20,44274,87040,2,"[{""i"":0,""x"":3840,""y"":0,""w"":32000,""h"":29440},{""i"":1,""x"":0,""y"":56320,""w"":29440,""h"":30720}]",5463,256,3,"[{""y_min"":896,""y_max"":28352,""x_min"":14459,""x_max"":40309,""n_parches"":2596},{""y_min"":56384,""y_max"":56896,""x_min"":21945,""x_max"":23737,""n_parches"":20},{""y_min"":58880,""y_max"":85696,""x_min"":9980,""x_max"":35767,""n_parches"":2847}]",
148781,148781.bif,1,ventana,0.46500000000000002,20,46231,56320,2,"[{""i"":0,""x"":0,""y"":28160,""w"":32000,""h"":28160},{""i"":1,""x"":1280,""y"":0,""w"":33280,""h"":28160}]",4392,256,2,"[{""y_min"":1152,""y_max"":25984,""x_min"":16561,""x_max"":43937,""n_parches"":2223},{""y_min"":30400,""y_max"":54592,""x_min"":13683,""x_max"":41891,""n_parches"":2169}]",
149157,149157.bif,1,ventana,0.46500000000000002,20,53175,47360,1,"[{""i"":0,""x"":0,""y"":0,""w"":39680,""h"":47360}]",4491,256,3,"[{""y_min"":1856,""y_max"":43136,""x_min"":16381,""x_max"":50232,""n_parches"":4477},{""y_min"":44096,""y_max"":44608,""x_min"":38969,""x_max"":39737,""n_parches"":8},{""y_min"":46848,""y_max"":47104,""x_min"":52151,""x_max"":52919,""n_parches"":6}]",
149225,149225.bif,1,ventana,0.46500000000000002,20,43692,39680,1,"[{""i"":0,""x"":0,""y"":0,""w"":39680,""h"":39680}]",3534,256,1,"[{""y_min"":1344,""y_max"":37312,""x_min"":4989,""x_max"":41710,""n_parches"":3534}]",
149564,149564.bif,1,ventana,0.46500000000000002,20,52214,43520,1,"[{""i"":0,""x"":0,""y"":0,""w"":38400,""h"":43520}]",3772,256,2,"[{""y_min"":2560,""y_max"":33344,""x_min"":16188,""x_max"":46583,""n_parches"":3123},{""y_min"":34560,""y_max"":40960,""x_min"":15101,""x_max"":48631,""n_parches"":649}]",
149567,,0,,,,,,,,,,,,sin .bif sin sufijo de tincion
149567-1,149567-1.bif,1,ventana,0.46500000000000002,20,44235,42240,1,"[{""i"":0,""x"":0,""y"":0,""w"":38400,""h"":42240}]",4040,256,1,"[{""y_min"":1344,""y_max"":39936,""x_min"":7862,""x_max"":41745,""n_parches"":4040}]",
149567-2,149567-2.bif,1,ventana,0.46500000000000002,20,47090,57600,2,"[{""i"":0,""x"":0,""y"":29440,""w"":30720,""h"":28160},{""i"":1,""x"":1280,""y"":0,""w"":30720,""h"":26880}]",3616,256,2,"[{""y_min"":1536,""y_max"":25088,""x_min"":19834,""x_max"":45364,""n_parches"":1769},{""y_min"":31232,""y_max"":54336,""x_min"":16826,""x_max"":42933,""n_parches"":1847}]",
149618-1,149618-1.bif,1,ventana,0.46500000000000002,20,47718,57600,2,"[{""i"":0,""x"":1280,""y"":29440,""w"":26880,""h"":28160},{""i"":1,""x"":0,""y"":0,""w"":26880,""h"":28160}]",4478,256,2,"[{""y_min"":1984,""y_max"":25792,""x_min"":21428,""x_max"":42730,""n_parches"":2296},{""y_min"":32384,""y_max"":56192,""x_min"":23091,""x_max"":44329,""n_parches"":2182}]",
149618-2,149618-2.bif,1,ventana,0.46500000000000002,20,38695,64000,2,"[{""i"":0,""x"":0,""y"":0,""w"":26880,""h"":29440},{""i"":1,""x"":1280,""y"":33280,""w"":28160,""h"":30720}]",6092,256,2,"[{""y_min"":1408,""y_max"":27200,""x_min"":10425,""x_max"":34285,""n_parches"":3047},{""y_min"":35776,""y_max"":61312,""x_min"":11832,""x_max"":36460,""n_parches"":3045}]",
149622,149622.bif,1,ventana,0.46500000000000002,20,48352,39680,1,"[{""i"":0,""x"":0,""y"":0,""w"":43520,""h"":39680}]",2878,256,2,"[{""y_min"":1344,""y_max"":32960,""x_min"":5948,""x_max"":44965,""n_parches"":2735},{""y_min"":33792,""y_max"":37376,""x_min"":17716,""x_max"":21044,""n_parches"":143}]",
149635,149635.bif,1,ventana,0.46500000000000002,20,47072,40960,1,"[{""i"":0,""x"":0,""y"":0,""w"":42240,""h"":40960}]",3322,256,2,"[{""y_min"":1280,""y_max"":19136,""x_min"":4860,""x_max"":37292,""n_parches"":1779},{""y_min"":21056,""y_max"":36480,""x_min"":11000,""x_max"":43815,""n_parches"":1543}]",
149771,149771.bif,1,ventana,0.46500000000000002,20,37636,47360,2,"[{""i"":0,""x"":0,""y"":0,""w"":24320,""h"":21760},{""i"":1,""x"":0,""y"":25600,""w"":25600,""h"":21760}]",1955,256,3,"[{""y_min"":1280,""y_max"":19840,""x_min"":13546,""x_max"":32597,""n_parches"":1010},{""y_min"":27712,""y_max"":42688,""x_min"":18530,""x_max"":34569,""n_parches"":880},{""y_min"":43712,""y_max"":46208,""x_min"":19616,""x_max"":22432,""n_parches"":65}]",
149875,149875.bif,1,ventana,0.46500000000000002,20,47714,48640,1,"[{""i"":0,""x"":0,""y"":0,""w"":43520,""h"":48640}]",7715,256,2,"[{""y_min"":0,""y_max"":512,""x_min"":29933,""x_max"":41703,""n_parches"":52},{""y_min"":2176,""y_max"":46208,""x_min"":4221,""x_max"":46570,""n_parches"":7663}]",
149973,149973.bif,1,ventana,0.46500000000000002,20,53273,35840,1,"[{""i"":0,""x"":0,""y"":0,""w"":42240,""h"":35840}]",5280,256,1,"[{""y_min"":1088,""y_max"":33344,""x_min"":13174,""x_max"":52251,""n_parches"":5280}]",
149977,149977.bif,1,ventana,0.46500000000000002,20,52852,21760,1,"[{""i"":0,""x"":0,""y"":0,""w"":38400,""h"":21760}]",1975,256,1,"[{""y_min"":1024,""y_max"":20288,""x_min"":15548,""x_max"":50164,""n_parches"":1975}]",
150011,,0,,,,,,,,,,,,sin .bif sin sufijo de tincion
150012-2,,0,,,,,,,,,,,,sin .bif sin sufijo de tincion
150401,,0,,,,,,,,,,,,sin .bif sin sufijo de tincion
150410,,0,,,,,,,,,,,,sin .bif sin sufijo de tincion
150764,,0,,,,,,,,,,,,sin .bif sin sufijo de tincion
150881,,0,,,,,,,,,,,,sin .bif sin sufijo de tincion
150986-1,,0,,,,,,,,,,,,sin .bif sin sufijo de tincion
150986-12,,0,,,,,,,,,,,,sin .bif sin sufijo de tincion
150986-2,150986-2.bif,1,ventana,0.46500000000000002,20,38740,53760,1,"[{""i"":0,""x"":0,""y"":0,""w"":29440,""h"":53760}]",6448,256,2,"[{""y_min"":512,""y_max"":25728,""x_min"":10867,""x_max"":36448,""n_parches"":3207},{""y_min"":26624,""y_max"":52480,""x_min"":10036,""x_max"":36186,""n_parches"":3241}]",
150986-3,150986-3.bif,1,ventana,0.46500000000000002,20,42019,48640,2,"[{""i"":0,""x"":0,""y"":28160,""w"":28160,""h"":20480},{""i"":1,""x"":0,""y"":0,""w"":28160,""h"":19200}]",2416,256,2,"[{""y_min"":1216,""y_max"":16256,""x_min"":16052,""x_max"":39205,""n_parches"":1185},{""y_min"":30400,""y_max"":45824,""x_min"":16116,""x_max"":39589,""n_parches"":1231}]",
151029,,0,,,,,,,,,,,,sin .bif sin sufijo de tincion
151031,,0,,,,,,,,,,,,sin .bif sin sufijo de tincion
151249-1,,0,,,,,,,,,,,,sin .bif sin sufijo de tincion
151501,,0,,,,,,,,,,,,sin .bif sin sufijo de tincion
151504,,0,,,,,,,,,,,,sin .bif sin sufijo de tincion
152248-2,,0,,,,,,,,,,,,sin .bif sin sufijo de tincion
152293,152293.bif,1,ventana,0.46500000000000002,20,45365,55040,2,"[{""i"":0,""x"":0,""y"":0,""w"":34560,""h"":28160},{""i"":1,""x"":0,""y"":28160,""w"":33280,""h"":26880}]",7261,256,2,"[{""y_min"":1216,""y_max"":27264,""x_min"":12412,""x_max"":42426,""n_parches"":3807},{""y_min"":30528,""y_max"":54784,""x_min"":13372,""x_max"":42874,""n_parches"":3454}]",
152303,152303.bif,1,ventana,0.46500000000000002,20,40672,56320,2,"[{""i"":0,""x"":1280,""y"":0,""w"":34560,""h"":26880},{""i"":1,""x"":0,""y"":29440,""w"":33280,""h"":26880}]",8828,256,3,"[{""y_min"":384,""y_max"":25088,""x_min"":9080,""x_max"":38312,""n_parches"":4122},{""y_min"":26240,""y_max"":26752,""x_min"":19696,""x_max"":20464,""n_parches"":11},{""y_min"":30144,""y_max"":56000,""x_min"":5627,""x_max"":35498,""n_parches"":4695}]",
152689,152689.bif,1,ventana,0.46500000000000002,20,42815,44800,1,"[{""i"":0,""x"":0,""y"":0,""w"":35840,""h"":44800}]",5408,256,3,"[{""y_min"":1280,""y_max"":27584,""x_min"":10431,""x_max"":41023,""n_parches"":3740},{""y_min"":30400,""y_max"":41728,""x_min"":13375,""x_max"":41599,""n_parches"":1656},{""y_min"":42816,""y_max"":43840,""x_min"":23359,""x_max"":24383,""n_parches"":12}]",
153228,153228.bif,1,ventana,0.46500000000000002,20,40946,92160,2,"[{""i"":0,""x"":3840,""y"":0,""w"":32000,""h"":32000},{""i"":1,""x"":0,""y"":60160,""w"":33280,""h"":32000}]",9245,256,3,"[{""y_min"":1088,""y_max"":30208,""x_min"":9404,""x_max"":39668,""n_parches"":4666},{""y_min"":60224,""y_max"":60736,""x_min"":18489,""x_max"":27382,""n_parches"":31},{""y_min"":62848,""y_max"":90752,""x_min"":6269,""x_max"":36853,""n_parches"":4548}]",
153253-1,,0,,,,,,,,,,,,sin .bif sin sufijo de tincion
153253-2,153253-2.bif,1,ventana,0.46500000000000002,20,52974,66560,3,"[{""i"":0,""x"":0,""y"":0,""w"":49920,""h"":7680},{""i"":1,""x"":6400,""y"":40960,""w"":32000,""h"":25600},{""i"":2,""x"":15360,""y"":14080,""w"":30720,""h"":25600}]",8323,256,3,"[{""y_min"":0,""y_max"":4352,""x_min"":3070,""x_max"":50489,""n_parches"":2263},{""y_min"":15680,""y_max"":36928,""x_min"":19897,""x_max"":47344,""n_parches"":2919},{""y_min"":43968,""y_max"":64960,""x_min"":11452,""x_max"":39923,""n_parches"":3141}]",
154142,154142.bif,1,ventana,0.46500000000000002,20,48149,58880,2,"[{""i"":0,""x"":0,""y"":0,""w"":32000,""h"":28160},{""i"":1,""x"":2560,""y"":29440,""w"":33280,""h"":29440}]",4847,256,2,"[{""y_min"":1216,""y_max"":25984,""x_min"":14067,""x_max"":41630,""n_parches"":2421},{""y_min"":31488,""y_max"":55808,""x_min"":17392,""x_max"":44316,""n_parches"":2426}]",
154144,154144.bif,1,ventana,0.46500000000000002,20,49180,43520,1,"[{""i"":0,""x"":0,""y"":0,""w"":46080,""h"":43520}]",3987,256,2,"[{""y_min"":3456,""y_max"":36672,""x_min"":3133,""x_max"":46622,""n_parches"":3861},{""y_min"":37504,""y_max"":41088,""x_min"":19633,""x_max"":37860,""n_parches"":126}]",
154400-1,154400-1.bif,1,ventana,0.46500000000000002,20,46003,84480,1,"[{""i"":0,""x"":0,""y"":0,""w"":34560,""h"":84480}]",9634,256,2,"[{""y_min"":0,""y_max"":53184,""x_min"":13052,""x_max"":43125,""n_parches"":6242},{""y_min"":54656,""y_max"":82048,""x_min"":12924,""x_max"":42741,""n_parches"":3392}]",
154400-2,154400-2.bif,1,ventana,0.46500000000000002,20,42998,84480,1,"[{""i"":0,""x"":0,""y"":0,""w"":35840,""h"":84480}]",9068,256,3,"[{""y_min"":1280,""y_max"":29440,""x_min"":14204,""x_max"":40312,""n_parches"":3037},{""y_min"":30400,""y_max"":54656,""x_min"":10749,""x_max"":35706,""n_parches"":2834},{""y_min"":55744,""y_max"":84352,""x_min"":7166,""x_max"":34808,""n_parches"":3197}]",
154402,154402.bif,1,ventana,0.46500000000000002,20,39806,58880,1,"[{""i"":0,""x"":0,""y"":0,""w"":35840,""h"":58880}]",7388,256,1,"[{""y_min"":0,""y_max"":58688,""x_min"":5631,""x_max"":38526,""n_parches"":7388}]",
154404,154404.bif,1,ventana,0.46500000000000002,20,48342,61440,2,"[{""i"":0,""x"":1280,""y"":0,""w"":38400,""h"":30720},{""i"":1,""x"":0,""y"":30720,""w"":37120,""h"":30720}]",10984,256,2,"[{""y_min"":576,""y_max"":30016,""x_min"":12277,""x_max"":45419,""n_parches"":5469},{""y_min"":30976,""y_max"":60864,""x_min"":10103,""x_max"":43180,""n_parches"":5515}]",
154773,154773.bif,1,ventana,0.46500000000000002,20,46526,81920,3,"[{""i"":0,""x"":0,""y"":28160,""w"":25600,""h"":25600},{""i"":1,""x"":0,""y"":57600,""w"":25600,""h"":24320},{""i"":2,""x"":0,""y"":0,""w"":25600,""h"":24320}]",5377,256,3,"[{""y_min"":320,""y_max"":21568,""x_min"":22655,""x_max"":41534,""n_parches"":1724},{""y_min"":30400,""y_max"":51264,""x_min"":22079,""x_max"":42494,""n_parches"":1858},{""y_min"":59776,""y_max"":79744,""x_min"":22143,""x_max"":42878,""n_parches"":1795}]",
154870,,0,,,,,,,,,,,,sin .bif sin sufijo de tincion
155104,155104.bif,1,ventana,0.46500000000000002,20,40967,53760,2,"[{""i"":0,""x"":0,""y"":29440,""w"":26880,""h"":24320},{""i"":1,""x"":0,""y"":0,""w"":26880,""h"":28160}]",4266,256,3,"[{""y_min"":2688,""y_max"":8384,""x_min"":21921,""x_max"":34012,""n_parches"":605},{""y_min"":9216,""y_max"":20288,""x_min"":17000,""x_max"":38742,""n_parches"":1510},{""y_min"":32448,""y_max"":49984,""x_min"":17128,""x_max"":38933,""n_parches"":2151}]",
155138,155138.bif,1,ventana,0.46500000000000002,20,46140,60160,1,"[{""i"":0,""x"":0,""y"":0,""w"":34560,""h"":60160}]",5831,256,4,"[{""y_min"":832,""y_max"":1472,""x_min"":21630,""x_max"":30909,""n_parches"":27},{""y_min"":2688,""y_max"":28608,""x_min"":13374,""x_max"":40636,""n_parches"":2884},{""y_min"":30592,""y_max"":31936,""x_min"":22654,""x_max"":32253,""n_parches"":28},{""y_min"":32960,""y_max"":58880,""x_min"":14206,""x_max"":41596,""n_parches"":2892}]",
155525,155525.bif,1,ventana,0.46500000000000002,20,45063,85760,2,"[{""i"":0,""x"":0,""y"":0,""w"":38400,""h"":37120},{""i"":1,""x"":1280,""y"":48640,""w"":39680,""h"":37120}]",10179,256,2,"[{""y_min"":1664,""y_max"":33152,""x_min"":5369,""x_max"":40726,""n_parches"":5187},{""y_min"":50176,""y_max"":82496,""x_min"":7606,""x_max"":42323,""n_parches"":4992}]",
155553,155553.bif,1,ventana,0.46500000000000002,20,41118,62720,2,"[{""i"":0,""x"":0,""y"":0,""w"":28160,""h"":30720},{""i"":1,""x"":1280,""y"":30720,""w"":30720,""h"":32000}]",7046,256,3,"[{""y_min"":2176,""y_max"":26176,""x_min"":11702,""x_max"":36975,""n_parches"":3465},{""y_min"":27584,""y_max"":28096,""x_min"":26154,""x_max"":27690,""n_parches"":18},{""y_min"":33984,""y_max"":60032,""x_min"":12597,""x_max"":38638,""n_parches"":3563}]",
155793-1,155793-1.bif,1,ventana,0.46500000000000002,20,38053,55040,2,"[{""i"":0,""x"":0,""y"":0,""w"":26880,""h"":28160},{""i"":1,""x"":1280,""y"":28160,""w"":26880,""h"":26880}]",7222,256,2,"[{""y_min"":1216,""y_max"":25536,""x_min"":11511,""x_max"":33901,""n_parches"":3630},{""y_min"":30464,""y_max"":54720,""x_min"":12918,""x_max"":36077,""n_parches"":3592}]",
155793-2,155793-2.bif,1,ventana,0.46500000000000002,20,49218,48640,1,"[{""i"":0,""x"":0,""y"":0,""w"":43520,""h"":48640}]",5653,256,1,"[{""y_min"":2240,""y_max"":46016,""x_min"":8501,""x_max"":46282,""n_parches"":5653}]",
155956,,0,,,,,,,,,,,,sin .bif sin sufijo de tincion
155957-1,155957-1.bif,1,ventana,0.46500000000000002,20,44509,46080,1,"[{""i"":0,""x"":0,""y"":0,""w"":38400,""h"":46080}]",7243,256,1,"[{""y_min"":3776,""y_max"":43072,""x_min"":7865,""x_max"":41896,""n_parches"":7243}]",
155957-2,155957-2.bif,1,ventana,0.46500000000000002,20,53202,72960,1,"[{""i"":0,""x"":0,""y"":0,""w"":49920,""h"":72960}]",7286,256,3,"[{""y_min"":1408,""y_max"":27648,""x_min"":7737,""x_max"":46686,""n_parches"":2108},{""y_min"":28992,""y_max"":63360,""x_min"":4028,""x_max"":52883,""n_parches"":5131},{""y_min"":67392,""y_max"":69824,""x_min"":15027,""x_max"":18799,""n_parches"":47}]",
155981,155981.bif,1,ventana,0.46500000000000002,20,40307,35840,1,"[{""i"":0,""x"":0,""y"":0,""w"":35840,""h"":35840}]",4032,256,1,"[{""y_min"":3968,""y_max"":32960,""x_min"":5694,""x_max"":37428,""n_parches"":4032}]",
156214,156214.bif,1,ventana,0.46500000000000002,20,45182,29440,1,"[{""i"":0,""x"":0,""y"":0,""w"":34560,""h"":29440}]",3741,256,1,"[{""y_min"":1920,""y_max"":27456,""x_min"":13247,""x_max"":41534,""n_parches"":3741}]",
156561,156561.bif,1,ventana,0.46500000000000002,20,53062,39680,1,"[{""i"":0,""x"":0,""y"":0,""w"":48640,""h"":39680}]",5198,256,2,"[{""y_min"":2048,""y_max"":30784,""x_min"":9333,""x_max"":51851,""n_parches"":4912},{""y_min"":31936,""y_max"":37824,""x_min"":19818,""x_max"":26986,""n_parches"":286}]",
157135,157135.bif,1,ventana,0.46500000000000002,20,47224,53760,2,"[{""i"":0,""x"":1280,""y"":0,""w"":29440,""h"":25600},{""i"":1,""x"":0,""y"":26880,""w"":28160,""h"":26880}]",6115,256,2,"[{""y_min"":1920,""y_max"":24576,""x_min"":20668,""x_max"":45113,""n_parches"":3149},{""y_min"":29696,""y_max"":53184,""x_min"":17916,""x_max"":41914,""n_parches"":2966}]",
157376,157376.bif,1,ventana,0.46500000000000002,20,52442,48640,2,"[{""i"":0,""x"":0,""y"":25600,""w"":33280,""h"":23040},{""i"":1,""x"":5120,""y"":0,""w"":33280,""h"":24320}]",4092,256,2,"[{""y_min"":1152,""y_max"":21760,""x_min"":22319,""x_max"":50911,""n_parches"":2078},{""y_min"":27328,""y_max"":47104,""x_min"":17395,""x_max"":45730,""n_parches"":2014}]",
157384,,0,,,,,,,,,,,,sin .bif sin sufijo de tincion
157820-1,157820-1.bif,1,ventana,0.46500000000000002,20,42146,34560,1,"[{""i"":0,""x"":0,""y"":0,""w"":24320,""h"":34560}]",2683,256,1,"[{""y_min"":1600,""y_max"":32000,""x_min"":19378,""x_max"":39845,""n_parches"":2683}]",
157821,157821.bif,1,ventana,0.46500000000000002,20,47231,33280,1,"[{""i"":0,""x"":0,""y"":0,""w"":33280,""h"":33280}]",3080,256,1,"[{""y_min"":1088,""y_max"":30912,""x_min"":16191,""x_max"":45247,""n_parches"":3080}]",
157826,157826.bif,1,ventana,0.46500000000000002,20,44642,40960,1,"[{""i"":0,""x"":0,""y"":0,""w"":37120,""h"":40960}]",2687,256,1,"[{""y_min"":1152,""y_max"":38144,""x_min"":8826,""x_max"":42278,""n_parches"":2687}]",
157828-2,157828-2.bif,1,ventana,0.46500000000000002,20,51140,42240,1,"[{""i"":0,""x"":0,""y"":0,""w"":46080,""h"":42240}]",3881,256,2,"[{""y_min"":0,""y_max"":1792,""x_min"":6072,""x_max"":22312,""n_parches"":96},{""y_min"":3264,""y_max"":38976,""x_min"":8118,""x_max"":48591,""n_parches"":3785}]",
1578281-1,1578281-1.bif,1,ventana,0.46500000000000002,20,54328,44800,1,"[{""i"":0,""x"":0,""y"":0,""w"":44800,""h"":44800}]",4216,256,2,"[{""y_min"":0,""y_max"":38656,""x_min"":14077,""x_max"":51769,""n_parches"":4210},{""y_min"":44480,""y_max"":44480,""x_min"":35066,""x_max"":36346,""n_parches"":6}]",
158773,,0,,,,,,,,,,,,sin .bif sin sufijo de tincion
158899,,0,,,,,,,,,,,,sin .bif sin sufijo de tincion
158901,158901.bif,1,ventana,0.46500000000000002,20,35135,56320,2,"[{""i"":0,""x"":0,""y"":0,""w"":28160,""h"":28160},{""i"":1,""x"":0,""y"":29440,""w"":26880,""h"":26880}]",6484,256,2,"[{""y_min"":1792,""y_max"":26688,""x_min"":9599,""x_max"":32511,""n_parches"":3265},{""y_min"":30016,""y_max"":54080,""x_min"":8319,""x_max"":31231,""n_parches"":3219}]",
159188,159188.bif,1,ventana,0.46500000000000002,20,55027,55040,2,"[{""i"":0,""x"":0,""y"":0,""w"":32000,""h"":26880},{""i"":1,""x"":1280,""y"":26880,""w"":32000,""h"":28160}]",8160,256,2,"[{""y_min"":1280,""y_max"":25472,""x_min"":23226,""x_max"":51188,""n_parches"":4098},{""y_min"":28416,""y_max"":53568,""x_min"":25657,""x_max"":52788,""n_parches"":4062}]",
159322,159322.bif,1,ventana,0.46500000000000002,20,34307,30720,1,"[{""i"":0,""x"":0,""y"":0,""w"":25600,""h"":30720}]",2771,256,1,"[{""y_min"":0,""y_max"":29312,""x_min"":10285,""x_max"":34185,""n_parches"":2771}]",
160814,160814.bif,1,ventana,0.46500000000000002,20,49696,64000,2,"[{""i"":0,""x"":10240,""y"":0,""w"":24320,""h"":21760},{""i"":1,""x"":0,""y"":38400,""w"":28160,""h"":25600}]",4440,256,3,"[{""y_min"":2112,""y_max"":20672,""x_min"":26159,""x_max"":47140,""n_parches"":2002},{""y_min"":38464,""y_max"":41024,""x_min"":29421,""x_max"":32493,""n_parches"":73},{""y_min"":41856,""y_max"":63808,""x_min"":17524,""x_max"":40104,""n_parches"":2365}]",
161463,161463.bif,1,ventana,0.46500000000000002,20,39070,55040,2,"[{""i"":0,""x"":0,""y"":29440,""w"":28160,""h"":25600},{""i"":1,""x"":3840,""y"":0,""w"":29440,""h"":25600}]",2990,256,2,"[{""y_min"":3008,""y_max"":22592,""x_min"":11829,""x_max"":36196,""n_parches"":1569},{""y_min"":33536,""y_max"":52672,""x_min"":7737,""x_max"":31657,""n_parches"":1421}]",
162314,,0,,,,,,,,,,,,sin .bif sin sufijo de tincion
162426,,0,,,,,,,,,,,,sin .bif sin sufijo de tincion
162836,162836.bif,1,ventana,0.46500000000000002,20,53220,34560,1,"[{""i"":0,""x"":0,""y"":0,""w"":39680,""h"":34560}]",2999,256,3,"[{""y_min"":1408,""y_max"":24192,""x_min"":14904,""x_max"":50539,""n_parches"":2977},{""y_min"":26496,""y_max"":27264,""x_min"":35693,""x_max"":36205,""n_parches"":10},{""y_min"":28096,""y_max"":28864,""x_min"":33774,""x_max"":34542,""n_parches"":12}]",
163003-1,,0,,,,,,,,,,,,sin .bif sin sufijo de tincion
163345,,0,,,,,,,,,,,,sin .bif sin sufijo de tincion
163346,,0,,,,,,,,,,,,sin .bif sin sufijo de tincion
163514,,0,,,,,,,,,,,,sin .bif sin sufijo de tincion
163767,,0,,,,,,,,,,,,sin .bif sin sufijo de tincion
164001,164001.bif,1,ventana,0.46500000000000002,20,49661,30720,1,"[{""i"":0,""x"":0,""y"":0,""w"":38400,""h"":30720}]",3796,256,2,"[{""y_min"":1728,""y_max"":26560,""x_min"":12351,""x_max"":46589,""n_parches"":3785},{""y_min"":27648,""y_max"":28416,""x_min"":32382,""x_max"":33150,""n_parches"":11}]",
164003,,0,,,,,,,,,,,,sin .bif sin sufijo de tincion
164003-1,,0,,,,,,,,,,,,sin .bif sin sufijo de tincion
164009-1,,0,,,,,,,,,,,,sin .bif sin sufijo de tincion
164009-2,,0,,,,,,,,,,,,sin .bif sin sufijo de tincion
B25-150006,B25-150006.bif,1,ventana,0.46500000000000002,20,48121,79360,2,"[{""i"":0,""x"":0,""y"":0,""w"":42240,""h"":30720},{""i"":1,""x"":0,""y"":48640,""w"":40960,""h"":30720}]",5651,256,2,"[{""y_min"":1664,""y_max"":27328,""x_min"":7614,""x_max"":44090,""n_parches"":2694},{""y_min"":50304,""y_max"":76224,""x_min"":7742,""x_max"":44730,""n_parches"":2957}]",
B25-150011,B25-150011.bif,1,ventana,0.46500000000000002,20,48219,83200,2,"[{""i"":0,""x"":0,""y"":52480,""w"":44800,""h"":30720},{""i"":1,""x"":0,""y"":0,""w"":44800,""h"":30720}]",5132,256,3,"[{""y_min"":1216,""y_max"":5120,""x_min"":31655,""x_max"":38180,""n_parches"":100},{""y_min"":6144,""y_max"":26688,""x_min"":5435,""x_max"":45346,""n_parches"":2444},{""y_min"":54272,""y_max"":79424,""x_min"":4732,""x_max"":45155,""n_parches"":2588}]",
B25-150012,B25-150012.bif,1,ventana,0.46500000000000002,20,41482,57600,2,"[{""i"":0,""x"":0,""y"":0,""w"":30720,""h"":25600},{""i"":1,""x"":0,""y"":32000,""w"":32000,""h"":25600}]",5179,256,2,"[{""y_min"":2880,""y_max"":23232,""x_min"":10290,""x_max"":38033,""n_parches"":2565},{""y_min"":35200,""y_max"":55616,""x_min"":12272,""x_max"":40078,""n_parches"":2614}]",
B25-150234,B25-150234.bif,1,ventana,0.46500000000000002,20,52101,93440,2,"[{""i"":0,""x"":0,""y"":0,""w"":42240,""h"":42240},{""i"":1,""x"":1280,""y"":48640,""w"":46080,""h"":44800}]",9917,256,2,"[{""y_min"":1280,""y_max"":39168,""x_min"":6137,""x_max"":45457,""n_parches"":4959},{""y_min"":50560,""y_max"":90176,""x_min"":8630,""x_max"":49931,""n_parches"":4958}]",
B25-150336,B25-150336.bif,1,ventana,0.46500000000000002,20,38460,80640,3,"[{""i"":0,""x"":0,""y"":0,""w"":23040,""h"":24320},{""i"":1,""x"":1280,""y"":29440,""w"":24320,""h"":23040},{""i"":2,""x"":1280,""y"":56320,""w"":25600,""h"":24320}]",7631,256,3,"[{""y_min"":1472,""y_max"":21888,""x_min"":12734,""x_max"":32189,""n_parches"":2623},{""y_min"":30784,""y_max"":50432,""x_min"":13886,""x_max"":34493,""n_parches"":2552},{""y_min"":59328,""y_max"":79360,""x_min"":15038,""x_max"":35645,""n_parches"":2456}]",
B25-150401,B25-150401.bif,1,ventana,0.46500000000000002,20,40066,61440,2,"[{""i"":0,""x"":0,""y"":0,""w"":26880,""h"":28160},{""i"":1,""x"":2560,""y"":29440,""w"":28160,""h"":32000}]",6147,256,2,"[{""y_min"":960,""y_max"":27840,""x_min"":10671,""x_max"":34071,""n_parches"":2998},{""y_min"":31360,""y_max"":58496,""x_min"":14377,""x_max"":38610,""n_parches"":3149}]",
B25-150410,B25-150410.bif,1,ventana,0.46500000000000002,20,47406,58880,2,"[{""i"":0,""x"":0,""y"":0,""w"":28160,""h"":28160},{""i"":1,""x"":0,""y"":28160,""w"":30720,""h"":30720}]",7245,256,2,"[{""y_min"":448,""y_max"":27712,""x_min"":17593,""x_max"":43638,""n_parches"":3560},{""y_min"":28928,""y_max"":57280,""x_min"":18872,""x_max"":45621,""n_parches"":3685}]",
B25-150766,B25-150766.bif,1,ventana,0.46500000000000002,20,51646,58880,2,"[{""i"":0,""x"":0,""y"":0,""w"":28160,""h"":30720},{""i"":1,""x"":2560,""y"":29440,""w"":28160,""h"":29440}]",8738,256,2,"[{""y_min"":768,""y_max"":28928,""x_min"":21631,""x_max"":47422,""n_parches"":4351},{""y_min"":30272,""y_max"":58368,""x_min"":24639,""x_max"":50622,""n_parches"":4387}]",
B25-150881,B25-150881.bif,1,ventana,0.46500000000000002,20,44955,66560,2,"[{""i"":0,""x"":0,""y"":0,""w"":30720,""h"":33280},{""i"":1,""x"":1280,""y"":33280,""w"":33280,""h"":33280}]",10015,256,1,"[{""y_min"":0,""y_max"":66432,""x_min"":12469,""x_max"":44257,""n_parches"":10015}]",
B25-150986,B25-150986.bif,1,ventana,0.46500000000000002,20,44456,58880,2,"[{""i"":0,""x"":0,""y"":0,""w"":33280,""h"":26880},{""i"":1,""x"":0,""y"":28160,""w"":35840,""h"":30720}]",7961,256,2,"[{""y_min"":1408,""y_max"":26176,""x_min"":10938,""x_max"":39404,""n_parches"":3925},{""y_min"":30016,""y_max"":55488,""x_min"":11577,""x_max"":40107,""n_parches"":4036}]",
B25-150986-2,,0,,,,,,,,,,,,sin .bif sin sufijo de tincion
B25-151026,B25-151026.bif,1,ventana,0.46500000000000002,20,42893,61440,2,"[{""i"":0,""x"":0,""y"":0,""w"":25600,""h"":30720},{""i"":1,""x"":3840,""y"":29440,""w"":26880,""h"":32000}]",7129,256,2,"[{""y_min"":1344,""y_max"":29440,""x_min"":13743,""x_max"":36060,""n_parches"":3493},{""y_min"":30720,""y_max"":61120,""x_min"":18474,""x_max"":42005,""n_parches"":3636}]",
B25-151029,B25-151029.bif,1,ventana,0.46500000000000002,20,42893,61440,2,"[{""i"":0,""x"":0,""y"":0,""w"":25600,""h"":30720},{""i"":1,""x"":3840,""y"":29440,""w"":26880,""h"":32000}]",7129,256,2,"[{""y_min"":1344,""y_max"":29440,""x_min"":13743,""x_max"":36060,""n_parches"":3493},{""y_min"":30720,""y_max"":61120,""x_min"":18474,""x_max"":42005,""n_parches"":3636}]",
B25-151245,B25-151245.bif,1,ventana,0.46500000000000002,20,51786,57600,3,"[{""i"":0,""x"":0,""y"":0,""w"":32000,""h"":25600},{""i"":1,""x"":0,""y"":25600,""w"":30720,""h"":28160},{""i"":2,""x"":14080,""y"":53760,""w"":2560,""h"":3840}]",5845,256,2,"[{""y_min"":576,""y_max"":24832,""x_min"":23016,""x_max"":50319,""n_parches"":2895},{""y_min"":27840,""y_max"":52352,""x_min"":22057,""x_max"":49871,""n_parches"":2950}]",
B25-151249,B25-151249.bif,1,ventana,0.46500000000000002,20,46557,85760,2,"[{""i"":0,""x"":1280,""y"":44800,""w"":35840,""h"":40960},{""i"":1,""x"":0,""y"":0,""w"":37120,""h"":40960}]",6006,256,4,"[{""y_min"":1024,""y_max"":36224,""x_min"":11767,""x_max"":43936,""n_parches"":2958},{""y_min"":37248,""y_max"":38528,""x_min"":25324,""x_max"":26860,""n_parches"":29},{""y_min"":46784,""y_max"":53952,""x_min"":37411,""x_max"":42019,""n_parches"":331},{""y_min"":56000,""y_max"":85632,""x_min"":12982,""x_max"":45791,""n_parches"":2688}]",
B25-151501,B25-151501.bif,1,ventana,0.46500000000000002,20,45137,61440,2,"[{""i"":0,""x"":0,""y"":0,""w"":30720,""h"":33280},{""i"":1,""x"":2560,""y"":32000,""w"":32000,""h"":29440}]",9267,256,2,"[{""y_min"":2752,""y_max"":32704,""x_min"":13170,""x_max"":40109,""n_parches"":4734},{""y_min"":34240,""y_max"":61248,""x_min"":15088,""x_max"":41643,""n_parches"":4533}]",
B25-151504,B25-151504.bif,1,ventana,0.46500000000000002,20,45168,62720,2,"[{""i"":0,""x"":1280,""y"":0,""w"":28160,""h"":29440},{""i"":1,""x"":0,""y"":32000,""w"":29440,""h"":30720}]",7937,256,2,"[{""y_min"":1600,""y_max"":28416,""x_min"":19321,""x_max"":44469,""n_parches"":3936},{""y_min"":33856,""y_max"":61504,""x_min"":18489,""x_max"":43188,""n_parches"":4001}]",
B25-152204,B25-152204.bif,1,ventana,0.46500000000000002,20,48990,99840,2,"[{""i"":0,""x"":0,""y"":51200,""w"":43520,""h"":48640},{""i"":1,""x"":0,""y"":0,""w"":43520,""h"":46080}]",21549,256,2,"[{""y_min"":0,""y_max"":42496,""x_min"":7035,""x_max"":46767,""n_parches"":10805},{""y_min"":53504,""y_max"":96896,""x_min"":6715,""x_max"":46767,""n_parches"":10744}]",
B25-152248,B25-152248.bif,1,ventana,0.46500000000000002,20,50870,30720,1,"[{""i"":0,""x"":0,""y"":0,""w"":47360,""h"":30720}]",5172,256,1,"[{""y_min"":1216,""y_max"":28480,""x_min"":4927,""x_max"":48119,""n_parches"":5172}]",
B25-158410,B25-158410.bif,1,ventana,0.46500000000000002,20,51386,58880,2,"[{""i"":0,""x"":0,""y"":0,""w"":35840,""h"":28160},{""i"":1,""x"":0,""y"":29440,""w"":32000,""h"":29440}]",7962,256,2,"[{""y_min"":1472,""y_max"":28032,""x_min"":17725,""x_max"":48762,""n_parches"":4007},{""y_min"":30400,""y_max"":57920,""x_min"":17277,""x_max"":46266,""n_parches"":3955}]",
B25-158680,B25-158680.bif,1,ventana,0.46500000000000002,20,53332,89600,2,"[{""i"":0,""x"":0,""y"":0,""w"":42240,""h"":39680},{""i"":1,""x"":5120,""y"":49920,""w"":42240,""h"":39680}]",7081,256,2,"[{""y_min"":960,""y_max"":36928,""x_min"":9272,""x_max"":45728,""n_parches"":3579},{""y_min"":51456,""y_max"":87360,""x_min"":15794,""x_max"":52186,""n_parches"":3502}]",
B25-158735,B25-158735.bif,1,ventana,0.46500000000000002,20,48556,106240,1,"[{""i"":0,""x"":0,""y"":0,""w"":34560,""h"":106240}]",5966,256,9,"[{""y_min"":0,""y_max"":10368,""x_min"":27764,""x_max"":46446,""n_parches"":808},{""y_min"":11968,""y_max"":15296,""x_min"":33330,""x_max"":40624,""n_parches"":117},{""y_min"":16704,""y_max"":23424,""x_min"":20087,""x_max"":34229,""n_parches"":606},{""y_min"":26560,""y_max"":29376,""x_min"":33906,""x_max"":36466,""n_parches"":73},{""y_min"":30784,""y_max"":52672,""x_min"":16953,""x_max"":46702,""n_parches"":1637},{""y_min"":55488,""y_max"":58304,""x_min"":30259,""x_max"":32819,""n_parches"":73},{""y_min"":59264,""y_max"":82240,""x_min"":15225,""x_max"":43823,""n_parches"":1574},{""y_min"":84352,""y_max"":86912,""x_min"":29235,""x_max"":31283,""n_parches"":59},{""y_min"":87872,""y_max"":106048,""x_min"":14010,""x_max"":43311,""n_parches"":1019}]",
B25-158771,B25-158771.bif,1,ventana,0.46500000000000002,20,49016,85760,2,"[{""i"":0,""x"":0,""y"":57600,""w"":32000,""h"":28160},{""i"":1,""x"":1280,""y"":0,""w"":34560,""h"":30720}]",6832,256,2,"[{""y_min"":3072,""y_max"":27328,""x_min"":17021,""x_max"":46264,""n_parches"":3556},{""y_min"":61824,""y_max"":83840,""x_min"":14845,""x_max"":43129,""n_parches"":3276}]",
B25-158899,B25-158899.bif,1,ventana,0.46500000000000002,20,50868,58880,2,"[{""i"":0,""x"":0,""y"":0,""w"":28160,""h"":25600},{""i"":1,""x"":0,""y"":30720,""w"":29440,""h"":28160}]",4697,256,2,"[{""y_min"":2560,""y_max"":24640,""x_min"":22394,""x_max"":47413,""n_parches"":2404},{""y_min"":34048,""y_max"":57920,""x_min"":24122,""x_max"":48693,""n_parches"":2293}]",
B25-159565,B25-159565.bif,1,ventana,0.46500000000000002,20,53946,78080,2,"[{""i"":0,""x"":0,""y"":42240,""w"":38400,""h"":35840},{""i"":1,""x"":0,""y"":0,""w"":38400,""h"":30720}]",7152,256,4,"[{""y_min"":0,""y_max"":256,""x_min"":40571,""x_max"":41595,""n_parches"":9},{""y_min"":1408,""y_max"":27392,""x_min"":17022,""x_max"":51514,""n_parches"":3576},{""y_min"":46464,""y_max"":48000,""x_min"":41595,""x_max"":43131,""n_parches"":28},{""y_min"":48960,""y_max"":74560,""x_min"":17342,""x_max"":51194,""n_parches"":3539}]",
B25-159572,B25-159572.bif,1,ventana,0.46500000000000002,20,56703,53760,1,"[{""i"":0,""x"":0,""y"":0,""w"":29440,""h"":53760}]",6244,256,4,"[{""y_min"":1088,""y_max"":22784,""x_min"":30783,""x_max"":55807,""n_parches"":3084},{""y_min"":25536,""y_max"":26304,""x_min"":32831,""x_max"":35647,""n_parches"":24},{""y_min"":29632,""y_max"":50816,""x_min"":28799,""x_max"":54015,""n_parches"":3131},{""y_min"":53440,""y_max"":53440,""x_min"":30719,""x_max"":31743,""n_parches"":5}]",
B25-160507,B25-160507.bif,1,ventana,0.46500000000000002,20,41858,69120,1,"[{""i"":0,""x"":0,""y"":0,""w"":35840,""h"":69120}]",8483,256,5,"[{""y_min"":1280,""y_max"":21248,""x_min"":8115,""x_max"":35810,""n_parches"":2628},{""y_min"":22464,""y_max"":41152,""x_min"":11886,""x_max"":39004,""n_parches"":2660},{""y_min"":42560,""y_max"":43328,""x_min"":18340,""x_max"":19108,""n_parches"":11},{""y_min"":46272,""y_max"":48320,""x_min"":19874,""x_max"":21922,""n_parches"":63},{""y_min"":49152,""y_max"":67008,""x_min"":6965,""x_max"":35682,""n_parches"":3121}]",
B25-160810,B25-160810.bif,1,ventana,0.46500000000000002,20,48507,70400,3,"[{""i"":0,""x"":8960,""y"":28160,""w"":23040,""h"":20480},{""i"":1,""x"":0,""y"":48640,""w"":21760,""h"":21760},{""i"":2,""x"":7680,""y"":0,""w"":25600,""h"":20480}]",6442,256,3,"[{""y_min"":1152,""y_max"":17856,""x_min"":24701,""x_max"":45436,""n_parches"":2063},{""y_min"":29376,""y_max"":47552,""x_min"":26301,""x_max"":44795,""n_parches"":2020},{""y_min"":50304,""y_max"":70016,""x_min"":16766,""x_max"":35516,""n_parches"":2359}]",
B25-161152,B25-161152.bif,1,ventana,0.46500000000000002,20,54609,90880,2,"[{""i"":0,""x"":0,""y"":0,""w"":47360,""h"":39680},{""i"":1,""x"":1280,""y"":49920,""w"":44800,""h"":40960}]",12980,256,2,"[{""y_min"":1344,""y_max"":37056,""x_min"":8696,""x_max"":50461,""n_parches"":6435},{""y_min"":51904,""y_max"":88064,""x_min"":10167,""x_max"":51548,""n_parches"":6545}]",
B25-161643,,0,,,,,,,,,,,,sin .bif sin sufijo de tincion
B25-162314,B25-162314.bif,1,ventana,0.46500000000000002,20,47595,56320,1,"[{""i"":0,""x"":0,""y"":0,""w"":33280,""h"":56320}]",6443,256,2,"[{""y_min"":1408,""y_max"":26048,""x_min"":17528,""x_max"":45423,""n_parches"":3394},{""y_min"":30592,""y_max"":54400,""x_min"":17016,""x_max"":44911,""n_parches"":3049}]",
B25-162426,B25-162426.bif,1,ventana,0.46500000000000002,20,52670,84480,2,"[{""i"":0,""x"":0,""y"":0,""w"":38400,""h"":34560},{""i"":1,""x"":0,""y"":49920,""w"":37120,""h"":34560}]",9263,256,2,"[{""y_min"":704,""y_max"":31104,""x_min"":15231,""x_max"":49150,""n_parches"":4582},{""y_min"":51200,""y_max"":81664,""x_min"":15487,""x_max"":48830,""n_parches"":4681}]",
B25-162428,B25-162428.bif,1,ventana,0.46500000000000002,20,49292,61440,2,"[{""i"":0,""x"":0,""y"":0,""w"":37120,""h"":30720},{""i"":1,""x"":0,""y"":29440,""w"":37120,""h"":32000}]",6448,256,2,"[{""y_min"":1216,""y_max"":29184,""x_min"":15024,""x_max"":46691,""n_parches"":3224},{""y_min"":32064,""y_max"":60160,""x_min"":15407,""x_max"":46627,""n_parches"":3224}]",
B25-163345,B25-163345.bif,1,ventana,0.46500000000000002,20,52764,93440,3,"[{""i"":0,""x"":6400,""y"":0,""w"":33280,""h"":28160},{""i"":1,""x"":3840,""y"":32000,""w"":30720,""h"":28160},{""i"":2,""x"":0,""y"":61440,""w"":32000,""h"":32000}]",13483,256,4,"[{""y_min"":0,""y_max"":768,""x_min"":19506,""x_max"":30002,""n_parches"":96},{""y_min"":2368,""y_max"":27136,""x_min"":22768,""x_max"":48878,""n_parches"":4485},{""y_min"":34112,""y_max"":58624,""x_min"":18675,""x_max"":44849,""n_parches"":4456},{""y_min"":66112,""y_max"":91520,""x_min"":16244,""x_max"":42738,""n_parches"":4446}]",
B25-163346,B25-163346.bif,1,ventana,0.46500000000000002,20,47605,87040,2,"[{""i"":0,""x"":0,""y"":0,""w"":34560,""h"":39680},{""i"":1,""x"":0,""y"":43520,""w"":37120,""h"":43520}]",11539,256,2,"[{""y_min"":1280,""y_max"":39488,""x_min"":11773,""x_max"":42748,""n_parches"":5775},{""y_min"":47168,""y_max"":85696,""x_min"":14140,""x_max"":45627,""n_parches"":5764}]",
B25-163514,B25-163514.bif,1,ventana,0.46500000000000002,20,51853,52480,2,"[{""i"":0,""x"":3840,""y"":0,""w"":35840,""h"":21760},{""i"":1,""x"":0,""y"":29440,""w"":35840,""h"":23040}]",3648,256,3,"[{""y_min"":2368,""y_max"":20160,""x_min"":20204,""x_max"":49744,""n_parches"":1852},{""y_min"":31168,""y_max"":49408,""x_min"":16559,""x_max"":45588,""n_parches"":1790},{""y_min"":50752,""y_max"":51008,""x_min"":34589,""x_max"":35101,""n_parches"":6}]",
B25-163767,B25-163767.bif,1,ventana,0.46500000000000002,20,51982,76800,2,"[{""i"":0,""x"":0,""y"":0,""w"":32000,""h"":30720},{""i"":1,""x"":5120,""y"":44800,""w"":32000,""h"":32000}]",9848,256,4,"[{""y_min"":1024,""y_max"":12544,""x_min"":16112,""x_max"":40483,""n_parches"":1764},{""y_min"":14016,""y_max"":28288,""x_min"":17966,""x_max"":44767,""n_parches"":3190},{""y_min"":47296,""y_max"":58304,""x_min"":22250,""x_max"":46877,""n_parches"":1723},{""y_min"":60480,""y_max"":74048,""x_min"":23209,""x_max"":49627,""n_parches"":3171}]",
B25-164009,B25-164009.bif,1,ventana,0.46500000000000002,20,51996,84480,2,"[{""i"":0,""x"":0,""y"":48640,""w"":40960,""h"":35840},{""i"":1,""x"":1280,""y"":0,""w"":40960,""h"":34560}]",4662,256,2,"[{""y_min"":1664,""y_max"":32832,""x_min"":14645,""x_max"":49898,""n_parches"":2339},{""y_min"":50304,""y_max"":81728,""x_min"":12663,""x_max"":48682,""n_parches"":2323}]",
Br0244,,0,,,,,,,,,,,,sin .bif sin sufijo de tincion
Br0245,,0,,,,,,,,,,,,sin .bif sin sufijo de tincion
Br0247,,0,,,,,,,,,,,,sin .bif sin sufijo de tincion
Br0248,,0,,,,,,,,,,,,sin .bif sin sufijo de tincion
Br0249,,0,,,,,,,,,,,,sin .bif sin sufijo de tincion
Br0254,,0,,,,,,,,,,,,sin .bif sin sufijo de tincion
Br0257,,0,,,,,,,,,,,,sin .bif sin sufijo de tincion
Br0258,,0,,,,,,,,,,,,sin .bif sin sufijo de tincion
Br0259,,0,,,,,,,,,,,,sin .bif sin sufijo de tincion
Br0266,,0,,,,,,,,,,,,sin .bif sin sufijo de tincion
Br0268,,0,,,,,,,,,,,,sin .bif sin sufijo de tincion
Br0269,,0,,,,,,,,,,,,sin .bif sin sufijo de tincion
Br0270,,0,,,,,,,,,,,,sin .bif sin sufijo de tincion
Br0273,,0,,,,,,,,,,,,sin .bif sin sufijo de tincion
Br0274,,0,,,,,,,,,,,,sin .bif sin sufijo de tincion
Br0275,,0,,,,,,,,,,,,sin .bif sin sufijo de tincion
Br0277,,0,,,,,,,,,,,,sin .bif sin sufijo de tincion
Br0284,,0,,,,,,,,,,,,sin .bif sin sufijo de tincion
Br0294,,0,,,,,,,,,,,,sin .bif sin sufijo de tincion
Br0297,,0,,,,,,,,,,,,sin .bif sin sufijo de tincion
Br0298,,0,,,,,,,,,,,,sin .bif sin sufijo de tincion
Br0300,,0,,,,,,,,,,,,sin .bif sin sufijo de tincion
Br0301,,0,,,,,,,,,,,,sin .bif sin sufijo de tincion
Br0302,,0,,,,,,,,,,,,sin .bif sin sufijo de tincion
Br0307,,0,,,,,,,,,,,,sin .bif sin sufijo de tincion
Br0310,,0,,,,,,,,,,,,sin .bif sin sufijo de tincion
Br0314,,0,,,,,,,,,,,,sin .bif sin sufijo de tincion
Br0316,,0,,,,,,,,,,,,sin .bif sin sufijo de tincion
Br0326,,0,,,,,,,,,,,,sin .bif sin sufijo de tincion
Br0329,,0,,,,,,,,,,,,sin .bif sin sufijo de tincion
Br0330,,0,,,,,,,,,,,,sin .bif sin sufijo de tincion
Br0331,,0,,,,,,,,,,,,sin .bif sin sufijo de tincion
Br0332,,0,,,,,,,,,,,,sin .bif sin sufijo de tincion
Br0333,,0,,,,,,,,,,,,sin .bif sin sufijo de tincion
Br0337,,0,,,,,,,,,,,,sin .bif sin sufijo de tincion
Br0338,,0,,,,,,,,,,,,sin .bif sin sufijo de tincion
Br0341,,0,,,,,,,,,,,,sin .bif sin sufijo de tincion
Br0349,,0,,,,,,,,,,,,sin .bif sin sufijo de tincion
Br0354,,0,,,,,,,,,,,,sin .bif sin sufijo de tincion
Br0355,,0,,,,,,,,,,,,sin .bif sin sufijo de tincion
HER2,HER2.bif,0,ventana,0.46500000000000002,20,52417,35840,1,"[{""i"":0,""x"":0,""y"":0,""w"":46080,""h"":35840}]",,,,,
