x	y	name	color
4103.8026315789475	14815.118421052632	plasma-cell	-256
4628.780487804878	15293.170731707316	plasma-cell	-256
4236.685714285714	15329.82857142857	plasma-cell	-256
4575.868421052632	62437.0	plasma-cell	-256
3922.5190839694656	62840.52671755725	plasma-cell	-256
4782.686274509804	64410.5	plasma-cell	-256
4741.992307692308	64460.946153846155	plasma-cell	-256
4109.383333333333	65782.6	plasma-cell	-256
4438.2	66134.77777777778	plasma-cell	-256
4449.648648648648	66941.4054054054	plasma-cell	-256
4535.073529411765	67471.2794117647	plasma-cell	-256
4441.387096774193	67620.93548387097	plasma-cell	-256
8623.987654320987	20254.876543209877	plasma-cell	-256
8661.581632653062	20281.683673469386	plasma-cell	-256
9438.818181818182	20309.30909090909	plasma-cell	-256
9316.485714285714	20357.75	plasma-cell	-256
9701.547445255474	20371.357664233576	plasma-cell	-256
9241.75	20373.08035714286	plasma-cell	-256
8957.910714285714	20395.51785714286	plasma-cell	-256
8642.063492063491	20400.56349206349	plasma-cell	-256
8911.520408163266	20401.979591836734	plasma-cell	-256
8876.425925925927	20407.98148148148	plasma-cell	-256
8206.581818181818	20409.236363636363	plasma-cell	-256
8980.966666666667	20417.466666666667	plasma-cell	-256
9241.1484375	20419.984375	plasma-cell	-256
8674.106382978724	20435.44680851064	plasma-cell	-256
8702.152777777777	20450.083333333332	plasma-cell	-256
9130.349206349207	20469.18253968254	plasma-cell	-256
8623.397435897436	20484.82051282051	plasma-cell	-256
9137.576086956522	20552.91304347826	plasma-cell	-256
9691.518072289156	20551.710843373494	plasma-cell	-256
9081.422535211268	20561.014084507042	plasma-cell	-256
8728.120689655172	20570.560344827587	plasma-cell	-256
9691.738636363636	20568.295454545456	plasma-cell	-256
9065.627272727274	20576.663636363635	plasma-cell	-256
8405.27027027027	20588.54054054054	plasma-cell	-256
9304.423529411764	20605.59411764706	plasma-cell	-256
8749.113207547169	20606.971698113208	plasma-cell	-256
8558.981651376147	20623.8623853211	plasma-cell	-256
9057.939849624061	20651.428571428572	plasma-cell	-256
8790.166666666668	20658.666666666668	plasma-cell	-256
8754.355263157895	20665.315789473683	plasma-cell	-256
8915.24778761062	20669.557522123894	plasma-cell	-256
9131.741666666667	20682.55	plasma-cell	-256
8379.816091954022	20684.827586206895	plasma-cell	-256
9035.68	20726.933333333334	plasma-cell	-256
9078.09574468085	20734.13829787234	plasma-cell	-256
9088.833333333332	20748.977272727272	plasma-cell	-256
8928.1125	20749.1875	plasma-cell	-256
8203.192	20774.52	plasma-cell	-256
8252.526315789473	20782.276315789473	plasma-cell	-256
8366.185185185186	20818.037037037036	plasma-cell	-256
8585.244897959183	20818.530612244896	plasma-cell	-256
8650.367647058823	20833.441176470587	plasma-cell	-256
8682.860869565218	20834.460869565217	plasma-cell	-256
8768.111111111111	20841.266666666666	plasma-cell	-256
7939.1809523809525	20850.542857142857	plasma-cell	-256
8737.59756097561	20851.536585365855	plasma-cell	-256
8350.833333333334	20860.539215686273	plasma-cell	-256
8468.308823529413	20880.08823529412	plasma-cell	-256
8683.176470588234	20886.86274509804	plasma-cell	-256
7883.011904761905	20886.654761904763	plasma-cell	-256
7895.880952380952	20891.35714285714	plasma-cell	-256
7911.559523809524	20906.988095238095	plasma-cell	-256
7891.557692307692	20910.96153846154	plasma-cell	-256
7855.506493506493	20911.44155844156	plasma-cell	-256
7872.134831460675	20916.314606741573	plasma-cell	-256
9467.327102803738	20933.140186915887	plasma-cell	-256
7868.384615384615	20938.46153846154	plasma-cell	-256
9471.351999999999	20944.384	plasma-cell	-256
9329.9012345679	20952.85185185185	plasma-cell	-256
8726.822222222221	20960.8	plasma-cell	-256
8142.134328358209	20985.358208955226	plasma-cell	-256
8080.380434782608	20988.141304347824	plasma-cell	-256
9035.116788321167	20993.080291970804	plasma-cell	-256
8740.766355140187	20999.41121495327	plasma-cell	-256
9254.58620689655	21038.896551724138	plasma-cell	-256
8746.059829059828	21062.410256410258	plasma-cell	-256
8837.145161290322	21074.43548387097	plasma-cell	-256
8862.125	21077.9375	plasma-cell	-256
8895.43661971831	21083.028169014084	plasma-cell	-256
8849.16129032258	21086.43548387097	plasma-cell	-256
8705.507462686568	21088.537313432837	plasma-cell	-256
8871.296703296703	21100.43956043956	plasma-cell	-256
9434.009345794391	21145.51401869159	plasma-cell	-256
8886.235294117647	21170.808823529413	plasma-cell	-256
9628.964285714286	21182.595238095237	plasma-cell	-256
8730.904347826086	21190.426086956522	plasma-cell	-256
8686.510204081633	21213.663265306124	plasma-cell	-256
8191.090909090909	21225.532467532466	plasma-cell	-256
8898.580152671755	21281.236641221374	plasma-cell	-256
8732.494623655914	21301.043010752688	plasma-cell	-256
8699.5	21325.67391304348	plasma-cell	-256
8689.508771929824	21348.280701754386	plasma-cell	-256
8676.587301587302	21376.31746031746	plasma-cell	-256
8944.866666666667	21379.773333333334	plasma-cell	-256
8782.819444444445	21414.805555555555	plasma-cell	-256
8803.5	21428.0	plasma-cell	-256
8814.734939759037	21441.993975903613	plasma-cell	-256
8856.49090909091	21454.145454545454	plasma-cell	-256
8579.187919463087	21510.55033557047	plasma-cell	-256
9384.79746835443	21509.67088607595	plasma-cell	-256
8419.5	21513.5	plasma-cell	-256
8769.0125	21523.15	plasma-cell	-256
8749.038461538461	21538.623076923075	plasma-cell	-256
8505.742857142857	21537.785714285714	plasma-cell	-256
9699.404411764706	21541.889705882353	plasma-cell	-256
8471.459183673469	21549.214285714286	plasma-cell	-256
9346.777777777777	21550.9012345679	plasma-cell	-256
8462.383928571428	21562.321428571428	plasma-cell	-256
8478.405063291139	21566.177215189873	plasma-cell	-256
9407.666666666668	21566.043478260868	plasma-cell	-256
9254.952380952382	21572.019047619047	plasma-cell	-256
9378.411764705881	21593.4	plasma-cell	-256
9235.723684210527	21595.0	plasma-cell	-256
8751.527027027027	21597.35135135135	plasma-cell	-256
8504.459016393443	21611.147540983606	plasma-cell	-256
8742.384615384615	21611.186813186814	plasma-cell	-256
8740.743902439024	21629.10975609756	plasma-cell	-256
8544.0625	21634.664772727272	plasma-cell	-256
9286.272727272728	21631.506493506495	plasma-cell	-256
9335.807017543859	21637.19298245614	plasma-cell	-256
8494.770833333334	21641.604166666668	plasma-cell	-256
9271.5	21649.617021276597	plasma-cell	-256
9345.666666666668	21652.291666666668	plasma-cell	-256
9326.745454545455	21660.072727272727	plasma-cell	-256
9383.209677419356	21658.677419354837	plasma-cell	-256
9115.548076923078	21662.451923076922	plasma-cell	-256
9338.708737864079	21671.29126213592	plasma-cell	-256
9313.4375	21673.428571428572	plasma-cell	-256
9389.7421875	21675.7890625	plasma-cell	-256
8926.485714285714	21676.35714285714	plasma-cell	-256
9040.936	21687.336	plasma-cell	-256
9278.27619047619	21688.77142857143	plasma-cell	-256
8617.518518518518	21692.25925925926	plasma-cell	-256
8587.219512195123	21706.869918699187	plasma-cell	-256
8918.216666666667	21729.591666666667	plasma-cell	-256
9279.4	21737.98181818182	plasma-cell	-256
9316.232876712329	21741.171232876713	plasma-cell	-256
9325.5	21751.244680851065	plasma-cell	-256
9399.169811320755	21814.849056603773	plasma-cell	-256
8979.67816091954	21815.83908045977	plasma-cell	-256
9386.057142857142	21819.24761904762	plasma-cell	-256
8991.318181818182	21830.090909090908	plasma-cell	-256
8763.986666666668	21838.773333333334	plasma-cell	-256
9058.196428571428	21873.85714285714	plasma-cell	-256
9512.131578947368	21965.118421052633	plasma-cell	-256
9003.10569105691	22003.37398373984	plasma-cell	-256
8996.467889908257	22022.16513761468	plasma-cell	-256
9053.941666666666	22129.141666666666	plasma-cell	-256
9203.805194805194	22142.285714285714	plasma-cell	-256
8984.598130841121	22147.3738317757	plasma-cell	-256
9134.54347826087	22158.760869565216	plasma-cell	-256
9142.266666666666	22161.2	plasma-cell	-256
8924.328358208955	22200.373134328358	plasma-cell	-256
9012.914285714287	22216.14285714286	plasma-cell	-256
9301.106666666667	22231.933333333334	plasma-cell	-256
9328.014285714286	22234.62857142857	plasma-cell	-256
9694.148148148148	22306.283950617282	plasma-cell	-256
9384.406779661018	22329.228813559323	plasma-cell	-256
9356.833333333332	22332.01851851852	plasma-cell	-256
9575.139784946237	22353.301075268817	plasma-cell	-256
9300.188235294117	22360.50588235294	plasma-cell	-256
9577.241379310344	22380.655172413793	plasma-cell	-256
5108.7844827586205	11441.465517241379	plasma-cell	-256
5599.761904761905	12931.357142857143	plasma-cell	-256
7183.227272727272	13029.5	plasma-cell	-256
7268.8	13362.9125	plasma-cell	-256
6567.921875	13373.9609375	plasma-cell	-256
5417.897435897436	13711.25641025641	plasma-cell	-256
6910.481481481482	13737.592592592593	plasma-cell	-256
7523.186915887851	13997.205607476635	plasma-cell	-256
7583.690789473684	13999.269736842105	plasma-cell	-256
7483.015625	14044.3515625	plasma-cell	-256
7530.308823529412	14112.367647058823	plasma-cell	-256
7510.64406779661	14124.805084745763	plasma-cell	-256
5162.901960784314	14133.303921568628	plasma-cell	-256
7074.584	14218.432	plasma-cell	-256
7565.224489795919	14409.826530612245	plasma-cell	-256
7577.426829268293	14423.341463414634	plasma-cell	-256
7953.712871287129	14454.039603960395	plasma-cell	-256
7964.692307692308	14472.403846153846	plasma-cell	-256
7439.79	14609.09	plasma-cell	-256
5624.660869565218	14666.44347826087	plasma-cell	-256
5685.142857142857	14787.09243697479	plasma-cell	-256
7604.15306122449	15304.408163265307	plasma-cell	-256
7644.396226415094	15304.613207547169	plasma-cell	-256
6376.1558441558445	15362.62987012987	plasma-cell	-256
5607.377192982456	15362.719298245614	plasma-cell	-256
5548.573913043479	15484.008695652174	plasma-cell	-256
7649.083333333334	15575.916666666668	plasma-cell	-256
6651.579439252337	15622.579439252337	plasma-cell	-256
7295.748031496063	15651.267716535433	plasma-cell	-256
7333.0	15692.178947368422	plasma-cell	-256
8033.534090909091	15836.784090909092	plasma-cell	-256
7167.864197530864	15997.185185185186	plasma-cell	-256
5850.774193548387	16009.54193548387	plasma-cell	-256
5918.2	16015.2	plasma-cell	-256
6191.454545454546	16020.461538461539	plasma-cell	-256
5614.021505376344	16145.666666666668	plasma-cell	-256
5669.084615384615	16147.153846153846	plasma-cell	-256
7967.92	16160.026666666667	plasma-cell	-256
6503.425287356322	16267.67816091954	plasma-cell	-256
6636.287128712871	16394.465346534653	plasma-cell	-256
6662.795081967213	16413.70491803279	plasma-cell	-256
6675.795698924731	16420.32258064516	plasma-cell	-256
6673.833333333333	16438.73611111111	plasma-cell	-256
6654.736842105263	16509.657894736843	plasma-cell	-256
8055.92	16536.106666666667	plasma-cell	-256
7391.765432098766	16553.629629629628	plasma-cell	-256
8321.673469387755	16585.73469387755	plasma-cell	-256
7274.289156626506	16590.0843373494	plasma-cell	-256
6172.8723404255325	16593.744680851065	plasma-cell	-256
6983.95652173913	16612.369565217392	plasma-cell	-256
6137.9082568807335	16617.02752293578	plasma-cell	-256
6625.623376623376	16620.987012987014	plasma-cell	-256
7388.305882352941	16635.223529411764	plasma-cell	-256
5875.65625	16643.46875	plasma-cell	-256
6167.6	16645.458333333332	plasma-cell	-256
6345.8403361344535	16648.092436974788	plasma-cell	-256
6355.721804511279	16666.586466165412	plasma-cell	-256
6242.1067961165045	16685.04854368932	plasma-cell	-256
7260.471264367816	16703.724137931036	plasma-cell	-256
7294.339449541285	16705.29357798165	plasma-cell	-256
6167.913978494624	16728.47311827957	plasma-cell	-256
7279.777777777777	16729.48148148148	plasma-cell	-256
7277.352272727272	16747.693181818184	plasma-cell	-256
7437.6863905325445	16754.041420118345	plasma-cell	-256
6246.984615384616	16757.369230769233	plasma-cell	-256
7332.959731543624	16763.0	plasma-cell	-256
7337.561224489797	16782.84693877551	plasma-cell	-256
7690.471910112359	16781.752808988764	plasma-cell	-256
7510.724137931034	16785.459770114943	plasma-cell	-256
7424.927083333334	16785.15625	plasma-cell	-256
7555.873563218391	16785.896551724138	plasma-cell	-256
7366.983870967742	16807.951612903227	plasma-cell	-256
7739.4607843137255	16815.70588235294	plasma-cell	-256
7607.481203007519	16815.78947368421	plasma-cell	-256
6999.8538461538465	16819.184615384616	plasma-cell	-256
5927.5259740259735	16825.512987012986	plasma-cell	-256
7412.425742574258	16826.257425742573	plasma-cell	-256
7160.804878048781	16833.085365853658	plasma-cell	-256
7349.968421052632	16832.43157894737	plasma-cell	-256
7405.734375	16831.5625	plasma-cell	-256
7324.588785046729	16835.11214953271	plasma-cell	-256
7441.34	16836.98	plasma-cell	-256
7543.384	16848.72	plasma-cell	-256
7763.915887850468	16847.542056074766	plasma-cell	-256
6969.58024691358	16856.012345679013	plasma-cell	-256
7352.943396226416	16859.03773584906	plasma-cell	-256
7504.873786407767	16862.650485436894	plasma-cell	-256
7673.4324324324325	16860.774774774774	plasma-cell	-256
7701.375	16879.53125	plasma-cell	-256
7484.565656565656	16883.555555555555	plasma-cell	-256
7573.858407079646	16887.893805309734	plasma-cell	-256
7715.277108433735	16890.265060240963	plasma-cell	-256
6999.745454545455	16893.70909090909	plasma-cell	-256
7677.571428571428	16897.719387755104	plasma-cell	-256
6322.891666666666	16905.86666666667	plasma-cell	-256
7566.541284403669	16905.0	plasma-cell	-256
7649.639999999999	16904.392	plasma-cell	-256
7662.182795698925	16907.956989247312	plasma-cell	-256
7399.177777777778	16914.566666666666	plasma-cell	-256
7476.75641025641	16924.576923076922	plasma-cell	-256
6341.053333333333	16924.45333333333	plasma-cell	-256
7569.677083333334	16946.083333333332	plasma-cell	-256
7648.2577319587635	16948.494845360823	plasma-cell	-256
7722.390243902439	16950.80487804878	plasma-cell	-256
6263.723958333333	16960.338541666668	plasma-cell	-256
5896.891089108911	16966.732673267325	plasma-cell	-256
5863.127118644068	16969.745762711864	plasma-cell	-256
8468.452173913043	16969.88695652174	plasma-cell	-256
7740.096153846154	16969.576923076922	plasma-cell	-256
7438.75	16971.880952380954	plasma-cell	-256
7704.081967213115	16973.196721311477	plasma-cell	-256
7469.265957446809	16979.574468085106	plasma-cell	-256
7495.321100917431	16980.311926605504	plasma-cell	-256
7624.727272727272	16980.07575757576	plasma-cell	-256
7236.242424242424	17005.939393939392	plasma-cell	-256
6918.1	17009.1	plasma-cell	-256
7958.21052631579	17010.754385964912	plasma-cell	-256
7487.272727272728	17020.060606060608	plasma-cell	-256
7230.548387096775	17028.451612903227	plasma-cell	-256
8015.459854014598	17051.80291970803	plasma-cell	-256
7744.16049382716	17057.333333333332	plasma-cell	-256
8426.134020618556	17074.319587628866	plasma-cell	-256
7174.7040816326535	17087.826530612245	plasma-cell	-256
7003.978494623656	17115.827956989247	plasma-cell	-256
7941.581818181818	17138.79090909091	plasma-cell	-256
7515.846153846154	17141.096153846156	plasma-cell	-256
8372.333333333334	17145.097222222223	plasma-cell	-256
7942.021505376344	17148.709677419356	plasma-cell	-256
7994.733333333334	17179.977777777778	plasma-cell	-256
8227.272727272728	17184.03896103896	plasma-cell	-256
8135.714285714286	17191.22857142857	plasma-cell	-256
7986.261904761905	17193.571428571428	plasma-cell	-256
7691.5142857142855	17198.571428571428	plasma-cell	-256
8160.359649122807	17197.780701754386	plasma-cell	-256
5902.848484848485	17201.734848484848	plasma-cell	-256
8123.679611650486	17200.844660194176	plasma-cell	-256
6811.810810810811	17220.08108108108	plasma-cell	-256
7004.08988764045	17223.34831460674	plasma-cell	-256
7088.460674157303	17228.85393258427	plasma-cell	-256
8120.6	17233.05925925926	plasma-cell	-256
6884.306306306306	17235.45945945946	plasma-cell	-256
7030.963414634147	17236.182926829268	plasma-cell	-256
8144.803921568628	17235.823529411766	plasma-cell	-256
6841.222222222223	17242.69135802469	plasma-cell	-256
6912.784810126583	17242.291139240508	plasma-cell	-256
6848.943661971831	17244.971830985916	plasma-cell	-256
8139.090909090909	17245.318181818184	plasma-cell	-256
6948.254237288136	17247.542372881355	plasma-cell	-256
8116.8133333333335	17244.933333333334	plasma-cell	-256
8162.94262295082	17249.344262295082	plasma-cell	-256
7782.340909090909	17252.125	plasma-cell	-256
7023.48	17253.39	plasma-cell	-256
7045.045454545454	17259.681818181816	plasma-cell	-256
8272.607142857143	17262.660714285714	plasma-cell	-256
7642.864864864865	17264.135135135133	plasma-cell	-256
6862.739583333334	17270.28125	plasma-cell	-256
7089.86170212766	17274.81914893617	plasma-cell	-256
7263.656565656565	17277.39393939394	plasma-cell	-256
7985.248120300752	17278.744360902256	plasma-cell	-256
6922.676923076923	17278.323076923076	plasma-cell	-256
7281.275	17282.45	plasma-cell	-256
7720.778846153846	17284.56730769231	plasma-cell	-256
7731.645454545454	17294.427272727273	plasma-cell	-256
6880.72268907563	17299.04201680672	plasma-cell	-256
8070.427272727273	17305.227272727272	plasma-cell	-256
6890.582524271845	17315.339805825242	plasma-cell	-256
5472.38202247191	17325.43820224719	plasma-cell	-256
6870.627906976744	17323.616279069767	plasma-cell	-256
6897.653225806452	17324.129032258064	plasma-cell	-256
7114.492063492064	17330.880952380954	plasma-cell	-256
8470.813953488372	17328.67441860465	plasma-cell	-256
6800.4571428571435	17349.4	plasma-cell	-256
6815.328947368422	17351.17105263158	plasma-cell	-256
6778.4	17353.30476190476	plasma-cell	-256
6889.905325443788	17358.44970414201	plasma-cell	-256
6758.9607843137255	17355.901960784315	plasma-cell	-256
7103.909090909091	17357.909090909092	plasma-cell	-256
6750.982142857143	17367.446428571428	plasma-cell	-256
6784.208955223881	17366.261194029852	plasma-cell	-256
8471.201834862386	17375.67889908257	plasma-cell	-256
6790.487804878048	17375.731707317074	plasma-cell	-256
7089.761904761905	17375.52380952381	plasma-cell	-256
6870.940397350993	17383.4238410596	plasma-cell	-256
7096.544554455446	17384.534653465347	plasma-cell	-256
7156.271604938272	17388.370370370372	plasma-cell	-256
7165.314606741573	17394.505617977527	plasma-cell	-256
6845.653543307087	17397.220472440946	plasma-cell	-256
7286.684684684685	17398.828828828828	plasma-cell	-256
6136.463768115942	17405.1884057971	plasma-cell	-256
7132.225806451613	17403.16129032258	plasma-cell	-256
7723.57	17407.31	plasma-cell	-256
7094.851851851852	17407.416666666668	plasma-cell	-256
8495.115942028986	17409.434782608696	plasma-cell	-256
7075.296703296703	17412.23076923077	plasma-cell	-256
7699.682242990654	17413.81308411215	plasma-cell	-256
7135.705263157895	17420.378947368423	plasma-cell	-256
6822.191616766468	17429.562874251496	plasma-cell	-256
7606.1709401709395	17430.632478632477	plasma-cell	-256
7665.592105263158	17430.223684210527	plasma-cell	-256
8452.684210526317	17435.434210526317	plasma-cell	-256
5566.313131313132	17437.838383838385	plasma-cell	-256
8526.967741935485	17434.59677419355	plasma-cell	-256
6182.155555555555	17437.733333333334	plasma-cell	-256
8500.864	17444.536	plasma-cell	-256
8558.589928057554	17451.776978417267	plasma-cell	-256
7064.926470588235	17453.83088235294	plasma-cell	-256
8474.934782608696	17451.369565217392	plasma-cell	-256
6811.838095238096	17464.066666666666	plasma-cell	-256
8441.41111111111	17465.444444444445	plasma-cell	-256
6820.467532467533	17467.44155844156	plasma-cell	-256
8499.612903225807	17476.086021505376	plasma-cell	-256
8003.941176470588	17479.329411764706	plasma-cell	-256
7046.625	17488.568181818184	plasma-cell	-256
8465.270676691729	17498.78947368421	plasma-cell	-256
7070.388888888889	17502.555555555555	plasma-cell	-256
6771.988636363636	17503.659090909092	plasma-cell	-256
6789.714285714286	17503.910714285714	plasma-cell	-256
7082.848484848485	17505.454545454544	plasma-cell	-256
7547.032258064516	17503.725806451614	plasma-cell	-256
6538.196428571428	17509.821428571428	plasma-cell	-256
7240.833333333334	17515.574074074073	plasma-cell	-256
6781.84	17525.64	plasma-cell	-256
7068.91011235955	17527.393258426964	plasma-cell	-256
7755.279569892473	17539.440860215054	plasma-cell	-256
7037.31067961165	17543.21359223301	plasma-cell	-256
7766.195804195804	17548.447552447553	plasma-cell	-256
7052.470588235294	17552.552941176473	plasma-cell	-256
6791.60606060606	17555.929292929293	plasma-cell	-256
7691.588235294117	17574.558823529413	plasma-cell	-256
7012.84705882353	17578.670588235294	plasma-cell	-256
7107.2	17578.713333333333	plasma-cell	-256
5407.650485436893	17587.368932038837	plasma-cell	-256
7047.038834951456	17586.18446601942	plasma-cell	-256
6798.234042553191	17595.08510638298	plasma-cell	-256
6784.813725490196	17600.176470588234	plasma-cell	-256
5413.840909090909	17606.306818181816	plasma-cell	-256
7042.1	17609.88	plasma-cell	-256
6807.7129629629635	17615.120370370372	plasma-cell	-256
8211.219696969696	17622.386363636364	plasma-cell	-256
8232.69306930693	17622.326732673268	plasma-cell	-256
7279.017857142857	17625.803571428572	plasma-cell	-256
7376.086206896552	17633.01724137931	plasma-cell	-256
7146.947916666666	17640.546875	plasma-cell	-256
5524.0204081632655	17638.571428571428	plasma-cell	-256
6932.811320754718	17645.311320754718	plasma-cell	-256
7134.173076923077	17653.173076923078	plasma-cell	-256
8211.214285714286	17654.232142857145	plasma-cell	-256
7030.75	17653.833333333332	plasma-cell	-256
6971.398692810457	17667.503267973858	plasma-cell	-256
5845.023809523809	17672.47619047619	plasma-cell	-256
8237.860465116279	17675.418604651164	plasma-cell	-256
7344.288461538461	17679.653846153844	plasma-cell	-256
6227.236220472441	17690.0	plasma-cell	-256
8073.247706422018	17687.0	plasma-cell	-256
6214.213114754099	17693.409836065573	plasma-cell	-256
5517.705882352941	17700.13725490196	plasma-cell	-256
7714.934782608696	17701.021739130436	plasma-cell	-256
5966.483606557377	17705.7131147541	plasma-cell	-256
7883.8448275862065	17705.98275862069	plasma-cell	-256
7692.307692307692	17723.931623931625	plasma-cell	-256
7752.708333333334	17725.141666666666	plasma-cell	-256
8144.157894736842	17723.53947368421	plasma-cell	-256
6943.409090909091	17728.045454545456	plasma-cell	-256
6977.2	17732.739999999998	plasma-cell	-256
7716.7764705882355	17736.011764705883	plasma-cell	-256
7767.485981308411	17735.51401869159	plasma-cell	-256
7392.6140350877195	17746.912280701756	plasma-cell	-256
6969.39705882353	17753.85294117647	plasma-cell	-256
7084.133333333333	17772.533333333333	plasma-cell	-256
6795.225806451613	17771.629032258064	plasma-cell	-256
7138.96875	17780.03125	plasma-cell	-256
7796.351351351352	17782.5	plasma-cell	-256
7808.290322580646	17782.91935483871	plasma-cell	-256
7474.175	17784.775	plasma-cell	-256
5859.090909090909	17789.272727272728	plasma-cell	-256
6982.808510638298	17792.81914893617	plasma-cell	-256
7122.9104477611945	17801.82089552239	plasma-cell	-256
5825.277108433735	17802.349397590362	plasma-cell	-256
5890.920792079208	17816.633663366338	plasma-cell	-256
7766.876712328767	17818.54794520548	plasma-cell	-256
7116.52	17824.239999999998	plasma-cell	-256
5843.126582278481	17824.987341772154	plasma-cell	-256
5900.618644067797	17826.728813559323	plasma-cell	-256
8248.453703703704	17833.5	plasma-cell	-256
5864.632075471698	17845.32075471698	plasma-cell	-256
6552.254237288135	17842.881355932204	plasma-cell	-256
6502.415584415585	17845.428571428572	plasma-cell	-256
5864.430232558139	17858.232558139534	plasma-cell	-256
5848.282608695652	17871.717391304348	plasma-cell	-256
6683.989473684211	17870.757894736842	plasma-cell	-256
7438.158536585366	17878.59756097561	plasma-cell	-256
5861.582417582417	17883.285714285714	plasma-cell	-256
5582.538461538462	17887.13846153846	plasma-cell	-256
6229.4331210191085	17891.420382165605	plasma-cell	-256
8801.865168539327	17902.314606741573	plasma-cell	-256
6962.503937007874	17905.55905511811	plasma-cell	-256
7559.190082644628	17907.090909090908	plasma-cell	-256
5859.557692307692	17912.33653846154	plasma-cell	-256
7588.328947368422	17911.644736842107	plasma-cell	-256
6988.898876404494	17914.831460674155	plasma-cell	-256
7707.110169491525	17916.974576271186	plasma-cell	-256
7582.6509433962265	17925.254716981133	plasma-cell	-256
7616.625899280576	17924.56834532374	plasma-cell	-256
6667.241758241758	17933.043956043955	plasma-cell	-256
8220.911392405063	17931.93670886076	plasma-cell	-256
6656.85294117647	17935.25	plasma-cell	-256
6899.934426229508	17944.967213114753	plasma-cell	-256
7610.943661971831	17943.23943661972	plasma-cell	-256
7677.530864197531	17967.925925925927	plasma-cell	-256
8177.042105263157	17969.084210526315	plasma-cell	-256
6866.854166666666	17972.583333333332	plasma-cell	-256
7654.765306122449	17977.54081632653	plasma-cell	-256
7082.4049586776855	17979.0	plasma-cell	-256
7506.338028169014	17982.591549295776	plasma-cell	-256
7527.15625	17991.5625	plasma-cell	-256
5955.740740740741	17997.666666666668	plasma-cell	-256
6004.453333333333	18002.253333333334	plasma-cell	-256
6847.239130434782	18004.739130434784	plasma-cell	-256
6926.321100917431	18009.339449541287	plasma-cell	-256
6964.390909090909	18015.072727272727	plasma-cell	-256
6716.010869565218	18022.271739130432	plasma-cell	-256
7489.833333333334	18019.86666666667	plasma-cell	-256
8274.918032786885	18025.22950819672	plasma-cell	-256
6925.513274336283	18036.743362831858	plasma-cell	-256
7681.746031746032	18048.380952380954	plasma-cell	-256
7737.71186440678	18054.822033898305	plasma-cell	-256
5837.056818181818	18056.738636363636	plasma-cell	-256
6807.0	18054.181818181816	plasma-cell	-256
6756.0428571428565	18063.65714285714	plasma-cell	-256
7660.985507246377	18073.159420289856	plasma-cell	-256
8137.356321839081	18078.505747126437	plasma-cell	-256
7778.833333333334	18078.194444444445	plasma-cell	-256
8223.130841121496	18083.48598130841	plasma-cell	-256
5884.768518518518	18095.435185185182	plasma-cell	-256
6155.899224806201	18094.426356589145	plasma-cell	-256
7724.388888888889	18094.25	plasma-cell	-256
7794.354838709678	18095.924731182793	plasma-cell	-256
8194.822429906542	18095.70093457944	plasma-cell	-256
6069.920529801324	18108.748344370862	plasma-cell	-256
5943.4	18109.715789473685	plasma-cell	-256
5998.3279999999995	18122.415999999997	plasma-cell	-256
5818.959016393443	18126.66393442623	plasma-cell	-256
7825.969999999999	18133.04	plasma-cell	-256
6556.823529411765	18145.5	plasma-cell	-256
7642.8299319727885	18153.775510204083	plasma-cell	-256
8046.685039370079	18154.425196850396	plasma-cell	-256
6054.914893617021	18154.67021276596	plasma-cell	-256
6176.92972972973	18154.14054054054	plasma-cell	-256
6558.313725490196	18157.41176470588	plasma-cell	-256
7776.547008547009	18161.923076923078	plasma-cell	-256
8080.801652892562	18163.239669421488	plasma-cell	-256
7703.738461538462	18163.907692307694	plasma-cell	-256
6570.7307692307695	18170.30769230769	plasma-cell	-256
7325.953846153847	18182.215384615385	plasma-cell	-256
7741.75	18182.989583333336	plasma-cell	-256
7330.8875	18188.175	plasma-cell	-256
7181.405405405405	18194.351351351354	plasma-cell	-256
7818.120879120879	18198.494505494506	plasma-cell	-256
6437.85	18231.95	plasma-cell	-256
5965.271428571428	18238.1	plasma-cell	-256
6044.786516853933	18287.52808988764	plasma-cell	-256
6371.367346938776	18313.34693877551	plasma-cell	-256
7857.185185185185	18312.562962962962	plasma-cell	-256
6063.414285714286	18328.285714285714	plasma-cell	-256
9183.894736842105	18340.4	plasma-cell	-256
8168.34	18393.78	plasma-cell	-256
6485.844444444445	18394.777777777777	plasma-cell	-256
6124.056603773584	18443.528301886792	plasma-cell	-256
6118.303370786517	18450.730337078654	plasma-cell	-256
6105.875	18472.791666666664	plasma-cell	-256
9236.876288659794	18490.876288659794	plasma-cell	-256
6092.631147540984	18492.70491803279	plasma-cell	-256
7673.96052631579	18495.986842105263	plasma-cell	-256
9675.064102564102	18513.24358974359	plasma-cell	-256
7377.311688311688	18520.584415584417	plasma-cell	-256
7293.305970149254	18571.5447761194	plasma-cell	-256
9334.758333333333	18576.25	plasma-cell	-256
9708.280898876405	18609.988764044945	plasma-cell	-256
7790.426229508197	18668.22950819672	plasma-cell	-256
9246.234782608695	18666.41739130435	plasma-cell	-256
7322.717741935484	18675.629032258064	plasma-cell	-256
9272.690789473683	18685.901315789473	plasma-cell	-256
7398.905263157894	18700.02105263158	plasma-cell	-256
7637.8130081300815	18725.82113821138	plasma-cell	-256
7097.513698630137	18750.986301369863	plasma-cell	-256
7262.636363636364	18760.818181818184	plasma-cell	-256
7556.707547169812	18765.38679245283	plasma-cell	-256
7568.622222222222	18763.555555555555	plasma-cell	-256
6169.621621621622	18773.891891891893	plasma-cell	-256
7625.855555555556	18777.255555555555	plasma-cell	-256
9689.471698113208	18775.38679245283	plasma-cell	-256
6200.866666666667	18786.390476190478	plasma-cell	-256
7674.733333333334	18791.173333333332	plasma-cell	-256
6463.5	18795.30701754386	plasma-cell	-256
7359.693548387097	18795.629032258064	plasma-cell	-256
7284.591549295775	18801.92957746479	plasma-cell	-256
7229.267716535433	18809.196850393702	plasma-cell	-256
7124.976377952756	18834.496062992126	plasma-cell	-256
7756.0821917808225	18839.23287671233	plasma-cell	-256
9606.714285714286	18841.714285714286	plasma-cell	-256
7533.109756097561	18848.439024390245	plasma-cell	-256
7451.453125	18848.6875	plasma-cell	-256
9588.552631578947	18851.5	plasma-cell	-256
7426.5526315789475	18854.526315789473	plasma-cell	-256
7400.020833333334	18860.333333333336	plasma-cell	-256
9651.646153846154	18863.03076923077	plasma-cell	-256
9706.044943820225	18865.34831460674	plasma-cell	-256
7504.155339805826	18880.23300970874	plasma-cell	-256
6274.307692307692	18890.153846153844	plasma-cell	-256
7163.7058823529405	18886.764705882353	plasma-cell	-256
7721.390476190476	18895.92380952381	plasma-cell	-256
6244.049019607843	18902.892156862745	plasma-cell	-256
9687.036144578313	18903.530120481926	plasma-cell	-256
7088.2231404958675	18914.314049586777	plasma-cell	-256
7572.2959183673465	18912.38775510204	plasma-cell	-256
6795.6	18918.21	plasma-cell	-256
6738.057471264368	18922.02298850575	plasma-cell	-256
7704.445783132531	18931.481927710844	plasma-cell	-256
7175.846153846154	18938.2	plasma-cell	-256
9732.416666666668	18943.416666666664	plasma-cell	-256
7675.543689320388	18950.582524271842	plasma-cell	-256
7293.879310344828	18969.155172413793	plasma-cell	-256
7587.25	18979.09677419355	plasma-cell	-256
9414.716216216217	18978.567567567567	plasma-cell	-256
6954.9875	18994.4125	plasma-cell	-256
7700.675	19002.825	plasma-cell	-256
7710.669291338583	19018.51968503937	plasma-cell	-256
7477.920289855072	19022.231884057972	plasma-cell	-256
7490.253731343284	19031.44776119403	plasma-cell	-256
9621.072463768116	19035.17391304348	plasma-cell	-256
7501.37	19043.190000000002	plasma-cell	-256
6917.180722891566	19042.843373493975	plasma-cell	-256
7548.131147540984	19058.88524590164	plasma-cell	-256
6750.717391304348	19075.891304347824	plasma-cell	-256
7493.178082191781	19085.136986301368	plasma-cell	-256
7699.3432835820895	19090.522388059704	plasma-cell	-256
7636.571428571428	19098.091836734693	plasma-cell	-256
7390.565217391304	19116.244565217392	plasma-cell	-256
7474.308823529412	19122.58823529412	plasma-cell	-256
7051.577777777778	19142.022222222222	plasma-cell	-256
9520.372093023256	19145.186046511626	plasma-cell	-256
7080.538461538461	19152.65934065934	plasma-cell	-256
7704.559139784946	19186.537634408603	plasma-cell	-256
7555.10447761194	19201.985074626864	plasma-cell	-256
7675.993670886076	19221.449367088608	plasma-cell	-256
9207.959595959597	19279.949494949495	plasma-cell	-256
7579.0	19322.87254901961	plasma-cell	-256
7503.239130434782	19334.369565217392	plasma-cell	-256
7887.91743119266	19351.715596330276	plasma-cell	-256
7562.403846153846	19373.423076923078	plasma-cell	-256
7551.929577464789	19373.845070422536	plasma-cell	-256
7610.593220338983	19383.008474576272	plasma-cell	-256
7717.181818181818	19385.355371900827	plasma-cell	-256
9474.297297297297	19402.45945945946	plasma-cell	-256
7558.3564356435645	19409.881188118812	plasma-cell	-256
7868.07476635514	19427.476635514016	plasma-cell	-256
7493.3942307692305	19434.83653846154	plasma-cell	-256
7538.851485148514	19450.603960396038	plasma-cell	-256
7633.811320754718	19459.53773584906	plasma-cell	-256
7463.612244897959	19461.989795918365	plasma-cell	-256
7560.666666666666	19462.060606060608	plasma-cell	-256
7511.891891891892	19483.567567567567	plasma-cell	-256
8033.0	19495.44537815126	plasma-cell	-256
8000.685185185185	19497.870370370372	plasma-cell	-256
7650.27	19503.440000000002	plasma-cell	-256
7594.056451612903	19514.99193548387	plasma-cell	-256
8220.554054054053	19544.31081081081	plasma-cell	-256
7839.32	19562.693333333333	plasma-cell	-256
7611.942028985507	19608.188405797104	plasma-cell	-256
7541.663366336634	19620.643564356436	plasma-cell	-256
7095.407407407407	19621.648148148146	plasma-cell	-256
7600.522292993631	19634.675159235667	plasma-cell	-256
7574.307692307692	19644.0641025641	plasma-cell	-256
7561.623655913978	19653.107526881722	plasma-cell	-256
7632.3	19663.088888888888	plasma-cell	-256
7812.336956521739	19670.45652173913	plasma-cell	-256
7841.0412371134025	19696.60824742268	plasma-cell	-256
7685.048192771084	19720.301204819276	plasma-cell	-256
7857.012987012988	19718.454545454544	plasma-cell	-256
7855.413043478261	19764.565217391304	plasma-cell	-256
8248.896907216495	19772.58762886598	plasma-cell	-256
7620.883211678833	19800.321167883212	plasma-cell	-256
7586.8943089430895	19816.967479674797	plasma-cell	-256
7644.865384615385	19819.68269230769	plasma-cell	-256
7711.284210526315	19823.22105263158	plasma-cell	-256
7751.590909090909	19827.49090909091	plasma-cell	-256
7625.3258426966295	19838.786516853932	plasma-cell	-256
7708.755102040816	19843.69387755102	plasma-cell	-256
7757.7058823529405	19851.676470588238	plasma-cell	-256
7677.4488188976375	19864.110236220473	plasma-cell	-256
8316.677777777779	19889.0	plasma-cell	-256
8880.125	19897.09090909091	plasma-cell	-256
8277.938775510203	19909.744897959186	plasma-cell	-256
8866.955056179775	19911.112359550563	plasma-cell	-256
8846.821917808218	19915.863013698632	plasma-cell	-256
8295.43661971831	19918.478873239437	plasma-cell	-256
8297.137254901962	19924.470588235294	plasma-cell	-256
8245.311688311689	19928.844155844155	plasma-cell	-256
8392.0	19957.583333333336	plasma-cell	-256
7113.78640776699	19964.961165048546	plasma-cell	-256
9637.268292682926	19987.975609756097	plasma-cell	-256
9295.510638297872	20008.0	plasma-cell	-256
8765.654545454545	20034.29090909091	plasma-cell	-256
8615.77966101695	20040.525423728814	plasma-cell	-256
9348.716981132075	20072.188679245282	plasma-cell	-256
9286.181818181818	20103.803030303032	plasma-cell	-256
8513.0	20104.298245614034	plasma-cell	-256
8507.867256637168	20114.0796460177	plasma-cell	-256
8094.54347826087	20123.42391304348	plasma-cell	-256
8530.617647058823	20145.66176470588	plasma-cell	-256
8250.864864864865	20151.405405405407	plasma-cell	-256
9700.390625	20169.1171875	plasma-cell	-256
8662.345864661655	20176.864661654137	plasma-cell	-256
8337.526315789473	20178.67105263158	plasma-cell	-256
8651.630136986301	20187.356164383564	plasma-cell	-256
9715.391304347826	20187.739130434784	plasma-cell	-256
9581.173076923078	20197.072115384617	plasma-cell	-256
8381.608695652174	20199.16304347826	plasma-cell	-256
9704.715384615385	20199.23846153846	plasma-cell	-256
8293.009803921568	20202.41176470588	plasma-cell	-256
8280.381818181819	20215.927272727273	plasma-cell	-256
9595.269841269841	20218.507936507936	plasma-cell	-256
8341.882978723404	70613.97872340426	plasma-cell	-256
8217.098901098901	70615.3956043956	plasma-cell	-256
7987.484536082475	70623.96907216495	plasma-cell	-256
8374.207547169812	70630.01886792453	plasma-cell	-256
7945.8050847457625	70640.74576271187	plasma-cell	-256
8009.875	70665.3828125	plasma-cell	-256
7992.418604651162	70672.95348837209	plasma-cell	-256
8873.653846153846	70671.21794871795	plasma-cell	-256
8349.0	70685.72941176471	plasma-cell	-256
8125.209523809524	70692.15238095238	plasma-cell	-256
9123.19512195122	70745.30487804877	plasma-cell	-256
8003.222222222223	70752.41111111111	plasma-cell	-256
7878.90243902439	70769.56097560975	plasma-cell	-256
8031.24	70767.7	plasma-cell	-256
8020.04424778761	70783.69911504425	plasma-cell	-256
7771.269662921348	70784.08988764045	plasma-cell	-256
8140.040816326531	70788.95918367348	plasma-cell	-256
8126.464285714286	70814.26785714286	plasma-cell	-256
8182.6375	70847.15	plasma-cell	-256
7946.313253012048	70849.56626506025	plasma-cell	-256
7600.677966101695	70862.38983050847	plasma-cell	-256
8085.709090909091	70884.05454545455	plasma-cell	-256
7717.3644859813085	70897.96261682243	plasma-cell	-256
9283.723300970873	70913.93203883494	plasma-cell	-256
8479.351999999999	70937.208	plasma-cell	-256
7705.134453781513	70944.53781512605	plasma-cell	-256
8165.050505050505	70964.90909090909	plasma-cell	-256
9317.009433962263	70967.5	plasma-cell	-256
7732.107142857143	70966.53571428571	plasma-cell	-256
7985.671428571428	70968.64285714286	plasma-cell	-256
8408.433333333334	70968.4	plasma-cell	-256
8434.833333333334	70990.1	plasma-cell	-256
7142.176470588235	70994.86764705883	plasma-cell	-256
8176.551724137931	70997.4827586207	plasma-cell	-256
8811.681818181818	71013.37878787878	plasma-cell	-256
8901.313725490196	71050.59803921569	plasma-cell	-256
8245.315789473683	71083.0	plasma-cell	-256
7924.79797979798	71087.04040404041	plasma-cell	-256
7925.376623376624	71098.16883116883	plasma-cell	-256
8274.392156862745	71115.70588235294	plasma-cell	-256
9404.300884955752	71124.0796460177	plasma-cell	-256
8531.891025641025	71168.10256410256	plasma-cell	-256
8409.786324786324	71172.47863247863	plasma-cell	-256
8537.561643835616	71183.46575342465	plasma-cell	-256
8072.4625	71187.175	plasma-cell	-256
8258.025	71197.25	plasma-cell	-256
9249.612244897959	71198.54081632652	plasma-cell	-256
7637.026666666667	71203.46666666666	plasma-cell	-256
9273.845679012345	71205.31481481482	plasma-cell	-256
8399.490196078432	71211.82352941176	plasma-cell	-256
8425.660130718954	71216.01307189543	plasma-cell	-256
8550.481012658227	71284.01265822785	plasma-cell	-256
8665.958333333334	71301.31666666667	plasma-cell	-256
8415.139534883721	71303.73255813954	plasma-cell	-256
8031.2830188679245	71331.18867924529	plasma-cell	-256
9412.238410596026	71360.06622516556	plasma-cell	-256
8307.462365591398	71371.90322580645	plasma-cell	-256
8241.988235294117	71421.83529411764	plasma-cell	-256
7510.223300970874	71446.41747572816	plasma-cell	-256
8299.918699186992	71453.74796747968	plasma-cell	-256
7420.591549295775	71461.45070422535	plasma-cell	-256
7400.922077922078	71480.97402597402	plasma-cell	-256
8268.122549019608	71508.5637254902	plasma-cell	-256
7595.8761904761905	71515.74285714286	plasma-cell	-256
9021.470588235294	71530.06862745098	plasma-cell	-256
8256.071428571428	71550.80952380953	plasma-cell	-256
9562.849315068494	71561.0	plasma-cell	-256
8827.666666666668	71563.22988505747	plasma-cell	-256
8892.733333333334	71566.11111111111	plasma-cell	-256
7464.2	71571.26666666666	plasma-cell	-256
8245.058441558442	71575.21428571429	plasma-cell	-256
8415.779816513761	71587.84403669725	plasma-cell	-256
8234.023529411765	71595.78823529412	plasma-cell	-256
8381.578431372549	71627.0	plasma-cell	-256
8328.506172839507	71638.75308641975	plasma-cell	-256
8765.963157894737	71645.21578947369	plasma-cell	-256
9666.070175438595	71666.88596491228	plasma-cell	-256
8341.496688741721	71671.29801324503	plasma-cell	-256
9687.909090909092	71689.54545454546	plasma-cell	-256
8242.408	71699.688	plasma-cell	-256
7770.496598639456	71765.14285714286	plasma-cell	-256
9694.915151515152	71775.93333333333	plasma-cell	-256
8415.77358490566	71804.32075471699	plasma-cell	-256
8258.371900826445	71820.23966942148	plasma-cell	-256
8193.263157894737	71847.82105263158	plasma-cell	-256
7809.253333333334	71853.04	plasma-cell	-256
8272.105263157895	71868.57894736843	plasma-cell	-256
7880.593023255814	71895.25581395348	plasma-cell	-256
8387.42372881356	71907.60169491525	plasma-cell	-256
9298.796875	71904.828125	plasma-cell	-256
8338.306666666667	71911.86666666667	plasma-cell	-256
8345.028571428571	71919.05714285714	plasma-cell	-256
9726.027027027027	71921.41891891892	plasma-cell	-256
9428.951456310679	71925.73786407767	plasma-cell	-256
8384.75	71930.17307692308	plasma-cell	-256
8054.744680851064	71951.29787234042	plasma-cell	-256
7873.181818181818	71966.61363636363	plasma-cell	-256
8263.051282051281	71972.79487179487	plasma-cell	-256
8358.682926829268	71981.32926829268	plasma-cell	-256
9278.867132867133	72048.22377622378	plasma-cell	-256
8395.126213592233	72053.99029126213	plasma-cell	-256
7938.195121951219	72059.36585365854	plasma-cell	-256
8759.622222222222	72070.22222222222	plasma-cell	-256
9504.0	72090.17391304347	plasma-cell	-256
8015.776595744681	72102.67021276595	plasma-cell	-256
9506.164835164836	72102.65934065935	plasma-cell	-256
8057.09	72118.13	plasma-cell	-256
8068.25	72128.17391304347	plasma-cell	-256
8947.132352941177	72127.95588235294	plasma-cell	-256
8225.265306122448	72131.28571428571	plasma-cell	-256
8298.295238095237	72137.97142857143	plasma-cell	-256
8429.797297297297	72138.48648648648	plasma-cell	-256
8912.611111111111	72154.6507936508	plasma-cell	-256
8336.881818181819	72160.77272727272	plasma-cell	-256
8846.876404494382	72179.32584269663	plasma-cell	-256
8963.666666666668	72178.60869565218	plasma-cell	-256
8910.092857142856	72187.12857142858	plasma-cell	-256
8785.366666666667	72188.36666666667	plasma-cell	-256
8831.14406779661	72201.12711864407	plasma-cell	-256
8860.985915492958	72200.33802816902	plasma-cell	-256
8480.333333333334	72203.4	plasma-cell	-256
8785.06976744186	72205.82558139534	plasma-cell	-256
8852.35	72221.2	plasma-cell	-256
8140.308641975309	72230.38271604938	plasma-cell	-256
8624.32	72235.18	plasma-cell	-256
8391.315315315314	72240.76576576577	plasma-cell	-256
8122.05	72242.38333333333	plasma-cell	-256
9562.476923076923	72246.84615384616	plasma-cell	-256
8734.8125	72250.58333333333	plasma-cell	-256
8856.483146067416	72256.05617977527	plasma-cell	-256
8325.049295774648	72265.31690140846	plasma-cell	-256
8852.037974683544	72270.45569620254	plasma-cell	-256
8741.236111111111	72286.75694444444	plasma-cell	-256
8885.521428571428	72287.62857142858	plasma-cell	-256
8745.235294117647	72302.98529411765	plasma-cell	-256
8766.076923076922	72305.93269230769	plasma-cell	-256
8717.45569620253	72341.6329113924	plasma-cell	-256
9547.860869565218	72366.26086956522	plasma-cell	-256
8750.24358974359	72403.89743589744	plasma-cell	-256
8500.247311827956	72407.83870967742	plasma-cell	-256
8232.653333333334	72412.29333333333	plasma-cell	-256
8257.8	72420.9	plasma-cell	-256
8710.985294117647	72494.57352941176	plasma-cell	-256
8325.344262295082	72504.7868852459	plasma-cell	-256
9563.119266055046	72508.67889908257	plasma-cell	-256
9508.10989010989	72512.82417582418	plasma-cell	-256
9621.435643564357	72516.0594059406	plasma-cell	-256
8421.887755102041	72602.69387755102	plasma-cell	-256
8873.973958333332	72607.88020833333	plasma-cell	-256
9411.884210526316	72630.23157894737	plasma-cell	-256
8606.30894308943	72663.73983739837	plasma-cell	-256
8895.734375	72677.0546875	plasma-cell	-256
9684.01935483871	72680.57419354838	plasma-cell	-256
9373.909547738695	72719.1055276382	plasma-cell	-256
8535.724489795919	72716.54081632652	plasma-cell	-256
9357.264516129031	72722.8129032258	plasma-cell	-256
8812.944954128441	72745.47706422018	plasma-cell	-256
8613.567164179105	72746.29850746269	plasma-cell	-256
9312.197044334975	72774.34975369458	plasma-cell	-256
8895.772727272728	72790.69318181818	plasma-cell	-256
8905.702970297029	72800.58415841585	plasma-cell	-256
9456.78021978022	72819.10989010989	plasma-cell	-256
9718.0	72820.26190476191	plasma-cell	-256
9243.385714285714	72825.07142857143	plasma-cell	-256
9495.548672566372	72835.87610619469	plasma-cell	-256
9586.441176470587	72852.30392156863	plasma-cell	-256
9564.418181818182	72858.4	plasma-cell	-256
8866.57627118644	72868.03389830509	plasma-cell	-256
9695.21875	72871.15625	plasma-cell	-256
9174.1875	72874.859375	plasma-cell	-256
9588.862745098038	72871.6862745098	plasma-cell	-256
9446.012195121952	72880.06097560975	plasma-cell	-256
8905.833333333332	72883.42753623189	plasma-cell	-256
9422.628571428571	72887.23809523809	plasma-cell	-256
8854.64406779661	72900.18644067796	plasma-cell	-256
9272.872340425532	72914.3829787234	plasma-cell	-256
9381.887931034482	72920.43103448275	plasma-cell	-256
9248.641304347826	72926.41304347826	plasma-cell	-256
9583.126315789474	72982.81052631579	plasma-cell	-256
9595.786163522012	72991.10062893081	plasma-cell	-256
9040.051282051281	73023.64102564103	plasma-cell	-256
8986.12087912088	73054.20879120879	plasma-cell	-256
9625.155844155845	73090.67532467532	plasma-cell	-256
9075.289655172413	73105.13793103448	plasma-cell	-256
8960.484375	73106.375	plasma-cell	-256
9527.944827586207	73139.82068965517	plasma-cell	-256
9723.25	73140.04545454546	plasma-cell	-256
9229.619834710744	73209.61983471074	plasma-cell	-256
9457.676923076924	73219.10769230769	plasma-cell	-256
9325.638888888889	73249.77777777778	plasma-cell	-256
9427.985185185185	73424.74074074074	plasma-cell	-256
9434.073170731706	73501.35772357724	plasma-cell	-256
9427.254237288136	73538.18644067796	plasma-cell	-256
9636.357723577235	73549.918699187	plasma-cell	-256
9460.288888888888	73551.3111111111	plasma-cell	-256
9493.015151515152	73572.12121212122	plasma-cell	-256
9512.864864864865	73581.86486486487	plasma-cell	-256
14165.892857142857	10278.535714285714	plasma-cell	-256
14217.739726027397	10330.698630136987	plasma-cell	-256
14198.720930232557	10341.93023255814	plasma-cell	-256
14207.218390804599	10367.758620689656	plasma-cell	-256
14176.485981308411	10451.906542056075	plasma-cell	-256
14121.582781456953	10474.264900662252	plasma-cell	-256
14120.95	10503.02	plasma-cell	-256
13693.04	10683.84	plasma-cell	-256
14074.307692307691	10762.298076923076	plasma-cell	-256
14410.531531531531	10813.549549549549	plasma-cell	-256
13991.945945945947	10839.198198198199	plasma-cell	-256
14587.181208053691	10850.375838926175	plasma-cell	-256
14080.085365853658	10860.329268292682	plasma-cell	-256
14094.8875	10865.4125	plasma-cell	-256
14489.188034188035	10892.529914529914	plasma-cell	-256
14230.962962962964	10903.432098765432	plasma-cell	-256
14480.666666666668	10914.577235772358	plasma-cell	-256
14277.225806451614	10927.677419354839	plasma-cell	-256
13946.5593220339	10938.406779661018	plasma-cell	-256
14150.721518987342	10962.481012658227	plasma-cell	-256
14655.773109243697	10962.319327731093	plasma-cell	-256
13979.716049382716	10966.037037037036	plasma-cell	-256
14367.19387755102	10973.724489795919	plasma-cell	-256
13995.350364963504	10981.007299270073	plasma-cell	-256
14069.702702702703	10978.081081081082	plasma-cell	-256
14057.370689655172	10987.51724137931	plasma-cell	-256
14004.466019417476	10998.922330097088	plasma-cell	-256
14075.188235294117	11028.811764705883	plasma-cell	-256
14156.841463414634	11076.646341463415	plasma-cell	-256
14654.42105263158	11091.236842105263	plasma-cell	-256
14384.719424460432	11126.719424460432	plasma-cell	-256
14531.425531914894	11131.27659574468	plasma-cell	-256
14389.060000000001	11180.8	plasma-cell	-256
14545.042105263157	11229.642105263158	plasma-cell	-256
14605.873949579833	11245.042016806723	plasma-cell	-256
14640.663461538461	11323.778846153846	plasma-cell	-256
14600.561797752809	11355.359550561798	plasma-cell	-256
14469.025	11486.391666666666	plasma-cell	-256
14652.420634920636	12173.126984126984	plasma-cell	-256
9757.22619047619	18740.119047619046	plasma-cell	-256
9819.012987012988	18739.01298701299	plasma-cell	-256
9853.22033898305	18817.322033898305	plasma-cell	-256
9883.391304347826	18818.130434782608	plasma-cell	-256
9898.188405797102	18825.115942028984	plasma-cell	-256
10078.359550561798	18913.79775280899	plasma-cell	-256
10158.379310344828	18930.712643678162	plasma-cell	-256
9778.76	18938.666666666664	plasma-cell	-256
9959.03947368421	18939.17105263158	plasma-cell	-256
9991.529411764706	18939.176470588238	plasma-cell	-256
10236.842105263158	18939.035087719298	plasma-cell	-256
9746.369565217392	18941.869565217392	plasma-cell	-256
10253.936170212766	18964.382978723406	plasma-cell	-256
9739.654320987655	18966.95061728395	plasma-cell	-256
10196.420382165605	18969.165605095543	plasma-cell	-256
9797.076923076924	18985.43269230769	plasma-cell	-256
10032.819277108434	19055.56626506024	plasma-cell	-256
9995.388888888889	19059.76388888889	plasma-cell	-256
10243.181818181818	19072.818181818184	plasma-cell	-256
10257.23880597015	19079.26865671642	plasma-cell	-256
10260.183673469388	19103.448979591834	plasma-cell	-256
10299.565217391304	19108.978260869568	plasma-cell	-256
10267.285714285714	19123.79220779221	plasma-cell	-256
9816.792452830188	19136.509433962266	plasma-cell	-256
10277.370967741936	19149.629032258064	plasma-cell	-256
9840.161290322581	19178.274193548386	plasma-cell	-256
10248.404494382023	19660.224719101123	plasma-cell	-256
10543.191780821919	19677.45205479452	plasma-cell	-256
10920.530487804877	19699.79268292683	plasma-cell	-256
11057.670454545454	19801.318181818184	plasma-cell	-256
10994.465753424658	19808.890410958906	plasma-cell	-256
11053.023255813954	19816.79069767442	plasma-cell	-256
10957.32098765432	19905.69135802469	plasma-cell	-256
9841.344370860927	19928.4238410596	plasma-cell	-256
10749.235668789808	19932.089171974523	plasma-cell	-256
10932.908045977012	19929.425287356324	plasma-cell	-256
10412.292452830188	19995.103773584906	plasma-cell	-256
10404.895652173913	20001.93913043478	plasma-cell	-256
6121.404255319148	63672.89361702128	plasma-cell	-256
6378.71875	63679.53125	plasma-cell	-256
6317.615384615385	63750.74358974359	plasma-cell	-256
6531.2110091743125	63884.84403669725	plasma-cell	-256
6522.827586206897	63949.425287356324	plasma-cell	-256
4942.830188679245	64194.056603773584	plasma-cell	-256
4979.053191489362	64246.65957446808	plasma-cell	-256
6512.444444444444	64348.18518518518	plasma-cell	-256
4883.943181818182	64380.454545454544	plasma-cell	-256
4992.1015625	64579.4140625	plasma-cell	-256
5086.929577464789	64633.34507042253	plasma-cell	-256
5101.367346938776	64653.28571428572	plasma-cell	-256
4964.017543859649	65041.21052631579	plasma-cell	-256
6786.295454545454	65135.11363636363	plasma-cell	-256
6669.77108433735	65392.78313253012	plasma-cell	-256
4975.513513513513	65518.06756756757	plasma-cell	-256
6817.482142857143	66273.9375	plasma-cell	-256
6725.167938931298	66279.06106870229	plasma-cell	-256
6518.19540229885	66338.86206896552	plasma-cell	-256
6295.829545454546	66364.09090909091	plasma-cell	-256
7179.877551020409	66367.97959183673	plasma-cell	-256
6739.696629213483	66383.41573033707	plasma-cell	-256
7162.6509433962265	66401.95283018867	plasma-cell	-256
5007.289473684211	66450.48684210527	plasma-cell	-256
5049.55	66534.2	plasma-cell	-256
7360.3	66658.575	plasma-cell	-256
5277.970588235294	66680.94117647059	plasma-cell	-256
5301.617647058823	66721.82352941176	plasma-cell	-256
5981.07438016529	66797.89256198348	plasma-cell	-256
5049.7032967032965	67047.34065934065	plasma-cell	-256
6007.322580645161	67055.64516129032	plasma-cell	-256
5663.48087431694	67104.14754098361	plasma-cell	-256
5922.936507936508	67108.79365079365	plasma-cell	-256
7392.744680851064	67141.74468085106	plasma-cell	-256
7768.891304347826	67149.36956521739	plasma-cell	-256
7620.747252747253	67162.41758241758	plasma-cell	-256
7528.372549019608	67210.09803921569	plasma-cell	-256
7755.526315789473	67211.26315789473	plasma-cell	-256
5126.816666666667	67214.63333333333	plasma-cell	-256
7377.666666666666	67213.4	plasma-cell	-256
7553.695906432748	67219.47953216374	plasma-cell	-256
5501.5625	67248.85714285714	plasma-cell	-256
5537.55223880597	67278.86567164179	plasma-cell	-256
6989.474576271186	67354.27118644067	plasma-cell	-256
5513.340425531915	67385.28723404255	plasma-cell	-256
5508.674796747968	67411.53658536586	plasma-cell	-256
6922.430379746836	67434.65822784811	plasma-cell	-256
6766.473684210527	67456.14035087719	plasma-cell	-256
6731.215384615385	67456.47692307693	plasma-cell	-256
6590.178571428572	67473.5625	plasma-cell	-256
7103.295454545454	67504.34090909091	plasma-cell	-256
7098.666666666666	67508.43137254902	plasma-cell	-256
5504.484126984127	67519.1746031746	plasma-cell	-256
5296.381443298969	67525.17525773196	plasma-cell	-256
6985.861111111111	67526.79166666667	plasma-cell	-256
6803.768115942029	67539.34057971014	plasma-cell	-256
4861.645161290323	67564.53225806452	plasma-cell	-256
5672.31724137931	67571.41379310345	plasma-cell	-256
6515.2	67574.06315789474	plasma-cell	-256
6950.6741573033705	67577.97752808989	plasma-cell	-256
7032.484848484848	67598.04545454546	plasma-cell	-256
6975.921052631578	67610.4298245614	plasma-cell	-256
6374.888888888889	67614.36111111111	plasma-cell	-256
6558.6125	67636.2375	plasma-cell	-256
6819.410714285714	67637.80357142857	plasma-cell	-256
7050.583333333334	67652.26190476191	plasma-cell	-256
6982.216216216217	67671.92567567568	plasma-cell	-256
6348.287356321839	67685.908045977	plasma-cell	-256
6363.208333333333	67687.475	plasma-cell	-256
7686.401639344262	67690.32786885246	plasma-cell	-256
6339.066666666667	67706.56	plasma-cell	-256
5633.590476190477	67707.47619047618	plasma-cell	-256
7002.085470085471	67714.00854700855	plasma-cell	-256
7671.14705882353	67716.64705882352	plasma-cell	-256
7665.885057471264	67722.64367816092	plasma-cell	-256
6975.165217391304	67730.88695652175	plasma-cell	-256
7505.12	67738.936	plasma-cell	-256
7402.946808510638	67735.37234042553	plasma-cell	-256
7324.541176470588	67758.58823529411	plasma-cell	-256
6475.236111111111	67766.43055555556	plasma-cell	-256
6986.039772727272	67784.26136363637	plasma-cell	-256
7547.852631578948	67784.13684210526	plasma-cell	-256
7313.127118644068	67786.77966101695	plasma-cell	-256
7472.259259259259	67791.83950617284	plasma-cell	-256
7423.863636363636	67803.28787878787	plasma-cell	-256
5286.2625	67807.8	plasma-cell	-256
7371.350515463917	67812.23711340207	plasma-cell	-256
7548.546666666667	67814.98666666666	plasma-cell	-256
7403.988636363636	67828.44318181818	plasma-cell	-256
7532.747663551401	67830.07476635514	plasma-cell	-256
7474.581967213115	67839.16393442624	plasma-cell	-256
7459.695035460993	67852.9645390071	plasma-cell	-256
7579.9534883720935	67849.31395348837	plasma-cell	-256
7927.322033898305	67848.33898305085	plasma-cell	-256
7819.96	67853.208	plasma-cell	-256
7918.3828125	67852.4765625	plasma-cell	-256
7317.928571428572	67854.33333333333	plasma-cell	-256
7492.84705882353	67855.81176470588	plasma-cell	-256
7307.090909090909	67861.36363636363	plasma-cell	-256
6442.630434782609	67865.4347826087	plasma-cell	-256
7304.287356321839	67879.4367816092	plasma-cell	-256
6390.2	67885.62352941177	plasma-cell	-256
6225.816513761468	67890.81651376147	plasma-cell	-256
6204.0327868852455	67905.2131147541	plasma-cell	-256
7990.608695652174	67922.55434782608	plasma-cell	-256
6586.013513513513	67925.95945945945	plasma-cell	-256
7303.041666666666	67923.29166666667	plasma-cell	-256
7767.57	67924.68	plasma-cell	-256
6216.429906542056	67929.10280373832	plasma-cell	-256
6219.1463414634145	67950.5	plasma-cell	-256
6156.0	67971.07894736843	plasma-cell	-256
7796.363636363636	67983.06493506493	plasma-cell	-256
6259.895833333333	67992.68229166667	plasma-cell	-256
7778.790697674418	67996.31395348837	plasma-cell	-256
7084.295774647888	68000.94366197183	plasma-cell	-256
6098.044776119403	68001.79104477612	plasma-cell	-256
5562.180790960452	68007.92655367231	plasma-cell	-256
5580.446428571428	68010.08928571429	plasma-cell	-256
7643.123456790123	68014.06172839506	plasma-cell	-256
7541.117647058823	68029.3137254902	plasma-cell	-256
7744.134328358209	68027.35820895522	plasma-cell	-256
7770.0759493670885	68029.21518987342	plasma-cell	-256
5534.592592592593	68036.52777777778	plasma-cell	-256
6427.817204301075	68036.45161290323	plasma-cell	-256
6467.068493150685	68036.65753424658	plasma-cell	-256
7654.0599999999995	68053.07333333333	plasma-cell	-256
7555.8899082568805	68050.70642201835	plasma-cell	-256
5519.866197183099	68051.97183098592	plasma-cell	-256
8135.344262295082	68055.85245901639	plasma-cell	-256
6997.19298245614	68060.59649122808	plasma-cell	-256
7766.290909090909	68059.90909090909	plasma-cell	-256
8095.565217391304	68065.91304347826	plasma-cell	-256
6482.512195121952	68071.37804878049	plasma-cell	-256
7331.670329670329	68072.25274725274	plasma-cell	-256
8119.111111111111	68093.01851851851	plasma-cell	-256
6979.25641025641	68092.63247863248	plasma-cell	-256
5826.895833333333	68102.28125	plasma-cell	-256
6161.842857142858	68098.68571428572	plasma-cell	-256
6495.838235294117	68098.94117647059	plasma-cell	-256
8142.530612244898	68104.1836734694	plasma-cell	-256
6289.838565022422	68110.10762331838	plasma-cell	-256
6406.301369863014	68108.46575342465	plasma-cell	-256
6131.0	68110.5	plasma-cell	-256
6092.5625	68115.02083333333	plasma-cell	-256
6683.422222222222	68115.02222222222	plasma-cell	-256
5781.682926829269	68118.90243902439	plasma-cell	-256
6116.468085106383	68124.26595744681	plasma-cell	-256
6120.54794520548	68136.16438356164	plasma-cell	-256
6557.575757575758	68138.0303030303	plasma-cell	-256
5897.114285714286	68146.08571428571	plasma-cell	-256
6753.5	68145.85483870968	plasma-cell	-256
7049.590909090909	68150.20909090909	plasma-cell	-256
6250.8	68162.92727272728	plasma-cell	-256
6408.569444444444	68159.20833333333	plasma-cell	-256
6209.89	68162.15	plasma-cell	-256
7168.118181818181	68166.57272727272	plasma-cell	-256
6297.005847953216	68174.19883040935	plasma-cell	-256
6231.05	68175.71	plasma-cell	-256
6959.735849056604	68174.89622641509	plasma-cell	-256
7267.268115942029	68183.76086956522	plasma-cell	-256
6281.154285714286	68187.66285714286	plasma-cell	-256
6303.7169811320755	68187.81132075471	plasma-cell	-256
7168.9324324324325	68190.93243243243	plasma-cell	-256
6275.962264150943	68204.32547169812	plasma-cell	-256
7311.530303030303	68215.25757575757	plasma-cell	-256
6132.0	68219.05825242719	plasma-cell	-256
6982.337837837838	68217.05405405405	plasma-cell	-256
6307.219387755102	68235.71428571429	plasma-cell	-256
6281.149253731343	68246.88059701493	plasma-cell	-256
6240.389937106918	68255.08805031446	plasma-cell	-256
4939.355555555556	68269.0	plasma-cell	-256
7511.4094488188975	68287.0157480315	plasma-cell	-256
5097.967741935484	68313.19354838709	plasma-cell	-256
7559.194444444444	68314.74305555556	plasma-cell	-256
7476.611111111111	68318.07777777778	plasma-cell	-256
5614.310344827586	68320.3275862069	plasma-cell	-256
6385.457142857143	68322.95238095238	plasma-cell	-256
6363.511904761905	68322.95238095238	plasma-cell	-256
6330.522388059701	68326.49253731343	plasma-cell	-256
6998.103092783505	68327.17525773196	plasma-cell	-256
7086.235294117647	68340.57843137255	plasma-cell	-256
6725.753424657534	68351.8493150685	plasma-cell	-256
7260.407407407407	68372.66666666667	plasma-cell	-256
6936.869565217392	68382.04347826086	plasma-cell	-256
5884.968085106383	68398.23404255319	plasma-cell	-256
6163.049504950495	68401.08910891089	plasma-cell	-256
5657.579710144928	68412.14492753622	plasma-cell	-256
6489.551724137931	68414.5	plasma-cell	-256
6329.420731707317	68425.14024390244	plasma-cell	-256
6484.181818181818	68424.51818181819	plasma-cell	-256
7591.0	68425.79245283018	plasma-cell	-256
8034.51282051282	68428.84615384616	plasma-cell	-256
5313.078125	68433.828125	plasma-cell	-256
7091.190184049079	68442.11656441717	plasma-cell	-256
8019.109090909091	68441.90909090909	plasma-cell	-256
5329.394736842105	68446.3947368421	plasma-cell	-256
7017.272727272728	68453.65909090909	plasma-cell	-256
6514.516853932584	68467.05617977527	plasma-cell	-256
6818.388888888889	68467.38888888889	plasma-cell	-256
6986.959595959595	68470.77777777778	plasma-cell	-256
7146.96	68469.42	plasma-cell	-256
7662.098591549296	68483.76056338029	plasma-cell	-256
5292.423529411764	68491.8	plasma-cell	-256
5410.0	68492.78070175438	plasma-cell	-256
5444.73417721519	68508.20253164557	plasma-cell	-256
6080.211538461539	68512.44230769231	plasma-cell	-256
4975.171428571429	68524.07142857143	plasma-cell	-256
5274.067415730337	68521.20224719102	plasma-cell	-256
6333.571428571428	68525.03968253967	plasma-cell	-256
5277.0	68530.33333333333	plasma-cell	-256
6354.359375	68536.71875	plasma-cell	-256
6822.58064516129	68538.82258064517	plasma-cell	-256
7045.016129032258	68541.53225806452	plasma-cell	-256
6964.0875	68556.4	plasma-cell	-256
5715.3725490196075	68565.8137254902	plasma-cell	-256
6346.746835443038	68567.94936708861	plasma-cell	-256
6021.467741935484	68570.30645161291	plasma-cell	-256
7009.90625	68571.79166666667	plasma-cell	-256
5258.415584415585	68592.02597402598	plasma-cell	-256
6779.38947368421	68597.78947368421	plasma-cell	-256
7834.3432835820895	68598.64179104478	plasma-cell	-256
7087.173076923077	68608.64423076923	plasma-cell	-256
7013.109756097561	68614.13414634146	plasma-cell	-256
5307.359223300971	68630.40776699029	plasma-cell	-256
7078.225490196079	68634.62745098039	plasma-cell	-256
7585.336363636364	68640.76363636364	plasma-cell	-256
7038.9047619047615	68641.76190476191	plasma-cell	-256
7366.233333333334	68644.73333333334	plasma-cell	-256
6051.698630136986	68644.86301369863	plasma-cell	-256
7066.933333333333	68647.08888888889	plasma-cell	-256
7011.930434782609	68655.84347826087	plasma-cell	-256
7638.509803921568	68657.32352941176	plasma-cell	-256
5312.343434343435	68663.65656565657	plasma-cell	-256
7068.860869565217	68672.77391304348	plasma-cell	-256
6014.948717948718	68673.53846153847	plasma-cell	-256
6298.628205128205	68673.33333333333	plasma-cell	-256
7023.619565217392	68681.59782608696	plasma-cell	-256
7547.924242424242	68681.72727272726	plasma-cell	-256
6133.622222222222	68693.45555555556	plasma-cell	-256
6948.640625	68700.03125	plasma-cell	-256
5322.0114942528735	68712.908045977	plasma-cell	-256
7382.791304347826	68712.58260869565	plasma-cell	-256
7459.459183673469	68714.25510204081	plasma-cell	-256
7501.917647058824	68714.4588235294	plasma-cell	-256
5245.266666666666	68717.13333333333	plasma-cell	-256
5353.2692307692305	68723.29807692308	plasma-cell	-256
6981.284552845529	68728.54471544715	plasma-cell	-256
6090.66037735849	68730.3396226415	plasma-cell	-256
5278.491803278688	68733.13114754099	plasma-cell	-256
7096.1294964028775	68736.58273381295	plasma-cell	-256
6610.563218390805	68740.85057471265	plasma-cell	-256
7167.022222222222	68740.57777777778	plasma-cell	-256
5269.0	68742.0	plasma-cell	-256
5337.10752688172	68758.59139784946	plasma-cell	-256
7469.133333333333	68784.35555555555	plasma-cell	-256
7062.963855421687	68787.60240963855	plasma-cell	-256
6939.694323144105	68799.35807860261	plasma-cell	-256
7835.808823529412	68799.92647058824	plasma-cell	-256
7420.521739130435	68811.01449275363	plasma-cell	-256
7046.136363636364	68824.64393939394	plasma-cell	-256
6714.504950495049	68863.40594059406	plasma-cell	-256
5826.938271604939	68871.09876543209	plasma-cell	-256
6517.493827160493	68875.02469135802	plasma-cell	-256
7207.219178082192	68886.21917808219	plasma-cell	-256
6466.319444444444	68891.79166666667	plasma-cell	-256
6907.774193548387	68940.64516129032	plasma-cell	-256
8079.306451612903	68956.95161290323	plasma-cell	-256
5773.913580246914	68980.38271604938	plasma-cell	-256
6049.239130434782	69006.47101449275	plasma-cell	-256
7127.271186440677	69047.59322033898	plasma-cell	-256
5684.341666666667	69053.775	plasma-cell	-256
5700.067164179105	69084.9104477612	plasma-cell	-256
8450.176470588234	69104.15686274509	plasma-cell	-256
5575.246913580247	69141.90123456791	plasma-cell	-256
5792.483146067416	69161.66292134831	plasma-cell	-256
6135.789473684211	69163.68421052632	plasma-cell	-256
5488.585585585585	69205.75675675676	plasma-cell	-256
7087.184615384615	69203.63076923077	plasma-cell	-256
6655.027397260274	69234.64383561644	plasma-cell	-256
5481.777777777777	69235.72222222222	plasma-cell	-256
5509.931506849315	69243.94520547945	plasma-cell	-256
6715.72131147541	69280.40163934426	plasma-cell	-256
5562.54938271605	69292.91358024691	plasma-cell	-256
7206.576470588236	69305.72941176471	plasma-cell	-256
6668.946666666667	69306.92	plasma-cell	-256
6707.581632653061	69308.61224489796	plasma-cell	-256
7041.65	69326.81	plasma-cell	-256
6515.6024096385545	69343.73493975904	plasma-cell	-256
6593.902777777777	69342.41666666667	plasma-cell	-256
6688.736842105263	69344.1052631579	plasma-cell	-256
9066.552941176471	69359.16470588236	plasma-cell	-256
9102.447761194031	69358.89552238806	plasma-cell	-256
6866.214285714286	69366.70238095238	plasma-cell	-256
6978.9390243902435	69365.58536585365	plasma-cell	-256
7292.388888888889	69372.38888888889	plasma-cell	-256
7981.592592592593	69373.34567901235	plasma-cell	-256
6639.050632911392	69381.44303797468	plasma-cell	-256
6471.856	69392.384	plasma-cell	-256
6619.747368421053	69405.32631578947	plasma-cell	-256
6561.229166666667	69413.02083333333	plasma-cell	-256
6493.140350877193	69415.21052631579	plasma-cell	-256
9248.946428571428	69416.86607142857	plasma-cell	-256
6477.489130434782	69426.70652173914	plasma-cell	-256
6673.542372881356	69427.55932203389	plasma-cell	-256
7179.558441558442	69427.02597402598	plasma-cell	-256
5865.584615384615	69435.01538461538	plasma-cell	-256
9583.428571428572	69435.125	plasma-cell	-256
9616.151785714286	69436.70535714286	plasma-cell	-256
7005.875	69438.984375	plasma-cell	-256
6465.206896551725	69447.75862068965	plasma-cell	-256
6575.8	69449.41111111111	plasma-cell	-256
5874.23	69454.35	plasma-cell	-256
6531.7959183673465	69457.8163265306	plasma-cell	-256
5897.408333333333	69462.24166666667	plasma-cell	-256
5867.514705882353	69462.4705882353	plasma-cell	-256
6307.931034482759	69467.61206896552	plasma-cell	-256
6509.473684210527	69467.62105263158	plasma-cell	-256
6555.4315789473685	69467.54736842104	plasma-cell	-256
5995.7009345794395	69469.29906542056	plasma-cell	-256
6705.579439252337	69474.45794392523	plasma-cell	-256
9630.2	69474.58181818182	plasma-cell	-256
6666.623376623376	69476.44155844155	plasma-cell	-256
5820.0952380952385	69485.90476190476	plasma-cell	-256
9240.946428571428	69498.16964285714	plasma-cell	-256
6541.109090909091	69502.86363636363	plasma-cell	-256
6587.787610619469	69507.45132743364	plasma-cell	-256
6727.05	69506.5625	plasma-cell	-256
9256.942528735632	69512.0459770115	plasma-cell	-256
9388.623188405796	69530.57971014493	plasma-cell	-256
9197.333333333332	69539.21111111112	plasma-cell	-256
6998.26582278481	69542.62025316455	plasma-cell	-256
6784.829268292683	69543.87804878049	plasma-cell	-256
6917.460674157303	69547.46067415731	plasma-cell	-256
6560.806451612903	69548.87096774194	plasma-cell	-256
9499.763157894737	69553.07894736843	plasma-cell	-256
8992.423076923078	69555.01282051281	plasma-cell	-256
6706.140845070422	69559.67605633802	plasma-cell	-256
7045.567796610169	69570.55084745763	plasma-cell	-256
7178.384615384615	69577.11111111111	plasma-cell	-256
7087.66	69599.45	plasma-cell	-256
6807.578947368422	69605.73684210527	plasma-cell	-256
6814.9104477611945	69611.92537313433	plasma-cell	-256
9375.423529411764	69629.63529411764	plasma-cell	-256
9035.336538461539	69630.76923076923	plasma-cell	-256
9211.847826086956	69633.52173913043	plasma-cell	-256
9392.590909090908	69635.16666666667	plasma-cell	-256
6123.194690265487	69640.59292035399	plasma-cell	-256
9189.3417721519	69640.45569620252	plasma-cell	-256
9566.477064220184	69645.70642201835	plasma-cell	-256
9327.552238805969	69659.23134328358	plasma-cell	-256
6017.886363636364	69678.15151515152	plasma-cell	-256
6287.862068965517	69676.7011494253	plasma-cell	-256
9268.52	69674.78	plasma-cell	-256
7051.849206349207	69685.53968253967	plasma-cell	-256
6292.633333333333	69691.25	plasma-cell	-256
7077.721649484536	69710.15463917526	plasma-cell	-256
8488.58695652174	69726.71739130435	plasma-cell	-256
9415.742857142857	69742.51428571428	plasma-cell	-256
6997.3943661971825	69751.61971830986	plasma-cell	-256
9378.972972972973	69772.56756756757	plasma-cell	-256
9407.77922077922	69783.7012987013	plasma-cell	-256
8966.58108108108	69785.14864864865	plasma-cell	-256
9658.084112149532	69790.60747663552	plasma-cell	-256
7047.580357142857	69796.875	plasma-cell	-256
9594.485981308411	69799.14018691589	plasma-cell	-256
9641.29213483146	69815.91573033707	plasma-cell	-256
9622.571428571428	69828.65714285715	plasma-cell	-256
7075.766355140187	69833.04672897197	plasma-cell	-256
7197.685185185185	69841.99074074074	plasma-cell	-256
6965.551020408164	69850.25510204081	plasma-cell	-256
8634.1875	69891.25	plasma-cell	-256
9153.623762376237	69895.67326732673	plasma-cell	-256
8959.818181818182	69907.07272727272	plasma-cell	-256
6987.171875	69927.390625	plasma-cell	-256
6998.175675675676	69931.41891891892	plasma-cell	-256
6900.9	69940.91818181818	plasma-cell	-256
6952.7307692307695	69954.66346153847	plasma-cell	-256
8659.26923076923	69954.48076923077	plasma-cell	-256
7326.455357142857	69960.95535714286	plasma-cell	-256
7038.278481012658	69964.3164556962	plasma-cell	-256
7005.806818181818	69970.625	plasma-cell	-256
9051.87969924812	69981.06766917293	plasma-cell	-256
9006.01052631579	69986.73684210527	plasma-cell	-256
7030.224137931034	69988.62068965517	plasma-cell	-256
7053.429752066116	70002.80165289257	plasma-cell	-256
6596.961038961039	70017.1038961039	plasma-cell	-256
7874.933333333333	70020.26666666666	plasma-cell	-256
7068.581967213115	70035.03278688525	plasma-cell	-256
7325.841463414634	70040.43902439025	plasma-cell	-256
6907.163636363636	70063.38181818182	plasma-cell	-256
6951.293333333333	70122.8	plasma-cell	-256
7454.1057692307695	70167.92307692308	plasma-cell	-256
7054.615384615385	70191.82051282052	plasma-cell	-256
8133.8125	70194.36458333333	plasma-cell	-256
8443.682926829268	70192.9756097561	plasma-cell	-256
8615.670731707316	70216.0731707317	plasma-cell	-256
7018.403361344537	70226.83193277312	plasma-cell	-256
7272.907692307692	70228.0076923077	plasma-cell	-256
7054.428571428572	70255.19047619047	plasma-cell	-256
7041.153846153846	70261.94615384616	plasma-cell	-256
8534.785714285714	70273.75	plasma-cell	-256
7146.09756097561	70281.0243902439	plasma-cell	-256
7300.078947368422	70295.86842105263	plasma-cell	-256
8574.14705882353	70296.45098039215	plasma-cell	-256
7328.95744680851	70304.5744680851	plasma-cell	-256
9326.545454545456	70316.56818181818	plasma-cell	-256
9349.708133971293	70320.02870813398	plasma-cell	-256
7305.747572815534	70328.8640776699	plasma-cell	-256
9263.636363636364	70380.0	plasma-cell	-256
8697.238532110092	70382.6513761468	plasma-cell	-256
7159.533333333333	70405.35	plasma-cell	-256
8435.113821138211	70405.52845528456	plasma-cell	-256
7133.7692307692305	70412.2564102564	plasma-cell	-256
7149.254545454545	70411.8	plasma-cell	-256
7324.571428571428	70444.10989010989	plasma-cell	-256
8827.23076923077	70458.38461538461	plasma-cell	-256
7254.797468354431	70465.69620253165	plasma-cell	-256
7192.395061728395	70473.50617283951	plasma-cell	-256
7260.976744186046	70479.2441860465	plasma-cell	-256
7268.2941176470595	70482.38235294117	plasma-cell	-256
7177.293103448275	70484.25862068965	plasma-cell	-256
7776.931372549019	70498.36274509804	plasma-cell	-256
7751.645161290322	70503.12903225806	plasma-cell	-256
7378.975206611571	70537.21487603306	plasma-cell	-256
9119.927419354839	70542.08870967742	plasma-cell	-256
7523.963414634147	70549.9512195122	plasma-cell	-256
14463.539130434783	2637.4	plasma-cell	-256
14434.55652173913	2640.791304347826	plasma-cell	-256
14414.212765957447	2664.9574468085107	plasma-cell	-256
14601.904761904761	2670.535714285714	plasma-cell	-256
14472.742574257427	2694.940594059406	plasma-cell	-256
14512.5223880597	2696.089552238806	plasma-cell	-256
14491.563636363637	2712.109090909091	plasma-cell	-256
14455.121739130434	2724.965217391304	plasma-cell	-256
14464.811320754718	2771.2169811320755	plasma-cell	-256
14575.043956043955	2774.4615384615386	plasma-cell	-256
14524.238805970148	2782.0597014925374	plasma-cell	-256
14473.721649484536	2802.226804123711	plasma-cell	-256
14455.768421052631	2806.463157894737	plasma-cell	-256
14428.68275862069	2810.8206896551724	plasma-cell	-256
14483.663366336634	2817.7128712871286	plasma-cell	-256
14493.557894736841	2822.0	plasma-cell	-256
14551.278846153846	2834.576923076923	plasma-cell	-256
14584.864864864865	2864.0810810810813	plasma-cell	-256
14614.379310344828	2863.32183908046	plasma-cell	-256
14623.540229885057	2875.9885057471265	plasma-cell	-256
14624.732673267326	2899.6930693069307	plasma-cell	-256
14625.711111111112	2935.4333333333334	plasma-cell	-256
14498.5	2939.5	plasma-cell	-256
14647.189999999999	2995.04	plasma-cell	-256
14331.171717171717	3002.10101010101	plasma-cell	-256
14464.031578947368	3006.2526315789473	plasma-cell	-256
14284.25	3008.625	plasma-cell	-256
14256.261904761905	3058.7619047619046	plasma-cell	-256
14531.598130841121	3058.822429906542	plasma-cell	-256
14089.215189873417	3094.1265822784812	plasma-cell	-256
14128.128205128205	3102.042735042735	plasma-cell	-256
14196.21875	3123.53125	plasma-cell	-256
14516.263513513513	3156.6554054054054	plasma-cell	-256
14178.044444444444	3182.0555555555557	plasma-cell	-256
14421.378151260506	3182.840336134454	plasma-cell	-256
14477.6875	3189.25	plasma-cell	-256
14588.884955752212	3224.221238938053	plasma-cell	-256
14289.772151898735	3226.2025316455697	plasma-cell	-256
14317.21052631579	3230.6447368421054	plasma-cell	-256
14300.786407766991	3267.0582524271845	plasma-cell	-256
14358.05633802817	3280.2676056338028	plasma-cell	-256
13844.035928143712	3307.0778443113772	plasma-cell	-256
14211.191919191919	3325.8888888888887	plasma-cell	-256
14100.316326530612	3347.408163265306	plasma-cell	-256
14063.741176470588	3356.4117647058824	plasma-cell	-256
14124.426966292136	3363.887640449438	plasma-cell	-256
14413.060240963856	3392.3012048192772	plasma-cell	-256
14356.808510638297	3411.872340425532	plasma-cell	-256
13441.19266055046	3434.8348623853212	plasma-cell	-256
14309.813333333334	3467.32	plasma-cell	-256
14118.22340425532	3471.2340425531916	plasma-cell	-256
14021.375	3486.0865384615386	plasma-cell	-256
14295.397590361445	3489.9036144578313	plasma-cell	-256
13948.920454545456	3492.875	plasma-cell	-256
13997.125	3535.5714285714284	plasma-cell	-256
14362.617021276596	3552.1382978723404	plasma-cell	-256
13670.959183673469	3553.5	plasma-cell	-256
13607.715025906735	3586.435233160622	plasma-cell	-256
13435.465909090908	3619.340909090909	plasma-cell	-256
13301.128712871287	3645.1881188118814	plasma-cell	-256
14553.343434343435	3644.5656565656564	plasma-cell	-256
13324.04347826087	3657.6521739130435	plasma-cell	-256
12830.307692307691	3665.6923076923076	plasma-cell	-256
14339.158536585366	3667.243902439024	plasma-cell	-256
13479.788461538461	3690.1346153846152	plasma-cell	-256
13646.025	3705.9375	plasma-cell	-256
13638.611111111111	3712.3888888888887	plasma-cell	-256
13415.666666666666	3728.0925925925926	plasma-cell	-256
13824.84375	3745.625	plasma-cell	-256
14612.672897196262	3761.7570093457944	plasma-cell	-256
14441.14953271028	3770.214953271028	plasma-cell	-256
13547.970149253732	3773.194029850746	plasma-cell	-256
14620.126984126984	3780.8492063492063	plasma-cell	-256
14116.360465116279	3781.720930232558	plasma-cell	-256
12959.47311827957	3791.6344086021504	plasma-cell	-256
13560.953846153847	3796.0461538461536	plasma-cell	-256
13538.542056074766	3800.03738317757	plasma-cell	-256
13506.253333333334	3809.12	plasma-cell	-256
13749.983870967742	3806.935483870968	plasma-cell	-256
13368.474137931034	3818.5172413793102	plasma-cell	-256
13599.217821782178	3825.6633663366338	plasma-cell	-256
13615.828282828283	3823.89898989899	plasma-cell	-256
13619.25641025641	3838.8888888888887	plasma-cell	-256
13530.642857142857	3838.9285714285716	plasma-cell	-256
13597.057692307691	3842.3653846153848	plasma-cell	-256
13503.186666666666	3843.5066666666667	plasma-cell	-256
13478.740384615385	3846.0096153846152	plasma-cell	-256
13268.323943661971	3846.0985915492956	plasma-cell	-256
12878.372340425532	3850.9893617021276	plasma-cell	-256
12893.073529411766	3848.279411764706	plasma-cell	-256
13710.990476190476	3858.361904761905	plasma-cell	-256
14171.904347826086	3859.9478260869564	plasma-cell	-256
12900.764150943396	3865.7264150943397	plasma-cell	-256
12891.988235294117	3872.505882352941	plasma-cell	-256
12797.756521739131	3879.104347826087	plasma-cell	-256
13922.245762711864	3884.686440677966	plasma-cell	-256
12844.73275862069	3890.5344827586205	plasma-cell	-256
13553.818897637795	3890.181102362205	plasma-cell	-256
14081.271604938273	3898.1234567901233	plasma-cell	-256
14623.84	3904.52	plasma-cell	-256
14118.29357798165	3905.5229357798166	plasma-cell	-256
14191.090395480227	3908.3502824858756	plasma-cell	-256
13437.75	3910.35	plasma-cell	-256
14081.272727272728	3912.688311688312	plasma-cell	-256
12482.426666666666	3914.733333333333	plasma-cell	-256
14304.323809523808	3916.295238095238	plasma-cell	-256
13536.333333333334	3926.0694444444443	plasma-cell	-256
12786.792682926829	3930.3536585365855	plasma-cell	-256
13592.5	3927.1111111111113	plasma-cell	-256
13146.216216216217	3933.5315315315315	plasma-cell	-256
13636.446601941749	3935.378640776699	plasma-cell	-256
14113.236559139785	3935.956989247312	plasma-cell	-256
14075.677966101695	3945.0677966101694	plasma-cell	-256
14320.801980198019	3952.1188118811883	plasma-cell	-256
14106.138888888889	3958.6111111111113	plasma-cell	-256
13073.232323232323	3963.848484848485	plasma-cell	-256
12739.327433628318	3975.150442477876	plasma-cell	-256
14100.89705882353	3972.4411764705883	plasma-cell	-256
14104.58695652174	3978.913043478261	plasma-cell	-256
14299.23595505618	3977.6516853932585	plasma-cell	-256
13453.467741935485	3998.532258064516	plasma-cell	-256
12578.157142857142	3999.842857142857	plasma-cell	-256
13855.638888888889	4002.875	plasma-cell	-256
14259.752475247526	4009.920792079208	plasma-cell	-256
14286.840909090908	4009.590909090909	plasma-cell	-256
12608.5	4015.5	plasma-cell	-256
13418.214953271028	4023.1682242990655	plasma-cell	-256
13502.347826086956	4022.4565217391305	plasma-cell	-256
12599.333333333334	4028.6666666666665	plasma-cell	-256
12552.363636363636	4032.7727272727275	plasma-cell	-256
14069.892156862745	4031.549019607843	plasma-cell	-256
12616.890243902439	4035.5853658536585	plasma-cell	-256
13728.131868131868	4033.901098901099	plasma-cell	-256
12777.938775510203	4034.9897959183672	plasma-cell	-256
12746.1875	4043.921875	plasma-cell	-256
13489.453333333333	4040.9466666666667	plasma-cell	-256
13476.329411764706	4049.705882352941	plasma-cell	-256
12870.512195121952	4053.7479674796746	plasma-cell	-256
12791.0206185567	4056.9896907216494	plasma-cell	-256
12756.427272727273	4060.9363636363637	plasma-cell	-256
13718.282608695652	4067.032608695652	plasma-cell	-256
14346.883333333333	4069.2833333333333	plasma-cell	-256
14525.632183908045	4069.114942528736	plasma-cell	-256
14096.5	4069.5	plasma-cell	-256
13370.836363636365	4075.7	plasma-cell	-256
12616.422018348625	4075.4862385321103	plasma-cell	-256
12795.840909090908	4075.318181818182	plasma-cell	-256
13457.90322580645	4078.2258064516127	plasma-cell	-256
13593.377777777778	4080.822222222222	plasma-cell	-256
13488.534246575342	4084.0	plasma-cell	-256
12808.869565217392	4085.965217391304	plasma-cell	-256
13720.74025974026	4088.194805194805	plasma-cell	-256
13703.272727272728	4095.2323232323233	plasma-cell	-256
14542.090909090908	4102.545454545455	plasma-cell	-256
12611.971962616823	4106.158878504673	plasma-cell	-256
12624.383333333333	4110.6	plasma-cell	-256
13659.547770700638	4111.3057324840765	plasma-cell	-256
13407.65	4111.0875	plasma-cell	-256
13394.52380952381	4120.523809523809	plasma-cell	-256
14031.58914728682	4128.023255813953	plasma-cell	-256
13234.387096774193	4131.830645161291	plasma-cell	-256
13482.6875	4126.7	plasma-cell	-256
14033.318181818182	4136.772727272727	plasma-cell	-256
13723.848484848484	4146.313131313132	plasma-cell	-256
13276.25	4153.625	plasma-cell	-256
14005.756756756757	4161.414414414415	plasma-cell	-256
13319.83116883117	4164.012987012987	plasma-cell	-256
13588.138211382113	4176.829268292683	plasma-cell	-256
13984.252100840336	4185.4789915966385	plasma-cell	-256
13599.860465116279	4195.395348837209	plasma-cell	-256
13285.551724137931	4201.9655172413795	plasma-cell	-256
12412.342105263158	4207.289473684211	plasma-cell	-256
12433.810344827587	4208.896551724138	plasma-cell	-256
14585.3875	4217.525	plasma-cell	-256
13796.26213592233	4222.0873786407765	plasma-cell	-256
13482.952000000001	4222.816	plasma-cell	-256
13537.672897196262	4222.102803738318	plasma-cell	-256
13513.608108108108	4224.581081081081	plasma-cell	-256
14590.622950819672	4223.770491803279	plasma-cell	-256
12442.491803278688	4229.081967213115	plasma-cell	-256
14041.089552238805	4229.895522388059	plasma-cell	-256
13320.289156626506	4232.493975903614	plasma-cell	-256
12996.569444444445	4238.180555555556	plasma-cell	-256
13134.443037974685	4241.101265822785	plasma-cell	-256
13764.918181818182	4244.354545454546	plasma-cell	-256
14577.96551724138	4252.770114942528	plasma-cell	-256
13533.267326732674	4253.544554455446	plasma-cell	-256
13815.488372093023	4254.604651162791	plasma-cell	-256
13352.268292682927	4259.0	plasma-cell	-256
13511.78125	4260.484375	plasma-cell	-256
13096.048387096775	4269.177419354839	plasma-cell	-256
12931.01030927835	4271.309278350515	plasma-cell	-256
13097.196721311475	4278.262295081967	plasma-cell	-256
13339.861702127659	4286.393617021276	plasma-cell	-256
13361.777777777777	4283.777777777777	plasma-cell	-256
13258.944444444445	4289.0462962962965	plasma-cell	-256
13160.197802197803	4296.087912087912	plasma-cell	-256
13285.02564102564	4300.025641025641	plasma-cell	-256
12277.4125	4305.4	plasma-cell	-256
13310.5	4304.535714285715	plasma-cell	-256
13297.2	4319.327272727272	plasma-cell	-256
14574.628205128205	4320.846153846154	plasma-cell	-256
12929.894736842105	4322.789473684211	plasma-cell	-256
13139.830188679245	4323.933962264151	plasma-cell	-256
13701.787401574802	4326.244094488189	plasma-cell	-256
13742.784615384615	4327.246153846154	plasma-cell	-256
13262.932432432433	4327.783783783784	plasma-cell	-256
13401.122222222222	4333.866666666667	plasma-cell	-256
13426.931034482759	4332.701149425287	plasma-cell	-256
13436.875	4329.333333333333	plasma-cell	-256
12766.084507042253	4335.929577464789	plasma-cell	-256
13463.333333333334	4336.115942028986	plasma-cell	-256
12706.657142857142	4346.057142857143	plasma-cell	-256
12703.557692307691	4355.942307692308	plasma-cell	-256
12907.83870967742	4353.258064516129	plasma-cell	-256
13430.489361702128	4361.925531914893	plasma-cell	-256
12668.388349514564	4364.0485436893205	plasma-cell	-256
13258.146788990825	4378.834862385321	plasma-cell	-256
13186.426229508197	4388.2786885245905	plasma-cell	-256
13216.767123287671	4400.890410958904	plasma-cell	-256
12517.9898989899	4404.818181818182	plasma-cell	-256
12337.464646464647	4410.888888888889	plasma-cell	-256
13479.0	4412.312	plasma-cell	-256
13349.617647058823	4419.85294117647	plasma-cell	-256
13225.538461538461	4422.153846153846	plasma-cell	-256
12746.782178217822	4436.980198019802	plasma-cell	-256
13421.486486486487	4444.540540540541	plasma-cell	-256
13483.0	4460.4857142857145	plasma-cell	-256
12910.9375	4461.6875	plasma-cell	-256
13639.282442748092	4463.343511450382	plasma-cell	-256
12711.27659574468	4485.106382978724	plasma-cell	-256
13407.542857142857	4496.542857142857	plasma-cell	-256
13600.41121495327	4499.8317757009345	plasma-cell	-256
14010.831896551725	4537.793103448276	plasma-cell	-256
13206.659574468085	4533.723404255319	plasma-cell	-256
12786.343434343435	4550.020202020202	plasma-cell	-256
12736.802919708029	4556.890510948905	plasma-cell	-256
12712.348484848484	4566.19696969697	plasma-cell	-256
12730.774193548386	4569.967741935484	plasma-cell	-256
12917.107142857143	4570.630952380952	plasma-cell	-256
12469.075268817203	4589.247311827957	plasma-cell	-256
12636.46	4621.72	plasma-cell	-256
13544.359550561798	4628.955056179775	plasma-cell	-256
14065.133333333333	4628.1866666666665	plasma-cell	-256
12729.986111111111	4630.611111111111	plasma-cell	-256
12557.264150943396	4645.566037735849	plasma-cell	-256
12958.938144329897	4659.59793814433	plasma-cell	-256
12750.493975903615	4660.313253012048	plasma-cell	-256
12904.89705882353	4673.183823529412	plasma-cell	-256
12604.092307692308	4675.492307692308	plasma-cell	-256
13520.072727272727	4684.690909090909	plasma-cell	-256
12741.73076923077	4686.557692307692	plasma-cell	-256
14064.982456140351	4700.175438596491	plasma-cell	-256
13486.3984375	4703.6484375	plasma-cell	-256
12539.254545454545	4704.163636363636	plasma-cell	-256
12609.328571428572	4706.4	plasma-cell	-256
12643.159663865546	4712.176470588235	plasma-cell	-256
12968.041237113403	4709.7525773195875	plasma-cell	-256
13529.223684210527	4714.9473684210525	plasma-cell	-256
12765.357798165138	4717.45871559633	plasma-cell	-256
13523.795918367347	4720.530612244898	plasma-cell	-256
12654.956043956045	4738.186813186813	plasma-cell	-256
12716.54054054054	4751.527027027027	plasma-cell	-256
12591.228070175439	4754.982456140351	plasma-cell	-256
12978.783783783783	4758.635135135135	plasma-cell	-256
14474.515151515152	4770.727272727273	plasma-cell	-256
14159.268041237114	4775.783505154639	plasma-cell	-256
13552.133757961783	4787.598726114649	plasma-cell	-256
14134.380530973453	4785.920353982301	plasma-cell	-256
12680.670588235294	4786.964705882353	plasma-cell	-256
14167.191304347827	4791.817391304347	plasma-cell	-256
13454.989130434782	4796.260869565217	plasma-cell	-256
12766.7	4803.8	plasma-cell	-256
14197.617391304348	4812.165217391304	plasma-cell	-256
13452.9776119403	4820.358208955224	plasma-cell	-256
12614.854838709678	4821.709677419355	plasma-cell	-256
12612.689655172413	4844.706896551724	plasma-cell	-256
12391.333333333334	4860.380952380952	plasma-cell	-256
12476.720930232557	4872.720930232558	plasma-cell	-256
12698.745762711864	4872.813559322034	plasma-cell	-256
12502.5421686747	4877.939759036145	plasma-cell	-256
13610.837837837838	4886.4324324324325	plasma-cell	-256
12526.471698113208	4899.6509433962265	plasma-cell	-256
13476.396551724138	4908.30459770115	plasma-cell	-256
12935.132352941177	4920.191176470588	plasma-cell	-256
12511.136363636364	4925.045454545455	plasma-cell	-256
12449.416666666666	4938.880952380952	plasma-cell	-256
12607.8125	4942.484375	plasma-cell	-256
12628.16883116883	4947.701298701299	plasma-cell	-256
12587.744444444445	4954.8	plasma-cell	-256
14365.225806451614	4954.8387096774195	plasma-cell	-256
12503.529411764706	4958.7764705882355	plasma-cell	-256
13475.642276422765	4959.634146341464	plasma-cell	-256
12543.195652173912	4966.304347826087	plasma-cell	-256
12540.783333333333	4975.366666666667	plasma-cell	-256
12526.772151898735	4982.7468354430375	plasma-cell	-256
12584.231481481482	4984.87962962963	plasma-cell	-256
12714.925	4984.8	plasma-cell	-256
12712.739130434782	4993.608695652174	plasma-cell	-256
12591.0625	4996.671875	plasma-cell	-256
12622.074074074073	4999.777777777777	plasma-cell	-256
13574.938053097345	5017.58407079646	plasma-cell	-256
12504.29411764706	5022.176470588235	plasma-cell	-256
13632.093023255813	5026.325581395349	plasma-cell	-256
13623.801470588234	5046.889705882353	plasma-cell	-256
12684.708860759494	5053.012658227848	plasma-cell	-256
13452.21212121212	5059.478787878787	plasma-cell	-256
13600.797101449276	5060.949275362319	plasma-cell	-256
12960.007299270073	5082.153284671533	plasma-cell	-256
12620.373134328358	5092.194029850746	plasma-cell	-256
13696.928571428572	5092.9375	plasma-cell	-256
14126.264367816093	5093.287356321839	plasma-cell	-256
12711.25	5093.325	plasma-cell	-256
12988.024390243903	5099.252032520325	plasma-cell	-256
13465.530769230769	5099.6461538461535	plasma-cell	-256
14111.287128712871	5103.178217821782	plasma-cell	-256
12704.634146341463	5117.528455284553	plasma-cell	-256
13523.357142857143	5115.007142857143	plasma-cell	-256
12556.03448275862	5115.459770114942	plasma-cell	-256
12710.890510948906	5132.394160583942	plasma-cell	-256
13493.7	5132.975	plasma-cell	-256
12608.490566037735	5135.056603773585	plasma-cell	-256
12588.88785046729	5135.644859813084	plasma-cell	-256
12620.71875	5146.552083333333	plasma-cell	-256
13450.916666666666	5157.958333333333	plasma-cell	-256
12719.724770642202	5162.54128440367	plasma-cell	-256
13259.471590909092	5171.596590909091	plasma-cell	-256
13279.176470588234	5168.941176470588	plasma-cell	-256
13360.481481481482	5172.543209876543	plasma-cell	-256
13382.733333333334	5170.884848484849	plasma-cell	-256
12557.71	5174.22	plasma-cell	-256
13641.615384615385	5176.0641025641025	plasma-cell	-256
13739.142857142857	5179.685714285714	plasma-cell	-256
12610.952054794521	5182.623287671233	plasma-cell	-256
13356.370967741936	5185.3387096774195	plasma-cell	-256
12554.988235294117	5190.552941176471	plasma-cell	-256
13678.90410958904	5190.890410958904	plasma-cell	-256
13741.167785234898	5196.503355704698	plasma-cell	-256
12613.91489361702	5196.074468085107	plasma-cell	-256
12568.422680412372	5205.917525773196	plasma-cell	-256
12575.49074074074	5216.398148148148	plasma-cell	-256
12529.633333333333	5223.15	plasma-cell	-256
12491.434782608696	5229.449275362319	plasma-cell	-256
12510.970588235294	5233.117647058823	plasma-cell	-256
12588.122448979591	5235.928571428572	plasma-cell	-256
14426.491071428572	5247.160714285715	plasma-cell	-256
12577.396551724138	5256.1551724137935	plasma-cell	-256
12699.677777777779	5262.222222222223	plasma-cell	-256
12598.842857142858	5268.928571428572	plasma-cell	-256
13615.126984126984	5285.722222222223	plasma-cell	-256
12589.604166666666	5301.239583333333	plasma-cell	-256
12857.166666666666	5306.626984126984	plasma-cell	-256
12599.104166666666	5303.708333333333	plasma-cell	-256
12777.866071428572	5356.696428571428	plasma-cell	-256
12623.32183908046	5366.0344827586205	plasma-cell	-256
14060.51968503937	5373.826771653543	plasma-cell	-256
12618.592592592593	5384.493827160494	plasma-cell	-256
12645.05	5389.5625	plasma-cell	-256
12577.048192771084	5407.036144578313	plasma-cell	-256
12521.052631578947	5414.8421052631575	plasma-cell	-256
12621.328767123288	5415.534246575343	plasma-cell	-256
12529.075757575758	5420.818181818182	plasma-cell	-256
12591.836363636365	5423.863636363636	plasma-cell	-256
12670.328947368422	5425.9078947368425	plasma-cell	-256
12737.772727272728	5450.534090909091	plasma-cell	-256
12634.327586206897	5499.870689655172	plasma-cell	-256
12861.918367346938	5509.693877551021	plasma-cell	-256
12873.052631578947	5530.929824561404	plasma-cell	-256
12658.464285714286	5550.821428571428	plasma-cell	-256
12758.41935483871	5554.05376344086	plasma-cell	-256
13027.883333333333	5554.758333333333	plasma-cell	-256
12821.72	5559.064	plasma-cell	-256
13007.737373737375	5566.313131313132	plasma-cell	-256
12732.377049180328	5573.622950819672	plasma-cell	-256
13923.482269503547	5585.063829787234	plasma-cell	-256
12596.442105263159	5605.284210526316	plasma-cell	-256
12674.486486486487	5667.828828828829	plasma-cell	-256
13021.527777777777	5678.958333333333	plasma-cell	-256
13056.079365079366	5709.841269841269	plasma-cell	-256
12904.584415584415	5712.649350649351	plasma-cell	-256
12761.340909090908	5719.0	plasma-cell	-256
12967.9	5729.775	plasma-cell	-256
12592.010752688173	5737.387096774193	plasma-cell	-256
12744.462962962964	5747.759259259259	plasma-cell	-256
12902.27868852459	5759.327868852459	plasma-cell	-256
12964.354838709678	5762.548387096775	plasma-cell	-256
12976.603053435114	5763.106870229008	plasma-cell	-256
12735.518518518518	5763.037037037037	plasma-cell	-256
12752.477477477478	5768.738738738739	plasma-cell	-256
13199.096296296297	5773.762962962963	plasma-cell	-256
12677.816666666666	5779.816666666667	plasma-cell	-256
13069.908256880733	5784.146788990825	plasma-cell	-256
12968.545454545454	5789.272727272727	plasma-cell	-256
13075.053571428572	5800.678571428572	plasma-cell	-256
12993.431034482759	5805.551724137931	plasma-cell	-256
13164.071428571428	5810.452380952381	plasma-cell	-256
12956.153153153153	5831.1621621621625	plasma-cell	-256
13191.924731182797	5840.956989247312	plasma-cell	-256
12661.611940298508	5842.149253731343	plasma-cell	-256
14205.524590163935	5845.737704918033	plasma-cell	-256
14188.17142857143	5848.785714285715	plasma-cell	-256
13227.0	5864.5	plasma-cell	-256
14232.84677419355	5868.508064516129	plasma-cell	-256
12911.623188405796	5900.231884057971	plasma-cell	-256
13233.030769230769	5932.8	plasma-cell	-256
12704.757763975154	5957.888198757764	plasma-cell	-256
12688.0	5977.0	plasma-cell	-256
13808.979591836734	5977.326530612245	plasma-cell	-256
12973.577777777777	6010.688888888889	plasma-cell	-256
13552.283464566928	6009.826771653543	plasma-cell	-256
13318.839285714286	6021.821428571428	plasma-cell	-256
13012.65693430657	6041.394160583942	plasma-cell	-256
13281.466666666667	6067.4	plasma-cell	-256
13423.901840490798	6070.0920245398775	plasma-cell	-256
13332.610169491525	6078.28813559322	plasma-cell	-256
13490.46551724138	6078.043103448276	plasma-cell	-256
13385.715596330276	6083.94495412844	plasma-cell	-256
13450.218487394959	6087.798319327731	plasma-cell	-256
13458.78947368421	6102.956140350877	plasma-cell	-256
13279.193277310924	6105.512605042017	plasma-cell	-256
13435.928571428572	6115.902597402597	plasma-cell	-256
12957.082352941175	6129.435294117647	plasma-cell	-256
13513.030172413793	6134.021551724138	plasma-cell	-256
13409.284263959391	6131.9796954314725	plasma-cell	-256
12909.708333333334	6141.388888888889	plasma-cell	-256
12918.443708609271	6147.6291390728475	plasma-cell	-256
13505.0	6150.567901234568	plasma-cell	-256
13398.333333333334	6211.660714285715	plasma-cell	-256
12711.251968503937	6223.070866141732	plasma-cell	-256
14183.315789473683	6229.590643274853	plasma-cell	-256
13522.1	6235.091666666666	plasma-cell	-256
12676.91129032258	6251.1612903225805	plasma-cell	-256
12072.91935483871	6259.032258064516	plasma-cell	-256
13577.86567164179	6274.6567164179105	plasma-cell	-256
12690.575	6278.575	plasma-cell	-256
12151.21875	6279.78125	plasma-cell	-256
13589.714285714286	6281.633928571428	plasma-cell	-256
13483.696078431372	6281.8725490196075	plasma-cell	-256
12791.571428571428	6287.803571428572	plasma-cell	-256
12713.506849315068	6311.191780821918	plasma-cell	-256
13781.43023255814	6319.569767441861	plasma-cell	-256
13807.558333333334	6315.775	plasma-cell	-256
13786.7125	6365.08125	plasma-cell	-256
13668.348214285714	6365.803571428572	plasma-cell	-256
12804.691588785046	6366.14953271028	plasma-cell	-256
13772.08108108108	6374.256756756757	plasma-cell	-256
12824.952380952382	6376.253968253968	plasma-cell	-256
12928.644444444444	6410.7555555555555	plasma-cell	-256
12956.276315789473	6416.473684210527	plasma-cell	-256
14226.295454545456	6418.102272727273	plasma-cell	-256
13034.367741935484	6420.335483870967	plasma-cell	-256
13534.962406015038	6421.255639097744	plasma-cell	-256
13834.182432432433	6421.243243243243	plasma-cell	-256
14204.139130434782	6426.8	plasma-cell	-256
14256.732558139534	6428.732558139535	plasma-cell	-256
12787.261538461538	6434.0615384615385	plasma-cell	-256
13736.7875	6436.8625	plasma-cell	-256
13736.312977099236	6451.435114503817	plasma-cell	-256
12108.045454545454	6461.136363636364	plasma-cell	-256
14049.81081081081	6469.364864864865	plasma-cell	-256
14189.609375	6480.8828125	plasma-cell	-256
13636.635514018692	6485.794392523365	plasma-cell	-256
13747.421875	6488.130208333333	plasma-cell	-256
13620.844594594595	6497.777027027027	plasma-cell	-256
13648.61403508772	6499.0526315789475	plasma-cell	-256
13969.207207207208	6498.936936936937	plasma-cell	-256
13697.4776119403	6520.477611940299	plasma-cell	-256
13677.455284552845	6528.951219512195	plasma-cell	-256
13773.232142857143	6529.357142857143	plasma-cell	-256
14392.65625	6530.125	plasma-cell	-256
13825.44347826087	6536.982608695652	plasma-cell	-256
13783.635714285714	6540.871428571429	plasma-cell	-256
13806.456	6539.432	plasma-cell	-256
13856.2	6542.7	plasma-cell	-256
13878.897196261682	6543.065420560748	plasma-cell	-256
14286.932989690722	6547.958762886598	plasma-cell	-256
13815.369565217392	6546.45652173913	plasma-cell	-256
14130.504065040652	6551.691056910569	plasma-cell	-256
14412.054347826088	6551.076086956522	plasma-cell	-256
13780.088888888888	6558.5888888888885	plasma-cell	-256
13791.5703125	6568.46875	plasma-cell	-256
13907.598484848484	6572.80303030303	plasma-cell	-256
13654.144927536232	6585.347826086957	plasma-cell	-256
13914.073170731706	6594.756097560976	plasma-cell	-256
13985.43	6593.63	plasma-cell	-256
13666.6408839779	6602.591160220994	plasma-cell	-256
13685.44859813084	6613.485981308411	plasma-cell	-256
13828.75221238938	6613.8938053097345	plasma-cell	-256
13913.985507246376	6613.173913043478	plasma-cell	-256
13742.881188118812	6617.455445544554	plasma-cell	-256
13928.678571428572	6619.9375	plasma-cell	-256
14295.67889908257	6620.5504587155965	plasma-cell	-256
13735.302752293577	6629.54128440367	plasma-cell	-256
14209.677018633542	6644.76397515528	plasma-cell	-256
13666.704225352112	6648.605633802817	plasma-cell	-256
13727.719696969696	6648.265151515152	plasma-cell	-256
14267.216216216217	6649.576576576576	plasma-cell	-256
13717.550458715596	6655.119266055046	plasma-cell	-256
13766.253731343284	6663.537313432836	plasma-cell	-256
14245.829787234043	6663.815602836879	plasma-cell	-256
14357.832298136647	6673.347826086957	plasma-cell	-256
13167.507772020726	6678.176165803109	plasma-cell	-256
13896.105263157895	6674.4473684210525	plasma-cell	-256
13782.209677419356	6682.395161290323	plasma-cell	-256
14346.283582089553	6684.126865671642	plasma-cell	-256
13196.490196078432	6686.637254901961	plasma-cell	-256
14371.295454545456	6698.689393939394	plasma-cell	-256
14205.21875	6709.364583333333	plasma-cell	-256
14285.926605504588	6705.366972477064	plasma-cell	-256
14317.970588235294	6713.014705882353	plasma-cell	-256
13189.597701149425	6718.471264367816	plasma-cell	-256
14370.7950310559	6718.447204968944	plasma-cell	-256
12680.163265306122	6720.040816326531	plasma-cell	-256
13154.587786259543	6726.137404580153	plasma-cell	-256
13179.222222222223	6724.262626262626	plasma-cell	-256
13783.255319148935	6723.308510638298	plasma-cell	-256
14044.753246753247	6736.727272727273	plasma-cell	-256
14204.117647058823	6741.080882352941	plasma-cell	-256
14355.618181818183	6738.536363636364	plasma-cell	-256
14105.113636363636	6746.375	plasma-cell	-256
14250.547619047618	6748.5317460317465	plasma-cell	-256
13806.21551724138	6750.646551724138	plasma-cell	-256
14418.694915254237	6752.5	plasma-cell	-256
14292.129032258064	6754.924731182796	plasma-cell	-256
14349.62643678161	6758.666666666667	plasma-cell	-256
13828.184615384616	6759.215384615384	plasma-cell	-256
14109.926829268294	6763.861788617886	plasma-cell	-256
14314.709677419356	6762.612903225807	plasma-cell	-256
13796.18045112782	6769.203007518797	plasma-cell	-256
13220.213836477988	6776.540880503145	plasma-cell	-256
14297.937007874016	6774.834645669292	plasma-cell	-256
14381.196581196582	6772.991452991453	plasma-cell	-256
14282.946428571428	6784.517857142857	plasma-cell	-256
14213.67901234568	6794.086419753086	plasma-cell	-256
14041.196078431372	6812.058823529412	plasma-cell	-256
14286.884615384615	6813.025641025641	plasma-cell	-256
14053.206106870228	6823.503816793893	plasma-cell	-256
14249.740384615385	6823.163461538462	plasma-cell	-256
14293.050314465409	6827.779874213837	plasma-cell	-256
14215.566037735849	6827.528301886792	plasma-cell	-256
14308.103448275862	6837.816091954023	plasma-cell	-256
14440.228571428572	6839.657142857143	plasma-cell	-256
14262.123188405796	6861.13768115942	plasma-cell	-256
12706.977777777778	6865.066666666667	plasma-cell	-256
14291.684210526317	6866.345864661655	plasma-cell	-256
14306.831578947367	6881.105263157895	plasma-cell	-256
14353.075471698114	6885.528301886792	plasma-cell	-256
12740.115384615385	6894.826923076923	plasma-cell	-256
14328.261261261261	6895.603603603604	plasma-cell	-256
13969.98	6909.106666666667	plasma-cell	-256
14335.31182795699	6913.537634408603	plasma-cell	-256
14595.355555555556	6921.540740740741	plasma-cell	-256
14545.090909090908	6925.768595041322	plasma-cell	-256
12844.926829268294	6924.487804878048	plasma-cell	-256
14173.742574257427	6926.227722772277	plasma-cell	-256
14339.518248175184	6931.1021897810215	plasma-cell	-256
12650.28125	6930.5625	plasma-cell	-256
14401.326086956522	6931.25	plasma-cell	-256
14326.12643678161	6935.850574712644	plasma-cell	-256
12758.94366197183	6939.521126760564	plasma-cell	-256
14594.517241379312	6948.165517241379	plasma-cell	-256
13990.333333333332	6957.065217391304	plasma-cell	-256
14228.771929824561	6960.315789473684	plasma-cell	-256
14190.444444444445	6973.566666666667	plasma-cell	-256
14126.270676691729	6981.766917293233	plasma-cell	-256
14149.166666666668	6988.9375	plasma-cell	-256
14163.391304347826	6986.304347826087	plasma-cell	-256
14322.558139534884	6992.635658914729	plasma-cell	-256
14439.315151515151	6998.739393939394	plasma-cell	-256
14562.764285714286	6998.471428571429	plasma-cell	-256
14178.139860139861	6999.916083916084	plasma-cell	-256
14163.302325581395	7000.992248062015	plasma-cell	-256
14609.127272727274	7000.436363636363	plasma-cell	-256
14243.065217391304	7004.478260869565	plasma-cell	-256
14027.23595505618	7011.213483146067	plasma-cell	-256
14277.141414141413	7013.858585858586	plasma-cell	-256
14446.136363636364	7011.886363636364	plasma-cell	-256
14212.469135802468	7021.555555555556	plasma-cell	-256
14521.439655172413	7022.991379310345	plasma-cell	-256
14442.827868852459	7025.131147540984	plasma-cell	-256
14570.779999999999	7028.326666666667	plasma-cell	-256
14612.675824175825	7032.285714285715	plasma-cell	-256
14277.1375	7031.8625	plasma-cell	-256
14201.646551724138	7032.362068965517	plasma-cell	-256
14562.675159235669	7047.114649681529	plasma-cell	-256
14499.700680272108	7051.136054421769	plasma-cell	-256
12837.702127659575	7053.085106382979	plasma-cell	-256
14316.808823529413	7053.264705882353	plasma-cell	-256
14547.145161290322	7058.451612903225	plasma-cell	-256
14554.731707317074	7076.658536585366	plasma-cell	-256
12703.539682539682	7078.920634920635	plasma-cell	-256
14475.564814814814	7082.425925925926	plasma-cell	-256
14110.682926829268	7088.707317073171	plasma-cell	-256
14550.314606741573	7089.224719101124	plasma-cell	-256
14193.144927536232	7101.695652173913	plasma-cell	-256
14135.292682926829	7109.4390243902435	plasma-cell	-256
14148.274647887323	7111.5	plasma-cell	-256
13674.523076923077	7115.3538461538465	plasma-cell	-256
13666.258064516129	7129.532258064516	plasma-cell	-256
14435.939393939394	7125.575757575758	plasma-cell	-256
14506.688524590165	7126.975409836065	plasma-cell	-256
14158.555555555555	7132.174603174603	plasma-cell	-256
14535.963414634145	7135.231707317073	plasma-cell	-256
14499.47663551402	7143.196261682243	plasma-cell	-256
14452.0	7144.847619047619	plasma-cell	-256
14367.70588235294	7155.924369747899	plasma-cell	-256
14644.441176470587	7155.808823529412	plasma-cell	-256
13179.35593220339	7166.254237288135	plasma-cell	-256
14568.888888888889	7168.692810457516	plasma-cell	-256
14279.347058823529	7180.7588235294115	plasma-cell	-256
14051.79012345679	7189.765432098766	plasma-cell	-256
14140.18253968254	7188.214285714285	plasma-cell	-256
14315.472868217053	7201.542635658915	plasma-cell	-256
14017.81111111111	7203.022222222222	plasma-cell	-256
14173.033707865168	7205.101123595506	plasma-cell	-256
14527.593220338982	7207.483050847458	plasma-cell	-256
14570.272151898735	7219.126582278481	plasma-cell	-256
14334.557692307691	7223.836538461538	plasma-cell	-256
14332.351063829788	7248.648936170212	plasma-cell	-256
14229.579710144928	7254.898550724638	plasma-cell	-256
13987.585585585584	7258.126126126126	plasma-cell	-256
14409.922222222223	7261.444444444444	plasma-cell	-256
14254.850340136054	7267.925170068027	plasma-cell	-256
14583.207999999999	7268.52	plasma-cell	-256
14606.339449541283	7268.779816513761	plasma-cell	-256
14309.981981981982	7287.504504504504	plasma-cell	-256
14254.111801242236	7288.391304347826	plasma-cell	-256
14540.550847457627	7294.372881355932	plasma-cell	-256
13728.10606060606	7300.318181818182	plasma-cell	-256
14366.52380952381	7303.1238095238095	plasma-cell	-256
14497.758241758242	7303.582417582417	plasma-cell	-256
14181.646017699115	7305.840707964602	plasma-cell	-256
14232.910828025477	7330.248407643312	plasma-cell	-256
14350.216981132075	7324.509433962264	plasma-cell	-256
14562.318181818182	7337.143939393939	plasma-cell	-256
14570.087719298244	7363.7192982456145	plasma-cell	-256
14509.59349593496	7377.943089430894	plasma-cell	-256
14484.151515151516	7408.909090909091	plasma-cell	-256
13012.625	7413.083333333333	plasma-cell	-256
14472.98947368421	7422.063157894737	plasma-cell	-256
14344.556962025315	7441.9240506329115	plasma-cell	-256
14307.13698630137	7444.7945205479455	plasma-cell	-256
14061.664179104479	7451.410447761194	plasma-cell	-256
14401.554838709679	7452.651612903226	plasma-cell	-256
14643.606837606838	7451.7008547008545	plasma-cell	-256
14380.372093023256	7459.364341085271	plasma-cell	-256
14413.601769911504	7476.0	plasma-cell	-256
14640.248062015504	7496.751937984496	plasma-cell	-256
14488.138613861385	7519.524752475248	plasma-cell	-256
14461.335877862595	7534.633587786259	plasma-cell	-256
14472.375	7544.931818181818	plasma-cell	-256
13538.432989690722	7564.59793814433	plasma-cell	-256
13129.290598290598	7603.427350427351	plasma-cell	-256
14340.11475409836	7612.901639344263	plasma-cell	-256
14409.330645161292	7615.822580645161	plasma-cell	-256
14378.651162790698	7642.852713178295	plasma-cell	-256
14428.021126760563	7641.056338028169	plasma-cell	-256
14336.25	7657.210526315789	plasma-cell	-256
14656.074468085106	7664.414893617021	plasma-cell	-256
14374.714285714286	7666.580357142857	plasma-cell	-256
14444.152	7666.248	plasma-cell	-256
14391.016393442624	7670.631147540984	plasma-cell	-256
14351.26	7678.58	plasma-cell	-256
14328.637254901962	7705.343137254902	plasma-cell	-256
14403.487603305784	7706.694214876033	plasma-cell	-256
14480.598039215685	7706.323529411765	plasma-cell	-256
14276.428571428572	7725.549450549451	plasma-cell	-256
14323.566666666666	7734.9	plasma-cell	-256
14185.883720930233	7745.267441860465	plasma-cell	-256
14532.875816993464	7747.986928104575	plasma-cell	-256
14355.178343949045	7753.643312101911	plasma-cell	-256
14324.470149253732	7756.873134328358	plasma-cell	-256
14402.870967741936	7755.860215053764	plasma-cell	-256
14341.029850746268	7773.089552238806	plasma-cell	-256
14441.524752475249	7780.653465346535	plasma-cell	-256
14327.912621359224	7784.0097087378645	plasma-cell	-256
13539.270588235295	7789.517647058824	plasma-cell	-256
14380.669565217391	7791.895652173913	plasma-cell	-256
14389.843971631206	7808.49645390071	plasma-cell	-256
13580.83606557377	7806.836065573771	plasma-cell	-256
14288.803418803418	7821.076923076923	plasma-cell	-256
14303.364485981308	7824.897196261682	plasma-cell	-256
14577.68	7825.02	plasma-cell	-256
14366.481481481482	7830.740740740741	plasma-cell	-256
13568.585185185186	7835.540740740741	plasma-cell	-256
13586.53164556962	7842.139240506329	plasma-cell	-256
14454.466666666667	7852.875	plasma-cell	-256
14511.113207547169	7858.3490566037735	plasma-cell	-256
14462.628571428571	7866.864285714286	plasma-cell	-256
14477.441176470587	7887.110294117647	plasma-cell	-256
14339.370860927153	7923.543046357616	plasma-cell	-256
14430.17105263158	7930.065789473684	plasma-cell	-256
14129.612903225807	7933.258064516129	plasma-cell	-256
14456.0	7962.430379746836	plasma-cell	-256
14470.21568627451	7986.568627450981	plasma-cell	-256
14414.387096774193	8009.451612903225	plasma-cell	-256
14388.330645161292	8018.903225806452	plasma-cell	-256
13047.271739130436	8028.032608695652	plasma-cell	-256
13061.341085271317	8030.519379844961	plasma-cell	-256
14420.264957264957	8061.384615384615	plasma-cell	-256
14428.590909090908	8096.636363636364	plasma-cell	-256
14636.584745762711	8109.516949152542	plasma-cell	-256
14626.927631578947	8119.519736842105	plasma-cell	-256
14449.280991735537	8136.809917355372	plasma-cell	-256
14535.47619047619	8139.122448979592	plasma-cell	-256
13313.661654135338	8164.090225563909	plasma-cell	-256
14562.247311827956	8175.215053763441	plasma-cell	-256
14502.677685950413	8202.438016528926	plasma-cell	-256
14645.140495867769	8232.107438016528	plasma-cell	-256
14549.431192660551	8242.779816513761	plasma-cell	-256
13035.901408450703	8271.69014084507	plasma-cell	-256
14646.198412698413	8279.253968253968	plasma-cell	-256
14541.722222222223	8286.111111111111	plasma-cell	-256
14654.68085106383	8286.54255319149	plasma-cell	-256
14620.279279279279	8296.225225225226	plasma-cell	-256
14474.119999999999	8308.496	plasma-cell	-256
14640.373737373739	8366.575757575758	plasma-cell	-256
14588.14	8440.393333333333	plasma-cell	-256
14349.052083333332	8503.1875	plasma-cell	-256
13609.906779661018	8697.694915254237	plasma-cell	-256
13531.593984962406	8699.270676691729	plasma-cell	-256
13518.704918032787	8700.77049180328	plasma-cell	-256
13567.105590062112	8708.08695652174	plasma-cell	-256
13513.767676767677	8712.757575757576	plasma-cell	-256
13527.742424242424	8713.636363636364	plasma-cell	-256
13451.216981132075	8718.32075471698	plasma-cell	-256
13554.987804878048	8718.207317073171	plasma-cell	-256
13458.6125	8723.3	plasma-cell	-256
13421.8359375	8730.1015625	plasma-cell	-256
13522.888888888889	8735.777777777777	plasma-cell	-256
13474.309090909092	8738.975757575758	plasma-cell	-256
13581.823008849558	8765.371681415929	plasma-cell	-256
14251.975	8773.525	plasma-cell	-256
13189.861538461539	8792.676923076922	plasma-cell	-256
13301.682926829268	9010.658536585366	plasma-cell	-256
13301.507246376812	9057.68115942029	plasma-cell	-256
14612.168224299065	9063.429906542056	plasma-cell	-256
13409.144329896906	9143.40206185567	plasma-cell	-256
13516.462365591398	9152.354838709678	plasma-cell	-256
13532.887640449439	9155.808988764045	plasma-cell	-256
13513.611111111111	9172.577777777778	plasma-cell	-256
13474.478260869564	9174.08695652174	plasma-cell	-256
13558.975409836065	9179.66393442623	plasma-cell	-256
14469.738255033557	9203.174496644295	plasma-cell	-256
13459.87323943662	9220.338028169013	plasma-cell	-256
13525.510204081633	9225.42857142857	plasma-cell	-256
13536.16091954023	9237.252873563219	plasma-cell	-256
13524.891304347826	9279.815217391304	plasma-cell	-256
13877.63779527559	9332.149606299212	plasma-cell	-256
13458.117647058823	9385.56862745098	plasma-cell	-256
13558.161904761904	9425.771428571428	plasma-cell	-256
13723.542372881355	9438.813559322034	plasma-cell	-256
13798.573529411766	9449.323529411764	plasma-cell	-256
13559.011627906977	9464.651162790698	plasma-cell	-256
13769.920863309351	9467.762589928057	plasma-cell	-256
13802.372340425532	9471.670212765957	plasma-cell	-256
13522.714285714286	9486.714285714286	plasma-cell	-256
13675.641025641025	9484.76923076923	plasma-cell	-256
13390.418604651162	9498.267441860466	plasma-cell	-256
13426.636363636364	9501.454545454546	plasma-cell	-256
13406.5	9506.0	plasma-cell	-256
13844.758064516129	9506.475806451614	plasma-cell	-256
13457.59375	9523.796875	plasma-cell	-256
13849.65625	9527.3828125	plasma-cell	-256
13406.024096385543	9532.602409638554	plasma-cell	-256
13525.807407407407	9590.02962962963	plasma-cell	-256
13579.058064516128	9627.825806451612	plasma-cell	-256
13519.266666666666	9632.12380952381	plasma-cell	-256
13605.21186440678	9648.762711864407	plasma-cell	-256
14055.086666666666	9721.553333333333	plasma-cell	-256
13358.583333333334	9858.427083333334	plasma-cell	-256
13428.842857142858	9956.957142857143	plasma-cell	-256
13923.0	10002.163265306122	plasma-cell	-256
13795.421875	10020.5	plasma-cell	-256
13802.776470588236	10033.0	plasma-cell	-256
13800.08275862069	10174.668965517241	plasma-cell	-256
11107.927083333334	20025.0625	plasma-cell	-256
10440.728682170542	20029.899224806202	plasma-cell	-256
10463.934579439252	20029.33644859813	plasma-cell	-256
10604.67543859649	20028.36842105263	plasma-cell	-256
10436.10989010989	20088.813186813186	plasma-cell	-256
10966.207547169812	20207.415094339623	plasma-cell	-256
10996.75	20264.352941176472	plasma-cell	-256
9786.551724137931	20271.48275862069	plasma-cell	-256
10953.116666666667	20285.6	plasma-cell	-256
9748.211111111112	20309.88888888889	plasma-cell	-256
11474.096153846154	20337.69230769231	plasma-cell	-256
11324.907894736842	20370.644736842107	plasma-cell	-256
11537.333333333334	20391.980952380953	plasma-cell	-256
9790.021276595744	20421.439716312056	plasma-cell	-256
9816.985401459853	20425.48905109489	plasma-cell	-256
10428.194029850747	20475.5223880597	plasma-cell	-256
10452.182608695652	20487.626086956523	plasma-cell	-256
10343.220858895706	20503.29447852761	plasma-cell	-256
10415.496551724138	20501.503448275864	plasma-cell	-256
10373.812030075187	20515.954887218046	plasma-cell	-256
9853.833333333334	20530.72807017544	plasma-cell	-256
10467.625	20592.964285714286	plasma-cell	-256
11533.219047619048	20645.914285714287	plasma-cell	-256
9884.774193548386	20695.395161290322	plasma-cell	-256
9910.77358490566	20706.64150943396	plasma-cell	-256
10013.809523809523	20750.68253968254	plasma-cell	-256
11797.953020134228	20777.409395973154	plasma-cell	-256
10268.920454545454	20830.590909090908	plasma-cell	-256
10398.23076923077	20881.571428571428	plasma-cell	-256
12061.185185185186	20971.837037037036	plasma-cell	-256
11193.268482490272	20988.5719844358	plasma-cell	-256
11342.467532467532	21017.83116883117	plasma-cell	-256
10066.303797468354	21131.92405063291	plasma-cell	-256
12150.67901234568	21205.567901234568	plasma-cell	-256
9895.358974358975	21234.17948717949	plasma-cell	-256
12540.739583333334	21264.59375	plasma-cell	-256
12547.630136986301	21280.397260273974	plasma-cell	-256
10203.730158730159	21384.380952380954	plasma-cell	-256
9872.367521367521	21394.0	plasma-cell	-256
10132.045454545454	21401.534090909092	plasma-cell	-256
9865.246376811594	21410.347826086956	plasma-cell	-256
10945.214285714286	21433.184523809523	plasma-cell	-256
10178.560606060606	21444.31818181818	plasma-cell	-256
12701.241379310344	21444.41379310345	plasma-cell	-256
12691.4375	21446.28125	plasma-cell	-256
12246.846153846154	21476.10059171598	plasma-cell	-256
12079.093023255813	21479.872093023256	plasma-cell	-256
12641.878048780487	21487.634146341465	plasma-cell	-256
10416.215189873417	21489.38818565401	plasma-cell	-256
12232.344537815126	21494.78151260504	plasma-cell	-256
12663.366071428572	21543.23214285714	plasma-cell	-256
12618.733944954129	21558.440366972478	plasma-cell	-256
12627.738738738739	21588.18918918919	plasma-cell	-256
11829.938775510203	21592.877551020407	plasma-cell	-256
10531.40366972477	21604.844036697246	plasma-cell	-256
10517.63768115942	21605.652173913044	plasma-cell	-256
12675.7299270073	21618.058394160584	plasma-cell	-256
11705.91724137931	21636.28275862069	plasma-cell	-256
12557.9609375	21641.59375	plasma-cell	-256
12536.308510638297	21651.042553191488	plasma-cell	-256
11224.951923076924	21661.615384615383	plasma-cell	-256
12648.333333333334	21659.075757575756	plasma-cell	-256
11229.5	21674.45	plasma-cell	-256
12576.91304347826	21704.31055900621	plasma-cell	-256
10344.72340425532	21707.957446808512	plasma-cell	-256
10380.055555555555	21714.13888888889	plasma-cell	-256
10915.824175824177	21721.79120879121	plasma-cell	-256
11050.383720930233	21739.813953488374	plasma-cell	-256
11004.909090909092	21760.623376623378	plasma-cell	-256
10301.466666666667	21776.146666666667	plasma-cell	-256
11083.548387096775	21776.21505376344	plasma-cell	-256
10680.688741721855	21795.364238410595	plasma-cell	-256
11978.886666666667	21814.26	plasma-cell	-256
10437.35119047619	21841.511904761905	plasma-cell	-256
11038.666666666666	21837.60606060606	plasma-cell	-256
10288.648648648648	21883.864864864863	plasma-cell	-256
13043.92	21922.146666666667	plasma-cell	-256
11953.504132231405	22004.057851239668	plasma-cell	-256
11036.941176470587	22010.04411764706	plasma-cell	-256
11558.109489051094	22014.912408759123	plasma-cell	-256
10701.116279069767	22034.127906976744	plasma-cell	-256
10432.84076433121	22048.8025477707	plasma-cell	-256
11204.062992125984	22053.0	plasma-cell	-256
11018.660714285714	22084.26785714286	plasma-cell	-256
13202.493506493507	22094.7012987013	plasma-cell	-256
13340.263157894737	22110.547368421052	plasma-cell	-256
10339.047244094489	22122.31496062992	plasma-cell	-256
12158.823943661971	22125.37323943662	plasma-cell	-256
13194.037735849057	22125.35849056604	plasma-cell	-256
10974.719576719577	22131.35978835979	plasma-cell	-256
11045.878048780487	22174.90243902439	plasma-cell	-256
11023.95	22183.85	plasma-cell	-256
12640.102272727272	22183.272727272728	plasma-cell	-256
11081.70625	22187.625	plasma-cell	-256
13137.248062015504	22191.24031007752	plasma-cell	-256
12533.027027027027	22194.54954954955	plasma-cell	-256
12566.038961038961	22203.48051948052	plasma-cell	-256
11028.20634920635	22206.873015873018	plasma-cell	-256
11043.962025316456	22212.54430379747	plasma-cell	-256
11041.379310344828	22234.03448275862	plasma-cell	-256
10024.19387755102	22241.65306122449	plasma-cell	-256
10912.32824427481	22248.87786259542	plasma-cell	-256
10429.030612244898	22261.438775510203	plasma-cell	-256
11253.674285714285	22256.937142857143	plasma-cell	-256
10797.225352112677	22262.06338028169	plasma-cell	-256
11041.758620689656	22260.681034482757	plasma-cell	-256
10907.1797752809	22262.23595505618	plasma-cell	-256
10926.831460674157	22273.0	plasma-cell	-256
11144.1875	22275.958333333332	plasma-cell	-256
10941.801652892562	22281.471074380166	plasma-cell	-256
9865.025316455696	22295.07594936709	plasma-cell	-256
10701.277227722772	22296.633663366338	plasma-cell	-256
10727.447368421053	22320.986842105263	plasma-cell	-256
10741.805755395684	22325.748201438848	plasma-cell	-256
10090.274193548386	22330.540322580644	plasma-cell	-256
10700.621794871795	22329.94871794872	plasma-cell	-256
12257.421052631578	22342.473684210527	plasma-cell	-256
10105.166666666666	22345.722222222223	plasma-cell	-256
11121.654205607476	22348.21495327103	plasma-cell	-256
11640.85	22350.075	plasma-cell	-256
10112.044943820225	22356.044943820227	plasma-cell	-256
10607.237623762376	22364.27722772277	plasma-cell	-256
9933.438356164384	22364.08219178082	plasma-cell	-256
10626.333333333334	22368.98148148148	plasma-cell	-256
11101.521739130434	22372.652173913044	plasma-cell	-256
11054.045112781954	22374.526315789473	plasma-cell	-256
9839.902173913044	22375.66304347826	plasma-cell	-256
11033.0	22380.0	plasma-cell	-256
10684.1171875	22388.109375	plasma-cell	-256
12623.9	22399.83846153846	plasma-cell	-256
10906.73949579832	22404.73949579832	plasma-cell	-256
12701.540229885057	22418.02298850575	plasma-cell	-256
10424.405660377359	22423.056603773584	plasma-cell	-256
12671.257142857143	22429.34857142857	plasma-cell	-256
12761.34	22430.21	plasma-cell	-256
12474.375	22430.118055555555	plasma-cell	-256
12653.514450867053	22431.78612716763	plasma-cell	-256
10796.58064516129	22432.451612903227	plasma-cell	-256
12425.743016759776	22435.201117318436	plasma-cell	-256
12626.48717948718	22436.166666666668	plasma-cell	-256
11024.247706422018	22450.201834862386	plasma-cell	-256
10841.8203125	22452.1171875	plasma-cell	-256
13517.333333333334	22451.935185185186	plasma-cell	-256
13389.439393939394	22473.931818181816	plasma-cell	-256
12324.222222222223	22485.244444444445	plasma-cell	-256
10770.366336633664	22493.029702970296	plasma-cell	-256
10982.783950617284	22502.314814814814	plasma-cell	-256
10907.290909090909	22501.96363636364	plasma-cell	-256
10917.801526717558	22512.213740458013	plasma-cell	-256
13530.552631578947	22515.736842105263	plasma-cell	-256
13540.657534246575	22519.19178082192	plasma-cell	-256
10945.305555555555	22522.25	plasma-cell	-256
13435.862068965518	22550.77011494253	plasma-cell	-256
12098.7875	22561.21875	plasma-cell	-256
12077.872340425532	22571.26595744681	plasma-cell	-256
11003.615384615385	22579.076923076922	plasma-cell	-256
13408.196721311475	22582.2868852459	plasma-cell	-256
12310.402985074626	22597.05223880597	plasma-cell	-256
11589.88679245283	22608.39150943396	plasma-cell	-256
13533.380952380952	22610.130952380954	plasma-cell	-256
10021.872881355932	22611.966101694914	plasma-cell	-256
12723.517006802722	22615.632653061224	plasma-cell	-256
12711.02564102564	22624.931623931625	plasma-cell	-256
13471.588235294117	22626.613445378152	plasma-cell	-256
13493.100917431193	22628.788990825688	plasma-cell	-256
12806.747899159664	22640.89075630252	plasma-cell	-256
11083.293333333333	22644.573333333334	plasma-cell	-256
10749.948453608247	22650.711340206184	plasma-cell	-256
10699.497005988023	22655.538922155687	plasma-cell	-256
10184.191489361701	22668.17021276596	plasma-cell	-256
13208.459854014598	22669.75912408759	plasma-cell	-256
10098.868421052632	22669.052631578947	plasma-cell	-256
10185.80487804878	22681.19512195122	plasma-cell	-256
10685.727272727272	22686.909090909092	plasma-cell	-256
13402.542253521127	22687.704225352114	plasma-cell	-256
13656.02752293578	22715.92660550459	plasma-cell	-256
11186.329787234043	22725.893617021276	plasma-cell	-256
10050.58064516129	22748.766129032258	plasma-cell	-256
12046.032258064515	22751.548387096773	plasma-cell	-256
12018.909090909092	22762.795454545456	plasma-cell	-256
12061.82882882883	22764.63063063063	plasma-cell	-256
14044.645161290322	22769.58064516129	plasma-cell	-256
12076.79365079365	22777.460317460318	plasma-cell	-256
12058.907216494845	22778.845360824744	plasma-cell	-256
12817.266666666666	22782.516666666666	plasma-cell	-256
11245.492424242424	22784.234848484848	plasma-cell	-256
10844.642105263158	22786.326315789473	plasma-cell	-256
11369.191489361703	22788.531914893618	plasma-cell	-256
13678.45112781955	22785.330827067668	plasma-cell	-256
10809.554455445545	22788.68316831683	plasma-cell	-256
10831.125	22794.5625	plasma-cell	-256
12028.261904761905	22799.190476190477	plasma-cell	-256
14030.123456790123	22799.444444444445	plasma-cell	-256
12713.365517241378	22813.075862068967	plasma-cell	-256
11947.873949579833	22814.420168067227	plasma-cell	-256
13113.844444444445	22819.5	plasma-cell	-256
12019.078651685393	22821.505617977527	plasma-cell	-256
10841.794871794871	22829.115384615383	plasma-cell	-256
12020.90625	22830.4921875	plasma-cell	-256
12720.716535433072	22830.905511811023	plasma-cell	-256
12394.76724137931	22833.28448275862	plasma-cell	-256
12104.197674418605	22841.383720930233	plasma-cell	-256
12954.669291338583	22844.732283464567	plasma-cell	-256
11947.452631578948	22846.536842105263	plasma-cell	-256
12447.109452736318	22854.482587064675	plasma-cell	-256
12476.075	22852.658333333333	plasma-cell	-256
12698.46218487395	22857.899159663866	plasma-cell	-256
11972.844155844155	22860.597402597403	plasma-cell	-256
11956.824742268042	22864.103092783505	plasma-cell	-256
11212.19587628866	22865.948453608245	plasma-cell	-256
11358.304347826088	22865.26956521739	plasma-cell	-256
12659.565217391304	22868.054347826088	plasma-cell	-256
12039.262711864407	22872.4406779661	plasma-cell	-256
9909.824817518249	22875.729927007298	plasma-cell	-256
13979.072463768116	22876.608695652176	plasma-cell	-256
11954.107142857143	22881.011904761905	plasma-cell	-256
12517.267326732674	22883.26732673267	plasma-cell	-256
12419.6	22883.0875	plasma-cell	-256
12526.887999999999	22900.88	plasma-cell	-256
13565.978021978022	22914.197802197803	plasma-cell	-256
12007.747368421053	22916.294736842105	plasma-cell	-256
11337.360655737704	22918.688524590165	plasma-cell	-256
9746.151898734177	22927.41772151899	plasma-cell	-256
10796.752293577982	22927.816513761467	plasma-cell	-256
10669.522875816994	22931.124183006537	plasma-cell	-256
12744.652849740933	22933.549222797927	plasma-cell	-256
12688.644444444444	22935.97037037037	plasma-cell	-256
11986.22340425532	22944.893617021276	plasma-cell	-256
10256.716312056738	22980.737588652482	plasma-cell	-256
11953.45	22990.87	plasma-cell	-256
13831.395973154362	22995.74496644295	plasma-cell	-256
11965.010204081633	23000.785714285714	plasma-cell	-256
9786.543689320388	23004.543689320388	plasma-cell	-256
14211.190476190477	23006.30612244898	plasma-cell	-256
12762.284615384615	23012.776923076923	plasma-cell	-256
10695.71052631579	23029.361842105263	plasma-cell	-256
13069.572649572649	23032.452991452992	plasma-cell	-256
13215.080291970804	23033.131386861314	plasma-cell	-256
13269.71794871795	23040.17948717949	plasma-cell	-256
13939.827586206897	23041.735632183907	plasma-cell	-256
13124.253968253968	23050.45238095238	plasma-cell	-256
13147.63063063063	23047.972972972973	plasma-cell	-256
10723.1797752809	23050.308988764045	plasma-cell	-256
14004.6171875	23064.6328125	plasma-cell	-256
9862.536082474227	23072.536082474227	plasma-cell	-256
11954.007633587786	23086.381679389313	plasma-cell	-256
10048.538461538461	23098.615384615383	plasma-cell	-256
10767.0	23118.591304347825	plasma-cell	-256
12856.295454545454	23117.909090909092	plasma-cell	-256
13648.684210526317	23121.381578947367	plasma-cell	-256
9869.971014492754	23121.623188405796	plasma-cell	-256
13011.24705882353	23122.717647058824	plasma-cell	-256
12876.386904761905	23132.833333333332	plasma-cell	-256
13544.205607476635	23136.59813084112	plasma-cell	-256
14266.252100840336	23139.058823529413	plasma-cell	-256
13005.585365853658	23141.560975609755	plasma-cell	-256
13014.446428571428	23144.70535714286	plasma-cell	-256
12986.405172413793	23149.741379310344	plasma-cell	-256
14233.555555555555	23150.244444444445	plasma-cell	-256
11999.683823529413	23159.352941176472	plasma-cell	-256
10281.745454545455	23164.554545454546	plasma-cell	-256
12970.254237288136	23164.194915254237	plasma-cell	-256
12958.008771929824	23167.42105263158	plasma-cell	-256
14233.484662576688	23167.552147239265	plasma-cell	-256
13321.536842105263	23167.957894736843	plasma-cell	-256
11992.522580645162	23188.61935483871	plasma-cell	-256
12840.298429319371	23186.916230366493	plasma-cell	-256
12006.051851851851	23190.103703703702	plasma-cell	-256
13333.690265486726	23191.16814159292	plasma-cell	-256
13054.992248062015	23207.19379844961	plasma-cell	-256
14234.63963963964	23213.252252252252	plasma-cell	-256
12091.139175257733	23224.53092783505	plasma-cell	-256
13045.302521008403	23221.882352941175	plasma-cell	-256
14329.359154929578	23226.415492957745	plasma-cell	-256
14345.019607843136	23227.62745098039	plasma-cell	-256
12297.346153846154	23232.423076923078	plasma-cell	-256
12051.131147540984	23239.737704918032	plasma-cell	-256
12163.018072289156	23245.86746987952	plasma-cell	-256
14372.692307692309	23242.53846153846	plasma-cell	-256
14275.434782608696	23244.50310559006	plasma-cell	-256
10554.248554913294	23249.670520231215	plasma-cell	-256
12200.929577464789	23256.50704225352	plasma-cell	-256
12954.776785714286	23253.0625	plasma-cell	-256
10540.23178807947	23258.615894039736	plasma-cell	-256
14321.266666666666	23255.81111111111	plasma-cell	-256
12089.20634920635	23273.35714285714	plasma-cell	-256
14338.15	23271.483333333334	plasma-cell	-256
12190.879781420765	23285.1912568306	plasma-cell	-256
10933.132352941177	23281.352941176472	plasma-cell	-256
12253.22962962963	23305.637037037035	plasma-cell	-256
12288.989010989011	23307.802197802197	plasma-cell	-256
10450.691358024691	23318.827160493827	plasma-cell	-256
10843.134020618556	23319.98969072165	plasma-cell	-256
12227.924731182797	23321.763440860217	plasma-cell	-256
12116.90099009901	23326.20792079208	plasma-cell	-256
12293.213235294117	23329.191176470587	plasma-cell	-256
11119.682926829268	23330.869918699187	plasma-cell	-256
10868.865168539325	23339.0	plasma-cell	-256
10837.698924731183	23342.849462365593	plasma-cell	-256
12249.475409836065	23343.819672131147	plasma-cell	-256
12212.471544715447	23347.065040650406	plasma-cell	-256
10790.809523809523	23349.43650793651	plasma-cell	-256
12013.053333333333	23359.146666666667	plasma-cell	-256
12212.625	23360.051470588234	plasma-cell	-256
11470.712121212122	23369.969696969696	plasma-cell	-256
10380.863636363636	23370.848484848484	plasma-cell	-256
12213.641975308641	23375.283950617282	plasma-cell	-256
11733.557522123894	23377.70796460177	plasma-cell	-256
10335.512195121952	23380.829268292684	plasma-cell	-256
10378.586206896553	23381.6091954023	plasma-cell	-256
12218.38686131387	23389.65693430657	plasma-cell	-256
12269.46052631579	23392.42105263158	plasma-cell	-256
12258.166666666666	23399.333333333332	plasma-cell	-256
12117.875862068966	23407.03448275862	plasma-cell	-256
12293.43137254902	23409.13725490196	plasma-cell	-256
10473.765306122448	23407.23469387755	plasma-cell	-256
11004.7734375	23408.9765625	plasma-cell	-256
13026.178571428572	23407.723214285714	plasma-cell	-256
13079.441176470587	23410.301470588234	plasma-cell	-256
10619.213592233009	23420.55339805825	plasma-cell	-256
12197.578231292517	23419.87074829932	plasma-cell	-256
13099.204081632653	23420.530612244896	plasma-cell	-256
12099.991452991453	23426.700854700855	plasma-cell	-256
12279.673913043478	23428.532608695652	plasma-cell	-256
12111.208	23433.248	plasma-cell	-256
10964.915662650603	23433.289156626506	plasma-cell	-256
10265.523076923077	23439.876923076925	plasma-cell	-256
12339.008695652174	23457.15652173913	plasma-cell	-256
12521.325443786982	23472.14201183432	plasma-cell	-256
12347.849056603773	23469.67924528302	plasma-cell	-256
13471.095744680852	23470.702127659573	plasma-cell	-256
13692.530303030304	23472.583333333332	plasma-cell	-256
10406.420765027322	23478.846994535517	plasma-cell	-256
10360.913978494624	23479.37634408602	plasma-cell	-256
12415.208	23484.775999999998	plasma-cell	-256
12665.25786163522	23489.377358490565	plasma-cell	-256
12621.458823529412	23491.1	plasma-cell	-256
12033.728971962617	23492.981308411214	plasma-cell	-256
12401.236111111111	23494.51388888889	plasma-cell	-256
10364.377358490567	23493.245283018867	plasma-cell	-256
12601.811594202898	23494.231884057972	plasma-cell	-256
12242.897435897436	23495.37606837607	plasma-cell	-256
12637.673913043478	23497.507246376812	plasma-cell	-256
12423.005813953489	23500.825581395347	plasma-cell	-256
11979.950248756219	23506.17910447761	plasma-cell	-256
12252.962264150943	23503.04716981132	plasma-cell	-256
12306.190476190477	23503.428571428572	plasma-cell	-256
12298.627118644068	23505.661016949154	plasma-cell	-256
13481.879032258064	23508.532258064515	plasma-cell	-256
10613.88125	23513.1	plasma-cell	-256
10961.897959183674	23509.73469387755	plasma-cell	-256
10950.118055555555	23514.666666666668	plasma-cell	-256
12819.947368421053	23515.675438596492	plasma-cell	-256
10531.225490196079	23524.323529411766	plasma-cell	-256
12432.503703703704	23524.955555555556	plasma-cell	-256
10542.561904761904	23526.619047619046	plasma-cell	-256
12164.052631578947	23537.624060150374	plasma-cell	-256
11735.213197969544	23546.89340101523	plasma-cell	-256
12302.60487804878	23545.614634146343	plasma-cell	-256
10934.983739837398	23567.52845528455	plasma-cell	-256
12284.187134502925	23571.7134502924	plasma-cell	-256
12300.440677966102	23572.248587570622	plasma-cell	-256
12515.351851851852	23570.703703703704	plasma-cell	-256
10454.524390243903	23573.79268292683	plasma-cell	-256
12434.356589147286	23576.325581395347	plasma-cell	-256
12482.360824742267	23575.21649484536	plasma-cell	-256
11708.065420560748	23577.056074766355	plasma-cell	-256
12194.805194805194	23593.974025974025	plasma-cell	-256
13022.881355932204	23594.64406779661	plasma-cell	-256
12369.233333333334	23602.558333333334	plasma-cell	-256
12501.82558139535	23609.470930232557	plasma-cell	-256
12308.6125	23616.225	plasma-cell	-256
13188.193548387097	23616.5564516129	plasma-cell	-256
12504.484848484848	23619.62626262626	plasma-cell	-256
12529.75	23624.8	plasma-cell	-256
12541.786666666667	23628.28	plasma-cell	-256
13217.25974025974	23638.922077922078	plasma-cell	-256
10476.984126984127	23640.603174603173	plasma-cell	-256
10511.67088607595	23645.88607594937	plasma-cell	-256
12137.312056737588	23648.574468085106	plasma-cell	-256
12562.45871559633	23650.110091743118	plasma-cell	-256
12546.883116883117	23657.402597402597	plasma-cell	-256
12563.267716535433	23663.228346456694	plasma-cell	-256
13189.514124293786	23664.76271186441	plasma-cell	-256
11941.011111111111	23665.2	plasma-cell	-256
12442.975	23676.9	plasma-cell	-256
12574.141304347826	23676.358695652176	plasma-cell	-256
14235.388429752067	23682.586776859505	plasma-cell	-256
12595.926315789475	23686.905263157896	plasma-cell	-256
10843.526315789473	23692.90643274854	plasma-cell	-256
14383.924242424242	23692.257575757576	plasma-cell	-256
12505.175	23699.2625	plasma-cell	-256
12571.435294117648	23698.188235294117	plasma-cell	-256
12524.194444444445	23704.819444444445	plasma-cell	-256
14570.549019607843	23710.058823529413	plasma-cell	-256
12371.666666666666	23713.495238095238	plasma-cell	-256
12620.122448979591	23719.132653061224	plasma-cell	-256
12963.727272727272	23730.20779220779	plasma-cell	-256
12644.283950617284	23741.913580246914	plasma-cell	-256
13090.5	23742.688679245282	plasma-cell	-256
14392.10071942446	23743.136690647483	plasma-cell	-256
12314.110236220473	23748.87401574803	plasma-cell	-256
14576.83486238532	23749.036697247706	plasma-cell	-256
11078.631067961165	23759.660194174758	plasma-cell	-256
13005.0	23764.831325301206	plasma-cell	-256
14630.58407079646	23763.814159292036	plasma-cell	-256
11209.307692307691	23770.46153846154	plasma-cell	-256
12962.550561797752	23783.43820224719	plasma-cell	-256
13084.55737704918	23786.311475409835	plasma-cell	-256
14417.763358778626	23788.557251908398	plasma-cell	-256
10520.43023255814	23791.60465116279	plasma-cell	-256
12934.4125	23800.675	plasma-cell	-256
12950.935779816515	23803.80733944954	plasma-cell	-256
14431.644859813085	23809.233644859814	plasma-cell	-256
12916.666666666666	23815.14814814815	plasma-cell	-256
13050.689075630253	23817.092436974788	plasma-cell	-256
14363.338983050848	23820.06779661017	plasma-cell	-256
12969.815789473683	23822.46052631579	plasma-cell	-256
13032.25	23820.068181818184	plasma-cell	-256
12475.742857142857	23823.428571428572	plasma-cell	-256
13127.114583333334	23823.010416666668	plasma-cell	-256
13256.224719101123	23825.067415730337	plasma-cell	-256
13554.87786259542	23828.98473282443	plasma-cell	-256
12469.588235294117	23826.50980392157	plasma-cell	-256
12923.065693430657	23827.445255474453	plasma-cell	-256
13150.504672897196	23831.672897196262	plasma-cell	-256
11752.351515151515	23841.727272727272	plasma-cell	-256
12907.008333333333	23838.716666666667	plasma-cell	-256
13199.603448275862	23844.689655172413	plasma-cell	-256
12977.941176470587	23846.245098039217	plasma-cell	-256
13053.430894308944	23846.560975609755	plasma-cell	-256
12714.656862745098	23850.08823529412	plasma-cell	-256
12136.972789115647	23854.210884353743	plasma-cell	-256
12704.286764705883	23856.691176470587	plasma-cell	-256
14657.424460431655	23856.223021582733	plasma-cell	-256
13535.598214285714	23856.20535714286	plasma-cell	-256
12976.244897959183	23856.530612244896	plasma-cell	-256
13299.411764705883	23859.29411764706	plasma-cell	-256
14165.094594594595	23863.952702702703	plasma-cell	-256
12677.037735849057	23867.82075471698	plasma-cell	-256
12965.391304347826	23869.565217391304	plasma-cell	-256
13140.772727272728	23873.28787878788	plasma-cell	-256
13156.448979591836	23874.26530612245	plasma-cell	-256
13363.125	23876.046875	plasma-cell	-256
14194.080645161292	23877.290322580644	plasma-cell	-256
14491.368932038835	23875.922330097088	plasma-cell	-256
14627.870056497175	23891.9604519774	plasma-cell	-256
13235.631578947368	23901.715789473685	plasma-cell	-256
13168.5	23907.0	plasma-cell	-256
12680.978494623656	23910.78494623656	plasma-cell	-256
12695.171052631578	23909.276315789473	plasma-cell	-256
12973.397727272728	23911.795454545456	plasma-cell	-256
12953.634146341463	23919.09756097561	plasma-cell	-256
13340.107142857143	23917.01785714286	plasma-cell	-256
13370.08849557522	23919.477876106193	plasma-cell	-256
12780.28431372549	23919.28431372549	plasma-cell	-256
11531.438596491229	23923.43859649123	plasma-cell	-256
14608.145569620254	23923.208860759492	plasma-cell	-256
13282.080357142857	23924.883928571428	plasma-cell	-256
12637.296296296296	23927.555555555555	plasma-cell	-256
12912.154545454545	23930.636363636364	plasma-cell	-256
13121.92	23930.333333333332	plasma-cell	-256
14153.908496732027	23931.124183006537	plasma-cell	-256
14541.4598540146	23929.34306569343	plasma-cell	-256
14555.763157894737	23930.526315789473	plasma-cell	-256
12531.582191780823	23937.787671232876	plasma-cell	-256
12626.107438016528	23936.69421487603	plasma-cell	-256
10757.810606060606	23939.189393939392	plasma-cell	-256
13445.652173913044	23939.152173913044	plasma-cell	-256
11900.702222222222	23942.266666666666	plasma-cell	-256
14521.675675675677	23938.702702702703	plasma-cell	-256
14654.151785714286	23940.651785714286	plasma-cell	-256
12919.0625	23947.8203125	plasma-cell	-256
12181.48201438849	23948.1654676259	plasma-cell	-256
12020.653594771242	23953.235294117647	plasma-cell	-256
12108.614864864865	23958.804054054053	plasma-cell	-256
11368.409090909092	23962.871212121212	plasma-cell	-256
11972.838235294117	23962.808823529413	plasma-cell	-256
12310.571428571428	23967.30612244898	plasma-cell	-256
11896.584507042253	23972.274647887323	plasma-cell	-256
12085.241134751774	23974.78014184397	plasma-cell	-256
12609.12676056338	23989.098591549297	plasma-cell	-256
11925.606936416185	23989.606936416185	plasma-cell	-256
13316.72619047619	23987.75	plasma-cell	-256
11866.602040816328	24000.561224489797	plasma-cell	-256
13184.938461538462	24003.56923076923	plasma-cell	-256
10994.353658536585	24027.408536585368	plasma-cell	-256
10947.951048951049	24030.804195804194	plasma-cell	-256
12282.019867549669	24043.1059602649	plasma-cell	-256
10983.863157894737	24048.14736842105	plasma-cell	-256
10947.036363636364	24057.727272727272	plasma-cell	-256
13681.728260869564	24064.097826086956	plasma-cell	-256
13156.66935483871	24065.467741935485	plasma-cell	-256
11845.263636363637	24068.6	plasma-cell	-256
13338.54347826087	24068.478260869564	plasma-cell	-256
11925.881720430109	24071.462365591397	plasma-cell	-256
13345.763636363637	24070.96363636364	plasma-cell	-256
11609.429752066117	24075.611570247933	plasma-cell	-256
11914.280373831776	24075.121495327105	plasma-cell	-256
13080.705035971223	24076.323741007196	plasma-cell	-256
13718.993103448276	24077.889655172414	plasma-cell	-256
12379.605263157895	24083.070175438595	plasma-cell	-256
10958.157024793389	24095.289256198346	plasma-cell	-256
12499.074626865671	24098.746268656716	plasma-cell	-256
12411.417475728154	24104.11650485437	plasma-cell	-256
13234.066176470587	24102.610294117647	plasma-cell	-256
11787.298245614034	24106.48245614035	plasma-cell	-256
12476.621428571429	24116.72857142857	plasma-cell	-256
13027.421686746988	24113.86746987952	plasma-cell	-256
11954.67175572519	24117.396946564884	plasma-cell	-256
13186.247706422018	24120.83486238532	plasma-cell	-256
14473.222222222223	24124.63492063492	plasma-cell	-256
11947.825174825175	24131.11188811189	plasma-cell	-256
12559.230088495575	24132.33628318584	plasma-cell	-256
12551.76923076923	24140.830769230768	plasma-cell	-256
12904.035714285714	24139.214285714286	plasma-cell	-256
13103.405172413793	24141.793103448275	plasma-cell	-256
11773.377049180328	24152.983606557376	plasma-cell	-256
11919.422222222223	24154.466666666667	plasma-cell	-256
12676.990291262136	24157.31067961165	plasma-cell	-256
12759.831683168317	24156.257425742573	plasma-cell	-256
13715.915254237289	24159.57627118644	plasma-cell	-256
12140.04347826087	24165.782608695652	plasma-cell	-256
13316.121951219513	24167.43089430894	plasma-cell	-256
11646.829787234043	24171.968085106382	plasma-cell	-256
13065.362745098038	24176.35294117647	plasma-cell	-256
13092.538461538461	24177.547008547008	plasma-cell	-256
12867.440476190477	24183.928571428572	plasma-cell	-256
13079.336538461539	24187.55769230769	plasma-cell	-256
13192.405172413793	24191.844827586207	plasma-cell	-256
11728.722772277228	24198.148514851484	plasma-cell	-256
11710.19696969697	24202.78787878788	plasma-cell	-256
11676.77380952381	24203.416666666668	plasma-cell	-256
13071.698795180722	24204.469879518074	plasma-cell	-256
11696.192771084337	24215.36144578313	plasma-cell	-256
11798.904761904761	24216.26984126984	plasma-cell	-256
13090.747252747253	24215.494505494506	plasma-cell	-256
13227.410526315789	24217.13684210526	plasma-cell	-256
13262.154471544716	24217.682926829268	plasma-cell	-256
12465.69387755102	24219.69387755102	plasma-cell	-256
12481.551282051281	24216.79487179487	plasma-cell	-256
12166.135483870967	24222.793548387097	plasma-cell	-256
11671.325	24221.15	plasma-cell	-256
11768.736842105263	24224.015037593985	plasma-cell	-256
12518.804195804196	24221.95804195804	plasma-cell	-256
12858.25	24224.128787878788	plasma-cell	-256
12300.487341772152	24229.822784810127	plasma-cell	-256
12965.713043478261	24230.339130434782	plasma-cell	-256
11747.14705882353	24229.382352941175	plasma-cell	-256
13012.609756097561	24236.719512195123	plasma-cell	-256
11736.747663551401	24241.149532710282	plasma-cell	-256
12481.886792452831	24242.20754716981	plasma-cell	-256
12723.452229299362	24249.133757961783	plasma-cell	-256
11693.376470588235	24246.894117647058	plasma-cell	-256
11780.877192982456	24247.631578947367	plasma-cell	-256
13057.354330708662	24251.212598425198	plasma-cell	-256
11811.015037593985	24253.781954887218	plasma-cell	-256
12994.036363636364	24251.418181818182	plasma-cell	-256
11674.576086956522	24254.152173913044	plasma-cell	-256
12174.059171597633	24255.745562130178	plasma-cell	-256
13022.280487804877	24254.060975609755	plasma-cell	-256
11714.37037037037	24261.25925925926	plasma-cell	-256
13067.666666666666	24269.0625	plasma-cell	-256
12931.944444444445	24270.61111111111	plasma-cell	-256
11719.37037037037	24276.533333333333	plasma-cell	-256
12344.854838709678	24280.74193548387	plasma-cell	-256
13183.92380952381	24281.352380952383	plasma-cell	-256
12902.966101694916	24282.07627118644	plasma-cell	-256
12416.69411764706	24283.776470588236	plasma-cell	-256
12780.484375	24289.4296875	plasma-cell	-256
12657.440476190477	24290.011904761905	plasma-cell	-256
13301.634146341463	24289.065040650406	plasma-cell	-256
12795.953947368422	24294.802631578947	plasma-cell	-256
12865.277108433735	24291.14457831325	plasma-cell	-256
12910.881188118812	24292.544554455446	plasma-cell	-256
12349.101123595505	24297.314606741573	plasma-cell	-256
12361.760869565218	24295.32608695652	plasma-cell	-256
12444.75	24298.41176470588	plasma-cell	-256
12419.303921568628	24302.848039215685	plasma-cell	-256
12786.342857142858	24298.942857142858	plasma-cell	-256
12362.818181818182	24302.285714285714	plasma-cell	-256
12732.621848739496	24305.050420168067	plasma-cell	-256
12756.247422680412	24306.113402061856	plasma-cell	-256
12138.425531914894	24306.021276595744	plasma-cell	-256
12988.378640776698	24308.572815533982	plasma-cell	-256
13234.741666666667	24312.941666666666	plasma-cell	-256
12179.142857142857	24314.67701863354	plasma-cell	-256
13109.547945205479	24310.136986301368	plasma-cell	-256
12139.614583333334	24316.833333333332	plasma-cell	-256
13099.190476190477	24318.126984126982	plasma-cell	-256
11048.68	24322.6	plasma-cell	-256
12751.056	24323.328	plasma-cell	-256
13084.77894736842	24326.157894736843	plasma-cell	-256
13216.258928571428	24327.205357142855	plasma-cell	-256
12654.805825242718	24333.427184466018	plasma-cell	-256
11033.691358024691	24333.41975308642	plasma-cell	-256
12873.615894039734	24339.5761589404	plasma-cell	-256
12244.985294117647	24340.529411764706	plasma-cell	-256
13268.271844660194	24338.252427184467	plasma-cell	-256
13131.623655913978	24343.086021505376	plasma-cell	-256
12745.953488372093	24345.813953488374	plasma-cell	-256
13072.256756756757	24347.472972972973	plasma-cell	-256
12708.431654676258	24358.69784172662	plasma-cell	-256
13138.701492537313	24358.940298507463	plasma-cell	-256
12070.6875	24362.506944444445	plasma-cell	-256
12743.429824561405	24363.105263157893	plasma-cell	-256
12095.06976744186	24367.45348837209	plasma-cell	-256
13082.7	24368.37142857143	plasma-cell	-256
12188.504	24375.136	plasma-cell	-256
12906.610294117647	24373.71323529412	plasma-cell	-256
13039.4	24380.951515151515	plasma-cell	-256
13090.130434782608	24380.710144927536	plasma-cell	-256
13131.377777777778	24383.71111111111	plasma-cell	-256
12178.944954128441	24391.522935779816	plasma-cell	-256
12646.290155440414	24397.253886010363	plasma-cell	-256
11909.77027027027	24396.405405405407	plasma-cell	-256
12763.75221238938	24398.17699115044	plasma-cell	-256
12968.815217391304	24395.66304347826	plasma-cell	-256
11934.494845360825	24402.948453608245	plasma-cell	-256
12541.032608695652	24400.82608695652	plasma-cell	-256
12780.12886597938	24403.567010309278	plasma-cell	-256
13066.186046511628	24401.82558139535	plasma-cell	-256
12434.03448275862	24412.73275862069	plasma-cell	-256
12647.872340425532	24422.333333333332	plasma-cell	-256
12604.094827586207	24426.612068965518	plasma-cell	-256
12982.201834862386	24442.596330275228	plasma-cell	-256
12902.429752066117	24458.10743801653	plasma-cell	-256
13948.984375	24463.859375	plasma-cell	-256
12861.16551724138	24469.772413793104	plasma-cell	-256
12782.50406504065	24472.845528455284	plasma-cell	-256
12900.761467889908	24472.550458715596	plasma-cell	-256
12940.372727272726	24473.21818181818	plasma-cell	-256
12619.659574468085	24476.64893617021	plasma-cell	-256
11371.881578947368	24485.855263157893	plasma-cell	-256
12629.071428571428	24490.76984126984	plasma-cell	-256
12772.322033898305	24486.93220338983	plasma-cell	-256
13523.209090909091	24489.53636363636	plasma-cell	-256
12195.889655172414	24495.17931034483	plasma-cell	-256
12947.90350877193	24493.894736842107	plasma-cell	-256
11353.982456140351	24502.201754385966	plasma-cell	-256
12964.03125	24499.9375	plasma-cell	-256
13442.044642857143	24500.598214285714	plasma-cell	-256
13456.10294117647	24499.117647058825	plasma-cell	-256
13350.760869565218	24504.945652173912	plasma-cell	-256
12576.430379746835	24509.26582278481	plasma-cell	-256
12559.925373134329	24517.641791044778	plasma-cell	-256
12926.007299270073	24519.71532846715	plasma-cell	-256
11700.125	24524.265625	plasma-cell	-256
12325.417322834646	24520.661417322834	plasma-cell	-256
12949.914634146342	24519.560975609755	plasma-cell	-256
12988.64406779661	24526.85593220339	plasma-cell	-256
13233.841121495327	24528.981308411214	plasma-cell	-256
12576.357142857143	24536.867346938776	plasma-cell	-256
11345.857142857143	24539.428571428572	plasma-cell	-256
12281.41592920354	24539.2389380531	plasma-cell	-256
12306.917874396135	24542.333333333332	plasma-cell	-256
13110.646464646465	24541.57575757576	plasma-cell	-256
13185.68	24546.19	plasma-cell	-256
13302.85393258427	24549.685393258427	plasma-cell	-256
13316.457943925234	24553.130841121496	plasma-cell	-256
12769.567073170732	24559.768292682926	plasma-cell	-256
13216.148148148148	24558.25925925926	plasma-cell	-256
12956.04347826087	24561.165217391303	plasma-cell	-256
12323.901960784315	24561.156862745098	plasma-cell	-256
12624.622950819672	24571.5	plasma-cell	-256
11301.406779661018	24583.31638418079	plasma-cell	-256
13187.263157894737	24581.947368421053	plasma-cell	-256
12977.172043010753	24584.709677419356	plasma-cell	-256
13274.690909090908	24588.572727272727	plasma-cell	-256
13133.466666666667	24601.67619047619	plasma-cell	-256
13204.5	24601.063829787236	plasma-cell	-256
12819.457142857143	24607.44761904762	plasma-cell	-256
13145.991596638656	24614.41176470588	plasma-cell	-256
13159.823529411766	24613.270588235293	plasma-cell	-256
13006.557692307691	24619.5	plasma-cell	-256
12963.98717948718	24625.01282051282	plasma-cell	-256
12263.367816091954	24626.850574712644	plasma-cell	-256
13049.95081967213	24631.37704918033	plasma-cell	-256
13555.29411764706	24632.694117647057	plasma-cell	-256
13036.033898305084	24635.118644067796	plasma-cell	-256
12420.279279279279	24636.63063063063	plasma-cell	-256
12953.045454545454	24639.318181818184	plasma-cell	-256
12937.546875	24645.125	plasma-cell	-256
12363.841772151898	24650.23417721519	plasma-cell	-256
12885.833333333334	24646.722222222223	plasma-cell	-256
11313.372340425532	24650.744680851065	plasma-cell	-256
12251.361963190184	24652.36809815951	plasma-cell	-256
13454.895833333334	24648.479166666668	plasma-cell	-256
12925.095238095239	24659.30476190476	plasma-cell	-256
12303.229946524065	24667.732620320858	plasma-cell	-256
13279.422413793103	24667.93103448276	plasma-cell	-256
13412.785714285714	24666.196428571428	plasma-cell	-256
12352.546052631578	24672.75	plasma-cell	-256
12656.971153846154	24671.55769230769	plasma-cell	-256
12746.145161290322	24679.233870967742	plasma-cell	-256
12922.5	24682.81683168317	plasma-cell	-256
13462.105882352942	24679.176470588234	plasma-cell	-256
12841.961538461539	24686.03846153846	plasma-cell	-256
13068.5	24684.5	plasma-cell	-256
12472.704142011835	24701.455621301775	plasma-cell	-256
12756.771428571428	24700.32857142857	plasma-cell	-256
12960.60606060606	24705.060606060608	plasma-cell	-256
13063.578512396694	24706.33884297521	plasma-cell	-256
13548.992647058823	24707.095588235294	plasma-cell	-256
13371.861702127659	24713.202127659573	plasma-cell	-256
12829.75	24719.61	plasma-cell	-256
13042.944444444445	24720.20634920635	plasma-cell	-256
13198.023255813954	24724.19379844961	plasma-cell	-256
12784.857142857143	24728.892857142855	plasma-cell	-256
12759.735537190083	24739.371900826445	plasma-cell	-256
12852.694444444445	24739.13888888889	plasma-cell	-256
13408.849462365592	24740.225806451614	plasma-cell	-256
13445.0	24740.058823529413	plasma-cell	-256
12961.574074074073	24741.75	plasma-cell	-256
12777.910714285714	24745.008928571428	plasma-cell	-256
13616.560693641619	24747.005780346823	plasma-cell	-256
12144.366013071896	24751.21568627451	plasma-cell	-256
13798.590909090908	24753.154545454545	plasma-cell	-256
12581.371212121212	24756.57575757576	plasma-cell	-256
12591.622950819672	24760.639344262294	plasma-cell	-256
12345.75	24764.206896551725	plasma-cell	-256
12287.74251497006	24772.40718562874	plasma-cell	-256
13115.89090909091	24772.027272727275	plasma-cell	-256
12814.901098901099	24774.428571428572	plasma-cell	-256
12955.103773584906	24779.924528301886	plasma-cell	-256
13103.302521008403	24781.63025210084	plasma-cell	-256
12503.775510204081	24786.768707482992	plasma-cell	-256
13206.740384615385	24787.5	plasma-cell	-256
13374.21186440678	24792.728813559323	plasma-cell	-256
13443.277227722772	24791.72277227723	plasma-cell	-256
14422.106870229007	24798.83969465649	plasma-cell	-256
12812.19266055046	24808.995412844037	plasma-cell	-256
13018.596153846154	24805.384615384617	plasma-cell	-256
12769.173469387755	24807.969387755104	plasma-cell	-256
13916.863636363636	24807.863636363636	plasma-cell	-256
13034.479338842975	24811.636363636364	plasma-cell	-256
13404.686440677966	24816.686440677964	plasma-cell	-256
12964.18309859155	24821.915492957745	plasma-cell	-256
13894.056451612903	24829.387096774193	plasma-cell	-256
12556.159292035398	24831.132743362832	plasma-cell	-256
13274.341463414634	24830.365853658535	plasma-cell	-256
13218.0	24836.428571428572	plasma-cell	-256
13275.798165137614	24854.376146788993	plasma-cell	-256
11509.103448275862	24858.58620689655	plasma-cell	-256
13287.223684210527	24859.092105263157	plasma-cell	-256
12878.588235294117	24860.28431372549	plasma-cell	-256
12027.895027624309	24865.31491712707	plasma-cell	-256
14230.64705882353	24866.983193277312	plasma-cell	-256
12474.92	24870.095999999998	plasma-cell	-256
11959.12037037037	24871.25	plasma-cell	-256
12706.515151515152	24888.530303030304	plasma-cell	-256
12973.588235294117	24894.813725490196	plasma-cell	-256
13266.765306122448	24898.19387755102	plasma-cell	-256
12227.223214285714	24903.339285714286	plasma-cell	-256
12986.420560747663	24902.71028037383	plasma-cell	-256
13394.41935483871	24904.5	plasma-cell	-256
13704.543689320388	24907.728155339806	plasma-cell	-256
13336.909090909092	24909.29292929293	plasma-cell	-256
13347.549019607843	24911.156862745098	plasma-cell	-256
13408.04132231405	24927.644628099173	plasma-cell	-256
11991.415384615384	24928.576923076922	plasma-cell	-256
12338.53787878788	24932.14393939394	plasma-cell	-256
12913.826923076922	24929.53846153846	plasma-cell	-256
13721.913333333334	24931.326666666668	plasma-cell	-256
12326.61475409836	24939.22950819672	plasma-cell	-256
13364.741935483871	24939.56451612903	plasma-cell	-256
11829.592592592593	24951.04938271605	plasma-cell	-256
12349.043010752688	24943.225806451614	plasma-cell	-256
13445.505617977527	24948.505617977527	plasma-cell	-256
12529.772151898735	24956.177215189873	plasma-cell	-256
13223.380434782608	24958.521739130436	plasma-cell	-256
12371.711538461539	24957.423076923078	plasma-cell	-256
14581.45871559633	24958.091743119265	plasma-cell	-256
12058.287671232876	24965.72602739726	plasma-cell	-256
13500.05109489051	24968.59124087591	plasma-cell	-256
11813.33962264151	24965.490566037737	plasma-cell	-256
12734.68686868687	24968.383838383837	plasma-cell	-256
12347.785185185185	24971.48888888889	plasma-cell	-256
13246.081818181818	24973.090909090908	plasma-cell	-256
13496.54	24986.89	plasma-cell	-256
12416.24	24994.28	plasma-cell	-256
13042.623529411765	24997.188235294117	plasma-cell	-256
11869.320895522389	24999.328358208957	plasma-cell	-256
13164.378947368421	25000.052631578947	plasma-cell	-256
12480.827338129497	25005.791366906473	plasma-cell	-256
12536.784	25009.408	plasma-cell	-256
12444.721649484536	25019.103092783505	plasma-cell	-256
13339.795180722891	25032.85542168675	plasma-cell	-256
13512.289308176101	25032.295597484277	plasma-cell	-256
12791.351063829787	25034.627659574468	plasma-cell	-256
13823.166666666668	25032.833333333332	plasma-cell	-256
11862.6	25040.483333333334	plasma-cell	-256
12910.867768595042	25042.181818181816	plasma-cell	-256
13065.324324324323	25043.72972972973	plasma-cell	-256
13349.015037593985	25050.992481203008	plasma-cell	-256
12102.578947368422	25056.043859649122	plasma-cell	-256
12402.258620689656	25057.03448275862	plasma-cell	-256
13084.214285714286	25058.909090909092	plasma-cell	-256
12363.2	25059.2	plasma-cell	-256
12782.208333333334	25063.2	plasma-cell	-256
12766.53043478261	25069.147826086955	plasma-cell	-256
14465.96	25070.386666666665	plasma-cell	-256
12480.209090909091	25075.67272727273	plasma-cell	-256
14479.146464646465	25083.530303030304	plasma-cell	-256
12781.58510638298	25083.372340425532	plasma-cell	-256
12883.459183673469	25082.030612244896	plasma-cell	-256
12277.0	25085.5	plasma-cell	-256
12411.846153846154	25092.167832167834	plasma-cell	-256
12204.970588235294	25100.875	plasma-cell	-256
12882.138888888889	25110.546296296296	plasma-cell	-256
12416.14	25113.2	plasma-cell	-256
12741.194444444445	25113.305555555555	plasma-cell	-256
12839.635135135135	25121.054054054053	plasma-cell	-256
12562.842105263158	25118.77192982456	plasma-cell	-256
13347.519607843136	25121.892156862745	plasma-cell	-256
13416.8622754491	25125.125748502993	plasma-cell	-256
12981.623931623932	25124.91452991453	plasma-cell	-256
13161.319587628866	25124.0206185567	plasma-cell	-256
12358.55140186916	25126.532710280375	plasma-cell	-256
14530.697183098591	25127.274647887323	plasma-cell	-256
13749.264	25128.864	plasma-cell	-256
12918.544715447155	25134.065040650406	plasma-cell	-256
14639.185185185186	25130.925925925927	plasma-cell	-256
12314.25641025641	25133.55128205128	plasma-cell	-256
12475.255474452555	25136.189781021898	plasma-cell	-256
12847.875	25135.451923076922	plasma-cell	-256
13258.364341085271	25134.899224806202	plasma-cell	-256
13628.608974358975	25138.596153846156	plasma-cell	-256
14643.136842105263	25137.894736842107	plasma-cell	-256
12309.024193548386	25141.298387096773	plasma-cell	-256
12290.822222222221	25141.2	plasma-cell	-256
13448.393617021276	25143.64893617021	plasma-cell	-256
13126.381679389313	25143.618320610687	plasma-cell	-256
13239.70652173913	25144.04347826087	plasma-cell	-256
12755.246913580248	25147.543209876545	plasma-cell	-256
12341.848101265823	25154.86075949367	plasma-cell	-256
12782.746666666666	25156.986666666668	plasma-cell	-256
13365.971428571429	25159.933333333334	plasma-cell	-256
13558.090909090908	25161.664772727272	plasma-cell	-256
14489.137931034482	25161.793103448275	plasma-cell	-256
12452.673076923078	25162.865384615383	plasma-cell	-256
12880.75641025641	25164.102564102563	plasma-cell	-256
13138.919191919193	25178.79797979798	plasma-cell	-256
12540.646464646465	25184.555555555555	plasma-cell	-256
13166.574803149606	25187.992125984252	plasma-cell	-256
14346.122950819672	25189.532786885247	plasma-cell	-256
13088.95652173913	25193.33043478261	plasma-cell	-256
12995.77868852459	25204.581967213115	plasma-cell	-256
13562.503816793893	25206.221374045803	plasma-cell	-256
12547.102040816328	25207.714285714286	plasma-cell	-256
13546.766666666666	25209.966666666667	plasma-cell	-256
13051.960784313726	25215.274509803923	plasma-cell	-256
13224.79411764706	25220.220588235294	plasma-cell	-256
13407.991071428572	25222.0625	plasma-cell	-256
13400.859154929578	25234.11971830986	plasma-cell	-256
12389.097087378641	25237.271844660194	plasma-cell	-256
13599.416666666666	25240.348484848484	plasma-cell	-256
13420.64	25243.96	plasma-cell	-256
13226.177777777779	25248.318518518518	plasma-cell	-256
12360.557894736841	25252.894736842107	plasma-cell	-256
13161.6125	25251.8125	plasma-cell	-256
13110.64935064935	25256.922077922078	plasma-cell	-256
12316.085714285715	25278.495238095238	plasma-cell	-256
13958.744444444445	25290.244444444445	plasma-cell	-256
14473.042735042734	25295.504273504273	plasma-cell	-256
13557.010989010989	25315.285714285714	plasma-cell	-256
13861.299270072992	25316.744525547445	plasma-cell	-256
14169.666666666668	25315.75925925926	plasma-cell	-256
13955.352040816328	25324.321428571428	plasma-cell	-256
13557.921052631578	25338.513157894737	plasma-cell	-256
13463.094488188977	25340.984251968504	plasma-cell	-256
12263.126984126984	25342.222222222223	plasma-cell	-256
13350.130841121496	25352.140186915887	plasma-cell	-256
13775.851428571428	25358.154285714285	plasma-cell	-256
13361.6	25374.055555555555	plasma-cell	-256
14524.5078125	25376.5	plasma-cell	-256
13373.041666666666	25380.958333333332	plasma-cell	-256
13573.9375	25389.104166666668	plasma-cell	-256
13558.977272727272	25399.454545454544	plasma-cell	-256
14185.350515463917	25409.175257731957	plasma-cell	-256
14529.096153846154	25418.21794871795	plasma-cell	-256
14371.685185185186	25425.41975308642	plasma-cell	-256
13332.170068027212	25433.074829931975	plasma-cell	-256
14222.455172413793	25433.78620689655	plasma-cell	-256
13982.03550295858	25439.118343195267	plasma-cell	-256
14005.851282051282	25439.574358974358	plasma-cell	-256
14074.312977099236	25436.97709923664	plasma-cell	-256
14076.333333333332	25449.25	plasma-cell	-256
13580.043715846994	25455.382513661203	plasma-cell	-256
13997.653846153846	25454.89230769231	plasma-cell	-256
14304.248520710058	25456.059171597633	plasma-cell	-256
13604.282608695652	25475.782608695652	plasma-cell	-256
14188.2	25483.04761904762	plasma-cell	-256
12749.397163120568	25489.50354609929	plasma-cell	-256
12703.40350877193	25488.122807017542	plasma-cell	-256
12713.494505494506	25490.0	plasma-cell	-256
13285.272	25491.184	plasma-cell	-256
13832.711538461539	25493.596153846156	plasma-cell	-256
14209.9009009009	25500.0	plasma-cell	-256
14286.027397260274	25502.383561643837	plasma-cell	-256
12747.54054054054	25505.351351351354	plasma-cell	-256
14017.477528089887	25515.696629213482	plasma-cell	-256
12632.640449438202	25519.898876404495	plasma-cell	-256
12900.0125	25553.375	plasma-cell	-256
13624.938775510203	25551.55612244898	plasma-cell	-256
14230.242424242424	25560.10101010101	plasma-cell	-256
13246.983870967742	25567.010752688173	plasma-cell	-256
14085.291666666668	25600.427083333332	plasma-cell	-256
13752.348101265823	25637.3417721519	plasma-cell	-256
14090.386363636364	25634.931818181816	plasma-cell	-256
12900.260416666666	25638.635416666668	plasma-cell	-256
13361.335164835165	25659.25824175824	plasma-cell	-256
14016.371951219513	25661.54268292683	plasma-cell	-256
13918.85	25669.355	plasma-cell	-256
13852.403614457831	25670.06626506024	plasma-cell	-256
12788.586776859504	25672.363636363636	plasma-cell	-256
14101.489361702128	25679.007092198583	plasma-cell	-256
13490.413533834586	25692.39097744361	plasma-cell	-256
13679.16814159292	25691.017699115044	plasma-cell	-256
13700.553571428572	25691.607142857145	plasma-cell	-256
13789.991228070176	25698.552631578947	plasma-cell	-256
13832.421487603306	25697.76859504132	plasma-cell	-256
13226.58208955224	25720.432835820895	plasma-cell	-256
14589.495798319327	25728.100840336134	plasma-cell	-256
14540.981481481482	25733.675925925927	plasma-cell	-256
13723.217054263565	25741.37984496124	plasma-cell	-256
14056.401709401709	25744.675213675215	plasma-cell	-256
13542.147928994083	25749.852071005917	plasma-cell	-256
13596.238095238095	25748.95238095238	plasma-cell	-256
14443.632911392404	25749.91139240506	plasma-cell	-256
14055.666666666668	25757.785185185185	plasma-cell	-256
13730.456647398845	25763.35838150289	plasma-cell	-256
13519.87341772152	25763.620253164558	plasma-cell	-256
14144.517543859649	25770.09649122807	plasma-cell	-256
13503.333333333334	25775.5	plasma-cell	-256
13491.064220183485	25779.394495412846	plasma-cell	-256
13742.990654205609	25805.17757009346	plasma-cell	-256
14175.388349514564	25811.76699029126	plasma-cell	-256
13478.464864864865	25822.648648648646	plasma-cell	-256
14163.517241379312	25820.379310344826	plasma-cell	-256
13834.405797101448	25829.45652173913	plasma-cell	-256
13262.111940298508	25832.253731343284	plasma-cell	-256
13385.138888888889	25843.203703703704	plasma-cell	-256
13589.295918367347	25841.030612244896	plasma-cell	-256
13421.526315789473	25849.168421052633	plasma-cell	-256
13467.443089430893	25850.861788617887	plasma-cell	-256
13549.32911392405	25850.835443037977	plasma-cell	-256
13527.9	25855.457142857143	plasma-cell	-256
13355.619047619048	25865.541666666668	plasma-cell	-256
14601.295774647886	25873.964788732395	plasma-cell	-256
13688.41791044776	25872.358208955222	plasma-cell	-256
13536.246913580248	25876.876543209877	plasma-cell	-256
13386.56626506024	25890.421686746988	plasma-cell	-256
13495.558823529413	25894.50588235294	plasma-cell	-256
13702.862068965518	25899.793103448275	plasma-cell	-256
13646.84892086331	25908.53237410072	plasma-cell	-256
13383.928571428572	25921.683673469386	plasma-cell	-256
13404.378378378378	25927.094594594593	plasma-cell	-256
13638.646551724138	25953.629310344826	plasma-cell	-256
13671.18085106383	25955.13829787234	plasma-cell	-256
13481.638297872341	25963.340425531915	plasma-cell	-256
14339.535353535353	25972.9898989899	plasma-cell	-256
13673.328	25990.216	plasma-cell	-256
13682.471830985916	26007.61267605634	plasma-cell	-256
14115.857142857143	26024.690476190477	plasma-cell	-256
13596.4	26030.02105263158	plasma-cell	-256
13926.425806451613	26029.38064516129	plasma-cell	-256
13663.204379562045	26032.65693430657	plasma-cell	-256
13684.796116504855	26036.320388349515	plasma-cell	-256
13665.972222222223	26046.046296296296	plasma-cell	-256
13374.685185185186	26048.51851851852	plasma-cell	-256
13699.25	26062.432432432433	plasma-cell	-256
13718.310344827587	26061.844827586207	plasma-cell	-256
14173.14406779661	26078.51694915254	plasma-cell	-256
13382.729411764705	26085.788235294116	plasma-cell	-256
13629.233576642335	26087.204379562045	plasma-cell	-256
13328.31081081081	26091.202702702703	plasma-cell	-256
13807.27380952381	26091.369047619046	plasma-cell	-256
13693.745283018869	26093.877358490565	plasma-cell	-256
13848.9587628866	26100.39175257732	plasma-cell	-256
13481.38596491228	26104.526315789473	plasma-cell	-256
13966.863945578232	26112.836734693876	plasma-cell	-256
13779.140625	26113.7734375	plasma-cell	-256
13329.193181818182	26118.477272727272	plasma-cell	-256
14205.967391304348	26133.271739130436	plasma-cell	-256
13979.848214285714	26145.294642857145	plasma-cell	-256
13263.086419753086	26146.185185185186	plasma-cell	-256
14240.011235955055	26148.887640449437	plasma-cell	-256
14263.807228915663	26156.493975903613	plasma-cell	-256
13888.40322580645	26158.112903225807	plasma-cell	-256
13617.886178861789	26209.28455284553	plasma-cell	-256
14351.141176470588	26237.623529411765	plasma-cell	-256
14425.573426573426	26242.13986013986	plasma-cell	-256
13529.298850574713	26245.494252873563	plasma-cell	-256
14166.27741935484	26248.92258064516	plasma-cell	-256
13973.283464566928	26265.464566929135	plasma-cell	-256
13979.3125	26276.291666666668	plasma-cell	-256
14398.322916666668	26278.333333333332	plasma-cell	-256
14417.085889570553	26292.374233128834	plasma-cell	-256
13905.131578947368	26289.71052631579	plasma-cell	-256
14001.950495049505	26297.227722772277	plasma-cell	-256
13916.8115942029	26300.04347826087	plasma-cell	-256
13804.10101010101	26305.47474747475	plasma-cell	-256
13848.319444444445	26312.972222222223	plasma-cell	-256
14049.547169811322	26312.622641509435	plasma-cell	-256
13929.190476190477	26319.809523809523	plasma-cell	-256
14042.56626506024	26323.168674698794	plasma-cell	-256
13919.785714285714	26325.428571428572	plasma-cell	-256
14003.926470588234	26338.676470588234	plasma-cell	-256
14089.698924731183	26347.451612903227	plasma-cell	-256
13901.125	26348.770833333332	plasma-cell	-256
14619.577777777777	26360.944444444445	plasma-cell	-256
14392.778625954197	26376.57251908397	plasma-cell	-256
13802.611111111111	26377.148148148146	plasma-cell	-256
14023.71186440678	26384.177966101695	plasma-cell	-256
14504.650485436894	26390.95145631068	plasma-cell	-256
14126.888888888889	26393.015873015873	plasma-cell	-256
14571.21935483871	26396.41935483871	plasma-cell	-256
13962.090909090908	26395.045454545456	plasma-cell	-256
13765.913978494624	26403.129032258064	plasma-cell	-256
14143.463414634145	26410.536585365855	plasma-cell	-256
14461.700729927008	26415.306569343065	plasma-cell	-256
13951.964705882354	26425.470588235294	plasma-cell	-256
13811.016949152541	26434.372881355932	plasma-cell	-256
13934.106194690266	26448.327433628318	plasma-cell	-256
13917.708737864079	26451.11650485437	plasma-cell	-256
14516.177570093458	26456.654205607476	plasma-cell	-256
13975.846153846154	26465.43956043956	plasma-cell	-256
14549.90625	26483.234375	plasma-cell	-256
14042.392523364486	26521.33644859813	plasma-cell	-256
14132.0	26569.5	plasma-cell	-256
14644.708860759492	26668.367088607596	plasma-cell	-256
14637.0	26674.222222222223	plasma-cell	-256
13904.761538461538	26749.376923076925	plasma-cell	-256
13889.518518518518	26754.24074074074	plasma-cell	-256
14542.803921568628	26760.58823529412	plasma-cell	-256
14594.68686868687	26776.31313131313	plasma-cell	-256
14222.19512195122	26792.422764227642	plasma-cell	-256
14544.757142857143	26794.014285714286	plasma-cell	-256
14574.870967741936	26798.274193548386	plasma-cell	-256
14435.809523809523	26817.261904761905	plasma-cell	-256
14266.238095238095	26829.555555555555	plasma-cell	-256
14242.968085106382	26897.91489361702	plasma-cell	-256
14531.28813559322	26905.745762711864	plasma-cell	-256
14444.220930232557	26928.10465116279	plasma-cell	-256
14149.68	26927.32	plasma-cell	-256
14573.43076923077	26940.86153846154	plasma-cell	-256
14122.752688172044	26953.94623655914	plasma-cell	-256
14202.52688172043	26954.21505376344	plasma-cell	-256
13995.083333333332	26960.316666666666	plasma-cell	-256
14517.159090909092	26979.113636363636	plasma-cell	-256
14654.119047619048	27164.154761904763	plasma-cell	-256
14345.644628099173	27238.29752066116	plasma-cell	-256
14422.830769230768	27241.446153846155	plasma-cell	-256
14346.987096774194	27264.509677419355	plasma-cell	-256
14431.970873786408	27293.388349514564	plasma-cell	-256
14422.5	27335.659420289856	plasma-cell	-256
14393.690476190477	27345.071428571428	plasma-cell	-256
14413.75	27363.25	plasma-cell	-256
14595.837209302324	27446.39534883721	plasma-cell	-256
13857.135416666668	27466.375	plasma-cell	-256
12400.207207207208	60559.61261261261	plasma-cell	-256
14629.5	60608.708333333336	plasma-cell	-256
14512.458333333332	60612.61666666667	plasma-cell	-256
12641.992753623188	60628.985507246376	plasma-cell	-256
14538.090322580645	60644.929032258064	plasma-cell	-256
13109.189781021898	60774.06569343065	plasma-cell	-256
14593.377049180328	60987.37704918033	plasma-cell	-256
13240.2875	61107.5125	plasma-cell	-256
13249.893805309734	61132.02654867257	plasma-cell	-256
13737.737226277372	61160.49635036496	plasma-cell	-256
13891.76923076923	61207.0	plasma-cell	-256
12726.771739130436	61216.15217391304	plasma-cell	-256
13859.461538461539	61224.782051282054	plasma-cell	-256
12707.422680412372	61237.0206185567	plasma-cell	-256
14020.663551401869	61249.0	plasma-cell	-256
12785.185185185186	61254.07407407407	plasma-cell	-256
13315.16544117647	61259.919117647056	plasma-cell	-256
12887.840909090908	61261.02272727273	plasma-cell	-256
14051.092105263157	61264.57894736842	plasma-cell	-256
13484.692307692309	61268.4	plasma-cell	-256
12882.961538461539	61278.46153846154	plasma-cell	-256
13025.27659574468	61281.46808510638	plasma-cell	-256
12878.140350877193	61286.01754385965	plasma-cell	-256
13750.506329113923	61300.06329113924	plasma-cell	-256
12950.857142857143	61320.008403361346	plasma-cell	-256
14577.076923076922	61340.92307692308	plasma-cell	-256
13135.901639344262	61349.61475409836	plasma-cell	-256
13135.081632653062	61363.82653061225	plasma-cell	-256
13089.849315068494	61368.0	plasma-cell	-256
12925.611764705882	61371.705882352944	plasma-cell	-256
14626.4125	61372.825	plasma-cell	-256
13178.171428571428	61377.34285714286	plasma-cell	-256
14540.707547169812	61377.41509433962	plasma-cell	-256
13884.427272727273	61379.98181818182	plasma-cell	-256
14051.193333333333	61397.246666666666	plasma-cell	-256
13225.087719298246	61401.19298245614	plasma-cell	-256
13272.346534653465	61410.16831683168	plasma-cell	-256
12885.155172413793	61414.183908045976	plasma-cell	-256
12963.891472868218	61422.94573643411	plasma-cell	-256
12870.992957746479	61428.49295774648	plasma-cell	-256
14495.151515151516	61435.11111111111	plasma-cell	-256
13517.993006993007	61439.03496503497	plasma-cell	-256
14542.883116883117	61440.74025974026	plasma-cell	-256
13024.460784313726	61452.58823529412	plasma-cell	-256
14506.70588235294	61454.50588235294	plasma-cell	-256
14564.988372093023	61469.01162790698	plasma-cell	-256
13512.630872483222	61476.0	plasma-cell	-256
13207.264957264957	61477.54700854701	plasma-cell	-256
12946.184782608696	61479.782608695656	plasma-cell	-256
13760.54117647059	61482.541176470586	plasma-cell	-256
14137.976744186046	61486.48837209302	plasma-cell	-256
13514.121212121212	61491.106060606064	plasma-cell	-256
14342.054794520547	61490.6301369863	plasma-cell	-256
13487.316831683169	61495.425742574254	plasma-cell	-256
14076.17924528302	61498.46226415094	plasma-cell	-256
13241.616666666667	61506.95	plasma-cell	-256
14536.757009345794	61524.71028037383	plasma-cell	-256
13435.180722891566	61537.20481927711	plasma-cell	-256
13214.466666666667	61543.37333333334	plasma-cell	-256
13233.475409836065	61545.40983606558	plasma-cell	-256
13446.772727272728	61546.38636363636	plasma-cell	-256
12996.678260869565	61558.608695652176	plasma-cell	-256
14476.942857142858	61558.31428571429	plasma-cell	-256
13794.241379310344	61563.137931034486	plasma-cell	-256
14111.91379310345	61580.48275862069	plasma-cell	-256
13439.518987341773	61583.101265822785	plasma-cell	-256
13432.3125	61604.671875	plasma-cell	-256
14156.071428571428	61611.836734693876	plasma-cell	-256
13625.755102040817	61618.45918367347	plasma-cell	-256
14128.932692307691	61647.346153846156	plasma-cell	-256
13670.4776119403	61651.164179104475	plasma-cell	-256
14216.186274509804	61655.22549019608	plasma-cell	-256
14263.453608247422	61668.927835051545	plasma-cell	-256
13601.63025210084	61687.71428571428	plasma-cell	-256
13386.986666666668	61691.613333333335	plasma-cell	-256
13748.339285714286	61692.125	plasma-cell	-256
14200.036036036036	61694.68468468468	plasma-cell	-256
14132.35294117647	61726.10784313725	plasma-cell	-256
13173.78431372549	61732.82352941176	plasma-cell	-256
13971.129032258064	61742.096774193546	plasma-cell	-256
13982.925373134329	61747.22388059701	plasma-cell	-256
13658.122448979591	61750.12244897959	plasma-cell	-256
14573.023255813954	61751.441860465115	plasma-cell	-256
13516.083333333334	61755.97222222222	plasma-cell	-256
14578.237623762376	61775.59405940594	plasma-cell	-256
14211.762711864407	61781.016949152545	plasma-cell	-256
14322.932584269663	61779.61797752809	plasma-cell	-256
13551.39393939394	61786.530303030304	plasma-cell	-256
14199.16883116883	61790.41558441558	plasma-cell	-256
13265.232558139534	61795.53488372093	plasma-cell	-256
14228.887096774193	61795.145161290326	plasma-cell	-256
14231.672897196262	61814.02803738318	plasma-cell	-256
14198.22950819672	61816.62295081967	plasma-cell	-256
14207.032258064515	61817.54838709677	plasma-cell	-256
14545.392857142857	61818.75	plasma-cell	-256
14199.558558558558	61826.78378378379	plasma-cell	-256
13857.17142857143	61832.91428571429	plasma-cell	-256
13698.162790697676	61842.91860465116	plasma-cell	-256
14184.04918032787	61847.54098360656	plasma-cell	-256
13683.6	61850.6	plasma-cell	-256
13187.034782608696	61858.2	plasma-cell	-256
14198.241071428572	61869.169642857145	plasma-cell	-256
13810.594339622641	61873.93396226415	plasma-cell	-256
13205.204301075268	61889.06451612903	plasma-cell	-256
13772.089552238805	61895.82089552239	plasma-cell	-256
14213.085714285713	61902.828571428574	plasma-cell	-256
14161.547826086957	61915.46956521739	plasma-cell	-256
14235.56923076923	61928.38461538462	plasma-cell	-256
14259.636363636364	61943.01136363636	plasma-cell	-256
14210.982142857143	61950.25892857143	plasma-cell	-256
13485.556818181818	61964.36363636364	plasma-cell	-256
14248.428571428572	61963.828571428574	plasma-cell	-256
14308.866666666667	61966.56	plasma-cell	-256
14491.573333333334	62028.253333333334	plasma-cell	-256
14511.6	62058.73846153846	plasma-cell	-256
14213.084337349397	62069.3734939759	plasma-cell	-256
14255.881355932204	62117.77118644068	plasma-cell	-256
14207.992307692308	62120.407692307694	plasma-cell	-256
14253.607476635514	62138.08411214953	plasma-cell	-256
14565.634146341465	62140.329268292684	plasma-cell	-256
14297.805970149253	62142.19402985075	plasma-cell	-256
14296.6	62160.181818181816	plasma-cell	-256
14266.4	62212.464	plasma-cell	-256
14261.144578313253	62223.02409638554	plasma-cell	-256
14268.3875	62267.71875	plasma-cell	-256
14595.5875	62299.7625	plasma-cell	-256
14161.104	62331.776	plasma-cell	-256
14549.296610169491	62350.21186440678	plasma-cell	-256
14286.311475409835	62354.434426229505	plasma-cell	-256
14296.098591549297	62366.73943661972	plasma-cell	-256
14602.208333333332	62373.930555555555	plasma-cell	-256
14573.68085106383	62393.574468085106	plasma-cell	-256
14353.411764705881	62396.75294117647	plasma-cell	-256
14606.517730496453	62398.7304964539	plasma-cell	-256
14622.372340425532	62397.27659574468	plasma-cell	-256
14319.78612716763	62411.19075144509	plasma-cell	-256
14355.775	62410.675	plasma-cell	-256
14602.848214285714	62416.63392857143	plasma-cell	-256
14369.101449275362	62422.289855072464	plasma-cell	-256
14359.229007633588	62434.916030534354	plasma-cell	-256
14384.518518518518	62436.26851851852	plasma-cell	-256
14345.373737373739	62445.26262626263	plasma-cell	-256
14324.572463768116	62455.09420289855	plasma-cell	-256
14483.10101010101	62474.0101010101	plasma-cell	-256
14295.533980582524	62478.99029126213	plasma-cell	-256
14546.17105263158	62482.57894736842	plasma-cell	-256
14620.161904761906	62488.34285714286	plasma-cell	-256
14353.909090909092	62489.51515151515	plasma-cell	-256
14247.605042016807	62516.268907563026	plasma-cell	-256
14279.181818181818	62568.9494949495	plasma-cell	-256
14506.222222222223	62602.11111111111	plasma-cell	-256
14628.380000000001	62673.55	plasma-cell	-256
14376.939393939394	62725.90909090909	plasma-cell	-256
14166.18085106383	62769.6914893617	plasma-cell	-256
13926.129411764705	62783.47647058823	plasma-cell	-256
14198.7109375	62794.0	plasma-cell	-256
14119.583333333332	62801.416666666664	plasma-cell	-256
14173.429824561405	62820.55263157895	plasma-cell	-256
14192.754838709678	62827.632258064514	plasma-cell	-256
14119.591240875912	62830.67883211679	plasma-cell	-256
14280.140186915887	62840.43925233645	plasma-cell	-256
14249.616071428572	62849.25892857143	plasma-cell	-256
14243.264367816093	62874.574712643676	plasma-cell	-256
14133.419753086418	62884.148148148146	plasma-cell	-256
14103.46961325967	62927.96132596685	plasma-cell	-256
14074.339449541283	63016.036697247706	plasma-cell	-256
10409.39423076923	66475.23076923077	plasma-cell	-256
9861.046153846153	69755.44615384616	plasma-cell	-256
10007.072289156626	69881.3734939759	plasma-cell	-256
9919.842105263158	70213.02631578947	plasma-cell	-256
9918.663716814159	70245.06194690266	plasma-cell	-256
16108.262295081968	10204.459016393443	plasma-cell	-256
15884.222222222223	10212.62962962963	plasma-cell	-256
16030.5	10252.347826086956	plasma-cell	-256
15969.539682539682	10286.182539682539	plasma-cell	-256
15605.862745098038	10290.303921568628	plasma-cell	-256
16009.625	10299.558333333332	plasma-cell	-256
15936.095238095239	10328.809523809523	plasma-cell	-256
16055.658333333333	10448.558333333332	plasma-cell	-256
15956.28310502283	10451.100456621005	plasma-cell	-256
15991.260416666666	10450.302083333334	plasma-cell	-256
15729.633620689656	10507.586206896553	plasma-cell	-256
16157.402298850575	10538.114942528735	plasma-cell	-256
16020.208333333334	10539.472222222223	plasma-cell	-256
15758.412213740457	10559.076335877862	plasma-cell	-256
15855.39603960396	10565.425742574258	plasma-cell	-256
15873.552631578947	10570.46052631579	plasma-cell	-256
15799.436363636363	10600.336363636363	plasma-cell	-256
15796.907488986784	10649.726872246696	plasma-cell	-256
15783.5	10669.0	plasma-cell	-256
15952.442477876106	10689.734513274336	plasma-cell	-256
15782.972972972973	10697.162162162162	plasma-cell	-256
15837.355263157895	10729.855263157895	plasma-cell	-256
16010.163461538461	10734.182692307691	plasma-cell	-256
14822.703703703704	10749.716049382716	plasma-cell	-256
15486.982300884956	10771.212389380531	plasma-cell	-256
15023.30303030303	10792.818181818182	plasma-cell	-256
15460.350364963504	10817.70802919708	plasma-cell	-256
15033.948529411764	10829.33088235294	plasma-cell	-256
15811.279411764706	10843.588235294117	plasma-cell	-256
15765.55	10847.883333333333	plasma-cell	-256
15133.340425531915	10854.212765957447	plasma-cell	-256
15814.52	10871.426666666666	plasma-cell	-256
15982.310344827587	10870.6091954023	plasma-cell	-256
14982.666666666666	10869.125	plasma-cell	-256
15001.54945054945	10872.57142857143	plasma-cell	-256
15076.252631578947	10882.589473684211	plasma-cell	-256
16008.341666666667	10890.641666666666	plasma-cell	-256
14974.686046511628	10891.813953488372	plasma-cell	-256
15851.809523809523	10893.504761904762	plasma-cell	-256
14677.157142857142	10893.114285714286	plasma-cell	-256
15738.30693069307	10894.069306930693	plasma-cell	-256
14771.35593220339	10911.169491525423	plasma-cell	-256
15046.405405405405	10915.81081081081	plasma-cell	-256
15180.279279279279	10913.783783783783	plasma-cell	-256
14733.883720930233	10914.883720930233	plasma-cell	-256
15906.6	10918.634782608695	plasma-cell	-256
14691.21875	10928.40625	plasma-cell	-256
14765.484848484848	10929.401515151516	plasma-cell	-256
14704.08510638298	10934.244680851063	plasma-cell	-256
15769.90322580645	10934.344086021505	plasma-cell	-256
17856.396825396827	10936.809523809523	plasma-cell	-256
15068.205128205129	10940.615384615385	plasma-cell	-256
15075.091666666667	10954.625	plasma-cell	-256
16145.010869565218	10970.989130434782	plasma-cell	-256
17349.5	10970.426470588236	plasma-cell	-256
16091.398496240601	10987.413533834586	plasma-cell	-256
14691.778761061947	10989.106194690266	plasma-cell	-256
14987.5625	11019.578125	plasma-cell	-256
14681.825242718447	11026.873786407767	plasma-cell	-256
14917.971014492754	11048.101449275362	plasma-cell	-256
15008.422818791947	11074.73154362416	plasma-cell	-256
15666.271844660194	11083.728155339806	plasma-cell	-256
14709.022222222222	11097.144444444444	plasma-cell	-256
14698.84375	11108.6875	plasma-cell	-256
14926.381818181819	11128.936363636363	plasma-cell	-256
14829.263565891473	11132.565891472868	plasma-cell	-256
15294.2	11131.0	plasma-cell	-256
15131.5	11137.121621621622	plasma-cell	-256
15163.924528301886	11145.66037735849	plasma-cell	-256
15451.225225225226	11146.864864864865	plasma-cell	-256
14981.421052631578	11153.017543859649	plasma-cell	-256
14974.554347826086	11185.391304347826	plasma-cell	-256
14840.04255319149	11187.382978723404	plasma-cell	-256
14846.362068965518	11192.189655172413	plasma-cell	-256
15094.066666666668	11200.555555555555	plasma-cell	-256
15535.254545454545	11201.854545454546	plasma-cell	-256
15348.434782608696	11204.804347826088	plasma-cell	-256
14989.859649122807	11206.982456140351	plasma-cell	-256
15020.926829268292	11208.439024390244	plasma-cell	-256
15047.824324324325	11212.608108108108	plasma-cell	-256
14997.441558441558	11220.532467532468	plasma-cell	-256
14814.962025316456	11231.113924050633	plasma-cell	-256
14780.847058823529	11239.2	plasma-cell	-256
15648.45945945946	11255.216216216217	plasma-cell	-256
15209.173076923076	11259.423076923076	plasma-cell	-256
15021.298701298701	11262.532467532468	plasma-cell	-256
15094.783333333333	11276.25	plasma-cell	-256
15272.242718446601	11278.126213592233	plasma-cell	-256
14688.291666666666	11284.25	plasma-cell	-256
15351.5	11294.0	plasma-cell	-256
14852.015625	11296.390625	plasma-cell	-256
14893.439024390244	11307.731707317073	plasma-cell	-256
15121.101694915254	11327.203389830509	plasma-cell	-256
15044.582417582418	11357.153846153846	plasma-cell	-256
15862.56779661017	11361.805084745763	plasma-cell	-256
14948.671232876712	11368.301369863013	plasma-cell	-256
15384.5	11368.116666666667	plasma-cell	-256
14964.906976744187	11379.06976744186	plasma-cell	-256
15591.269662921348	11386.966292134832	plasma-cell	-256
15437.342857142858	11388.6	plasma-cell	-256
15425.487804878048	11393.780487804877	plasma-cell	-256
15380.26213592233	11403.699029126214	plasma-cell	-256
15607.864077669903	11401.631067961165	plasma-cell	-256
14754.042105263157	11403.61052631579	plasma-cell	-256
14675.55238095238	11419.47619047619	plasma-cell	-256
15478.533333333333	11429.416666666666	plasma-cell	-256
15265.14705882353	11446.14705882353	plasma-cell	-256
15278.89010989011	11448.538461538461	plasma-cell	-256
14781.833333333334	11451.904761904761	plasma-cell	-256
15267.32558139535	11452.906976744187	plasma-cell	-256
14747.135922330097	11458.378640776698	plasma-cell	-256
15283.162162162162	11473.153153153153	plasma-cell	-256
15525.271186440677	11477.35593220339	plasma-cell	-256
14681.766233766233	11484.337662337663	plasma-cell	-256
14875.1	11482.65	plasma-cell	-256
14777.213333333333	11502.04	plasma-cell	-256
15243.663366336634	11508.980198019803	plasma-cell	-256
15261.635036496351	11529.970802919708	plasma-cell	-256
17652.181818181816	11529.287878787878	plasma-cell	-256
15393.922480620155	11534.84496124031	plasma-cell	-256
15246.1875	11532.96875	plasma-cell	-256
15494.08527131783	11539.031007751939	plasma-cell	-256
14804.32075471698	11547.38679245283	plasma-cell	-256
15260.890243902439	11552.975609756097	plasma-cell	-256
15360.8	11554.141666666666	plasma-cell	-256
15209.426086956522	11569.878260869566	plasma-cell	-256
15281.622950819672	11576.918032786885	plasma-cell	-256
15292.432835820895	11576.597014925374	plasma-cell	-256
15717.791304347826	11605.44347826087	plasma-cell	-256
17510.680555555555	11613.736111111111	plasma-cell	-256
15314.094117647059	11614.870588235293	plasma-cell	-256
17462.41584158416	11620.871287128713	plasma-cell	-256
15331.483333333334	11635.541666666666	plasma-cell	-256
17466.339130434782	11685.2	plasma-cell	-256
15535.71794871795	11715.666666666666	plasma-cell	-256
15709.419642857143	11726.50892857143	plasma-cell	-256
15235.558823529413	11805.549019607843	plasma-cell	-256
15247.661016949152	11823.71186440678	plasma-cell	-256
15651.57264957265	11835.641025641025	plasma-cell	-256
15740.659574468085	11835.159574468085	plasma-cell	-256
15277.46896551724	11859.620689655172	plasma-cell	-256
15704.235294117647	11902.894117647058	plasma-cell	-256
16226.315789473683	11960.09649122807	plasma-cell	-256
15327.894736842105	11965.228070175439	plasma-cell	-256
15636.73949579832	11991.823529411766	plasma-cell	-256
15628.432432432433	12008.045045045044	plasma-cell	-256
15288.677685950413	12032.165289256198	plasma-cell	-256
15356.939024390244	12034.426829268294	plasma-cell	-256
15602.208955223881	12042.850746268658	plasma-cell	-256
16021.5	12051.0	plasma-cell	-256
15513.452173913043	12065.295652173912	plasma-cell	-256
15640.307692307691	12066.261538461538	plasma-cell	-256
15485.0	12068.288	plasma-cell	-256
15399.811965811965	12079.564102564102	plasma-cell	-256
15612.021052631579	12085.957894736843	plasma-cell	-256
15622.193181818182	12097.409090909092	plasma-cell	-256
15421.354609929078	12113.390070921985	plasma-cell	-256
16053.798165137614	12116.577981651375	plasma-cell	-256
16697.885714285716	12133.157142857142	plasma-cell	-256
15321.75	12165.21875	plasma-cell	-256
15575.401574803149	12175.062992125984	plasma-cell	-256
15485.224489795919	12185.295918367347	plasma-cell	-256
15346.976377952757	12214.023622047243	plasma-cell	-256
15547.974137931034	12218.146551724138	plasma-cell	-256
17330.039215686273	12216.78431372549	plasma-cell	-256
15666.91743119266	12223.642201834862	plasma-cell	-256
15331.71974522293	12230.35668789809	plasma-cell	-256
15334.238095238095	12246.721088435374	plasma-cell	-256
14796.846846846847	12263.846846846847	plasma-cell	-256
15344.63063063063	12270.36936936937	plasma-cell	-256
15690.982905982906	12302.555555555555	plasma-cell	-256
15213.35294117647	12314.83660130719	plasma-cell	-256
15678.89247311828	12317.897849462366	plasma-cell	-256
17995.324675324675	12318.818181818182	plasma-cell	-256
15375.161904761904	12356.742857142857	plasma-cell	-256
15169.718390804597	12375.781609195403	plasma-cell	-256
15373.138888888889	12380.388888888889	plasma-cell	-256
15914.37125748503	12382.790419161676	plasma-cell	-256
19365.788732394365	12396.042253521127	plasma-cell	-256
19351.893617021276	12408.170212765957	plasma-cell	-256
15156.64238410596	12424.185430463576	plasma-cell	-256
15381.836363636363	12431.909090909092	plasma-cell	-256
16094.807228915663	12456.385542168675	plasma-cell	-256
16272.362068965518	12457.98275862069	plasma-cell	-256
15183.78835978836	12480.83597883598	plasma-cell	-256
15156.923076923076	12489.955128205129	plasma-cell	-256
15229.25	12499.716666666667	plasma-cell	-256
15083.462809917355	12531.727272727272	plasma-cell	-256
15138.672897196262	12543.205607476635	plasma-cell	-256
15126.15873015873	12559.047619047618	plasma-cell	-256
15224.472602739726	12559.90410958904	plasma-cell	-256
15119.252873563219	12570.045977011494	plasma-cell	-256
15122.797101449276	12582.630434782608	plasma-cell	-256
15112.472527472528	12595.593406593407	plasma-cell	-256
17186.43157894737	12608.094736842106	plasma-cell	-256
16024.965517241379	12647.448275862069	plasma-cell	-256
15078.850393700788	12688.417322834646	plasma-cell	-256
16742.329545454544	12685.5	plasma-cell	-256
16823.076923076922	12694.967032967033	plasma-cell	-256
15829.486486486487	12696.756756756757	plasma-cell	-256
15084.881188118812	12763.128712871287	plasma-cell	-256
17489.898550724636	12844.217391304348	plasma-cell	-256
18002.26984126984	12851.468253968254	plasma-cell	-256
17704.97709923664	12859.42748091603	plasma-cell	-256
16716.87777777778	12859.9	plasma-cell	-256
16892.753424657534	12912.150684931506	plasma-cell	-256
16167.590361445784	12938.120481927712	plasma-cell	-256
16179.57142857143	12946.802197802197	plasma-cell	-256
17576.512396694216	13043.652892561984	plasma-cell	-256
17328.85714285714	13086.357142857143	plasma-cell	-256
17365.475609756097	13125.90243902439	plasma-cell	-256
17590.02380952381	13157.785714285714	plasma-cell	-256
19363.420289855072	18779.782608695652	plasma-cell	-256
19290.23711340206	18897.72680412371	plasma-cell	-256
19281.338624338623	18923.1164021164	plasma-cell	-256
19249.06111111111	19010.894444444442	plasma-cell	-256
19218.304347826088	19035.659420289856	plasma-cell	-256
19195.47619047619	19039.95238095238	plasma-cell	-256
19067.30201342282	19111.845637583894	plasma-cell	-256
18981.020408163266	19293.88775510204	plasma-cell	-256
19165.690647482013	19871.618705035973	plasma-cell	-256
19108.36809815951	19916.9018404908	plasma-cell	-256
19141.954022988506	19979.58620689655	plasma-cell	-256
14681.67924528302	2905.6415094339623	plasma-cell	-256
14672.016393442624	2971.098360655738	plasma-cell	-256
14803.705128205129	3304.5	plasma-cell	-256
14665.92	3315.88	plasma-cell	-256
14672.140350877193	3409.1140350877195	plasma-cell	-256
14759.20792079208	3425.6138613861385	plasma-cell	-256
14831.154761904761	3426.3928571428573	plasma-cell	-256
14720.7625	3587.1375	plasma-cell	-256
14860.9875	3597.8875	plasma-cell	-256
14789.823529411764	3610.970588235294	plasma-cell	-256
14749.209090909091	3641.7090909090907	plasma-cell	-256
14916.066666666668	3662.8	plasma-cell	-256
14892.272727272728	3671.581818181818	plasma-cell	-256
14989.48	3698.0133333333333	plasma-cell	-256
14946.257731958764	3712.0	plasma-cell	-256
14970.6	3717.542857142857	plasma-cell	-256
14929.09589041096	3732.301369863014	plasma-cell	-256
14937.39240506329	3777.8101265822784	plasma-cell	-256
14877.131313131313	3798.868686868687	plasma-cell	-256
14922.253012048193	3853.9036144578313	plasma-cell	-256
14886.546875	3859.1484375	plasma-cell	-256
14988.81	3861.27	plasma-cell	-256
14677.05633802817	3881.239436619718	plasma-cell	-256
14937.25925925926	3932.5185185185187	plasma-cell	-256
14665.463157894737	4047.821052631579	plasma-cell	-256
14772.4	4052.7	plasma-cell	-256
15020.872727272726	4052.6	plasma-cell	-256
15136.025	4094.9625	plasma-cell	-256
14818.235294117647	4100.35294117647	plasma-cell	-256
14957.75	4128.368421052632	plasma-cell	-256
14920.225	4130.7875	plasma-cell	-256
14929.72049689441	4156.223602484472	plasma-cell	-256
14722.161971830987	4159.098591549296	plasma-cell	-256
14913.552941176471	4172.8	plasma-cell	-256
14875.09090909091	4173.022727272727	plasma-cell	-256
15113.44	4176.013333333333	plasma-cell	-256
14921.814285714285	4193.507142857143	plasma-cell	-256
15080.153846153846	4192.9807692307695	plasma-cell	-256
15049.871428571429	4193.5	plasma-cell	-256
14847.973214285714	4203.232142857143	plasma-cell	-256
15005.22950819672	4216.622950819672	plasma-cell	-256
15048.549295774648	4274.492957746479	plasma-cell	-256
14893.661417322835	4294.181102362205	plasma-cell	-256
15195.923076923076	4291.0192307692305	plasma-cell	-256
15110.977272727272	4294.647727272727	plasma-cell	-256
15052.726495726496	4299.965811965812	plasma-cell	-256
15105.842105263158	4319.968421052631	plasma-cell	-256
15244.36036036036	4480.954954954955	plasma-cell	-256
15221.177777777777	4501.9111111111115	plasma-cell	-256
15119.824074074075	4919.277777777777	plasma-cell	-256
15288.283333333333	5121.85	plasma-cell	-256
14813.975	5184.925	plasma-cell	-256
15376.879310344828	5186.801724137931	plasma-cell	-256
15403.168	5253.32	plasma-cell	-256
15331.807692307691	5269.307692307692	plasma-cell	-256
14980.323076923078	5366.7692307692305	plasma-cell	-256
14975.348484848484	5379.886363636364	plasma-cell	-256
15031.531914893618	5426.148936170212	plasma-cell	-256
14741.506024096385	5443.734939759036	plasma-cell	-256
15060.859649122807	5467.903508771929	plasma-cell	-256
14733.675324675325	5469.038961038961	plasma-cell	-256
14764.973684210527	5476.144736842105	plasma-cell	-256
14794.924050632912	5505.93670886076	plasma-cell	-256
14749.411764705883	5540.367647058823	plasma-cell	-256
14706.459770114943	5560.632183908046	plasma-cell	-256
14843.5	5567.813953488372	plasma-cell	-256
14711.67175572519	5574.213740458015	plasma-cell	-256
14797.145833333334	5581.822916666667	plasma-cell	-256
14842.943262411347	5589.31914893617	plasma-cell	-256
14703.67320261438	5598.568627450981	plasma-cell	-256
14693.573529411764	5608.816176470588	plasma-cell	-256
14821.970588235294	5613.764705882353	plasma-cell	-256
14824.53205128205	5632.916666666667	plasma-cell	-256
15313.338842975207	5640.01652892562	plasma-cell	-256
15340.756097560976	5645.024390243902	plasma-cell	-256
15214.128205128205	5652.418803418804	plasma-cell	-256
14761.732394366198	5653.795774647887	plasma-cell	-256
15311.64375	5652.35	plasma-cell	-256
14751.365853658537	5656.048780487805	plasma-cell	-256
14681.640776699029	5669.417475728155	plasma-cell	-256
15330.56338028169	5676.056338028169	plasma-cell	-256
15220.28205128205	5677.547008547009	plasma-cell	-256
15297.405594405594	5694.097902097902	plasma-cell	-256
15323.407692307692	5696.423076923077	plasma-cell	-256
15315.20945945946	5711.0472972972975	plasma-cell	-256
15286.40650406504	5723.317073170731	plasma-cell	-256
15301.81111111111	5720.177777777778	plasma-cell	-256
14914.664179104479	5726.932835820896	plasma-cell	-256
15254.857142857143	5727.207792207792	plasma-cell	-256
14901.350318471337	5752.375796178344	plasma-cell	-256
14888.575757575758	5755.333333333333	plasma-cell	-256
14874.583333333334	5758.625	plasma-cell	-256
14859.255813953489	5769.558139534884	plasma-cell	-256
14877.90322580645	5767.814516129032	plasma-cell	-256
15218.607142857143	5777.116071428572	plasma-cell	-256
15262.62	5781.23	plasma-cell	-256
15328.582278481013	5779.721518987341	plasma-cell	-256
15223.891304347826	5804.630434782609	plasma-cell	-256
15301.954545454546	5810.606060606061	plasma-cell	-256
15146.946153846155	5834.107692307693	plasma-cell	-256
15417.984615384616	5846.0615384615385	plasma-cell	-256
15241.074468085106	5858.702127659574	plasma-cell	-256
15282.923076923076	5896.7692307692305	plasma-cell	-256
15207.671875	5906.921875	plasma-cell	-256
14877.76923076923	6005.909090909091	plasma-cell	-256
15571.408163265307	6009.775510204082	plasma-cell	-256
14832.387096774193	6041.860215053764	plasma-cell	-256
14864.39837398374	6049.577235772358	plasma-cell	-256
14843.076335877862	6073.946564885497	plasma-cell	-256
14854.238532110092	6126.577981651376	plasma-cell	-256
14837.205128205129	6135.384615384615	plasma-cell	-256
15002.895652173913	6139.634782608696	plasma-cell	-256
14920.38144329897	6148.226804123711	plasma-cell	-256
14818.836206896553	6165.681034482759	plasma-cell	-256
14825.7	6180.4	plasma-cell	-256
14925.337078651686	6212.4157303370785	plasma-cell	-256
15069.338235294117	6219.60294117647	plasma-cell	-256
15115.078947368422	6222.039473684211	plasma-cell	-256
15655.067226890757	6235.218487394958	plasma-cell	-256
15179.717171717171	6266.282828282829	plasma-cell	-256
15098.788888888888	6293.122222222222	plasma-cell	-256
14949.398230088496	6315.486725663717	plasma-cell	-256
15899.380952380952	6373.857142857143	plasma-cell	-256
15746.702127659575	6395.914893617021	plasma-cell	-256
15754.693181818182	6402.897727272727	plasma-cell	-256
15869.090909090908	6503.171717171717	plasma-cell	-256
15878.65625	6517.515625	plasma-cell	-256
15903.944444444445	6745.833333333333	plasma-cell	-256
14740.60294117647	6746.308823529412	plasma-cell	-256
15893.355140186915	6776.514018691589	plasma-cell	-256
15975.7	6781.35	plasma-cell	-256
15952.241610738256	6786.48322147651	plasma-cell	-256
16011.088235294117	6787.264705882353	plasma-cell	-256
15862.225806451614	6790.5	plasma-cell	-256
14722.885714285714	6795.96	plasma-cell	-256
15880.212962962964	6796.12037037037	plasma-cell	-256
14837.5	6799.978873239436	plasma-cell	-256
16014.454545454546	6810.625	plasma-cell	-256
15898.916666666666	6840.175	plasma-cell	-256
16114.5	6851.7307692307695	plasma-cell	-256
16034.089552238805	6927.014925373134	plasma-cell	-256
15788.907894736842	6931.861842105263	plasma-cell	-256
16026.661538461538	6932.507692307692	plasma-cell	-256
16061.416666666666	6939.016666666666	plasma-cell	-256
16116.256756756757	6940.905405405405	plasma-cell	-256
14737.013888888889	6945.888888888889	plasma-cell	-256
16001.111111111111	6965.481481481482	plasma-cell	-256
16119.722891566265	6967.78313253012	plasma-cell	-256
16009.146496815287	6986.203821656051	plasma-cell	-256
14845.98181818182	6995.136363636364	plasma-cell	-256
16112.258333333333	6998.625	plasma-cell	-256
16021.228260869566	7003.510869565217	plasma-cell	-256
15235.816513761469	7043.293577981652	plasma-cell	-256
16072.18493150685	7055.369863013699	plasma-cell	-256
14787.101449275362	7055.420289855072	plasma-cell	-256
16113.416666666666	7054.770833333333	plasma-cell	-256
15235.182692307691	7065.182692307692	plasma-cell	-256
14793.804511278195	7073.541353383459	plasma-cell	-256
15417.927152317881	7099.172185430463	plasma-cell	-256
14806.05633802817	7114.169014084507	plasma-cell	-256
15171.608695652174	7128.695652173913	plasma-cell	-256
14772.00641025641	7135.051282051282	plasma-cell	-256
14675.245033112582	7147.7086092715235	plasma-cell	-256
14790.237288135593	7163.0847457627115	plasma-cell	-256
14733.273255813954	7164.918604651163	plasma-cell	-256
14795.374269005848	7180.152046783625	plasma-cell	-256
14693.842857142858	7180.928571428572	plasma-cell	-256
15437.743243243243	7200.554054054054	plasma-cell	-256
15939.43373493976	7199.204819277108	plasma-cell	-256
14731.477611940298	7224.4701492537315	plasma-cell	-256
14788.852813852815	7234.995670995671	plasma-cell	-256
15898.772727272728	7234.590909090909	plasma-cell	-256
16001.357798165138	7238.431192660551	plasma-cell	-256
15936.53125	7253.822916666667	plasma-cell	-256
15951.162790697674	7256.945736434109	plasma-cell	-256
15493.166666666666	7258.083333333333	plasma-cell	-256
15450.545454545454	7259.575757575758	plasma-cell	-256
15509.944444444445	7269.7444444444445	plasma-cell	-256
14712.529411764706	7295.764705882353	plasma-cell	-256
14729.694267515924	7295.267515923567	plasma-cell	-256
14692.121951219513	7307.317073170731	plasma-cell	-256
14711.316326530612	7318.275510204082	plasma-cell	-256
16163.41791044776	7321.0	plasma-cell	-256
15627.575342465754	7340.246575342466	plasma-cell	-256
14810.5625	7386.419642857143	plasma-cell	-256
15669.481927710844	7407.277108433735	plasma-cell	-256
15194.040983606557	7419.983606557377	plasma-cell	-256
14817.099236641221	7430.496183206107	plasma-cell	-256
16139.087378640777	7438.864077669903	plasma-cell	-256
14834.539325842698	7439.808988764045	plasma-cell	-256
14775.514705882353	7468.926470588235	plasma-cell	-256
14669.61320754717	7533.990566037736	plasma-cell	-256
14673.732394366198	7545.633802816901	plasma-cell	-256
14674.619047619048	7564.630952380952	plasma-cell	-256
15456.808219178081	7565.13698630137	plasma-cell	-256
14670.963768115942	7596.826086956522	plasma-cell	-256
15222.318181818182	7612.136363636364	plasma-cell	-256
15185.317307692309	7630.4807692307695	plasma-cell	-256
15270.763779527559	7667.023622047244	plasma-cell	-256
14747.821782178218	7681.3564356435645	plasma-cell	-256
14750.82905982906	7729.82905982906	plasma-cell	-256
15974.720238095239	7794.535714285715	plasma-cell	-256
16167.368421052632	7793.394736842105	plasma-cell	-256
16137.028901734104	7829.9653179190755	plasma-cell	-256
16003.368421052632	7839.5	plasma-cell	-256
16154.342105263158	7851.460526315789	plasma-cell	-256
16224.238095238095	7854.571428571428	plasma-cell	-256
16149.22619047619	7883.464285714285	plasma-cell	-256
16112.864406779661	7888.813559322034	plasma-cell	-256
16032.784615384615	7892.338461538461	plasma-cell	-256
15254.734375	7908.65625	plasma-cell	-256
15905.884210526316	7950.557894736842	plasma-cell	-256
15937.910256410256	7955.461538461538	plasma-cell	-256
15983.398148148148	7979.787037037037	plasma-cell	-256
16001.82142857143	8002.880952380952	plasma-cell	-256
15948.327868852459	8019.3442622950815	plasma-cell	-256
14849.754601226994	8043.938650306748	plasma-cell	-256
14691.746575342466	8068.2054794520545	plasma-cell	-256
15828.25892857143	8089.580357142857	plasma-cell	-256
14699.609375	8110.03125	plasma-cell	-256
14784.8940397351	8120.384105960265	plasma-cell	-256
14686.714285714286	8120.81954887218	plasma-cell	-256
14683.267857142857	8163.294642857143	plasma-cell	-256
14696.095541401273	8170.751592356688	plasma-cell	-256
14663.683168316831	8183.336633663366	plasma-cell	-256
16174.8	8204.658823529411	plasma-cell	-256
14834.581967213115	8210.254098360656	plasma-cell	-256
14700.057324840764	8216.942675159236	plasma-cell	-256
14855.299270072992	8242.080291970802	plasma-cell	-256
15022.436974789916	8242.600840336134	plasma-cell	-256
14679.269565217392	8250.269565217392	plasma-cell	-256
14729.604938271605	8250.839506172839	plasma-cell	-256
14722.04109589041	8262.308219178081	plasma-cell	-256
14867.724137931034	8318.698275862069	plasma-cell	-256
15051.54054054054	8321.121621621622	plasma-cell	-256
14929.758823529412	8329.75294117647	plasma-cell	-256
15157.68888888889	8340.955555555556	plasma-cell	-256
14677.777777777777	8378.786324786324	plasma-cell	-256
14779.765432098766	8385.234567901234	plasma-cell	-256
14693.011111111111	8389.58888888889	plasma-cell	-256
15147.051724137931	8392.810344827587	plasma-cell	-256
14828.676470588236	8399.14705882353	plasma-cell	-256
14931.718446601943	8399.097087378641	plasma-cell	-256
14681.522935779816	8402.559633027522	plasma-cell	-256
14913.54054054054	8410.662162162162	plasma-cell	-256
14978.839160839161	8414.93006993007	plasma-cell	-256
15275.561904761904	8412.971428571429	plasma-cell	-256
14743.276785714286	8431.214285714286	plasma-cell	-256
14955.140845070422	8439.225352112677	plasma-cell	-256
14783.904761904761	8452.984126984127	plasma-cell	-256
14965.766129032258	8457.725806451614	plasma-cell	-256
15357.851351351352	8471.324324324325	plasma-cell	-256
14970.682242990653	8477.96261682243	plasma-cell	-256
14706.633802816901	8495.464788732394	plasma-cell	-256
14968.66081871345	8497.929824561403	plasma-cell	-256
14721.65625	8504.59375	plasma-cell	-256
15756.806451612903	8513.354838709678	plasma-cell	-256
14990.372727272726	8515.654545454545	plasma-cell	-256
14819.661016949152	8529.661016949152	plasma-cell	-256
14758.25	8532.034482758621	plasma-cell	-256
15074.828571428572	8534.871428571429	plasma-cell	-256
14819.279069767443	8538.209302325582	plasma-cell	-256
14834.779761904761	8556.333333333334	plasma-cell	-256
14792.5	8564.348101265823	plasma-cell	-256
14805.54054054054	8577.72972972973	plasma-cell	-256
14845.32142857143	8591.330357142857	plasma-cell	-256
15084.228813559323	8604.898305084746	plasma-cell	-256
15729.150943396227	8603.962264150943	plasma-cell	-256
15053.92857142857	8616.626984126984	plasma-cell	-256
15416.5	8634.953125	plasma-cell	-256
15457.045454545454	8648.795454545454	plasma-cell	-256
14953.51923076923	8662.692307692309	plasma-cell	-256
14969.188976377953	8671.503937007874	plasma-cell	-256
14994.557692307691	8680.798076923076	plasma-cell	-256
15012.96	8681.728	plasma-cell	-256
15458.097826086956	8682.478260869566	plasma-cell	-256
15004.666666666666	8684.866666666667	plasma-cell	-256
15563.0	8691.144	plasma-cell	-256
15460.583815028902	8694.64161849711	plasma-cell	-256
14974.808510638299	8714.744680851063	plasma-cell	-256
15045.714285714286	8739.224489795919	plasma-cell	-256
15721.125	8740.8125	plasma-cell	-256
15217.827160493827	8757.308641975309	plasma-cell	-256
15259.61	8760.19	plasma-cell	-256
15244.34355828221	8772.791411042945	plasma-cell	-256
15097.48366013072	8777.901960784313	plasma-cell	-256
15497.209677419354	8785.790322580646	plasma-cell	-256
15080.044642857143	8791.67857142857	plasma-cell	-256
15114.62962962963	8794.0	plasma-cell	-256
15307.97391304348	8803.773913043478	plasma-cell	-256
16425.51851851852	8804.376543209877	plasma-cell	-256
16121.882352941177	8808.588235294117	plasma-cell	-256
15392.022900763359	8818.45038167939	plasma-cell	-256
15662.275	8823.825	plasma-cell	-256
15602.46794871795	8830.621794871795	plasma-cell	-256
15677.941176470587	8831.980392156862	plasma-cell	-256
15089.640776699029	8840.83495145631	plasma-cell	-256
15394.066666666668	8843.45925925926	plasma-cell	-256
15375.96062992126	8850.456692913385	plasma-cell	-256
15140.369565217392	8851.239130434782	plasma-cell	-256
15350.795180722891	8853.048192771084	plasma-cell	-256
15522.597014925374	8856.029850746268	plasma-cell	-256
15115.324324324325	8858.594594594595	plasma-cell	-256
15199.439655172413	8858.543103448275	plasma-cell	-256
15532.224489795919	8857.122448979591	plasma-cell	-256
15662.489208633093	8858.352517985611	plasma-cell	-256
15461.25974025974	8860.688311688311	plasma-cell	-256
15193.226086956522	8866.782608695652	plasma-cell	-256
15483.0125	8866.1125	plasma-cell	-256
15418.387387387387	8870.720720720721	plasma-cell	-256
15544.6091954023	8871.264367816091	plasma-cell	-256
15114.713043478261	8873.730434782608	plasma-cell	-256
15224.736842105263	8875.58552631579	plasma-cell	-256
15446.715596330276	8875.256880733945	plasma-cell	-256
15270.294642857143	8880.669642857143	plasma-cell	-256
15350.787610619469	8882.991150442478	plasma-cell	-256
16534.09375	8899.125	plasma-cell	-256
15159.939759036144	8900.734939759037	plasma-cell	-256
15203.26923076923	8902.14423076923	plasma-cell	-256
15242.418604651162	8910.023255813954	plasma-cell	-256
15209.356589147286	8917.798449612403	plasma-cell	-256
15158.335766423357	8918.102189781022	plasma-cell	-256
15307.92857142857	8915.25	plasma-cell	-256
15126.443708609271	8919.781456953642	plasma-cell	-256
15748.112244897959	8919.214285714286	plasma-cell	-256
15144.277108433735	8925.638554216868	plasma-cell	-256
15353.390070921985	8926.290780141844	plasma-cell	-256
15437.99	8925.61	plasma-cell	-256
15754.040816326531	8935.357142857143	plasma-cell	-256
15369.042857142857	8938.614285714286	plasma-cell	-256
15399.219178082192	8937.205479452055	plasma-cell	-256
15709.584	8938.304	plasma-cell	-256
15179.618181818181	8939.281818181818	plasma-cell	-256
15507.71653543307	8941.661417322835	plasma-cell	-256
16402.223076923077	8940.184615384615	plasma-cell	-256
15339.956896551725	8945.310344827587	plasma-cell	-256
15155.405940594059	8961.336633663366	plasma-cell	-256
15513.113636363636	8958.511363636364	plasma-cell	-256
15617.435897435898	8959.589743589744	plasma-cell	-256
15323.295081967213	8962.409836065573	plasma-cell	-256
15503.67924528302	8962.698113207547	plasma-cell	-256
15561.226890756303	8971.98319327731	plasma-cell	-256
15642.608695652174	8974.054347826086	plasma-cell	-256
15498.677083333334	8976.4375	plasma-cell	-256
15514.66935483871	8993.306451612903	plasma-cell	-256
15744.488888888889	8991.366666666667	plasma-cell	-256
15386.28346456693	8999.11811023622	plasma-cell	-256
15551.172131147541	8998.590163934427	plasma-cell	-256
15458.359375	9006.7734375	plasma-cell	-256
15311.530303030304	9009.984848484848	plasma-cell	-256
15506.5	9007.0	plasma-cell	-256
15542.584415584415	9010.987012987012	plasma-cell	-256
15393.507936507936	9013.333333333334	plasma-cell	-256
15552.88392857143	9016.919642857143	plasma-cell	-256
15542.965217391304	9032.965217391304	plasma-cell	-256
15654.865853658537	9031.59756097561	plasma-cell	-256
15601.732824427481	9039.442748091604	plasma-cell	-256
15424.134615384615	9045.711538461539	plasma-cell	-256
15521.066666666668	9046.355555555556	plasma-cell	-256
15631.28947368421	9050.719298245614	plasma-cell	-256
15647.752293577982	9050.844036697248	plasma-cell	-256
15396.56	9058.47	plasma-cell	-256
15672.946564885497	9067.42748091603	plasma-cell	-256
16561.817391304347	9074.95652173913	plasma-cell	-256
16012.732283464567	9075.433070866142	plasma-cell	-256
15585.4	9078.095652173914	plasma-cell	-256
15611.291666666666	9087.775	plasma-cell	-256
15646.648148148148	9105.37962962963	plasma-cell	-256
15671.601694915254	9107.364406779661	plasma-cell	-256
15716.19642857143	9107.19642857143	plasma-cell	-256
15584.32	9113.84	plasma-cell	-256
16005.009433962265	9114.443396226416	plasma-cell	-256
15721.592592592593	9114.0	plasma-cell	-256
15778.982352941177	9124.670588235294	plasma-cell	-256
15702.802325581395	9122.744186046511	plasma-cell	-256
15584.177631578947	9127.66447368421	plasma-cell	-256
15482.391304347826	9127.347826086956	plasma-cell	-256
15639.494949494949	9126.585858585859	plasma-cell	-256
15676.39344262295	9129.368852459016	plasma-cell	-256
15632.477876106195	9141.20353982301	plasma-cell	-256
15983.194444444445	9141.527777777777	plasma-cell	-256
15891.489361702128	9148.712765957447	plasma-cell	-256
16280.839285714286	9149.07142857143	plasma-cell	-256
15690.0	9152.5	plasma-cell	-256
15988.76724137931	9157.974137931034	plasma-cell	-256
15952.0	9180.5	plasma-cell	-256
15637.475806451614	9185.193548387097	plasma-cell	-256
16214.194444444445	9194.194444444445	plasma-cell	-256
16127.45	9194.683333333332	plasma-cell	-256
15669.329545454546	9218.818181818182	plasma-cell	-256
16033.487804878048	9220.59756097561	plasma-cell	-256
16096.801369863013	9222.972602739726	plasma-cell	-256
16331.743362831858	9224.601769911504	plasma-cell	-256
16238.66511627907	9228.693023255813	plasma-cell	-256
16298.29411764706	9229.313725490196	plasma-cell	-256
16145.44642857143	9237.3125	plasma-cell	-256
16273.611940298508	9236.55223880597	plasma-cell	-256
16350.0	9261.585858585859	plasma-cell	-256
16242.880000000001	9284.12	plasma-cell	-256
16347.95652173913	9286.182608695652	plasma-cell	-256
16126.9793814433	9289.670103092783	plasma-cell	-256
16532.95348837209	9294.976744186046	plasma-cell	-256
16251.535433070867	9294.748031496063	plasma-cell	-256
16129.573770491803	9302.491803278688	plasma-cell	-256
16085.03947368421	9303.118421052632	plasma-cell	-256
16211.41935483871	9366.59677419355	plasma-cell	-256
16313.603174603175	9419.714285714286	plasma-cell	-256
15124.157303370786	9446.943820224718	plasma-cell	-256
16428.64285714286	9455.404761904761	plasma-cell	-256
16326.631578947368	9458.815789473685	plasma-cell	-256
16219.154761904761	9478.940476190477	plasma-cell	-256
16279.129032258064	9487.274193548386	plasma-cell	-256
16266.2	9505.981818181817	plasma-cell	-256
16225.9375	9509.339285714286	plasma-cell	-256
15161.88349514563	9521.708737864077	plasma-cell	-256
15775.991935483871	9548.943548387097	plasma-cell	-256
16583.03	9556.92	plasma-cell	-256
16130.707317073171	9574.634146341463	plasma-cell	-256
16422.634615384617	9574.01923076923	plasma-cell	-256
16274.88349514563	9596.04854368932	plasma-cell	-256
14839.232558139534	9599.139534883721	plasma-cell	-256
16329.507042253521	9667.12676056338	plasma-cell	-256
16578.67142857143	9673.085714285715	plasma-cell	-256
16240.673076923076	9676.096153846154	plasma-cell	-256
16356.603174603175	9674.809523809523	plasma-cell	-256
16288.915492957747	9698.94366197183	plasma-cell	-256
14705.932330827067	9706.90977443609	plasma-cell	-256
16426.719512195123	9719.292682926829	plasma-cell	-256
16394.407894736843	9723.921052631578	plasma-cell	-256
16271.674698795181	9733.44578313253	plasma-cell	-256
16487.868421052633	9758.723684210527	plasma-cell	-256
16606.065934065933	9782.483516483517	plasma-cell	-256
15233.471153846154	9799.798076923076	plasma-cell	-256
16407.36046511628	9815.848837209302	plasma-cell	-256
16324.61320754717	9819.792452830188	plasma-cell	-256
16362.59677419355	9841.354838709678	plasma-cell	-256
16247.905660377359	9888.547169811322	plasma-cell	-256
16667.14503816794	9893.129770992366	plasma-cell	-256
16138.41584158416	9922.20792079208	plasma-cell	-256
16149.291262135923	9940.631067961165	plasma-cell	-256
16135.242424242424	9962.242424242424	plasma-cell	-256
16708.074074074073	9980.981481481482	plasma-cell	-256
16203.307692307691	10007.957264957266	plasma-cell	-256
16141.556603773584	10012.933962264151	plasma-cell	-256
16667.973684210527	10013.780701754386	plasma-cell	-256
16303.61052631579	10024.347368421053	plasma-cell	-256
16212.271844660194	10027.388349514564	plasma-cell	-256
16187.363636363636	10033.445454545454	plasma-cell	-256
16075.818181818182	10047.441558441558	plasma-cell	-256
16193.719101123595	10081.168539325843	plasma-cell	-256
16207.76404494382	10092.943820224718	plasma-cell	-256
16179.514285714286	10103.0	plasma-cell	-256
16191.237113402061	10115.525773195875	plasma-cell	-256
16212.017543859649	10114.719298245614	plasma-cell	-256
16019.844444444445	10170.133333333333	plasma-cell	-256
15845.5625	10173.234375	plasma-cell	-256
19057.228187919463	20262.71812080537	plasma-cell	-256
19026.676470588234	20391.91176470588	plasma-cell	-256
19100.115384615383	20590.76923076923	plasma-cell	-256
19136.10067114094	20657.187919463086	plasma-cell	-256
19124.74418604651	20697.976744186046	plasma-cell	-256
19187.139737991267	20733.602620087335	plasma-cell	-256
19188.377192982458	20754.355263157893	plasma-cell	-256
19224.17616580311	20831.321243523314	plasma-cell	-256
19082.011494252874	20850.758620689656	plasma-cell	-256
19013.183333333334	20851.616666666665	plasma-cell	-256
19097.748344370862	20855.72847682119	plasma-cell	-256
19113.729411764707	20878.017647058823	plasma-cell	-256
19113.01550387597	20902.341085271317	plasma-cell	-256
19309.623762376235	21270.227722772277	plasma-cell	-256
19323.595238095237	21315.333333333332	plasma-cell	-256
19534.0099009901	21357.544554455446	plasma-cell	-256
19306.158273381294	21493.143884892088	plasma-cell	-256
19473.977272727272	21506.272727272728	plasma-cell	-256
19281.76923076923	21529.0	plasma-cell	-256
19576.005747126437	21585.545977011494	plasma-cell	-256
14847.504672897196	23519.635514018693	plasma-cell	-256
14796.17880794702	23554.311258278147	plasma-cell	-256
14863.283582089553	23631.992537313432	plasma-cell	-256
14800.692307692309	23684.96923076923	plasma-cell	-256
14946.037037037036	23720.85185185185	plasma-cell	-256
14974.414141414141	23724.68686868687	plasma-cell	-256
14943.605042016807	23739.41176470588	plasma-cell	-256
15048.559633027522	23749.605504587154	plasma-cell	-256
15035.792792792792	23770.34234234234	plasma-cell	-256
15053.227272727272	23796.5	plasma-cell	-256
15135.684210526317	23816.614035087718	plasma-cell	-256
14691.372549019608	23819.80392156863	plasma-cell	-256
14675.325203252032	23844.585365853658	plasma-cell	-256
15107.8	23881.86	plasma-cell	-256
15102.186440677966	23887.728813559323	plasma-cell	-256
14944.04411764706	23943.316176470587	plasma-cell	-256
15029.719696969696	23958.0	plasma-cell	-256
15399.891891891892	23971.608108108107	plasma-cell	-256
15561.16	24228.0	plasma-cell	-256
15677.420454545454	24319.920454545456	plasma-cell	-256
15556.058823529413	24407.70588235294	plasma-cell	-256
14738.733333333334	24477.60350877193	plasma-cell	-256
14797.065573770491	24602.29508196721	plasma-cell	-256
15020.409836065573	24712.55737704918	plasma-cell	-256
15383.128205128205	24831.5	plasma-cell	-256
15393.97435897436	24841.34188034188	plasma-cell	-256
15522.539682539682	24840.24603174603	plasma-cell	-256
15359.298701298701	24906.974025974025	plasma-cell	-256
15452.202127659575	24905.925531914894	plasma-cell	-256
15474.305555555555	24915.444444444445	plasma-cell	-256
15414.271186440677	24938.966101694914	plasma-cell	-256
15326.281553398057	24945.320388349515	plasma-cell	-256
16120.175824175823	24952.53846153846	plasma-cell	-256
15320.186046511628	24957.069767441862	plasma-cell	-256
15388.258426966293	24958.38202247191	plasma-cell	-256
15490.0	24966.311475409835	plasma-cell	-256
15471.56	24968.68	plasma-cell	-256
15348.613636363636	24971.715909090908	plasma-cell	-256
15454.48854961832	24979.32824427481	plasma-cell	-256
15158.655737704918	24985.918032786885	plasma-cell	-256
15363.041237113403	24993.123711340206	plasma-cell	-256
15502.47311827957	25007.655913978495	plasma-cell	-256
15335.859649122807	25019.368421052633	plasma-cell	-256
15352.121212121212	25022.959595959597	plasma-cell	-256
15569.888888888889	25021.303030303032	plasma-cell	-256
15326.943396226416	25021.96226415094	plasma-cell	-256
14742.48717948718	25063.48717948718	plasma-cell	-256
15718.03738317757	25102.6261682243	plasma-cell	-256
15080.22962962963	25238.155555555553	plasma-cell	-256
16260.0	25303.953703703704	plasma-cell	-256
16302.56976744186	25362.488372093023	plasma-cell	-256
16328.967213114754	25371.32786885246	plasma-cell	-256
16245.19	25398.39	plasma-cell	-256
16192.711538461539	25427.31730769231	plasma-cell	-256
16174.432989690722	25448.175257731957	plasma-cell	-256
15260.613636363636	25465.772727272728	plasma-cell	-256
15249.61946902655	25508.300884955752	plasma-cell	-256
15239.477876106195	25522.0796460177	plasma-cell	-256
15628.17037037037	25550.94814814815	plasma-cell	-256
15954.058823529413	25563.917647058825	plasma-cell	-256
15681.027397260274	25571.205479452055	plasma-cell	-256
16799.585714285713	25576.085714285713	plasma-cell	-256
15624.166666666666	25582.75641025641	plasma-cell	-256
14664.007246376812	25597.528985507248	plasma-cell	-256
16304.470588235294	25618.50980392157	plasma-cell	-256
15976.927536231884	25618.44927536232	plasma-cell	-256
16284.594936708861	25617.11392405063	plasma-cell	-256
16262.333333333334	25633.290598290598	plasma-cell	-256
15122.385321100917	25638.532110091743	plasma-cell	-256
14694.58064516129	25647.763440860217	plasma-cell	-256
16784.923076923078	25651.076923076922	plasma-cell	-256
15112.675213675213	25675.547008547008	plasma-cell	-256
16007.866666666667	25675.71111111111	plasma-cell	-256
16754.83823529412	25679.220588235294	plasma-cell	-256
16030.888888888889	25687.244444444445	plasma-cell	-256
15156.027027027027	25708.585585585584	plasma-cell	-256
15133.362637362638	25717.0989010989	plasma-cell	-256
16005.8625	25746.3	plasma-cell	-256
15240.525862068966	25757.01724137931	plasma-cell	-256
15185.646551724138	25758.189655172413	plasma-cell	-256
15133.022222222222	25764.87777777778	plasma-cell	-256
15329.981981981982	25777.45045045045	plasma-cell	-256
15255.232323232323	25778.484848484848	plasma-cell	-256
15146.093525179856	25787.107913669064	plasma-cell	-256
15049.111111111111	25820.351851851854	plasma-cell	-256
15190.104761904762	25826.0	plasma-cell	-256
15799.208791208792	25828.164835164836	plasma-cell	-256
14666.267175572519	25852.717557251908	plasma-cell	-256
15217.48854961832	25857.49618320611	plasma-cell	-256
14690.449275362318	25873.869565217392	plasma-cell	-256
15460.09009009009	25890.486486486487	plasma-cell	-256
15116.342105263158	25898.070175438595	plasma-cell	-256
14709.42718446602	25904.941747572815	plasma-cell	-256
15196.564516129032	25921.1935483871	plasma-cell	-256
15075.6875	25921.65625	plasma-cell	-256
16912.1171875	25929.546875	plasma-cell	-256
14732.181818181818	25937.818181818184	plasma-cell	-256
14683.8	25964.20588235294	plasma-cell	-256
15635.255208333334	25967.036458333332	plasma-cell	-256
15062.014925373134	25988.328358208957	plasma-cell	-256
15113.519607843136	26031.14705882353	plasma-cell	-256
15103.5	26052.71212121212	plasma-cell	-256
17135.526315789473	26067.56140350877	plasma-cell	-256
14667.619565217392	26122.858695652176	plasma-cell	-256
17220.1935483871	26126.483870967742	plasma-cell	-256
15000.615384615385	26130.63736263736	plasma-cell	-256
14672.327272727272	26132.49090909091	plasma-cell	-256
16754.390625	26150.515625	plasma-cell	-256
17416.434343434343	26155.91919191919	plasma-cell	-256
17151.512396694216	26173.504132231406	plasma-cell	-256
16944.68085106383	26181.744680851065	plasma-cell	-256
16131.114583333334	26198.072916666668	plasma-cell	-256
17373.216666666667	26206.433333333334	plasma-cell	-256
15281.585185185186	26212.696296296297	plasma-cell	-256
17066.666666666668	26250.729166666668	plasma-cell	-256
17303.491228070176	26259.09649122807	plasma-cell	-256
16556.44537815126	26265.378151260506	plasma-cell	-256
17185.52336448598	26273.242990654206	plasma-cell	-256
17085.862068965518	26279.908045977012	plasma-cell	-256
17135.215909090908	26288.693181818184	plasma-cell	-256
17406.430232558138	26293.930232558138	plasma-cell	-256
17139.593023255813	26311.569767441862	plasma-cell	-256
17187.091743119265	26325.137614678897	plasma-cell	-256
17465.5625	26332.7875	plasma-cell	-256
17032.77142857143	26337.333333333332	plasma-cell	-256
17225.575	26338.9375	plasma-cell	-256
17361.321428571428	26341.276785714286	plasma-cell	-256
14708.870689655172	26354.43103448276	plasma-cell	-256
17180.054347826088	26365.282608695652	plasma-cell	-256
17272.818181818184	26369.66233766234	plasma-cell	-256
17239.85714285714	26377.21052631579	plasma-cell	-256
17354.3125	26374.84375	plasma-cell	-256
17017.57894736842	26380.236842105263	plasma-cell	-256
16987.82978723404	26392.81914893617	plasma-cell	-256
14676.113924050633	26403.069620253165	plasma-cell	-256
15126.771428571428	26403.619047619046	plasma-cell	-256
14781.436893203883	26405.95145631068	plasma-cell	-256
17465.090909090908	26427.935064935067	plasma-cell	-256
17152.551020408162	26433.142857142855	plasma-cell	-256
17307.264705882353	26437.87254901961	plasma-cell	-256
15898.708737864077	26442.194174757282	plasma-cell	-256
14708.221374045801	26448.603053435116	plasma-cell	-256
17018.061224489797	26446.69387755102	plasma-cell	-256
17235.38738738739	26449.873873873876	plasma-cell	-256
17066.973684210527	26449.723684210527	plasma-cell	-256
17258.978494623654	26453.107526881722	plasma-cell	-256
14765.85294117647	26453.87254901961	plasma-cell	-256
17280.5	26455.938775510203	plasma-cell	-256
17217.54411764706	26464.29411764706	plasma-cell	-256
17509.2875	26466.5625	plasma-cell	-256
17541.898305084746	26469.474576271186	plasma-cell	-256
15319.031496062991	26472.661417322834	plasma-cell	-256
17035.513157894737	26478.75	plasma-cell	-256
17690.756097560974	26481.01219512195	plasma-cell	-256
14737.522388059702	26483.776119402984	plasma-cell	-256
17040.53125	26486.8125	plasma-cell	-256
17511.897435897437	26487.67948717949	plasma-cell	-256
17014.060975609755	26494.80487804878	plasma-cell	-256
14683.029850746268	26495.9552238806	plasma-cell	-256
17050.86666666667	26504.285714285714	plasma-cell	-256
16914.863636363636	26508.693181818184	plasma-cell	-256
15527.385057471265	26517.724137931036	plasma-cell	-256
16901.132075471698	26517.594339622643	plasma-cell	-256
17357.72463768116	26517.8115942029	plasma-cell	-256
14863.115789473684	26523.610526315788	plasma-cell	-256
14959.991304347826	26524.008695652174	plasma-cell	-256
17202.571428571428	26523.571428571428	plasma-cell	-256
15499.402116402116	26528.21164021164	plasma-cell	-256
15634.454545454546	26532.051948051947	plasma-cell	-256
14956.90625	26536.020833333332	plasma-cell	-256
17295.802325581397	26535.732558139534	plasma-cell	-256
15098.010204081633	26537.744897959183	plasma-cell	-256
15198.463157894737	26556.631578947367	plasma-cell	-256
14923.503816793893	26561.580152671755	plasma-cell	-256
14943.234848484848	26565.113636363636	plasma-cell	-256
14790.246913580248	26567.987654320987	plasma-cell	-256
14907.946666666667	26567.333333333332	plasma-cell	-256
15133.905263157894	26568.936842105264	plasma-cell	-256
17364.81730769231	26568.06730769231	plasma-cell	-256
15951.828571428572	26570.2	plasma-cell	-256
17458.107526881722	26574.795698924732	plasma-cell	-256
15919.971698113208	26586.96226415094	plasma-cell	-256
15141.943396226416	26594.88679245283	plasma-cell	-256
16966.46875	26597.9375	plasma-cell	-256
14816.162962962962	26602.422222222223	plasma-cell	-256
14913.38028169014	26602.056338028167	plasma-cell	-256
15542.972972972973	26610.641891891893	plasma-cell	-256
17111.02857142857	26609.942857142858	plasma-cell	-256
15684.53781512605	26622.134453781513	plasma-cell	-256
15488.367346938776	26624.285714285714	plasma-cell	-256
15183.074766355141	26628.084112149532	plasma-cell	-256
16958.976470588233	26632.4	plasma-cell	-256
15152.84090909091	26644.878787878788	plasma-cell	-256
14765.44537815126	26647.168067226892	plasma-cell	-256
14782.40650406504	26648.90243902439	plasma-cell	-256
15729.2	26654.214285714286	plasma-cell	-256
15171.81308411215	26658.06542056075	plasma-cell	-256
16851.470588235294	26680.45882352941	plasma-cell	-256
15533.62015503876	26691.891472868218	plasma-cell	-256
16998.691176470587	26694.75	plasma-cell	-256
15258.440476190477	26698.357142857145	plasma-cell	-256
14739.773722627737	26702.66423357664	plasma-cell	-256
15000.964705882352	26704.41176470588	plasma-cell	-256
16012.073684210527	26703.915789473685	plasma-cell	-256
14703.171641791045	26709.89552238806	plasma-cell	-256
15886.753424657534	26713.945205479453	plasma-cell	-256
16649.928571428572	26720.401785714286	plasma-cell	-256
15268.870967741936	26724.0	plasma-cell	-256
16380.946107784432	26728.988023952097	plasma-cell	-256
16756.26724137931	26729.4224137931	plasma-cell	-256
16919.45283018868	26727.622641509435	plasma-cell	-256
14750.119266055046	26733.862385321103	plasma-cell	-256
15133.6	26736.0875	plasma-cell	-256
16911.57608695652	26744.489130434784	plasma-cell	-256
15718.68992248062	26748.75968992248	plasma-cell	-256
16819.177215189873	26751.32911392405	plasma-cell	-256
17047.657142857144	26750.32380952381	plasma-cell	-256
16657.74074074074	26751.728395061727	plasma-cell	-256
14933.370786516854	26755.303370786518	plasma-cell	-256
16885.119402985074	26752.701492537315	plasma-cell	-256
15958.256198347108	26756.88429752066	plasma-cell	-256
14802.495145631068	26758.155339805824	plasma-cell	-256
16026.65306122449	26762.785714285714	plasma-cell	-256
16687.75	26762.04761904762	plasma-cell	-256
16826.88333333333	26763.283333333333	plasma-cell	-256
16256.611570247935	26771.099173553717	plasma-cell	-256
17390.18691588785	26770.504672897197	plasma-cell	-256
16748.07	26775.489999999998	plasma-cell	-256
17490.34677419355	26775.983870967742	plasma-cell	-256
14678.84761904762	26778.266666666666	plasma-cell	-256
16124.070175438595	26779.543859649122	plasma-cell	-256
14861.52564102564	26786.833333333332	plasma-cell	-256
15451.18691588785	26792.345794392524	plasma-cell	-256
17837.347222222223	26793.930555555555	plasma-cell	-256
17315.785714285714	26796.54761904762	plasma-cell	-256
15146.29411764706	26810.21568627451	plasma-cell	-256
15074.663265306122	26819.84693877551	plasma-cell	-256
16272.817391304348	26824.182608695653	plasma-cell	-256
17191.97087378641	26834.300970873788	plasma-cell	-256
14749.159420289856	26837.405797101448	plasma-cell	-256
15782.282258064515	26848.129032258064	plasma-cell	-256
14668.018867924528	26848.35849056604	plasma-cell	-256
17212.252032520326	26852.08943089431	plasma-cell	-256
16599.10280373832	26853.504672897197	plasma-cell	-256
17124.015873015873	26852.65079365079	plasma-cell	-256
15016.26923076923	26863.55769230769	plasma-cell	-256
15150.657657657657	26864.558558558558	plasma-cell	-256
17112.825396825396	26863.492063492064	plasma-cell	-256
17126.67088607595	26864.25316455696	plasma-cell	-256
15269.661764705883	26865.308823529413	plasma-cell	-256
17712.062857142857	26870.18857142857	plasma-cell	-256
15167.169642857143	26872.973214285714	plasma-cell	-256
15181.436170212766	26872.05319148936	plasma-cell	-256
16547.24	26876.416	plasma-cell	-256
17158.739999999998	26875.6	plasma-cell	-256
14668.016393442624	26873.70491803279	plasma-cell	-256
14678.855421686747	26875.409638554218	plasma-cell	-256
14798.733333333334	26874.44	plasma-cell	-256
15117.313253012047	26879.698795180724	plasma-cell	-256
15954.631147540984	26881.04098360656	plasma-cell	-256
14845.402173913044	26884.815217391304	plasma-cell	-256
17019.32	26883.706666666665	plasma-cell	-256
14712.36	26888.36	plasma-cell	-256
14820.051282051281	26890.75641025641	plasma-cell	-256
16468.20754716981	26898.773584905663	plasma-cell	-256
15226.813953488372	26901.686046511626	plasma-cell	-256
14749.556962025317	26902.962025316454	plasma-cell	-256
16024.706666666667	26903.293333333335	plasma-cell	-256
14780.109375	26906.546875	plasma-cell	-256
14999.941176470587	26909.09411764706	plasma-cell	-256
16406.305555555555	26911.046296296296	plasma-cell	-256
14696.131147540984	26908.016393442624	plasma-cell	-256
14819.711111111112	26909.911111111112	plasma-cell	-256
14929.292452830188	26912.03773584906	plasma-cell	-256
15502.857142857143	26910.928571428572	plasma-cell	-256
15934.21686746988	26910.759036144576	plasma-cell	-256
14759.67816091954	26914.988505747126	plasma-cell	-256
15605.112903225807	26913.40322580645	plasma-cell	-256
16916.573033707864	26916.65168539326	plasma-cell	-256
14846.303370786516	26917.29213483146	plasma-cell	-256
14875.451612903225	26918.301075268817	plasma-cell	-256
15627.319587628866	26922.670103092783	plasma-cell	-256
14905.0078125	26924.5234375	plasma-cell	-256
15258.738095238095	26926.54761904762	plasma-cell	-256
15941.663716814159	26925.646017699117	plasma-cell	-256
15482.213592233009	26927.81553398058	plasma-cell	-256
15498.24074074074	26928.879629629628	plasma-cell	-256
16289.894736842105	26929.754385964912	plasma-cell	-256
17483.65765765766	26929.702702702703	plasma-cell	-256
14940.92857142857	26929.821428571428	plasma-cell	-256
14921.61797752809	26936.842696629214	plasma-cell	-256
15248.397959183674	26950.061224489797	plasma-cell	-256
17435.284403669724	26948.577981651375	plasma-cell	-256
16581.45348837209	26952.0	plasma-cell	-256
15263.291666666666	26958.84375	plasma-cell	-256
16974.681818181816	26957.295454545456	plasma-cell	-256
17549.396039603962	26963.79207920792	plasma-cell	-256
14892.38053097345	26963.82300884956	plasma-cell	-256
16523.81081081081	26970.554054054053	plasma-cell	-256
17429.494382022473	26973.370786516854	plasma-cell	-256
16616.123595505618	26973.696629213482	plasma-cell	-256
16567.835164835164	26977.472527472528	plasma-cell	-256
16924.055555555555	26978.703703703704	plasma-cell	-256
17511.9010989011	26978.956043956045	plasma-cell	-256
16498.083333333332	26981.130952380954	plasma-cell	-256
15107.105263157895	26982.378947368423	plasma-cell	-256
16512.89423076923	26985.85576923077	plasma-cell	-256
16989.602564102563	26984.333333333332	plasma-cell	-256
17556.174311926607	26984.56880733945	plasma-cell	-256
14997.951612903225	26983.951612903227	plasma-cell	-256
15655.736842105263	26986.552631578947	plasma-cell	-256
15757.059701492537	26988.985074626864	plasma-cell	-256
15158.888888888889	26990.333333333332	plasma-cell	-256
15285.323529411764	26990.985294117647	plasma-cell	-256
15589.156862745098	26994.07843137255	plasma-cell	-256
15611.011904761905	26996.345238095237	plasma-cell	-256
16068.207207207208	27002.486486486487	plasma-cell	-256
16205.545454545454	27002.136363636364	plasma-cell	-256
16756.830769230768	27005.14615384615	plasma-cell	-256
15608.604395604396	27006.065934065933	plasma-cell	-256
17395.777777777777	27006.879629629628	plasma-cell	-256
15515.243243243243	27010.08108108108	plasma-cell	-256
16155.423529411764	27011.941176470587	plasma-cell	-256
17412.079365079364	27014.809523809523	plasma-cell	-256
16903.681159420288	27015.760869565216	plasma-cell	-256
15326.416666666666	27020.5	plasma-cell	-256
16237.424657534246	27021.68493150685	plasma-cell	-256
16479.75	27018.0	plasma-cell	-256
16526.238095238095	27021.595238095237	plasma-cell	-256
14762.402777777777	27023.13888888889	plasma-cell	-256
16185.111111111111	27026.75925925926	plasma-cell	-256
16889.1625	27027.85	plasma-cell	-256
16410.623188405796	27031.333333333332	plasma-cell	-256
16021.988636363636	27046.238636363636	plasma-cell	-256
16822.864864864867	27045.986486486487	plasma-cell	-256
16430.009708737864	27051.95145631068	plasma-cell	-256
17471.691176470587	27050.58823529412	plasma-cell	-256
16866.478632478633	27058.82051282051	plasma-cell	-256
16833.964912280702	27062.868421052633	plasma-cell	-256
14775.221238938053	27064.796460176993	plasma-cell	-256
15546.913978494624	27064.94623655914	plasma-cell	-256
15851.41584158416	27063.980198019803	plasma-cell	-256
17677.347826086956	27064.04347826087	plasma-cell	-256
14747.595505617977	27066.808988764045	plasma-cell	-256
15825.352112676057	27067.61971830986	plasma-cell	-256
16821.0625	27068.1875	plasma-cell	-256
16169.126984126984	27076.26984126984	plasma-cell	-256
15906.854166666666	27085.083333333332	plasma-cell	-256
16837.054347826088	27088.45652173913	plasma-cell	-256
15678.298507462687	27101.761194029852	plasma-cell	-256
15902.670212765957	27102.55319148936	plasma-cell	-256
16828.264367816093	27102.379310344826	plasma-cell	-256
16747.641791044778	27103.805970149253	plasma-cell	-256
17524.863636363636	27104.522727272728	plasma-cell	-256
16641.56043956044	27106.164835164836	plasma-cell	-256
17061.284210526315	27107.23157894737	plasma-cell	-256
17531.93203883495	27109.427184466018	plasma-cell	-256
17551.370370370372	27113.944444444445	plasma-cell	-256
15142.055555555555	27119.462962962964	plasma-cell	-256
14744.25	27120.21	plasma-cell	-256
15593.340909090908	27120.272727272728	plasma-cell	-256
16798.23711340206	27126.79381443299	plasma-cell	-256
16678.28947368421	27126.5	plasma-cell	-256
15572.926315789473	27132.494736842105	plasma-cell	-256
16763.666666666668	27131.166666666668	plasma-cell	-256
16109.083333333334	27133.104166666668	plasma-cell	-256
16745.85714285714	27135.61224489796	plasma-cell	-256
17416.827160493827	27134.061728395063	plasma-cell	-256
17764.666666666668	27132.912280701756	plasma-cell	-256
15096.4	27134.857142857145	plasma-cell	-256
16844.75581395349	27136.79069767442	plasma-cell	-256
15135.592105263158	27137.092105263157	plasma-cell	-256
16806.90425531915	27139.021276595744	plasma-cell	-256
16642.831325301206	27142.602409638555	plasma-cell	-256
17049.0375	27144.1375	plasma-cell	-256
17243.95238095238	27146.70238095238	plasma-cell	-256
15844.91489361702	27150.925531914894	plasma-cell	-256
16830.51818181818	27150.436363636363	plasma-cell	-256
17087.157303370786	27153.213483146068	plasma-cell	-256
15098.916666666666	27153.85	plasma-cell	-256
17056.96629213483	27156.539325842696	plasma-cell	-256
16772.462809917357	27163.504132231406	plasma-cell	-256
14885.102272727272	27166.840909090908	plasma-cell	-256
15223.368421052632	27168.42105263158	plasma-cell	-256
16831.382716049382	27170.728395061727	plasma-cell	-256
17045.72619047619	27178.321428571428	plasma-cell	-256
15888.73417721519	27182.569620253165	plasma-cell	-256
16744.666666666668	27181.066666666666	plasma-cell	-256
17151.232558139534	27185.25581395349	plasma-cell	-256
15967.679104477611	27186.589552238805	plasma-cell	-256
16673.43661971831	27184.718309859156	plasma-cell	-256
16805.301369863013	27186.465753424658	plasma-cell	-256
17172.285714285714	27184.392857142855	plasma-cell	-256
16690.481927710844	27189.01204819277	plasma-cell	-256
17003.554347826088	27189.82608695652	plasma-cell	-256
14911.0	27194.871287128713	plasma-cell	-256
16745.854166666668	27194.59375	plasma-cell	-256
17027.216216216217	27194.27927927928	plasma-cell	-256
16762.40425531915	27195.712765957447	plasma-cell	-256
15640.946236559139	27198.139784946237	plasma-cell	-256
15138.426666666666	27200.026666666665	plasma-cell	-256
15896.603305785124	27202.504132231406	plasma-cell	-256
15661.1125	27205.1875	plasma-cell	-256
17072.055555555555	27205.74603174603	plasma-cell	-256
15457.986111111111	27206.902777777777	plasma-cell	-256
16774.277777777777	27208.8	plasma-cell	-256
16785.081632653062	27206.020408163266	plasma-cell	-256
17143.95238095238	27206.738095238095	plasma-cell	-256
15933.357723577235	27210.764227642278	plasma-cell	-256
15970.06976744186	27210.186046511626	plasma-cell	-256
17006.0	27211.0	plasma-cell	-256
15913.88679245283	27214.96226415094	plasma-cell	-256
16111.965517241379	27215.03448275862	plasma-cell	-256
16456.016129032258	27215.24193548387	plasma-cell	-256
16473.70238095238	27215.29761904762	plasma-cell	-256
16600.8024691358	27216.604938271605	plasma-cell	-256
16646.282608695652	27217.92391304348	plasma-cell	-256
16067.078260869564	27219.02608695652	plasma-cell	-256
16669.49315068493	27217.0	plasma-cell	-256
16426.644444444446	27221.61111111111	plasma-cell	-256
16655.957446808512	27225.425531914894	plasma-cell	-256
16782.39285714286	27226.72619047619	plasma-cell	-256
15733.650793650793	27226.47619047619	plasma-cell	-256
16747.95945945946	27227.72972972973	plasma-cell	-256
16957.029411764706	27227.058823529413	plasma-cell	-256
15703.474747474747	27231.39393939394	plasma-cell	-256
16470.887096774193	27230.483870967742	plasma-cell	-256
16644.303030303032	27232.41414141414	plasma-cell	-256
16453.15068493151	27234.41095890411	plasma-cell	-256
14969.079365079366	27236.825396825396	plasma-cell	-256
15102.372549019608	27238.50980392157	plasma-cell	-256
16584.443396226416	27237.745283018867	plasma-cell	-256
15049.122641509433	27240.471698113208	plasma-cell	-256
15945.916666666666	27242.925925925927	plasma-cell	-256
16702.80769230769	27243.75	plasma-cell	-256
16220.436781609194	27243.862068965518	plasma-cell	-256
16315.243478260869	27243.91304347826	plasma-cell	-256
15082.31506849315	27252.0	plasma-cell	-256
15669.550724637682	27250.246376811592	plasma-cell	-256
16641.927272727273	27253.30909090909	plasma-cell	-256
15149.577319587628	27260.597938144332	plasma-cell	-256
15165.277227722772	27260.30693069307	plasma-cell	-256
16621.74074074074	27259.185185185186	plasma-cell	-256
16963.66265060241	27259.33734939759	plasma-cell	-256
14712.798076923076	27281.08653846154	plasma-cell	-256
16712.127906976744	27282.593023255813	plasma-cell	-256
16052.288888888888	27283.37777777778	plasma-cell	-256
16646.14285714286	27283.375	plasma-cell	-256
15574.867924528302	27289.93396226415	plasma-cell	-256
15148.448484848484	27293.975757575758	plasma-cell	-256
16532.604166666668	27290.229166666668	plasma-cell	-256
16661.096153846152	27301.153846153844	plasma-cell	-256
16265.967032967033	27303.494505494506	plasma-cell	-256
15106.16091954023	27309.32183908046	plasma-cell	-256
16425.07594936709	27314.683544303796	plasma-cell	-256
15140.804347826088	27323.010869565216	plasma-cell	-256
17472.944444444445	27326.944444444445	plasma-cell	-256
15086.236641221374	27337.603053435116	plasma-cell	-256
15399.9625	27336.6	plasma-cell	-256
14716.784615384615	27355.323076923076	plasma-cell	-256
14753.354838709678	27353.58064516129	plasma-cell	-256
14737.642857142857	27371.948979591838	plasma-cell	-256
15356.039215686274	27383.941176470587	plasma-cell	-256
15171.598130841121	27394.6261682243	plasma-cell	-256
15212.645161290322	27397.967741935485	plasma-cell	-256
14672.51282051282	27409.166666666668	plasma-cell	-256
16303.970588235294	27635.264705882353	plasma-cell	-256
17310.18918918919	27674.675675675677	plasma-cell	-256
16478.44827586207	27801.793103448275	plasma-cell	-256
15800.803418803418	27939.213675213676	plasma-cell	-256
15112.252631578947	28100.873684210528	plasma-cell	-256
15226.514705882353	28325.441176470587	plasma-cell	-256
12615.172839506173	52992.59259259259	plasma-cell	-256
12631.214285714286	53052.397959183676	plasma-cell	-256
12716.533333333333	53078.36666666667	plasma-cell	-256
12841.728395061727	53090.148148148146	plasma-cell	-256
12770.0	53165.97872340425	plasma-cell	-256
12832.888888888889	53230.322222222225	plasma-cell	-256
12733.910714285714	53240.59821428572	plasma-cell	-256
12712.829411764706	53261.9	plasma-cell	-256
12782.10606060606	53290.045454545456	plasma-cell	-256
12852.979166666666	53293.083333333336	plasma-cell	-256
12935.25352112676	53317.957746478874	plasma-cell	-256
12715.992125984252	53321.11811023622	plasma-cell	-256
12928.924528301886	53341.801886792455	plasma-cell	-256
12688.867924528302	53361.82075471698	plasma-cell	-256
12755.878504672897	53362.40186915888	plasma-cell	-256
12953.523255813954	53362.941860465115	plasma-cell	-256
12659.046511627907	53371.8023255814	plasma-cell	-256
12610.795698924732	53400.13978494624	plasma-cell	-256
12925.243243243243	53436.52702702703	plasma-cell	-256
12707.14606741573	53450.43820224719	plasma-cell	-256
12912.53125	53457.40625	plasma-cell	-256
12604.666666666666	53462.09523809524	plasma-cell	-256
12718.5	53465.5	plasma-cell	-256
12735.604938271605	53485.02469135803	plasma-cell	-256
12654.418918918918	53493.10810810811	plasma-cell	-256
12503.649122807017	53521.929824561405	plasma-cell	-256
12494.844827586207	53536.3275862069	plasma-cell	-256
12484.892857142857	53546.392857142855	plasma-cell	-256
12583.638888888889	53584.53703703704	plasma-cell	-256
12731.892156862745	53632.96078431373	plasma-cell	-256
12805.703703703704	53652.7037037037	plasma-cell	-256
12632.791208791208	53684.230769230766	plasma-cell	-256
12466.270833333334	53684.5625	plasma-cell	-256
12579.455399061033	53691.81220657277	plasma-cell	-256
12644.214953271028	53705.457943925234	plasma-cell	-256
12660.4375	53712.541666666664	plasma-cell	-256
12693.449438202248	53747.02247191011	plasma-cell	-256
12420.234693877552	53791.07142857143	plasma-cell	-256
12436.375	53796.42307692308	plasma-cell	-256
12689.129411764705	53802.97647058823	plasma-cell	-256
12595.272727272728	53838.19191919192	plasma-cell	-256
12344.0	53846.0	plasma-cell	-256
12668.31067961165	53895.854368932036	plasma-cell	-256
12063.227272727272	53928.76136363636	plasma-cell	-256
13038.613636363636	53934.26136363636	plasma-cell	-256
12135.930555555555	53947.84722222222	plasma-cell	-256
12095.25641025641	53954.00854700855	plasma-cell	-256
12829.487804878048	53952.73170731707	plasma-cell	-256
12311.333333333334	53972.59459459459	plasma-cell	-256
13006.385714285714	53971.485714285714	plasma-cell	-256
12038.833333333334	53981.578431372545	plasma-cell	-256
12198.991379310344	53997.83620689655	plasma-cell	-256
12027.236559139785	54000.602150537634	plasma-cell	-256
12250.837209302324	53998.6976744186	plasma-cell	-256
12416.063829787234	53999.53191489362	plasma-cell	-256
12662.212962962964	54001.90740740741	plasma-cell	-256
12454.361702127659	54026.1914893617	plasma-cell	-256
12357.695238095239	54046.64761904762	plasma-cell	-256
12567.829268292684	54047.89024390244	plasma-cell	-256
13129.817307692309	54053.13461538462	plasma-cell	-256
13079.74074074074	54057.22222222222	plasma-cell	-256
12345.357894736842	54087.41052631579	plasma-cell	-256
11980.940298507463	54120.35820895522	plasma-cell	-256
11997.369999999999	54122.82	plasma-cell	-256
12132.52	54126.05333333333	plasma-cell	-256
12634.460317460318	54129.06349206349	plasma-cell	-256
12078.960784313726	54132.80392156863	plasma-cell	-256
12542.791666666666	54147.5	plasma-cell	-256
12079.254545454545	54153.27272727273	plasma-cell	-256
13005.155555555555	54155.3	plasma-cell	-256
13012.402777777777	54159.041666666664	plasma-cell	-256
12970.264705882353	54160.74509803922	plasma-cell	-256
13046.77659574468	54163.48936170213	plasma-cell	-256
11708.5	54170.55357142857	plasma-cell	-256
13108.413461538461	54171.653846153844	plasma-cell	-256
12314.953757225434	54181.93641618497	plasma-cell	-256
12941.320512820512	54183.00641025641	plasma-cell	-256
13387.488372093023	54187.63565891473	plasma-cell	-256
12035.22077922078	54190.844155844155	plasma-cell	-256
11998.901960784315	54193.36274509804	plasma-cell	-256
12018.866666666667	54201.53333333333	plasma-cell	-256
12780.695652173912	54210.026086956525	plasma-cell	-256
12087.940476190477	54225.380952380954	plasma-cell	-256
12784.927272727273	54227.181818181816	plasma-cell	-256
12740.201612903225	54230.93548387097	plasma-cell	-256
12130.842465753425	54240.78767123288	plasma-cell	-256
12256.0	54243.44117647059	plasma-cell	-256
12089.319444444445	54248.73611111111	plasma-cell	-256
12496.0	54246.948979591834	plasma-cell	-256
13002.579710144928	54255.666666666664	plasma-cell	-256
12096.83606557377	54257.852459016394	plasma-cell	-256
12002.5	54258.5	plasma-cell	-256
12083.48275862069	54259.75862068965	plasma-cell	-256
12117.28	54263.44	plasma-cell	-256
12594.336633663366	54265.574257425746	plasma-cell	-256
12062.893805309734	54278.265486725664	plasma-cell	-256
11934.080459770115	54291.89655172414	plasma-cell	-256
12106.089743589744	54292.97435897436	plasma-cell	-256
12736.49074074074	54305.648148148146	plasma-cell	-256
13094.75	54307.931818181816	plasma-cell	-256
12718.41379310345	54310.44827586207	plasma-cell	-256
12046.422222222223	54312.91111111111	plasma-cell	-256
12660.459854014598	54341.131386861314	plasma-cell	-256
13023.436363636363	54340.32727272727	plasma-cell	-256
12580.245901639344	54351.55737704918	plasma-cell	-256
13263.557894736841	54350.4	plasma-cell	-256
12264.385542168675	54356.65060240964	plasma-cell	-256
12573.220930232557	54379.848837209305	plasma-cell	-256
13456.634146341463	54392.87804878049	plasma-cell	-256
11260.298701298701	54398.06493506493	plasma-cell	-256
11972.02608695652	54398.29565217391	plasma-cell	-256
13037.229166666666	54399.6875	plasma-cell	-256
12574.95294117647	54421.31764705882	plasma-cell	-256
12526.154545454545	54427.82727272727	plasma-cell	-256
11339.488636363636	54433.38636363637	plasma-cell	-256
11220.121951219513	54436.439024390245	plasma-cell	-256
13132.356435643564	54437.960396039605	plasma-cell	-256
11271.229166666666	54445.479166666664	plasma-cell	-256
13317.483146067416	54453.808988764045	plasma-cell	-256
12586.5	54460.2027027027	plasma-cell	-256
12286.13432835821	54463.716417910444	plasma-cell	-256
12567.901515151516	54463.34848484849	plasma-cell	-256
12595.306451612903	54463.3870967742	plasma-cell	-256
13478.0	54464.541666666664	plasma-cell	-256
12318.222222222223	54474.566666666666	plasma-cell	-256
12577.742857142857	54475.95714285714	plasma-cell	-256
13489.75	54473.02272727273	plasma-cell	-256
10873.355555555556	54474.88888888889	plasma-cell	-256
13398.295774647888	54482.05633802817	plasma-cell	-256
12487.043010752688	54486.903225806454	plasma-cell	-256
13298.631578947368	54487.54385964912	plasma-cell	-256
12523.827067669172	54489.45112781955	plasma-cell	-256
12548.918032786885	54497.58196721312	plasma-cell	-256
13493.530864197532	54506.69135802469	plasma-cell	-256
13337.68778280543	54512.72850678733	plasma-cell	-256
11165.148648648648	54510.41891891892	plasma-cell	-256
11902.40243902439	54516.64634146341	plasma-cell	-256
13461.046511627907	54518.31007751938	plasma-cell	-256
11999.585365853658	54519.34146341463	plasma-cell	-256
13139.225	54519.1625	plasma-cell	-256
13088.753086419752	54522.432098765436	plasma-cell	-256
13212.137931034482	54529.0	plasma-cell	-256
12133.623931623932	54529.76068376069	plasma-cell	-256
13471.078571428572	54530.83571428571	plasma-cell	-256
13239.607843137255	54531.03921568627	plasma-cell	-256
12445.327586206897	54534.6724137931	plasma-cell	-256
12942.484126984127	54536.055555555555	plasma-cell	-256
13169.017094017094	54536.94871794872	plasma-cell	-256
12323.577319587628	54540.969072164946	plasma-cell	-256
13153.064516129032	54538.93548387097	plasma-cell	-256
13287.230088495575	54541.601769911504	plasma-cell	-256
13261.420289855072	54546.14492753623	plasma-cell	-256
13491.956043956045	54543.8021978022	plasma-cell	-256
12456.467532467534	54545.94805194805	plasma-cell	-256
13154.442105263159	54545.62105263158	plasma-cell	-256
13401.4875	54546.075	plasma-cell	-256
10979.365853658537	54547.560975609755	plasma-cell	-256
12145.048387096775	54553.532258064515	plasma-cell	-256
12461.19	54554.46	plasma-cell	-256
13354.148936170213	54558.244680851065	plasma-cell	-256
11013.806451612903	54559.3870967742	plasma-cell	-256
13033.752293577982	54559.95412844037	plasma-cell	-256
13459.027397260274	54562.71232876712	plasma-cell	-256
11167.547619047618	54563.892857142855	plasma-cell	-256
12206.58620689655	54566.474137931036	plasma-cell	-256
13323.963414634147	54563.57317073171	plasma-cell	-256
11298.914634146342	54566.134146341465	plasma-cell	-256
13482.138888888889	54564.47222222222	plasma-cell	-256
11863.263157894737	54571.649122807015	plasma-cell	-256
13221.942307692309	54573.278846153844	plasma-cell	-256
11893.94366197183	54575.57746478873	plasma-cell	-256
13271.52	54573.33	plasma-cell	-256
13561.015625	54578.203125	plasma-cell	-256
11917.659722222223	54583.95138888889	plasma-cell	-256
11895.794871794871	54582.10256410256	plasma-cell	-256
12148.784810126583	54585.97468354431	plasma-cell	-256
13444.191489361703	54588.16312056738	plasma-cell	-256
13565.418604651162	54588.476744186046	plasma-cell	-256
10989.048387096775	54588.1129032258	plasma-cell	-256
13293.166666666666	54591.97435897436	plasma-cell	-256
12189.648648648648	54594.82432432433	plasma-cell	-256
13129.75	54593.16176470588	plasma-cell	-256
13170.327044025158	54596.88050314465	plasma-cell	-256
13269.883720930233	54593.48837209302	plasma-cell	-256
11172.455284552845	54600.0	plasma-cell	-256
13483.030303030304	54600.204545454544	plasma-cell	-256
12146.417582417582	54601.83516483517	plasma-cell	-256
13372.655737704918	54600.08196721312	plasma-cell	-256
11024.91935483871	54600.95161290323	plasma-cell	-256
12324.967391304348	54612.82608695652	plasma-cell	-256
11045.89090909091	54612.27272727273	plasma-cell	-256
13209.733606557376	54617.565573770495	plasma-cell	-256
11346.563636363637	54621.736363636366	plasma-cell	-256
13468.46218487395	54625.36974789916	plasma-cell	-256
11830.49152542373	54631.101694915254	plasma-cell	-256
13409.642201834862	54637.69724770642	plasma-cell	-256
13594.142857142857	54643.42857142857	plasma-cell	-256
11257.481481481482	54644.0987654321	plasma-cell	-256
12434.431034482759	54650.44827586207	plasma-cell	-256
11694.542857142857	54658.857142857145	plasma-cell	-256
13452.927835051547	54658.71134020619	plasma-cell	-256
12002.39344262295	54660.45901639344	plasma-cell	-256
13446.16	54661.08	plasma-cell	-256
12457.046511627907	54666.27906976744	plasma-cell	-256
11718.78125	54669.895833333336	plasma-cell	-256
12549.822033898305	54679.745762711864	plasma-cell	-256
13004.97	54682.74	plasma-cell	-256
10758.5	54680.78431372549	plasma-cell	-256
10902.798245614034	54687.76315789473	plasma-cell	-256
11746.150537634408	54691.56989247312	plasma-cell	-256
12044.118181818181	54699.92727272728	plasma-cell	-256
12108.661971830985	54700.66197183099	plasma-cell	-256
13282.64705882353	54706.12605042017	plasma-cell	-256
13331.788461538461	54711.07692307692	plasma-cell	-256
12308.84375	54726.8125	plasma-cell	-256
11226.863636363636	54738.36363636363	plasma-cell	-256
12332.135922330097	54743.805825242714	plasma-cell	-256
12168.380952380952	54743.76190476191	plasma-cell	-256
12270.325203252032	54746.53658536585	plasma-cell	-256
12105.459016393443	54748.19672131148	plasma-cell	-256
12114.629213483146	54759.13483146067	plasma-cell	-256
12994.287234042553	54759.29787234042	plasma-cell	-256
12041.438356164384	54759.94520547945	plasma-cell	-256
12211.295238095237	54769.066666666666	plasma-cell	-256
12067.78205128205	54769.5641025641	plasma-cell	-256
10865.657142857142	54771.5	plasma-cell	-256
12225.369863013699	54777.520547945205	plasma-cell	-256
13114.178947368422	54778.70526315789	plasma-cell	-256
11832.112676056338	54780.01408450704	plasma-cell	-256
11782.97435897436	54787.4358974359	plasma-cell	-256
12124.204545454546	54811.46590909091	plasma-cell	-256
11634.130841121496	54814.3738317757	plasma-cell	-256
11720.054054054053	54820.16216216216	plasma-cell	-256
12994.043956043955	54834.61538461538	plasma-cell	-256
12135.909090909092	54850.11688311688	plasma-cell	-256
11522.416666666666	54863.316666666666	plasma-cell	-256
11515.968421052632	54879.484210526316	plasma-cell	-256
11387.482142857143	54885.07142857143	plasma-cell	-256
11540.298850574713	54886.25287356322	plasma-cell	-256
11782.64705882353	54923.78431372549	plasma-cell	-256
13661.293103448275	54938.775862068964	plasma-cell	-256
11434.661538461538	54957.32307692308	plasma-cell	-256
10897.93220338983	54966.05084745763	plasma-cell	-256
11428.461538461539	54964.604395604394	plasma-cell	-256
11068.623655913978	54983.473118279566	plasma-cell	-256
10800.131578947368	55000.31578947369	plasma-cell	-256
11409.385416666666	55000.708333333336	plasma-cell	-256
11850.948051948053	55009.155844155845	plasma-cell	-256
12466.146198830409	55013.70760233918	plasma-cell	-256
12308.424242424242	55014.5	plasma-cell	-256
12419.594936708861	55014.696202531646	plasma-cell	-256
11481.612903225807	55039.37096774194	plasma-cell	-256
11243.690721649484	55064.0824742268	plasma-cell	-256
12420.010989010989	55067.47252747253	plasma-cell	-256
10944.638888888889	55072.0	plasma-cell	-256
12428.272727272728	55075.295454545456	plasma-cell	-256
11912.923664122138	55081.31297709924	plasma-cell	-256
13440.645454545454	55081.48181818182	plasma-cell	-256
11179.72	55085.613333333335	plasma-cell	-256
11434.5	55084.5	plasma-cell	-256
11185.103092783505	55092.68041237113	plasma-cell	-256
12877.145695364237	55097.54304635762	plasma-cell	-256
12436.060975609756	55105.53658536585	plasma-cell	-256
12881.645390070922	55111.40425531915	plasma-cell	-256
12870.175324675325	55118.93506493507	plasma-cell	-256
11412.336734693878	55119.9081632653	plasma-cell	-256
12487.423913043478	55119.65217391304	plasma-cell	-256
12846.839694656488	55126.89312977099	plasma-cell	-256
10969.768115942028	55128.55072463768	plasma-cell	-256
12621.87012987013	55134.558441558445	plasma-cell	-256
12836.142857142857	55139.966386554624	plasma-cell	-256
12472.914285714285	55143.71428571428	plasma-cell	-256
12504.91304347826	55141.434782608696	plasma-cell	-256
12499.52	55146.96	plasma-cell	-256
12417.488	55150.368	plasma-cell	-256
11955.906779661018	55164.0593220339	plasma-cell	-256
10872.558823529413	55164.401960784315	plasma-cell	-256
11072.747368421053	55174.515789473684	plasma-cell	-256
11933.476635514018	55199.67289719626	plasma-cell	-256
11975.70588235294	55201.09411764706	plasma-cell	-256
11993.857142857143	55206.642857142855	plasma-cell	-256
11911.898550724638	55209.21739130435	plasma-cell	-256
11170.71028037383	55213.96261682243	plasma-cell	-256
11975.460674157304	55237.05617977528	plasma-cell	-256
10862.848484848484	55240.01515151515	plasma-cell	-256
11110.58888888889	55247.22222222222	plasma-cell	-256
12052.356164383562	55266.53424657534	plasma-cell	-256
12084.107438016528	55281.64462809917	plasma-cell	-256
11111.504424778761	55283.4778761062	plasma-cell	-256
12740.153846153846	55312.32167832168	plasma-cell	-256
11093.88785046729	55319.93457943925	plasma-cell	-256
11220.48275862069	55321.24137931035	plasma-cell	-256
13578.294736842105	55347.336842105266	plasma-cell	-256
13627.698795180722	55349.3734939759	plasma-cell	-256
13670.877192982456	55350.54385964912	plasma-cell	-256
13612.51376146789	55358.49541284404	plasma-cell	-256
12054.559139784946	55373.22580645161	plasma-cell	-256
11162.627450980392	55384.117647058825	plasma-cell	-256
10917.12087912088	55400.27472527472	plasma-cell	-256
11189.489361702128	55410.35106382979	plasma-cell	-256
10973.842105263158	55422.26315789473	plasma-cell	-256
11069.763440860215	55443.69892473119	plasma-cell	-256
11924.20652173913	55462.489130434784	plasma-cell	-256
10953.888888888889	55464.11111111111	plasma-cell	-256
11155.526315789473	55466.2	plasma-cell	-256
11098.382352941177	55467.35294117647	plasma-cell	-256
13454.138888888889	55472.375	plasma-cell	-256
11127.516666666666	55475.96666666667	plasma-cell	-256
10941.881355932204	55477.8813559322	plasma-cell	-256
11006.131868131868	55479.27472527472	plasma-cell	-256
11031.723076923077	55479.63076923077	plasma-cell	-256
11302.933333333334	55483.666666666664	plasma-cell	-256
11908.307017543859	55482.771929824565	plasma-cell	-256
11340.078947368422	55490.84210526316	plasma-cell	-256
12112.701570680629	55490.4554973822	plasma-cell	-256
12009.851485148514	55491.316831683165	plasma-cell	-256
11014.354838709678	55510.397849462366	plasma-cell	-256
12105.894366197183	55514.528169014084	plasma-cell	-256
13839.753846153846	55511.56923076923	plasma-cell	-256
11987.880952380952	55521.59523809524	plasma-cell	-256
11019.657894736842	55519.84210526316	plasma-cell	-256
12588.81914893617	55521.12765957447	plasma-cell	-256
12072.645454545454	55524.82727272727	plasma-cell	-256
12146.8	55532.5	plasma-cell	-256
11931.095238095239	55539.04761904762	plasma-cell	-256
11188.223880597016	55544.850746268654	plasma-cell	-256
11343.77108433735	55549.98192771085	plasma-cell	-256
11366.638888888889	55553.583333333336	plasma-cell	-256
12634.470588235294	55560.382352941175	plasma-cell	-256
11011.283018867925	55565.34905660377	plasma-cell	-256
10987.539682539682	55564.77777777778	plasma-cell	-256
13296.164835164835	55569.32967032967	plasma-cell	-256
12177.64935064935	55581.92207792208	plasma-cell	-256
13845.014492753624	55602.6231884058	plasma-cell	-256
11962.352459016394	55612.29508196721	plasma-cell	-256
13292.529411764706	55611.313725490196	plasma-cell	-256
13757.526315789473	55639.8	plasma-cell	-256
11701.196428571428	55644.330357142855	plasma-cell	-256
12110.770642201835	55644.66055045871	plasma-cell	-256
11905.244604316547	55655.525179856115	plasma-cell	-256
11259.256097560976	55655.0	plasma-cell	-256
12044.666666666666	55655.666666666664	plasma-cell	-256
13823.66	55654.87	plasma-cell	-256
13825.049504950495	55670.69306930693	plasma-cell	-256
11883.294642857143	55670.919642857145	plasma-cell	-256
11193.6375	55685.9625	plasma-cell	-256
13883.130434782608	55686.391304347824	plasma-cell	-256
11132.68253968254	55691.68253968254	plasma-cell	-256
13870.821428571428	55692.29761904762	plasma-cell	-256
13852.771653543306	55697.44881889764	plasma-cell	-256
11171.727272727272	55698.40404040404	plasma-cell	-256
11185.875	55703.541666666664	plasma-cell	-256
12208.571428571428	55706.177142857145	plasma-cell	-256
11041.373134328358	55715.0	plasma-cell	-256
12260.0	55723.44565217391	plasma-cell	-256
11050.17924528302	55741.77358490566	plasma-cell	-256
11104.77027027027	55739.91891891892	plasma-cell	-256
11059.797297297297	55750.43243243243	plasma-cell	-256
11075.527472527472	55769.02197802198	plasma-cell	-256
13516.503597122302	55782.359712230216	plasma-cell	-256
11200.227272727272	55780.69696969697	plasma-cell	-256
11115.896	55784.368	plasma-cell	-256
13512.556603773584	55802.10377358491	plasma-cell	-256
11064.285714285714	55807.666666666664	plasma-cell	-256
11082.47619047619	55811.54761904762	plasma-cell	-256
11165.75641025641	55815.166666666664	plasma-cell	-256
11067.4375	55817.1375	plasma-cell	-256
12378.101167315175	55820.02723735409	plasma-cell	-256
11091.911764705883	55821.42647058824	plasma-cell	-256
11107.933333333334	55885.23333333334	plasma-cell	-256
11061.870967741936	55893.54838709677	plasma-cell	-256
13235.940740740742	55902.207407407404	plasma-cell	-256
13253.823529411766	55904.0	plasma-cell	-256
13263.366666666667	55910.166666666664	plasma-cell	-256
11267.725925925926	55926.125925925924	plasma-cell	-256
13293.483870967742	55926.3870967742	plasma-cell	-256
11128.527272727273	55929.454545454544	plasma-cell	-256
11151.488095238095	55974.98809523809	plasma-cell	-256
13347.51968503937	55995.06299212598	plasma-cell	-256
13319.90977443609	56009.624060150374	plasma-cell	-256
13283.824742268042	56011.10309278351	plasma-cell	-256
13298.264150943396	56027.43396226415	plasma-cell	-256
12417.543046357616	56041.12582781457	plasma-cell	-256
12288.525547445255	56043.89781021898	plasma-cell	-256
11081.35	56044.566666666666	plasma-cell	-256
11137.845070422536	56047.380281690144	plasma-cell	-256
11396.373015873016	56056.78571428572	plasma-cell	-256
11177.452830188678	56063.56603773585	plasma-cell	-256
11045.30985915493	56065.281690140844	plasma-cell	-256
13225.748251748251	56086.167832167834	plasma-cell	-256
13188.021276595744	56092.04255319149	plasma-cell	-256
13773.418181818182	56092.25454545455	plasma-cell	-256
13783.820512820512	56096.717948717946	plasma-cell	-256
13839.9375	56103.916666666664	plasma-cell	-256
13705.068965517241	56108.09195402299	plasma-cell	-256
13823.394366197183	56115.211267605635	plasma-cell	-256
13185.68888888889	56114.322222222225	plasma-cell	-256
13782.633027522936	56114.449541284404	plasma-cell	-256
13426.96335078534	56121.905759162306	plasma-cell	-256
13807.908536585366	56127.85365853659	plasma-cell	-256
11204.22794117647	56131.58823529412	plasma-cell	-256
13157.866197183099	56131.55633802817	plasma-cell	-256
13318.830409356726	56132.3216374269	plasma-cell	-256
13778.21551724138	56131.85344827586	plasma-cell	-256
13397.852112676057	56141.64788732395	plasma-cell	-256
13827.271186440677	56139.52542372882	plasma-cell	-256
13835.464646464647	56160.545454545456	plasma-cell	-256
13158.41489361702	56173.35106382979	plasma-cell	-256
13829.75	56169.89705882353	plasma-cell	-256
13408.107142857143	56172.392857142855	plasma-cell	-256
13755.173076923078	56177.61538461538	plasma-cell	-256
13383.878504672897	56183.056074766355	plasma-cell	-256
13740.28431372549	56185.64705882353	plasma-cell	-256
13764.74647887324	56194.8661971831	plasma-cell	-256
13859.640625	56193.046875	plasma-cell	-256
13897.760563380281	56193.887323943665	plasma-cell	-256
11208.341463414634	56197.292682926825	plasma-cell	-256
13833.448275862069	56210.63218390805	plasma-cell	-256
11545.692307692309	56250.74358974359	plasma-cell	-256
12681.885869565218	56263.86956521739	plasma-cell	-256
13675.27049180328	56262.811475409835	plasma-cell	-256
11432.142857142857	56297.12380952381	plasma-cell	-256
11589.612903225807	56299.25806451613	plasma-cell	-256
13729.378048780487	56303.70121951219	plasma-cell	-256
13872.065934065933	56303.043956043955	plasma-cell	-256
12716.947712418301	56309.39215686274	plasma-cell	-256
11128.076923076924	56311.8717948718	plasma-cell	-256
11757.485714285714	56312.65714285714	plasma-cell	-256
12679.224137931034	56317.79885057471	plasma-cell	-256
11439.188034188035	56316.94871794872	plasma-cell	-256
11611.0	56329.51724137931	plasma-cell	-256
12735.729166666666	56332.916666666664	plasma-cell	-256
12740.229299363058	56371.267515923566	plasma-cell	-256
12702.85046728972	56372.44859813084	plasma-cell	-256
11744.3125	56375.5	plasma-cell	-256
12757.208333333334	56378.0	plasma-cell	-256
12745.784090909092	56385.420454545456	plasma-cell	-256
14103.429906542056	56393.345794392524	plasma-cell	-256
12860.920289855072	56439.688405797104	plasma-cell	-256
12338.44578313253	56454.60240963855	plasma-cell	-256
13401.38524590164	56469.61475409836	plasma-cell	-256
11300.714285714286	56473.619047619046	plasma-cell	-256
13386.0	56495.90361445783	plasma-cell	-256
13393.353333333333	56519.06	plasma-cell	-256
11861.455357142857	56521.72321428572	plasma-cell	-256
12135.364864864865	56536.45945945946	plasma-cell	-256
11790.669642857143	56537.6875	plasma-cell	-256
13394.460784313726	56543.32352941176	plasma-cell	-256
11924.325	56555.475	plasma-cell	-256
12142.662983425414	56557.86187845304	plasma-cell	-256
13404.373983739837	56563.9918699187	plasma-cell	-256
13417.449438202248	56573.74157303371	plasma-cell	-256
12060.708955223881	56576.58955223881	plasma-cell	-256
11954.466216216217	56579.520270270266	plasma-cell	-256
11932.784810126583	56582.06329113924	plasma-cell	-256
13374.03125	56582.125	plasma-cell	-256
11966.758928571428	56587.27678571428	plasma-cell	-256
13475.869047619048	56594.53571428572	plasma-cell	-256
11903.28455284553	56598.0325203252	plasma-cell	-256
12042.31313131313	56605.10101010101	plasma-cell	-256
13422.514492753624	56610.97101449275	plasma-cell	-256
11980.661764705883	56617.904411764706	plasma-cell	-256
12000.666666666666	56618.86666666667	plasma-cell	-256
13365.203389830509	56618.47457627118	plasma-cell	-256
13671.076923076922	56621.51048951049	plasma-cell	-256
11881.969696969696	56621.46464646465	plasma-cell	-256
13472.245614035088	56626.333333333336	plasma-cell	-256
13589.477272727272	56643.78409090909	plasma-cell	-256
13706.066037735849	56645.88679245283	plasma-cell	-256
13401.410256410256	56649.16239316239	plasma-cell	-256
13723.8	56647.19047619047	plasma-cell	-256
11973.944444444445	56651.194444444445	plasma-cell	-256
12270.117647058823	56651.74509803922	plasma-cell	-256
13372.789772727272	56656.66477272727	plasma-cell	-256
11464.030303030304	56658.979797979795	plasma-cell	-256
13733.610169491525	56663.20338983051	plasma-cell	-256
13759.376237623763	56669.762376237624	plasma-cell	-256
13363.568181818182	56671.920454545456	plasma-cell	-256
13653.14876033058	56673.115702479336	plasma-cell	-256
13525.822429906542	56680.90654205607	plasma-cell	-256
12186.0	56680.07777777778	plasma-cell	-256
13732.284210526315	56690.231578947365	plasma-cell	-256
11850.502512562814	56702.3216080402	plasma-cell	-256
12081.843373493975	56701.469879518074	plasma-cell	-256
12181.556603773584	56704.339622641506	plasma-cell	-256
11961.472868217053	56711.04651162791	plasma-cell	-256
12058.769784172662	56719.625899280574	plasma-cell	-256
13622.691358024691	56717.234567901236	plasma-cell	-256
13498.486486486487	56726.31531531532	plasma-cell	-256
12088.051282051281	56732.17094017094	plasma-cell	-256
13624.375	56730.59090909091	plasma-cell	-256
12124.174698795181	56748.180722891564	plasma-cell	-256
12114.8	56767.816666666666	plasma-cell	-256
12385.098591549297	56779.6338028169	plasma-cell	-256
11713.753333333334	56787.833333333336	plasma-cell	-256
11730.862068965518	56790.44827586207	plasma-cell	-256
12365.336283185841	56795.10619469026	plasma-cell	-256
11336.76923076923	56802.64102564102	plasma-cell	-256
13448.655913978495	56814.83870967742	plasma-cell	-256
11526.108333333334	56817.575	plasma-cell	-256
13434.715789473685	56832.63157894737	plasma-cell	-256
13503.520547945205	56833.61643835616	plasma-cell	-256
11235.090909090908	56839.02597402597	plasma-cell	-256
12610.860465116279	56842.04651162791	plasma-cell	-256
13406.447368421053	56847.03947368421	plasma-cell	-256
12334.909836065573	56850.475409836065	plasma-cell	-256
12379.321739130435	56853.95652173913	plasma-cell	-256
12605.297520661157	56856.01652892562	plasma-cell	-256
12123.091836734693	56868.989795918365	plasma-cell	-256
12141.373913043479	56877.35652173913	plasma-cell	-256
12440.246575342466	56877.67808219178	plasma-cell	-256
11483.423999999999	56892.104	plasma-cell	-256
12575.604838709678	56907.604838709674	plasma-cell	-256
12383.093525179856	56930.01438848921	plasma-cell	-256
12725.323529411766	56958.578431372545	plasma-cell	-256
12812.875	56959.5625	plasma-cell	-256
12553.385321100917	56963.89908256881	plasma-cell	-256
12535.875	56967.09722222222	plasma-cell	-256
12170.368055555555	56972.694444444445	plasma-cell	-256
12320.783333333333	56976.583333333336	plasma-cell	-256
12223.938775510203	56979.30612244898	plasma-cell	-256
12214.007633587786	56983.3893129771	plasma-cell	-256
12264.486725663717	56986.87610619469	plasma-cell	-256
12832.867549668874	56994.45033112583	plasma-cell	-256
12627.552083333334	56995.833333333336	plasma-cell	-256
12434.747747747748	56999.56756756757	plasma-cell	-256
12485.301724137931	57002.74137931035	plasma-cell	-256
12355.107692307693	57002.8	plasma-cell	-256
12701.0	57010.91764705882	plasma-cell	-256
12428.941747572815	57016.04854368932	plasma-cell	-256
12864.285714285714	57022.31428571429	plasma-cell	-256
12194.540983606557	57027.7868852459	plasma-cell	-256
12670.232142857143	57030.55357142857	plasma-cell	-256
12856.38053097345	57033.238938053095	plasma-cell	-256
10710.394736842105	57032.31578947369	plasma-cell	-256
12357.526315789473	57034.72368421053	plasma-cell	-256
12687.1125	57040.9125	plasma-cell	-256
12197.024590163935	57043.87704918033	plasma-cell	-256
12541.128205128205	57045.07692307692	plasma-cell	-256
12376.912408759124	57047.26277372263	plasma-cell	-256
12364.909090909092	57051.757575757576	plasma-cell	-256
12558.882352941177	57057.30588235294	plasma-cell	-256
12497.967741935485	57061.31182795699	plasma-cell	-256
12579.22105263158	57061.915789473685	plasma-cell	-256
12288.87962962963	57072.0462962963	plasma-cell	-256
12403.98319327731	57071.075630252104	plasma-cell	-256
12592.47619047619	57068.80952380953	plasma-cell	-256
12868.593406593407	57070.054945054944	plasma-cell	-256
12494.394736842105	57071.88157894737	plasma-cell	-256
12381.79389312977	57075.47328244275	plasma-cell	-256
12533.298701298701	57076.09090909091	plasma-cell	-256
12899.045871559632	57086.394495412846	plasma-cell	-256
12757.811023622047	57093.83464566929	plasma-cell	-256
12836.953125	57096.875	plasma-cell	-256
12313.52808988764	57103.269662921346	plasma-cell	-256
12161.35761589404	57116.21854304636	plasma-cell	-256
12718.166666666666	57113.67647058824	plasma-cell	-256
12847.636363636364	57117.96590909091	plasma-cell	-256
14516.9406779661	57123.58474576271	plasma-cell	-256
12495.126315789474	57123.336842105266	plasma-cell	-256
12550.976331360947	57128.136094674555	plasma-cell	-256
12798.385185185185	57131.281481481485	plasma-cell	-256
14404.211538461539	57126.730769230766	plasma-cell	-256
13325.314285714285	57137.635714285716	plasma-cell	-256
12745.73076923077	57143.17307692308	plasma-cell	-256
12844.859813084113	57143.46728971963	plasma-cell	-256
14587.701030927834	57146.0618556701	plasma-cell	-256
12487.13492063492	57148.73015873016	plasma-cell	-256
14499.603305785124	57151.33884297521	plasma-cell	-256
14534.061538461538	57149.230769230766	plasma-cell	-256
12785.13768115942	57157.862318840576	plasma-cell	-256
12814.24203821656	57167.96815286624	plasma-cell	-256
11713.410256410256	57166.53846153846	plasma-cell	-256
12842.56	57170.13333333333	plasma-cell	-256
12816.87356321839	57177.666666666664	plasma-cell	-256
12435.9	57183.25555555556	plasma-cell	-256
12939.666666666666	57183.93650793651	plasma-cell	-256
12787.73880597015	57189.64179104478	plasma-cell	-256
12851.659574468085	57188.27659574468	plasma-cell	-256
13018.785185185185	57191.88148148148	plasma-cell	-256
12834.483870967742	57196.25	plasma-cell	-256
12876.54074074074	57200.822222222225	plasma-cell	-256
12990.934306569343	57201.54744525548	plasma-cell	-256
12763.21472392638	57202.36809815951	plasma-cell	-256
12947.166666666666	57205.90151515151	plasma-cell	-256
14473.046511627908	57205.72093023256	plasma-cell	-256
12844.677966101695	57211.35593220339	plasma-cell	-256
13030.948717948719	57218.39743589744	plasma-cell	-256
13040.16	57218.61	plasma-cell	-256
12393.828947368422	57220.30263157895	plasma-cell	-256
12411.1875	57219.575	plasma-cell	-256
13019.205128205129	57224.35256410256	plasma-cell	-256
12418.767123287671	57225.78082191781	plasma-cell	-256
12503.478260869564	57225.75	plasma-cell	-256
12993.513274336283	57235.13274336283	plasma-cell	-256
13035.5	57238.325	plasma-cell	-256
11753.124137931034	57244.81379310345	plasma-cell	-256
12796.936507936509	57242.079365079364	plasma-cell	-256
12815.074074074073	57242.96296296296	plasma-cell	-256
12978.366013071896	57254.09150326798	plasma-cell	-256
12876.252525252525	57259.58585858586	plasma-cell	-256
12836.605839416057	57261.24817518248	plasma-cell	-256
12647.035714285714	57263.07142857143	plasma-cell	-256
11338.672131147541	57268.45901639344	plasma-cell	-256
12945.227642276423	57271.154471544716	plasma-cell	-256
13046.6	57271.558620689655	plasma-cell	-256
13079.802816901409	57273.140845070426	plasma-cell	-256
12541.065217391304	57274.23188405797	plasma-cell	-256
13030.291666666666	57276.5625	plasma-cell	-256
12807.315789473683	57276.90977443609	plasma-cell	-256
12863.496183206107	57280.34351145038	plasma-cell	-256
14617.9	57279.77777777778	plasma-cell	-256
12898.838095238096	57281.514285714286	plasma-cell	-256
13158.60447761194	57284.10447761194	plasma-cell	-256
13124.064171122995	57285.54010695187	plasma-cell	-256
12882.325153374233	57297.0981595092	plasma-cell	-256
13375.948571428571	57303.6	plasma-cell	-256
14600.0	57301.60256410256	plasma-cell	-256
13043.975609756097	57300.707317073175	plasma-cell	-256
12300.689075630253	57304.44537815126	plasma-cell	-256
12941.885135135135	57314.06756756757	plasma-cell	-256
12753.809160305344	57314.49618320611	plasma-cell	-256
13267.0	57315.28571428572	plasma-cell	-256
12973.424460431655	57318.74820143885	plasma-cell	-256
12991.68345323741	57323.510791366905	plasma-cell	-256
12899.965034965035	57326.454545454544	plasma-cell	-256
12947.242105263158	57328.45263157895	plasma-cell	-256
11298.72972972973	57337.0	plasma-cell	-256
12914.48	57342.304000000004	plasma-cell	-256
13033.702290076337	57347.557251908394	plasma-cell	-256
12925.221238938053	57348.902654867255	plasma-cell	-256
13243.69536423841	57351.24503311258	plasma-cell	-256
14505.972222222223	57351.81481481482	plasma-cell	-256
13082.5	57357.43076923077	plasma-cell	-256
12959.5	57368.756097560974	plasma-cell	-256
12994.008547008547	57370.54700854701	plasma-cell	-256
13039.916666666666	57382.19696969697	plasma-cell	-256
13121.264516129033	57382.948387096774	plasma-cell	-256
11676.539325842696	57383.61797752809	plasma-cell	-256
14647.821428571428	57383.30357142857	plasma-cell	-256
12566.106918238995	57394.94968553459	plasma-cell	-256
12864.109489051094	57392.92700729927	plasma-cell	-256
13462.174242424242	57394.893939393936	plasma-cell	-256
12664.241071428572	57401.52678571428	plasma-cell	-256
12715.803278688525	57412.139344262294	plasma-cell	-256
12918.6	57423.941666666666	plasma-cell	-256
13187.725	57429.49375	plasma-cell	-256
12757.970588235294	57431.078431372545	plasma-cell	-256
12764.556390977443	57438.48872180451	plasma-cell	-256
12832.264462809917	57441.90909090909	plasma-cell	-256
13090.729032258065	57446.69677419355	plasma-cell	-256
13400.769841269841	57446.49206349206	plasma-cell	-256
13798.81875	57455.65625	plasma-cell	-256
12944.654054054054	57466.22162162162	plasma-cell	-256
13119.8125	57469.54861111111	plasma-cell	-256
12905.528	57471.528	plasma-cell	-256
13290.244897959183	57472.462585034016	plasma-cell	-256
12791.12658227848	57486.36075949367	plasma-cell	-256
13110.7265625	57486.1953125	plasma-cell	-256
13210.12213740458	57487.93893129771	plasma-cell	-256
13359.659420289856	57489.26811594203	plasma-cell	-256
13087.379032258064	57496.33870967742	plasma-cell	-256
11347.608108108108	57496.01351351351	plasma-cell	-256
12929.88695652174	57498.06956521739	plasma-cell	-256
13215.376237623763	57498.35643564357	plasma-cell	-256
13103.592105263158	57501.91447368421	plasma-cell	-256
13168.861788617887	57499.365853658535	plasma-cell	-256
13353.609271523179	57508.46357615894	plasma-cell	-256
13177.11009174312	57508.89908256881	plasma-cell	-256
13097.842105263158	57517.99248120301	plasma-cell	-256
11334.1015625	57523.53125	plasma-cell	-256
13344.079470198676	57530.09933774835	plasma-cell	-256
13261.533333333333	57535.63333333333	plasma-cell	-256
12722.007518796992	57540.78195488722	plasma-cell	-256
12926.14876033058	57539.13223140496	plasma-cell	-256
12941.125	57537.65625	plasma-cell	-256
14524.277777777777	57549.055555555555	plasma-cell	-256
12802.983050847457	57550.72881355932	plasma-cell	-256
13117.559633027522	57563.477064220184	plasma-cell	-256
14517.5	57576.3	plasma-cell	-256
14581.504504504504	57582.75675675676	plasma-cell	-256
13234.239130434782	57584.586956521736	plasma-cell	-256
13317.576470588236	57583.42352941177	plasma-cell	-256
12947.066666666666	57589.590476190475	plasma-cell	-256
14530.12962962963	57592.61111111111	plasma-cell	-256
13214.048611111111	57595.381944444445	plasma-cell	-256
13261.98947368421	57593.72631578948	plasma-cell	-256
13464.555555555555	57593.04761904762	plasma-cell	-256
12775.11188811189	57596.71328671329	plasma-cell	-256
12960.057471264368	57597.49425287356	plasma-cell	-256
12968.483333333334	57599.333333333336	plasma-cell	-256
13104.25	57609.8	plasma-cell	-256
14625.815217391304	57608.891304347824	plasma-cell	-256
12250.638095238095	57613.619047619046	plasma-cell	-256
13193.913669064748	57615.18705035971	plasma-cell	-256
12977.114503816794	57622.26717557252	plasma-cell	-256
12900.166666666666	57625.927777777775	plasma-cell	-256
13103.717171717171	57626.69696969697	plasma-cell	-256
12250.0	57632.25342465754	plasma-cell	-256
12944.228070175439	57631.57894736842	plasma-cell	-256
13231.527397260274	57637.46575342466	plasma-cell	-256
14651.360655737706	57641.24590163934	plasma-cell	-256
14113.47663551402	57647.700934579436	plasma-cell	-256
12670.569536423842	57650.39735099338	plasma-cell	-256
14143.594594594595	57654.801801801805	plasma-cell	-256
14136.777777777777	57662.42735042735	plasma-cell	-256
14123.101449275362	57664.10144927536	plasma-cell	-256
13138.839694656488	57667.1679389313	plasma-cell	-256
12288.366666666667	57673.7	plasma-cell	-256
13174.451388888889	57680.375	plasma-cell	-256
13412.70588235294	57684.18823529412	plasma-cell	-256
11450.119999999999	57683.8	plasma-cell	-256
13347.896969696969	57686.19393939394	plasma-cell	-256
12775.862385321101	57708.779816513765	plasma-cell	-256
13306.536842105263	57709.27368421052	plasma-cell	-256
13360.040816326531	57712.97278911564	plasma-cell	-256
13328.623655913978	57717.73655913978	plasma-cell	-256
13268.978260869564	57721.19565217391	plasma-cell	-256
13312.033707865168	57720.348314606745	plasma-cell	-256
13184.220588235294	57728.67647058824	plasma-cell	-256
13152.330935251799	57734.287769784176	plasma-cell	-256
13184.546875	57737.078125	plasma-cell	-256
13284.04430379747	57745.56329113924	plasma-cell	-256
13287.193548387097	57758.82258064516	plasma-cell	-256
13133.58	57762.64	plasma-cell	-256
13101.99319727891	57776.28571428572	plasma-cell	-256
13161.198347107438	57774.32231404958	plasma-cell	-256
13179.875862068966	57776.724137931036	plasma-cell	-256
13053.107344632768	57780.62711864407	plasma-cell	-256
13150.560606060606	57781.492424242424	plasma-cell	-256
13198.354838709678	57791.467741935485	plasma-cell	-256
13152.397849462366	57799.5376344086	plasma-cell	-256
12821.955056179775	57803.38202247191	plasma-cell	-256
13034.151515151516	57803.030303030304	plasma-cell	-256
13136.568	57809.984	plasma-cell	-256
12004.746835443038	57823.48101265823	plasma-cell	-256
13116.305439330543	57841.29707112971	plasma-cell	-256
13180.1640625	57848.1484375	plasma-cell	-256
13308.018691588786	57852.64485981308	plasma-cell	-256
13096.932835820895	57858.798507462685	plasma-cell	-256
12061.552631578947	57872.97368421053	plasma-cell	-256
13087.666666666666	57883.13333333333	plasma-cell	-256
13050.0	57887.94642857143	plasma-cell	-256
12867.07874015748	57896.503937007874	plasma-cell	-256
12931.5	57899.0	plasma-cell	-256
12990.32584269663	57933.033707865165	plasma-cell	-256
13291.85294117647	57948.794117647056	plasma-cell	-256
13129.161016949152	57952.53389830508	plasma-cell	-256
12982.043010752688	57955.69892473119	plasma-cell	-256
13144.081481481482	57963.65925925926	plasma-cell	-256
13317.780141843972	57973.56737588652	plasma-cell	-256
11647.820895522389	57976.283582089556	plasma-cell	-256
12069.069306930693	57977.544554455446	plasma-cell	-256
13029.970297029704	57978.29702970297	plasma-cell	-256
13114.141732283464	57977.62992125984	plasma-cell	-256
13423.545454545454	57976.681818181816	plasma-cell	-256
12089.234693877552	57981.52040816327	plasma-cell	-256
13204.020833333334	57981.46875	plasma-cell	-256
13292.915094339623	57988.64150943396	plasma-cell	-256
13313.125	57987.431818181816	plasma-cell	-256
12980.333333333334	57998.38271604938	plasma-cell	-256
13337.58064516129	58001.31612903226	plasma-cell	-256
13825.458333333332	58001.22222222222	plasma-cell	-256
13205.36923076923	58006.46923076923	plasma-cell	-256
13027.296875	58008.921875	plasma-cell	-256
13374.657142857142	58015.1619047619	plasma-cell	-256
13110.39393939394	58020.893939393936	plasma-cell	-256
13318.387096774193	58029.282258064515	plasma-cell	-256
13128.583333333334	58035.069444444445	plasma-cell	-256
13839.383333333333	58040.36666666667	plasma-cell	-256
13264.364864864865	58054.37837837838	plasma-cell	-256
13084.947368421053	58055.89473684211	plasma-cell	-256
13049.051282051281	58062.320512820515	plasma-cell	-256
13329.0	58071.645833333336	plasma-cell	-256
12953.251908396946	58083.04580152672	plasma-cell	-256
13010.861842105263	58093.30263157895	plasma-cell	-256
13307.045871559632	58089.779816513765	plasma-cell	-256
13071.253731343284	58092.0	plasma-cell	-256
14531.064516129032	58094.32258064516	plasma-cell	-256
13090.283018867925	58101.03773584906	plasma-cell	-256
13044.16535433071	58108.37007874016	plasma-cell	-256
13344.0	58110.308219178085	plasma-cell	-256
13318.801242236024	58139.27950310559	plasma-cell	-256
13061.147540983606	58144.68032786885	plasma-cell	-256
12921.186274509804	58165.950980392154	plasma-cell	-256
12936.858208955224	58171.649253731346	plasma-cell	-256
12983.195652173912	58178.63043478261	plasma-cell	-256
13085.401709401709	58177.76068376069	plasma-cell	-256
13225.81111111111	58177.37777777778	plasma-cell	-256
12924.5	58183.5	plasma-cell	-256
13016.594594594595	58183.33783783784	plasma-cell	-256
12963.809523809523	58187.31428571429	plasma-cell	-256
12949.25	58192.229166666664	plasma-cell	-256
13301.77380952381	58190.53571428572	plasma-cell	-256
12912.960893854748	58206.374301675976	plasma-cell	-256
13013.698113207547	58207.71698113208	plasma-cell	-256
13104.17117117117	58211.801801801805	plasma-cell	-256
12945.246835443038	58218.943037974685	plasma-cell	-256
13177.746987951807	58217.33734939759	plasma-cell	-256
12966.030303030304	58232.72727272727	plasma-cell	-256
12014.611570247933	58232.57851239669	plasma-cell	-256
13323.072727272727	58235.06363636364	plasma-cell	-256
13029.758620689656	58236.48275862069	plasma-cell	-256
12954.25	58240.625	plasma-cell	-256
12971.33734939759	58264.03614457831	plasma-cell	-256
13141.379746835442	58266.462025316454	plasma-cell	-256
13368.024096385543	58266.09638554217	plasma-cell	-256
12219.418439716312	58271.255319148935	plasma-cell	-256
13009.642857142857	58274.897959183676	plasma-cell	-256
13048.113924050633	58282.36708860759	plasma-cell	-256
12970.82905982906	58294.16239316239	plasma-cell	-256
12960.985915492958	58297.64788732394	plasma-cell	-256
13154.163461538461	58296.653846153844	plasma-cell	-256
12197.35294117647	58299.25490196078	plasma-cell	-256
13040.459183673469	58302.989795918365	plasma-cell	-256
13144.496932515338	58307.54601226994	plasma-cell	-256
14627.721739130435	58306.46956521739	plasma-cell	-256
13028.871559633028	58316.84403669725	plasma-cell	-256
12283.32558139535	58319.267441860466	plasma-cell	-256
13382.738461538462	58322.338461538464	plasma-cell	-256
12224.418181818182	58324.67272727273	plasma-cell	-256
12245.11304347826	58340.06956521739	plasma-cell	-256
11660.015384615384	58352.39230769231	plasma-cell	-256
12259.43137254902	58350.339869281044	plasma-cell	-256
13009.23076923077	58347.08791208791	plasma-cell	-256
11820.258992805755	58353.34532374101	plasma-cell	-256
13049.556962025315	58358.50632911392	plasma-cell	-256
13061.896226415094	58360.46226415094	plasma-cell	-256
13004.083333333334	58362.541666666664	plasma-cell	-256
13104.2265625	58364.4921875	plasma-cell	-256
13116.908256880733	58374.036697247706	plasma-cell	-256
12278.846153846154	58384.95192307692	plasma-cell	-256
13102.98064516129	58388.651612903224	plasma-cell	-256
13130.270833333334	58395.65625	plasma-cell	-256
14525.838095238094	58401.42857142857	plasma-cell	-256
13424.790322580646	58405.37096774194	plasma-cell	-256
13326.542857142857	58413.438095238096	plasma-cell	-256
13142.140625	58437.0625	plasma-cell	-256
11782.76119402985	58441.0447761194	plasma-cell	-256
13439.554455445545	58443.346534653465	plasma-cell	-256
11753.978723404256	58447.68085106383	plasma-cell	-256
11775.377551020409	58455.37755102041	plasma-cell	-256
13088.594594594595	58477.85135135135	plasma-cell	-256
13374.589928057554	58478.74820143885	plasma-cell	-256
13157.969696969696	58493.40909090909	plasma-cell	-256
13349.952000000001	58498.416	plasma-cell	-256
13242.6091954023	58519.41379310345	plasma-cell	-256
13261.245614035088	58539.31578947369	plasma-cell	-256
13363.47435897436	58542.320512820515	plasma-cell	-256
11733.954022988506	58555.97701149425	plasma-cell	-256
13263.040983606557	58566.688524590165	plasma-cell	-256
13392.95890410959	58586.45205479452	plasma-cell	-256
13641.610619469026	58592.30973451327	plasma-cell	-256
13249.70634920635	58596.76190476191	plasma-cell	-256
13182.366666666667	58600.73333333334	plasma-cell	-256
13202.628787878788	58608.356060606064	plasma-cell	-256
13265.128	58607.992	plasma-cell	-256
13154.886597938144	58615.62886597938	plasma-cell	-256
13164.697674418605	58621.61627906977	plasma-cell	-256
13308.198275862069	58636.23275862069	plasma-cell	-256
13413.894117647058	58635.70588235294	plasma-cell	-256
13166.868686868687	58651.0505050505	plasma-cell	-256
13278.272727272728	58650.63636363637	plasma-cell	-256
13153.021428571428	58668.3	plasma-cell	-256
13551.636363636364	58710.143939393936	plasma-cell	-256
13280.877192982456	58713.228070175435	plasma-cell	-256
13338.625	58713.28125	plasma-cell	-256
13486.66935483871	58725.95161290323	plasma-cell	-256
12703.054054054053	58731.36486486487	plasma-cell	-256
13175.324675324675	58734.96536796537	plasma-cell	-256
13766.754838709678	58740.49032258065	plasma-cell	-256
13779.980582524273	58742.145631067964	plasma-cell	-256
13385.338235294117	58753.08088235294	plasma-cell	-256
13872.17441860465	58761.767441860466	plasma-cell	-256
13357.927835051547	58768.49484536082	plasma-cell	-256
13359.127819548872	58783.03759398496	plasma-cell	-256
13611.029850746268	58788.41791044776	plasma-cell	-256
12922.869565217392	58789.41304347826	plasma-cell	-256
13775.570422535211	58798.65492957746	plasma-cell	-256
13368.607142857143	58803.017857142855	plasma-cell	-256
13392.616161616163	58802.0404040404	plasma-cell	-256
13308.9243697479	58811.873949579836	plasma-cell	-256
13390.672839506173	58817.51234567901	plasma-cell	-256
13805.778846153846	58814.50480769231	plasma-cell	-256
14162.93125	58817.20625	plasma-cell	-256
14476.442857142858	58860.44285714286	plasma-cell	-256
13305.06956521739	58877.91304347826	plasma-cell	-256
11772.227848101265	58887.645569620254	plasma-cell	-256
13539.171641791045	58922.62686567164	plasma-cell	-256
13698.75	58929.984375	plasma-cell	-256
13528.412371134022	58934.58762886598	plasma-cell	-256
13511.940298507463	58940.17910447761	plasma-cell	-256
13529.816513761467	58945.08256880734	plasma-cell	-256
14163.424242424242	58947.704545454544	plasma-cell	-256
14461.875	58949.66477272727	plasma-cell	-256
13533.816666666666	58955.691666666666	plasma-cell	-256
14442.558558558558	58961.97297297297	plasma-cell	-256
14462.833333333332	58969.142857142855	plasma-cell	-256
13070.354838709678	58968.74193548387	plasma-cell	-256
11889.760869565218	58998.72826086957	plasma-cell	-256
13749.054263565891	59008.92248062015	plasma-cell	-256
14255.146067415732	59009.43820224719	plasma-cell	-256
13022.045112781954	59016.338345864664	plasma-cell	-256
14207.26050420168	59026.90756302521	plasma-cell	-256
13384.022222222222	59035.6	plasma-cell	-256
13681.223214285714	59036.16071428571	plasma-cell	-256
12994.991666666667	59051.34166666667	plasma-cell	-256
13053.588235294117	59058.333333333336	plasma-cell	-256
14191.5625	59063.3046875	plasma-cell	-256
14240.896907216495	59065.886597938144	plasma-cell	-256
13714.282828282829	59076.84848484848	plasma-cell	-256
13054.24832214765	59086.55033557047	plasma-cell	-256
13671.426229508197	59084.34426229508	plasma-cell	-256
13681.372093023256	59089.32558139535	plasma-cell	-256
13727.396396396396	59093.47747747748	plasma-cell	-256
13697.83088235294	59113.79411764706	plasma-cell	-256
13747.882352941177	59123.60294117647	plasma-cell	-256
13763.284090909092	59133.27272727273	plasma-cell	-256
13749.699186991871	59140.13821138212	plasma-cell	-256
14251.743243243243	59142.60810810811	plasma-cell	-256
14311.51282051282	59140.269230769234	plasma-cell	-256
13941.985815602837	59144.21276595745	plasma-cell	-256
13961.148148148148	59145.61481481481	plasma-cell	-256
13984.224719101123	59143.77528089887	plasma-cell	-256
14008.833333333332	59154.729166666664	plasma-cell	-256
13746.076923076922	59153.96153846154	plasma-cell	-256
14018.25	59161.204545454544	plasma-cell	-256
14116.2	59171.12631578947	plasma-cell	-256
12224.645161290322	59171.91129032258	plasma-cell	-256
14159.368421052632	59174.42105263158	plasma-cell	-256
14141.41584158416	59177.237623762376	plasma-cell	-256
14392.691588785046	59179.607476635516	plasma-cell	-256
12343.899159663866	59185.19327731092	plasma-cell	-256
12260.550561797752	59184.93258426966	plasma-cell	-256
13815.722222222223	59187.76190476191	plasma-cell	-256
14126.660550458717	59188.54128440367	plasma-cell	-256
12302.734939759037	59194.26506024096	plasma-cell	-256
12208.681415929204	59196.29203539823	plasma-cell	-256
12238.0	59198.873873873876	plasma-cell	-256
14215.878260869566	59200.391304347824	plasma-cell	-256
12285.45038167939	59202.396946564884	plasma-cell	-256
13842.737931034484	59202.96551724138	plasma-cell	-256
14338.02	59200.14	plasma-cell	-256
14093.231578947369	59206.18947368421	plasma-cell	-256
14577.387096774193	59208.30322580645	plasma-cell	-256
12185.822916666666	59212.489583333336	plasma-cell	-256
12166.823943661971	59213.57746478873	plasma-cell	-256
12276.813953488372	59215.01550387597	plasma-cell	-256
14178.514492753624	59224.44927536232	plasma-cell	-256
12269.842696629214	59227.38202247191	plasma-cell	-256
14256.442105263159	59225.44210526316	plasma-cell	-256
12195.186813186814	59232.56043956044	plasma-cell	-256
13914.99358974359	59232.4358974359	plasma-cell	-256
13941.294573643412	59245.844961240306	plasma-cell	-256
14257.178861788618	59244.94308943089	plasma-cell	-256
13928.016129032258	59244.87096774194	plasma-cell	-256
14244.46875	59246.7109375	plasma-cell	-256
14453.051546391753	59247.35051546391	plasma-cell	-256
13847.882352941177	59249.7294117647	plasma-cell	-256
14179.89090909091	59248.32727272727	plasma-cell	-256
13863.417721518988	59255.06329113924	plasma-cell	-256
14002.284090909092	59262.64772727273	plasma-cell	-256
13846.141592920354	59263.93805309734	plasma-cell	-256
13927.926605504588	59262.02752293578	plasma-cell	-256
12245.912	59265.84	plasma-cell	-256
14402.971153846154	59280.394230769234	plasma-cell	-256
14390.0	59288.625	plasma-cell	-256
13937.235849056604	59290.056603773584	plasma-cell	-256
14225.070175438595	59290.56140350877	plasma-cell	-256
13964.736842105263	59292.29824561403	plasma-cell	-256
14444.84	59291.12	plasma-cell	-256
14055.372413793102	59294.558620689655	plasma-cell	-256
11927.173469387755	59297.0306122449	plasma-cell	-256
14175.792682926829	59295.9756097561	plasma-cell	-256
14467.300970873786	59300.53398058252	plasma-cell	-256
11887.444444444445	59303.48148148148	plasma-cell	-256
14013.854545454546	59309.84242424242	plasma-cell	-256
13942.062015503876	59319.26356589147	plasma-cell	-256
13957.79347826087	59317.86956521739	plasma-cell	-256
13918.453333333333	59323.68	plasma-cell	-256
13903.0	59327.261538461535	plasma-cell	-256
14409.872340425532	59327.985815602835	plasma-cell	-256
13215.906976744187	59327.0	plasma-cell	-256
14383.439252336448	59330.80373831776	plasma-cell	-256
14290.096385542169	59358.0	plasma-cell	-256
13104.152777777777	59366.291666666664	plasma-cell	-256
14220.900826446281	59366.28099173553	plasma-cell	-256
14248.0546875	59371.1484375	plasma-cell	-256
14266.95652173913	59371.858695652176	plasma-cell	-256
14284.458646616542	59372.63157894737	plasma-cell	-256
14302.861386138615	59374.68316831683	plasma-cell	-256
14338.635593220339	59383.4406779661	plasma-cell	-256
14399.227272727272	59386.86363636363	plasma-cell	-256
14409.176470588234	59388.43137254902	plasma-cell	-256
14432.737931034484	59392.61379310345	plasma-cell	-256
14294.573529411766	59401.132352941175	plasma-cell	-256
14176.311475409835	59409.475409836065	plasma-cell	-256
14312.714285714286	59417.09183673469	plasma-cell	-256
13355.654545454545	59420.90909090909	plasma-cell	-256
14187.747474747473	59426.21212121212	plasma-cell	-256
14326.703703703704	59433.09259259259	plasma-cell	-256
14308.285714285714	59432.90476190476	plasma-cell	-256
13346.801886792453	59438.07547169812	plasma-cell	-256
14358.822222222221	59447.88888888889	plasma-cell	-256
14421.466666666667	59458.8	plasma-cell	-256
13215.169491525423	59470.0593220339	plasma-cell	-256
14292.11475409836	59469.87704918033	plasma-cell	-256
14543.791666666668	59468.375	plasma-cell	-256
14453.0	59470.5	plasma-cell	-256
14520.058823529413	59474.20588235294	plasma-cell	-256
14404.182692307691	59490.278846153844	plasma-cell	-256
14437.515625	59489.234375	plasma-cell	-256
14386.63440860215	59491.84946236559	plasma-cell	-256
14378.145454545454	59501.24545454545	plasma-cell	-256
14445.407407407409	59513.759259259255	plasma-cell	-256
14628.777777777777	59521.740740740745	plasma-cell	-256
14411.957894736843	59527.68421052631	plasma-cell	-256
12150.722222222223	59583.833333333336	plasma-cell	-256
12212.305263157894	59601.30526315789	plasma-cell	-256
12365.146153846154	59645.60769230769	plasma-cell	-256
14375.607142857143	59727.392857142855	plasma-cell	-256
12179.61855670103	59746.71134020619	plasma-cell	-256
13385.3	59746.263636363634	plasma-cell	-256
12315.116279069767	59757.732558139534	plasma-cell	-256
12164.532786885246	59761.65573770492	plasma-cell	-256
12525.898876404495	59872.79775280899	plasma-cell	-256
12582.677419354839	59910.44086021505	plasma-cell	-256
12627.373983739837	59936.30894308943	plasma-cell	-256
12597.282608695652	59942.0	plasma-cell	-256
13492.912408759124	59945.02189781022	plasma-cell	-256
12224.125	59956.82142857143	plasma-cell	-256
12605.032786885246	59964.24590163934	plasma-cell	-256
12649.057692307691	59968.653846153844	plasma-cell	-256
12200.121951219513	59979.170731707316	plasma-cell	-256
12669.76923076923	59980.55128205128	plasma-cell	-256
12638.495238095238	59984.219047619044	plasma-cell	-256
12215.602040816328	59987.63265306123	plasma-cell	-256
12662.553191489362	59994.12765957447	plasma-cell	-256
12229.890410958904	59997.08219178082	plasma-cell	-256
12955.698113207547	60010.798742138366	plasma-cell	-256
12905.773109243697	60015.361344537814	plasma-cell	-256
12615.032	60018.24	plasma-cell	-256
12593.654320987655	60035.4012345679	plasma-cell	-256
13045.853107344632	60062.096045197744	plasma-cell	-256
13574.0	60060.5	plasma-cell	-256
12216.363636363636	60063.25252525252	plasma-cell	-256
12391.356643356643	60071.21678321678	plasma-cell	-256
12319.814814814814	60070.01234567901	plasma-cell	-256
12981.303867403316	60081.298342541435	plasma-cell	-256
12332.990825688074	60094.85321100918	plasma-cell	-256
12415.581395348838	60121.267441860466	plasma-cell	-256
12963.940740740742	60134.23703703703	plasma-cell	-256
12982.267175572519	60158.114503816796	plasma-cell	-256
13019.54054054054	60172.495495495496	plasma-cell	-256
12426.405405405405	60177.48648648649	plasma-cell	-256
12380.666666666666	60193.30769230769	plasma-cell	-256
12995.15748031496	60221.413385826774	plasma-cell	-256
12841.79746835443	60246.20253164557	plasma-cell	-256
12230.0	60270.44642857143	plasma-cell	-256
12195.726315789474	60317.242105263154	plasma-cell	-256
12712.744186046511	60447.16279069767	plasma-cell	-256
10446.734848484848	70383.49242424243	plasma-cell	-256
10533.423076923076	70401.90384615384	plasma-cell	-256
10633.746031746032	70509.36507936507	plasma-cell	-256
10488.892156862745	70527.27450980392	plasma-cell	-256
10297.392045454546	70606.625	plasma-cell	-256
10342.113821138211	70621.60975609756	plasma-cell	-256
10427.083333333334	70663.44444444444	plasma-cell	-256
10430.388888888889	70670.38888888889	plasma-cell	-256
10792.064	70733.352	plasma-cell	-256
10978.153846153846	70801.60683760684	plasma-cell	-256
10947.388349514564	70839.98058252427	plasma-cell	-256
10968.877358490567	70851.93396226416	plasma-cell	-256
11145.67816091954	70963.49425287357	plasma-cell	-256
10960.592307692308	70968.66153846154	plasma-cell	-256
9981.152866242039	71000.22929936305	plasma-cell	-256
9893.2578125	71005.0234375	plasma-cell	-256
9871.574712643678	71005.91954022988	plasma-cell	-256
10025.442857142858	71012.22857142857	plasma-cell	-256
11235.03164556962	71032.01898734177	plasma-cell	-256
9915.432835820895	71055.26865671642	plasma-cell	-256
11085.5	71100.45833333333	plasma-cell	-256
10661.597315436242	71130.5033557047	plasma-cell	-256
11529.384615384615	71186.53846153847	plasma-cell	-256
11561.90322580645	71247.25806451614	plasma-cell	-256
10830.218181818182	71293.06363636363	plasma-cell	-256
10132.301075268817	71302.40860215054	plasma-cell	-256
10842.733333333334	71309.37777777777	plasma-cell	-256
11078.45641025641	71322.30769230769	plasma-cell	-256
11536.4453125	71322.359375	plasma-cell	-256
11606.0	71320.94594594595	plasma-cell	-256
9767.59659090909	71412.76704545454	plasma-cell	-256
11583.285714285714	71422.71428571429	plasma-cell	-256
11728.456896551725	71423.63793103448	plasma-cell	-256
9807.638095238095	71432.70476190477	plasma-cell	-256
11759.485915492958	71438.82394366198	plasma-cell	-256
9899.121019108281	71442.48407643312	plasma-cell	-256
11742.924901185772	71447.99209486166	plasma-cell	-256
9778.947368421053	71501.8947368421	plasma-cell	-256
11323.603448275862	71603.56896551725	plasma-cell	-256
11356.778409090908	71687.31818181818	plasma-cell	-256
10560.862745098038	71705.46078431372	plasma-cell	-256
12099.208791208792	71715.26373626373	plasma-cell	-256
12096.91489361702	71843.44680851063	plasma-cell	-256
11845.478571428572	71854.47857142857	plasma-cell	-256
11564.951219512195	71863.0162601626	plasma-cell	-256
9805.9875	71883.2625	plasma-cell	-256
11578.817307692309	71882.93269230769	plasma-cell	-256
11811.829457364342	71900.41085271318	plasma-cell	-256
12000.041958041958	71899.52447552448	plasma-cell	-256
10868.786764705883	71904.33823529411	plasma-cell	-256
9818.367088607594	71904.46835443038	plasma-cell	-256
11670.725609756097	71924.60365853658	plasma-cell	-256
11715.77922077922	71925.59307359307	plasma-cell	-256
9787.290322580646	71982.68817204301	plasma-cell	-256
12193.78787878788	71987.74747474748	plasma-cell	-256
12186.090909090908	71991.63636363637	plasma-cell	-256
12206.014084507042	71991.81690140846	plasma-cell	-256
12192.735849056604	72015.64150943396	plasma-cell	-256
10890.422680412372	72030.90721649484	plasma-cell	-256
12065.915887850468	72037.6261682243	plasma-cell	-256
12014.838095238096	72047.09523809524	plasma-cell	-256
10888.342281879195	72073.56375838927	plasma-cell	-256
10706.681818181818	72131.55454545455	plasma-cell	-256
10113.71568627451	72137.37254901961	plasma-cell	-256
10763.801587301587	72141.22222222222	plasma-cell	-256
10731.292307692307	72142.56153846154	plasma-cell	-256
10755.228070175439	72183.17543859649	plasma-cell	-256
12560.333333333334	72182.06666666667	plasma-cell	-256
10669.340909090908	72198.01515151515	plasma-cell	-256
9829.739837398374	72221.83739837399	plasma-cell	-256
9948.182926829268	72232.17073170732	plasma-cell	-256
10622.33613445378	72246.40336134454	plasma-cell	-256
9873.716216216217	72259.47297297297	plasma-cell	-256
9990.657894736842	72278.5	plasma-cell	-256
10036.824074074075	72289.64814814815	plasma-cell	-256
10977.28455284553	72300.49593495936	plasma-cell	-256
10083.245508982036	72307.28143712576	plasma-cell	-256
10619.489795918367	72320.22448979592	plasma-cell	-256
12690.564356435643	72335.9603960396	plasma-cell	-256
12707.655172413793	72334.55172413793	plasma-cell	-256
9918.793103448275	72370.25862068965	plasma-cell	-256
12690.787234042553	72377.76595744681	plasma-cell	-256
12086.909638554218	72398.60843373495	plasma-cell	-256
12778.659090909092	72407.125	plasma-cell	-256
9941.436363636363	72431.22727272728	plasma-cell	-256
11694.573913043478	72443.0	plasma-cell	-256
10259.960396039603	72498.35643564357	plasma-cell	-256
12359.691358024691	72508.56172839506	plasma-cell	-256
10240.5	72527.1530612245	plasma-cell	-256
12775.752066115703	72536.60330578513	plasma-cell	-256
11882.877551020409	72584.02040816327	plasma-cell	-256
12153.064516129032	72597.94623655915	plasma-cell	-256
12780.675675675677	72600.18018018018	plasma-cell	-256
10107.66037735849	72602.67452830188	plasma-cell	-256
12275.909090909092	72602.13636363637	plasma-cell	-256
11884.869565217392	72602.54347826086	plasma-cell	-256
12139.327102803738	72604.94392523365	plasma-cell	-256
10101.944055944055	72611.81118881119	plasma-cell	-256
11798.951388888889	72619.41666666667	plasma-cell	-256
10449.115384615385	72622.62307692308	plasma-cell	-256
9935.802631578947	72622.94736842105	plasma-cell	-256
10765.285714285714	72628.70634920635	plasma-cell	-256
12123.514018691589	72632.22429906542	plasma-cell	-256
12790.223880597016	72630.73880597015	plasma-cell	-256
10032.218604651163	72640.17674418604	plasma-cell	-256
10709.91489361702	72639.32624113475	plasma-cell	-256
12753.948979591836	72639.42857142857	plasma-cell	-256
10570.12380952381	72649.71428571429	plasma-cell	-256
12775.796610169491	72647.84745762713	plasma-cell	-256
10265.685185185186	72653.78703703704	plasma-cell	-256
10611.97435897436	72654.2435897436	plasma-cell	-256
10916.380434782608	72658.11956521739	plasma-cell	-256
10604.188405797102	72658.66666666667	plasma-cell	-256
10636.946236559139	72665.50537634408	plasma-cell	-256
12138.275	72669.35	plasma-cell	-256
10422.303797468354	72681.64556962025	plasma-cell	-256
10641.769911504425	72687.67256637168	plasma-cell	-256
10737.157407407407	72703.52777777778	plasma-cell	-256
10605.802816901409	72708.6338028169	plasma-cell	-256
10480.842105263158	72713.46616541353	plasma-cell	-256
12798.1640625	72716.9765625	plasma-cell	-256
10695.894736842105	72720.69473684211	plasma-cell	-256
12100.60824742268	72721.02061855671	plasma-cell	-256
10513.44578313253	72728.15662650602	plasma-cell	-256
11855.933884297521	72733.72727272728	plasma-cell	-256
10192.56	72731.56	plasma-cell	-256
10310.62962962963	72732.39814814815	plasma-cell	-256
10217.978417266188	72739.4964028777	plasma-cell	-256
10507.72	72741.68	plasma-cell	-256
10527.241935483871	72751.12096774194	plasma-cell	-256
10544.410714285714	72754.17857142857	plasma-cell	-256
10223.506849315068	72761.08219178082	plasma-cell	-256
10285.84892086331	72763.88489208632	plasma-cell	-256
10127.79411764706	72763.67647058824	plasma-cell	-256
10801.439655172413	72771.4827586207	plasma-cell	-256
10445.037735849057	72772.6603773585	plasma-cell	-256
10786.636363636364	72774.16883116883	plasma-cell	-256
10273.759124087592	72775.95620437956	plasma-cell	-256
12232.236842105263	72776.69298245614	plasma-cell	-256
12292.16535433071	72785.26771653544	plasma-cell	-256
12237.63909774436	72787.76691729324	plasma-cell	-256
10251.705357142857	72798.04464285714	plasma-cell	-256
10315.70297029703	72806.57425742575	plasma-cell	-256
10711.22972972973	72809.33783783784	plasma-cell	-256
12261.39344262295	72809.63114754099	plasma-cell	-256
10257.431654676258	72814.71223021582	plasma-cell	-256
10731.81746031746	72822.21428571429	plasma-cell	-256
10813.187969924813	72823.93233082707	plasma-cell	-256
12610.493670886077	72822.69620253165	plasma-cell	-256
10250.28346456693	72830.11811023622	plasma-cell	-256
10201.258426966293	72831.93258426966	plasma-cell	-256
10655.936170212766	72831.21276595745	plasma-cell	-256
12908.094736842106	72836.9052631579	plasma-cell	-256
10687.31506849315	72841.79452054795	plasma-cell	-256
9737.954198473282	72844.85496183205	plasma-cell	-256
10203.41121495327	72847.46728971963	plasma-cell	-256
10704.09375	72850.171875	plasma-cell	-256
12114.081896551725	72852.6077586207	plasma-cell	-256
12266.460992907801	72852.09929078014	plasma-cell	-256
10216.108108108108	72852.72972972973	plasma-cell	-256
12294.830357142857	72857.34821428571	plasma-cell	-256
10675.357142857143	72857.38095238095	plasma-cell	-256
10728.472727272727	72858.78181818181	plasma-cell	-256
10645.656862745098	72865.98039215687	plasma-cell	-256
10442.226666666667	72871.14666666667	plasma-cell	-256
10587.092783505155	72900.19587628866	plasma-cell	-256
10254.712643678162	72903.6551724138	plasma-cell	-256
10469.964285714286	72912.00892857143	plasma-cell	-256
10516.668789808917	72921.08917197453	plasma-cell	-256
10555.793103448275	72919.091954023	plasma-cell	-256
11932.112903225807	72930.1129032258	plasma-cell	-256
10609.632352941177	72937.35294117648	plasma-cell	-256
10895.270440251572	72949.00314465408	plasma-cell	-256
10370.507462686568	72943.20895522388	plasma-cell	-256
10459.888157894737	72945.84210526316	plasma-cell	-256
11942.84347826087	72946.57391304348	plasma-cell	-256
10498.585365853658	72946.90243902439	plasma-cell	-256
10496.734513274336	72959.46902654867	plasma-cell	-256
10577.405940594059	72968.44554455446	plasma-cell	-256
10460.967741935485	72972.53225806452	plasma-cell	-256
12048.676190476192	72975.8	plasma-cell	-256
10499.531645569621	72973.91139240506	plasma-cell	-256
11732.545454545454	72989.96503496503	plasma-cell	-256
10644.4	73014.85833333334	plasma-cell	-256
10585.945736434109	73016.85271317829	plasma-cell	-256
10624.690476190477	73021.28571428571	plasma-cell	-256
9912.213178294574	73029.62790697675	plasma-cell	-256
11924.813829787234	73031.8670212766	plasma-cell	-256
10774.927272727273	73030.47272727273	plasma-cell	-256
13109.075757575758	73034.74242424243	plasma-cell	-256
11704.406779661018	73038.66101694915	plasma-cell	-256
10611.657894736842	73043.36842105263	plasma-cell	-256
10620.297297297297	73054.04504504504	plasma-cell	-256
13226.216981132075	73060.66981132075	plasma-cell	-256
13257.5	73060.62857142858	plasma-cell	-256
11700.588235294117	73066.38235294117	plasma-cell	-256
13121.037037037036	73067.91358024691	plasma-cell	-256
13233.416666666666	73081.6574074074	plasma-cell	-256
13223.0	73081.70731707317	plasma-cell	-256
13032.532110091743	73105.51376146788	plasma-cell	-256
10892.950413223141	73110.03305785124	plasma-cell	-256
13311.257142857143	73108.68571428572	plasma-cell	-256
13305.307086614173	73117.67716535433	plasma-cell	-256
13564.851485148514	73121.54455445544	plasma-cell	-256
13279.265060240963	73138.78313253012	plasma-cell	-256
13230.967213114754	73141.91803278688	plasma-cell	-256
13262.611111111111	73148.0	plasma-cell	-256
13309.5	73149.0	plasma-cell	-256
12311.041916167665	73154.2874251497	plasma-cell	-256
13213.627450980392	73150.25490196078	plasma-cell	-256
9897.770588235295	73156.22352941177	plasma-cell	-256
12059.846153846154	73154.95726495727	plasma-cell	-256
12458.72027972028	73160.67132867133	plasma-cell	-256
9798.114503816794	73171.65648854962	plasma-cell	-256
9889.677165354331	73172.33070866142	plasma-cell	-256
11835.343891402716	73178.13574660633	plasma-cell	-256
9789.096153846154	73175.19230769231	plasma-cell	-256
10847.229813664597	73197.08695652174	plasma-cell	-256
10868.030769230769	73195.9076923077	plasma-cell	-256
9815.433070866142	73201.11811023622	plasma-cell	-256
12763.217391304348	73201.53260869565	plasma-cell	-256
11667.529411764706	73218.76470588235	plasma-cell	-256
12741.209677419354	73230.19354838709	plasma-cell	-256
13790.464285714286	73231.96428571429	plasma-cell	-256
9866.467455621301	73235.15384615384	plasma-cell	-256
12493.657142857142	73232.88571428572	plasma-cell	-256
13017.258992805755	73236.1654676259	plasma-cell	-256
12720.427083333334	73239.76041666667	plasma-cell	-256
10899.476923076923	73240.61538461539	plasma-cell	-256
12589.582524271846	73241.90291262136	plasma-cell	-256
10525.190476190477	73245.76190476191	plasma-cell	-256
10597.494949494949	73255.61616161616	plasma-cell	-256
11595.90350877193	73259.98245614035	plasma-cell	-256
12344.845238095239	73260.79761904762	plasma-cell	-256
10497.767741935484	73275.29032258065	plasma-cell	-256
11736.77108433735	73283.0	plasma-cell	-256
10635.597864768682	73292.39501779359	plasma-cell	-256
12238.552	73290.856	plasma-cell	-256
13682.437908496733	73290.99346405228	plasma-cell	-256
11584.672897196262	73291.99065420561	plasma-cell	-256
10579.90350877193	73297.17543859649	plasma-cell	-256
10607.148148148148	73299.79629629629	plasma-cell	-256
10837.746031746032	73303.60317460318	plasma-cell	-256
10471.29292929293	73306.68686868687	plasma-cell	-256
12080.958762886597	73308.39175257731	plasma-cell	-256
12149.55140186916	73311.31775700934	plasma-cell	-256
12050.527777777777	73315.16666666667	plasma-cell	-256
13529.043103448275	73323.18103448275	plasma-cell	-256
9777.3875	73330.775	plasma-cell	-256
12140.79347826087	73332.68478260869	plasma-cell	-256
10529.893442622952	73334.5	plasma-cell	-256
13536.160305343512	73337.60305343512	plasma-cell	-256
11035.2890625	73340.96875	plasma-cell	-256
13353.912087912087	73342.78021978022	plasma-cell	-256
10523.86	73348.87	plasma-cell	-256
10473.04964539007	73357.70921985815	plasma-cell	-256
10980.226804123711	73361.55670103093	plasma-cell	-256
10459.493902439024	73368.76829268293	plasma-cell	-256
11478.685714285715	73377.85142857143	plasma-cell	-256
11665.686440677966	73382.16949152542	plasma-cell	-256
12018.328859060402	73388.58389261745	plasma-cell	-256
10509.952380952382	73394.5	plasma-cell	-256
13478.644736842105	73407.63815789473	plasma-cell	-256
10581.608695652174	73409.65217391304	plasma-cell	-256
10608.785714285714	73417.42857142857	plasma-cell	-256
12702.771428571428	73421.40952380952	plasma-cell	-256
10500.676691729323	73428.51127819548	plasma-cell	-256
13514.48181818182	73433.6909090909	plasma-cell	-256
12836.442748091602	73437.09923664122	plasma-cell	-256
13598.895734597156	73439.71090047393	plasma-cell	-256
13574.726495726496	73440.8547008547	plasma-cell	-256
10346.022988505747	73444.1264367816	plasma-cell	-256
13523.045045045044	73446.5045045045	plasma-cell	-256
12717.625	73452.25	plasma-cell	-256
11593.594594594595	73453.44144144144	plasma-cell	-256
12444.246376811594	73456.60869565218	plasma-cell	-256
12779.880952380952	73458.27380952382	plasma-cell	-256
12817.833333333334	73458.84722222222	plasma-cell	-256
12433.570175438595	73464.25438596492	plasma-cell	-256
12756.1328125	73464.2578125	plasma-cell	-256
12828.909836065573	73463.89344262295	plasma-cell	-256
12469.041666666666	73471.91666666667	plasma-cell	-256
12811.142857142857	73472.63265306123	plasma-cell	-256
12883.658333333333	73471.725	plasma-cell	-256
12844.33064516129	73474.41935483871	plasma-cell	-256
12859.075471698114	73475.67924528301	plasma-cell	-256
11035.565891472868	73497.44186046511	plasma-cell	-256
11644.14184397163	73504.26241134752	plasma-cell	-256
9901.176470588236	73533.51764705882	plasma-cell	-256
12565.553956834532	73554.76978417266	plasma-cell	-256
10353.424242424242	73576.03787878787	plasma-cell	-256
13966.133858267716	73587.86614173229	plasma-cell	-256
9881.166666666666	73592.5	plasma-cell	-256
14018.078651685393	73592.11235955056	plasma-cell	-256
13959.297029702971	73596.9900990099	plasma-cell	-256
14033.281553398057	73597.94174757281	plasma-cell	-256
12607.270588235295	73603.22352941177	plasma-cell	-256
13976.621052631579	73608.42105263157	plasma-cell	-256
14004.069306930693	73607.58415841585	plasma-cell	-256
13927.15	73609.17	plasma-cell	-256
12823.255707762557	73622.15525114155	plasma-cell	-256
13942.782608695652	73625.77391304348	plasma-cell	-256
14019.867647058823	73625.70588235294	plasma-cell	-256
13972.844827586207	73623.94827586207	plasma-cell	-256
14115.63063063063	73628.52252252253	plasma-cell	-256
13980.426086956522	73632.77391304348	plasma-cell	-256
9760.058823529413	73635.76470588235	plasma-cell	-256
13592.245098039215	73635.1862745098	plasma-cell	-256
13610.450980392157	73640.22549019608	plasma-cell	-256
10159.579787234043	73649.19680851063	plasma-cell	-256
14091.949367088608	73652.69620253165	plasma-cell	-256
12627.31081081081	73659.7027027027	plasma-cell	-256
12883.180555555555	73672.43055555556	plasma-cell	-256
12908.545454545454	73675.10227272728	plasma-cell	-256
11830.777777777777	73696.55555555556	plasma-cell	-256
10262.549738219896	73730.50261780104	plasma-cell	-256
10194.283524904215	73736.18007662836	plasma-cell	-256
11873.425531914894	73736.8439716312	plasma-cell	-256
11857.600961538461	73741.1875	plasma-cell	-256
11300.483870967742	73748.82258064517	plasma-cell	-256
11877.04827586207	73755.01379310346	plasma-cell	-256
13310.693251533743	73766.34969325154	plasma-cell	-256
11822.81081081081	73768.54054054055	plasma-cell	-256
11837.58620689655	73768.80459770115	plasma-cell	-256
11791.0	73779.66666666667	plasma-cell	-256
10535.578125	73781.8359375	plasma-cell	-256
12866.83870967742	73789.79032258065	plasma-cell	-256
11862.979166666666	73794.04166666667	plasma-cell	-256
11895.03007518797	73799.84962406015	plasma-cell	-256
12883.92700729927	73797.52554744526	plasma-cell	-256
12644.645669291338	73804.30708661418	plasma-cell	-256
10074.039735099337	73814.54966887417	plasma-cell	-256
11818.640350877193	73814.21052631579	plasma-cell	-256
9819.495412844037	73823.3119266055	plasma-cell	-256
9794.295597484277	73826.2389937107	plasma-cell	-256
11979.721739130435	73829.67391304347	plasma-cell	-256
11754.816176470587	73828.69117647059	plasma-cell	-256
11808.33908045977	73834.52873563218	plasma-cell	-256
11876.098360655738	73839.84699453552	plasma-cell	-256
12202.521739130436	73834.69565217392	plasma-cell	-256
9833.090322580645	73843.24516129032	plasma-cell	-256
11409.777777777777	73842.52777777778	plasma-cell	-256
10038.701492537313	73844.4328358209	plasma-cell	-256
12240.833333333334	73843.90350877192	plasma-cell	-256
9797.552941176471	73846.17647058824	plasma-cell	-256
9814.72864321608	73850.8592964824	plasma-cell	-256
11745.566666666666	73847.45	plasma-cell	-256
11339.533333333333	73852.16666666667	plasma-cell	-256
11749.711538461539	73859.09615384616	plasma-cell	-256
10603.55	73866.6125	plasma-cell	-256
9883.62037037037	73868.97222222222	plasma-cell	-256
10085.197802197803	73872.69230769231	plasma-cell	-256
12954.8984375	73874.46875	plasma-cell	-256
13056.9	73873.18571428572	plasma-cell	-256
11332.005714285715	73879.19428571429	plasma-cell	-256
13168.36875	73877.81875	plasma-cell	-256
9863.046875	73878.609375	plasma-cell	-256
12996.06875	73889.35	plasma-cell	-256
13058.746031746032	73890.19841269842	plasma-cell	-256
9981.45	73892.04	plasma-cell	-256
11829.536585365853	73893.13414634146	plasma-cell	-256
13200.151315789473	73893.63815789473	plasma-cell	-256
10686.878205128205	73896.64743589744	plasma-cell	-256
11327.722222222223	73901.69047619047	plasma-cell	-256
13219.72380952381	73901.93333333333	plasma-cell	-256
10677.453125	73908.6875	plasma-cell	-256
9920.8202247191	73912.12359550562	plasma-cell	-256
11923.472392638037	73915.0736196319	plasma-cell	-256
13104.055045871559	73915.48623853212	plasma-cell	-256
10611.850877192983	73915.6052631579	plasma-cell	-256
11678.953703703704	73919.05555555556	plasma-cell	-256
10650.378048780487	73919.91463414633	plasma-cell	-256
13222.944954128441	73924.41284403669	plasma-cell	-256
13244.785714285714	73925.33333333333	plasma-cell	-256
12006.980198019803	73935.79207920792	plasma-cell	-256
11674.959016393443	73942.57786885246	plasma-cell	-256
12029.472	73939.976	plasma-cell	-256
13215.752293577982	73938.22935779816	plasma-cell	-256
11630.4	73939.24166666667	plasma-cell	-256
10491.7734375	73944.6484375	plasma-cell	-256
12044.17880794702	73944.70860927152	plasma-cell	-256
10014.349206349207	73947.96825396825	plasma-cell	-256
10569.723076923077	73950.19230769231	plasma-cell	-256
10048.698924731183	73950.47311827957	plasma-cell	-256
13180.858823529412	73949.96470588235	plasma-cell	-256
10028.142857142857	73953.32467532468	plasma-cell	-256
11453.44642857143	73960.31071428572	plasma-cell	-256
12864.398692810457	73958.88235294117	plasma-cell	-256
12108.01775147929	73966.88165680473	plasma-cell	-256
10030.666666666666	73965.13636363637	plasma-cell	-256
11963.30081300813	73969.1138211382	plasma-cell	-256
11728.897727272728	73973.46590909091	plasma-cell	-256
10169.57281553398	73973.89320388349	plasma-cell	-256
10087.326923076924	73980.71153846153	plasma-cell	-256
10606.816666666668	73981.45833333333	plasma-cell	-256
12119.181102362205	73989.29133858268	plasma-cell	-256
10596.812949640287	73994.81294964028	plasma-cell	-256
12004.467105263158	73998.61842105263	plasma-cell	-256
10215.62962962963	73999.6574074074	plasma-cell	-256
11557.636042402826	74015.0671378092	plasma-cell	-256
14591.254098360656	74014.24590163934	plasma-cell	-256
11901.720430107527	74016.75268817204	plasma-cell	-256
11586.662222222221	74021.14666666667	plasma-cell	-256
12039.746031746032	74020.26190476191	plasma-cell	-256
14077.416666666668	74021.32407407407	plasma-cell	-256
11985.83448275862	74024.96551724138	plasma-cell	-256
11904.052631578947	74026.8947368421	plasma-cell	-256
10075.0	74039.70408163265	plasma-cell	-256
10563.814814814814	74042.24444444444	plasma-cell	-256
11749.723529411764	74043.77647058823	plasma-cell	-256
10164.366666666667	74046.6	plasma-cell	-256
12195.025316455696	74049.37974683545	plasma-cell	-256
10105.5	74050.1574074074	plasma-cell	-256
14468.928571428572	74052.50714285714	plasma-cell	-256
10148.101796407185	74058.67065868263	plasma-cell	-256
10171.504504504504	74055.14414414414	plasma-cell	-256
11739.29411764706	74059.43137254902	plasma-cell	-256
11822.875862068966	74060.68965517242	plasma-cell	-256
14461.636363636364	74059.18181818182	plasma-cell	-256
10192.714285714286	74063.41666666667	plasma-cell	-256
11686.85294117647	74061.55882352941	plasma-cell	-256
12129.972413793104	74066.40689655172	plasma-cell	-256
12085.96875	74069.125	plasma-cell	-256
14565.673611111111	74069.42361111111	plasma-cell	-256
12189.870786516854	74072.60112359551	plasma-cell	-256
13894.155963302752	74071.15596330275	plasma-cell	-256
14131.564285714285	74075.47857142857	plasma-cell	-256
14155.418032786885	74076.88524590163	plasma-cell	-256
11802.388059701492	74084.91791044777	plasma-cell	-256
14369.211267605635	74080.33802816902	plasma-cell	-256
11830.891666666666	74085.35833333334	plasma-cell	-256
13963.618705035971	74087.76978417266	plasma-cell	-256
12070.198275862069	74088.56896551725	plasma-cell	-256
12180.644927536232	74091.76086956522	plasma-cell	-256
13863.682170542636	74093.71317829458	plasma-cell	-256
12188.970588235294	74095.64705882352	plasma-cell	-256
12337.307692307691	74101.95726495727	plasma-cell	-256
11929.071428571428	74100.52857142857	plasma-cell	-256
11599.901098901099	74104.82417582418	plasma-cell	-256
11838.129151291512	74108.66051660516	plasma-cell	-256
12517.8125	74111.70535714286	plasma-cell	-256
14480.606451612904	74110.73548387097	plasma-cell	-256
14612.191780821919	74109.97260273973	plasma-cell	-256
12049.960396039603	74118.27722772278	plasma-cell	-256
14661.526315789473	74118.06315789474	plasma-cell	-256
12828.45652173913	74120.65217391304	plasma-cell	-256
12492.939655172413	74122.45689655172	plasma-cell	-256
14131.315315315314	74126.02702702703	plasma-cell	-256
12623.986754966887	74127.82781456954	plasma-cell	-256
14365.503496503497	74127.5944055944	plasma-cell	-256
12689.452054794521	74126.43835616438	plasma-cell	-256
14345.024390243903	74127.57723577236	plasma-cell	-256
13059.414141414141	74132.0505050505	plasma-cell	-256
14286.576388888889	74132.84722222222	plasma-cell	-256
12279.910447761195	74134.31343283583	plasma-cell	-256
12844.434343434343	74134.36363636363	plasma-cell	-256
13100.952380952382	74133.80158730158	plasma-cell	-256
14530.115384615385	74134.57692307692	plasma-cell	-256
14459.33606557377	74138.84426229508	plasma-cell	-256
12037.263157894737	74137.26315789473	plasma-cell	-256
12937.378378378378	74143.1081081081	plasma-cell	-256
12639.85	74148.15	plasma-cell	-256
12672.848101265823	74149.91139240506	plasma-cell	-256
12289.09756097561	74156.05691056911	plasma-cell	-256
13085.113513513514	74156.05405405405	plasma-cell	-256
13115.236559139785	74154.02150537634	plasma-cell	-256
12632.70588235294	74163.5	plasma-cell	-256
14260.106194690266	74173.41592920353	plasma-cell	-256
11989.77	74175.95	plasma-cell	-256
14599.296296296296	74178.34567901235	plasma-cell	-256
14126.557522123894	74189.13274336283	plasma-cell	-256
12748.814516129032	74193.3629032258	plasma-cell	-256
12895.201834862386	74192.99082568807	plasma-cell	-256
14361.005405405405	74196.44864864864	plasma-cell	-256
10915.778846153846	74199.06730769231	plasma-cell	-256
12126.5078125	74198.96875	plasma-cell	-256
12404.875	74200.625	plasma-cell	-256
12919.6	74210.21	plasma-cell	-256
14371.631147540984	74210.37704918033	plasma-cell	-256
12144.171428571428	74214.2	plasma-cell	-256
12727.488372093023	74221.8488372093	plasma-cell	-256
13094.102040816328	74219.92857142857	plasma-cell	-256
14391.154761904761	74222.60119047618	plasma-cell	-256
12701.411764705883	74225.09411764707	plasma-cell	-256
12805.044642857143	74223.3125	plasma-cell	-256
13358.491379310344	74226.94827586207	plasma-cell	-256
12908.55140186916	74232.6261682243	plasma-cell	-256
11812.569343065694	74234.82481751825	plasma-cell	-256
12442.245614035088	74235.3947368421	plasma-cell	-256
14441.89898989899	74237.0303030303	plasma-cell	-256
11846.41379310345	74239.87931034483	plasma-cell	-256
11816.064220183485	74247.10091743119	plasma-cell	-256
12568.67701863354	74249.32919254659	plasma-cell	-256
12409.204081632653	74247.3469387755	plasma-cell	-256
12258.704	74250.48	plasma-cell	-256
13200.935779816515	74250.24770642201	plasma-cell	-256
12630.84	74254.112	plasma-cell	-256
12929.65	74256.2875	plasma-cell	-256
11799.8	74257.5	plasma-cell	-256
12096.893617021276	74262.72340425532	plasma-cell	-256
12824.608695652174	74261.30434782608	plasma-cell	-256
13858.58620689655	74264.03448275862	plasma-cell	-256
12382.89423076923	74266.73076923077	plasma-cell	-256
12935.216216216217	74265.0	plasma-cell	-256
14379.819672131147	74268.03278688525	plasma-cell	-256
12623.693430656935	74270.85401459855	plasma-cell	-256
13049.714285714286	74272.85714285714	plasma-cell	-256
12808.826530612245	74277.32653061225	plasma-cell	-256
12824.902255639097	74279.07518796992	plasma-cell	-256
12571.948717948719	74289.14102564103	plasma-cell	-256
13063.93023255814	74287.32558139534	plasma-cell	-256
12951.265957446809	74290.20212765958	plasma-cell	-256
14233.916666666668	74297.97222222222	plasma-cell	-256
12817.71028037383	74299.81308411215	plasma-cell	-256
14110.72972972973	74301.06081081081	plasma-cell	-256
12653.892561983472	74301.60330578513	plasma-cell	-256
14371.536423841058	74309.07947019867	plasma-cell	-256
12836.483333333334	74311.50833333333	plasma-cell	-256
14223.97972972973	74311.66891891892	plasma-cell	-256
12764.81308411215	74319.34579439252	plasma-cell	-256
14246.164179104479	74322.36567164179	plasma-cell	-256
10554.54609929078	74327.1914893617	plasma-cell	-256
13076.515873015873	74330.61111111111	plasma-cell	-256
14239.342657342659	74337.93706293707	plasma-cell	-256
10541.802816901409	74339.5352112676	plasma-cell	-256
14122.007194244605	74342.95683453238	plasma-cell	-256
12308.496	74344.016	plasma-cell	-256
10428.28272251309	74347.12041884816	plasma-cell	-256
13106.842105263158	74345.21929824562	plasma-cell	-256
12406.34693877551	74348.55102040817	plasma-cell	-256
13008.112903225807	74347.59677419355	plasma-cell	-256
13058.719512195123	74354.59756097561	plasma-cell	-256
12346.32	74355.3	plasma-cell	-256
11675.1796875	74357.734375	plasma-cell	-256
12257.880597014926	74361.21641791044	plasma-cell	-256
11181.845238095239	74362.23809523809	plasma-cell	-256
11749.704347826088	74362.5652173913	plasma-cell	-256
12665.241071428572	74362.09821428571	plasma-cell	-256
11690.976923076923	74366.04615384615	plasma-cell	-256
12805.404255319148	74380.60638297873	plasma-cell	-256
12948.290322580646	74382.29032258065	plasma-cell	-256
11084.053097345133	74386.21238938053	plasma-cell	-256
11151.555555555555	74385.29914529914	plasma-cell	-256
11852.671641791045	74387.01492537314	plasma-cell	-256
11895.467248908297	74393.33187772926	plasma-cell	-256
12747.777777777777	74390.54761904762	plasma-cell	-256
12823.381944444445	74392.54166666667	plasma-cell	-256
12986.263736263736	74390.59340659341	plasma-cell	-256
11754.8359375	74391.828125	plasma-cell	-256
11037.605442176871	74394.56462585034	plasma-cell	-256
12558.921875	74399.40625	plasma-cell	-256
12628.526315789473	74402.52631578947	plasma-cell	-256
11565.172932330826	74405.22556390977	plasma-cell	-256
12548.953642384105	74408.34437086093	plasma-cell	-256
10454.165322580646	74412.65725806452	plasma-cell	-256
11684.203389830509	74411.2372881356	plasma-cell	-256
11164.136363636364	74412.59090909091	plasma-cell	-256
11589.212903225807	74419.0193548387	plasma-cell	-256
12681.951923076922	74419.40384615384	plasma-cell	-256
13558.25	74423.68493150685	plasma-cell	-256
11442.379746835442	74430.68987341772	plasma-cell	-256
11841.8	74428.42068965518	plasma-cell	-256
12367.845070422536	74433.11971830986	plasma-cell	-256
12820.531914893618	74431.3085106383	plasma-cell	-256
11831.046296296296	74436.07407407407	plasma-cell	-256
10462.333333333334	74440.62962962964	plasma-cell	-256
11559.714285714286	74441.34586466165	plasma-cell	-256
10820.359154929578	74451.64788732394	plasma-cell	-256
12107.084112149532	74456.02803738318	plasma-cell	-256
12748.8125	74456.58035714286	plasma-cell	-256
13030.342857142858	74457.41428571429	plasma-cell	-256
12637.768595041322	74465.89256198348	plasma-cell	-256
12554.44966442953	74476.26845637584	plasma-cell	-256
13268.280373831776	74487.09345794392	plasma-cell	-256
12797.05	74491.075	plasma-cell	-256
13019.795698924732	74486.6129032258	plasma-cell	-256
11236.358565737051	74502.08764940238	plasma-cell	-256
12134.054054054053	74501.57657657658	plasma-cell	-256
10668.728813559323	74503.1186440678	plasma-cell	-256
12613.276315789473	74504.8552631579	plasma-cell	-256
12156.905109489051	74512.53284671533	plasma-cell	-256
12826.090909090908	74515.81818181818	plasma-cell	-256
12596.538461538461	74519.0	plasma-cell	-256
11293.23880597015	74521.71641791044	plasma-cell	-256
12810.666666666666	74528.75675675676	plasma-cell	-256
12112.61855670103	74529.28865979382	plasma-cell	-256
12793.192307692309	74529.44871794872	plasma-cell	-256
12862.787610619469	74532.46902654867	plasma-cell	-256
10663.09375	74531.83333333333	plasma-cell	-256
12281.154639175258	74533.46391752578	plasma-cell	-256
12973.767441860466	74532.41860465116	plasma-cell	-256
11946.554794520547	74538.74657534246	plasma-cell	-256
12571.953488372093	74538.48837209302	plasma-cell	-256
12623.67088607595	74535.49367088608	plasma-cell	-256
12638.24427480916	74537.04580152672	plasma-cell	-256
12596.790476190476	74543.19047619047	plasma-cell	-256
12103.596638655463	74547.5294117647	plasma-cell	-256
11446.213793103449	74553.94482758621	plasma-cell	-256
11582.333333333334	74553.11904761905	plasma-cell	-256
13152.439024390244	74556.0487804878	plasma-cell	-256
12635.471698113208	74562.07547169812	plasma-cell	-256
12864.72131147541	74564.31147540984	plasma-cell	-256
11467.753623188406	74565.65217391304	plasma-cell	-256
12604.483870967742	74567.4758064516	plasma-cell	-256
12826.940677966102	74568.77966101695	plasma-cell	-256
11604.095238095239	74576.11904761905	plasma-cell	-256
12793.55140186916	74575.22429906542	plasma-cell	-256
11567.971698113208	74578.55660377358	plasma-cell	-256
12195.173913043478	74578.32173913044	plasma-cell	-256
12405.43537414966	74581.13605442178	plasma-cell	-256
12970.52688172043	74585.59139784946	plasma-cell	-256
11554.131147540984	74588.83606557376	plasma-cell	-256
11600.482142857143	74586.39285714286	plasma-cell	-256
11456.932432432433	74589.36486486487	plasma-cell	-256
11517.745283018869	74588.02830188679	plasma-cell	-256
11563.349206349207	74591.03174603175	plasma-cell	-256
12759.809523809523	74595.3619047619	plasma-cell	-256
12782.969230769231	74599.9	plasma-cell	-256
11579.057324840764	74602.50955414012	plasma-cell	-256
12345.941747572815	74606.2718446602	plasma-cell	-256
12352.111111111111	74608.38271604938	plasma-cell	-256
12403.271523178808	74612.81456953642	plasma-cell	-256
12622.25	74614.85833333334	plasma-cell	-256
12076.872549019608	74613.91176470589	plasma-cell	-256
12106.861386138615	74616.0	plasma-cell	-256
12093.415094339623	74619.50943396226	plasma-cell	-256
11480.456896551725	74625.20689655172	plasma-cell	-256
12175.76	74624.85	plasma-cell	-256
13766.205555555556	74628.13888888889	plasma-cell	-256
11435.04054054054	74627.05405405405	plasma-cell	-256
12208.89075630252	74631.6218487395	plasma-cell	-256
12835.418803418803	74631.18803418803	plasma-cell	-256
11452.883333333333	74634.11666666667	plasma-cell	-256
11472.183333333334	74633.18333333333	plasma-cell	-256
12680.732142857143	74635.1875	plasma-cell	-256
12939.945454545454	74632.16363636364	plasma-cell	-256
11556.076923076924	74636.24615384615	plasma-cell	-256
11523.755555555555	74639.26666666666	plasma-cell	-256
10802.733333333334	74642.11666666667	plasma-cell	-256
11440.552083333334	74642.58333333333	plasma-cell	-256
11384.433333333334	74643.13333333333	plasma-cell	-256
12980.472868217053	74650.18604651163	plasma-cell	-256
12056.363636363636	74650.80808080808	plasma-cell	-256
12158.056603773584	74652.50943396226	plasma-cell	-256
12286.617647058823	74652.88970588235	plasma-cell	-256
12680.15	74651.86	plasma-cell	-256
11460.256637168142	74655.69026548673	plasma-cell	-256
11378.252525252525	74656.55555555556	plasma-cell	-256
11355.814432989691	74659.02061855671	plasma-cell	-256
11490.04	74660.31333333334	plasma-cell	-256
12351.956204379563	74660.98540145985	plasma-cell	-256
12707.844036697248	74661.66055045872	plasma-cell	-256
12680.43157894737	74661.88421052632	plasma-cell	-256
11847.417391304349	74669.06086956522	plasma-cell	-256
13377.67	74670.725	plasma-cell	-256
11370.619999999999	74669.8	plasma-cell	-256
11473.720930232557	74671.46511627907	plasma-cell	-256
12686.142857142857	74672.81818181818	plasma-cell	-256
12713.247311827956	74677.17204301075	plasma-cell	-256
11486.648936170213	74679.51063829787	plasma-cell	-256
11791.73831775701	74684.6261682243	plasma-cell	-256
11453.952380952382	74682.53333333334	plasma-cell	-256
12593.648648648648	74680.87837837837	plasma-cell	-256
11370.423076923076	74682.34615384616	plasma-cell	-256
11409.4578313253	74684.9156626506	plasma-cell	-256
11440.744186046511	74685.66666666667	plasma-cell	-256
11982.907216494845	74684.86597938144	plasma-cell	-256
11995.815999999999	74686.992	plasma-cell	-256
12473.00847457627	74687.83050847458	plasma-cell	-256
12365.802816901409	74689.07042253521	plasma-cell	-256
12454.798245614034	74691.06140350878	plasma-cell	-256
12726.672268907563	74692.15966386555	plasma-cell	-256
11467.260869565218	74692.55434782608	plasma-cell	-256
13636.44970414201	74702.04142011834	plasma-cell	-256
12874.747967479674	74701.0243902439	plasma-cell	-256
11422.012195121952	74702.39024390244	plasma-cell	-256
11962.525862068966	74702.91379310345	plasma-cell	-256
12440.2	74703.7076923077	plasma-cell	-256
11479.318584070796	74703.25663716815	plasma-cell	-256
12346.658536585366	74705.26829268293	plasma-cell	-256
12475.139705882353	74713.72794117648	plasma-cell	-256
12592.964285714286	74713.20535714286	plasma-cell	-256
12735.824742268042	74711.30927835051	plasma-cell	-256
11848.876623376624	74715.81818181818	plasma-cell	-256
12575.649572649572	74715.55555555556	plasma-cell	-256
12763.475609756097	74714.30487804877	plasma-cell	-256
12914.049504950495	74715.39603960396	plasma-cell	-256
12340.024390243903	74716.0	plasma-cell	-256
11379.136842105263	74718.7052631579	plasma-cell	-256
12548.0	74721.01886792453	plasma-cell	-256
12790.5223880597	74723.62686567164	plasma-cell	-256
13276.189655172413	74724.47413793103	plasma-cell	-256
12793.887096774193	74730.70967741935	plasma-cell	-256
12541.642857142857	74735.07142857143	plasma-cell	-256
12971.706766917294	74733.94736842105	plasma-cell	-256
13272.092307692308	74737.4923076923	plasma-cell	-256
12158.65243902439	74741.20731707317	plasma-cell	-256
11894.902777777777	74744.54166666667	plasma-cell	-256
12233.75	74742.70833333333	plasma-cell	-256
12780.833333333334	74746.8	plasma-cell	-256
12234.228070175439	74749.14912280702	plasma-cell	-256
12027.306666666667	74752.02666666667	plasma-cell	-256
12796.075757575758	74754.31818181818	plasma-cell	-256
13230.045454545454	74758.12878787878	plasma-cell	-256
12197.598039215685	74759.17647058824	plasma-cell	-256
12437.532608695652	74758.83695652174	plasma-cell	-256
12396.813559322034	74759.79661016949	plasma-cell	-256
10730.10752688172	74763.6559139785	plasma-cell	-256
12444.772151898735	74766.05063291139	plasma-cell	-256
12878.75925925926	74765.96296296296	plasma-cell	-256
12245.390476190476	74773.19047619047	plasma-cell	-256
12297.862385321101	74773.0366972477	plasma-cell	-256
12757.95652173913	74771.76086956522	plasma-cell	-256
13105.881355932204	74779.55932203389	plasma-cell	-256
12349.088235294117	74784.08823529411	plasma-cell	-256
11671.551724137931	74790.20689655172	plasma-cell	-256
12381.796116504855	74787.67961165048	plasma-cell	-256
11879.32110091743	74798.24770642201	plasma-cell	-256
11842.121951219513	74799.60975609756	plasma-cell	-256
12364.784615384615	74803.97692307693	plasma-cell	-256
12038.842105263158	74805.57894736843	plasma-cell	-256
12268.597402597403	74807.24675324676	plasma-cell	-256
12775.470588235294	74811.64705882352	plasma-cell	-256
12283.24	74820.016	plasma-cell	-256
12369.813953488372	74827.12790697675	plasma-cell	-256
12313.095588235294	74835.99264705883	plasma-cell	-256
12832.032786885246	74834.70491803279	plasma-cell	-256
11828.849056603773	74844.49056603774	plasma-cell	-256
12247.225806451614	74846.51612903226	plasma-cell	-256
12484.310344827587	74851.73793103448	plasma-cell	-256
12246.390476190476	74854.47619047618	plasma-cell	-256
12507.824324324323	74854.85135135135	plasma-cell	-256
12011.860215053763	74855.72043010753	plasma-cell	-256
12173.863636363636	74858.52727272727	plasma-cell	-256
12681.65625	74858.96875	plasma-cell	-256
12516.495495495496	74864.14414414414	plasma-cell	-256
12569.394736842105	74865.92105263157	plasma-cell	-256
12664.625	74870.325	plasma-cell	-256
13135.282442748092	74873.75572519084	plasma-cell	-256
12832.84	74876.81	plasma-cell	-256
12548.723076923077	74879.16153846154	plasma-cell	-256
12350.486666666668	74883.13333333333	plasma-cell	-256
12642.443708609271	74882.49668874172	plasma-cell	-256
12723.78494623656	74881.15053763441	plasma-cell	-256
11998.317647058824	74884.27058823529	plasma-cell	-256
13097.677083333334	74884.19791666667	plasma-cell	-256
12548.45945945946	74890.02027027027	plasma-cell	-256
12327.024096385543	74892.75903614458	plasma-cell	-256
12987.862068965518	74894.05172413793	plasma-cell	-256
13017.190476190477	74895.51190476191	plasma-cell	-256
12014.48181818182	74904.88181818182	plasma-cell	-256
13117.945945945947	74904.12612612612	plasma-cell	-256
12667.81512605042	74908.82352941176	plasma-cell	-256
12685.254716981131	74908.06603773584	plasma-cell	-256
13053.392857142857	74910.22619047618	plasma-cell	-256
12341.72077922078	74914.13636363637	plasma-cell	-256
12529.017094017094	74921.88888888889	plasma-cell	-256
12980.24409448819	74920.48818897638	plasma-cell	-256
13049.45588235294	74919.86764705883	plasma-cell	-256
13077.801886792453	74922.5	plasma-cell	-256
11084.567901234568	74921.45679012345	plasma-cell	-256
11957.004901960785	74924.7156862745	plasma-cell	-256
12150.41935483871	74927.91129032258	plasma-cell	-256
12653.322222222221	74927.8	plasma-cell	-256
12324.208791208792	74930.65934065935	plasma-cell	-256
13775.21212121212	74930.18181818182	plasma-cell	-256
12038.61946902655	74935.40707964601	plasma-cell	-256
11098.296296296296	74938.45679012345	plasma-cell	-256
12981.989130434782	74944.65217391304	plasma-cell	-256
13015.0125	74944.7125	plasma-cell	-256
12359.252631578947	74949.14736842105	plasma-cell	-256
12885.71568627451	74951.33333333333	plasma-cell	-256
12725.584905660377	74950.77358490566	plasma-cell	-256
12904.976744186046	74953.97674418605	plasma-cell	-256
12008.239130434782	74960.34782608696	plasma-cell	-256
12252.983606557376	74958.63114754099	plasma-cell	-256
12897.060606060606	74957.59090909091	plasma-cell	-256
12520.916666666666	74964.79761904762	plasma-cell	-256
12468.443708609271	74967.5298013245	plasma-cell	-256
11131.978723404256	74968.05319148937	plasma-cell	-256
11504.981651376147	74970.4495412844	plasma-cell	-256
12523.968253968254	74975.09523809524	plasma-cell	-256
13287.772727272728	74979.79090909091	plasma-cell	-256
11097.252873563219	74983.62068965517	plasma-cell	-256
12013.45806451613	74985.89032258064	plasma-cell	-256
12704.5	74983.0	plasma-cell	-256
12931.592920353982	74985.16814159292	plasma-cell	-256
12331.810126582279	74990.40506329114	plasma-cell	-256
12258.45744680851	75001.27659574468	plasma-cell	-256
12169.803278688525	75008.89344262295	plasma-cell	-256
13892.30612244898	75009.79591836735	plasma-cell	-256
12200.27966101695	75015.3813559322	plasma-cell	-256
12163.2109375	75018.65625	plasma-cell	-256
13266.354166666666	75018.0	plasma-cell	-256
12254.862903225807	75019.19354838709	plasma-cell	-256
12456.53164556962	75018.56329113925	plasma-cell	-256
12863.884615384615	75017.92307692308	plasma-cell	-256
12715.20588235294	75020.01960784313	plasma-cell	-256
12294.979591836734	75027.55102040817	plasma-cell	-256
12302.473684210527	75030.4298245614	plasma-cell	-256
11599.068965517241	75029.71551724138	plasma-cell	-256
12773.894117647058	75028.23529411765	plasma-cell	-256
12168.0703125	75034.2578125	plasma-cell	-256
13260.464566929135	75034.92913385827	plasma-cell	-256
12154.698412698413	75039.14285714286	plasma-cell	-256
12746.44927536232	75039.8115942029	plasma-cell	-256
12757.619047619048	75039.42857142857	plasma-cell	-256
13006.06976744186	75042.17441860466	plasma-cell	-256
12659.968085106382	75045.14893617021	plasma-cell	-256
12669.735294117647	75042.64705882352	plasma-cell	-256
13137.333333333334	75045.0380952381	plasma-cell	-256
13247.007575757576	75051.72727272728	plasma-cell	-256
11177.885714285714	75052.41428571429	plasma-cell	-256
12369.129032258064	75060.45161290323	plasma-cell	-256
12228.984375	75065.828125	plasma-cell	-256
12842.47619047619	75073.41666666667	plasma-cell	-256
12497.03007518797	75079.73684210527	plasma-cell	-256
13164.689655172413	75077.95689655172	plasma-cell	-256
12985.73880597015	75081.10447761194	plasma-cell	-256
12793.945054945056	75087.06593406593	plasma-cell	-256
13137.605633802817	75089.88732394367	plasma-cell	-256
12783.641975308641	75093.67901234567	plasma-cell	-256
14083.542857142857	75099.39047619047	plasma-cell	-256
12022.66393442623	75102.5655737705	plasma-cell	-256
12649.920634920634	75102.23809523809	plasma-cell	-256
12271.31746031746	75102.42857142857	plasma-cell	-256
13527.82905982906	75110.8547008547	plasma-cell	-256
12741.748031496063	75112.13385826771	plasma-cell	-256
12091.251798561152	75113.87769784173	plasma-cell	-256
12363.32911392405	75112.21518987342	plasma-cell	-256
12472.514285714286	75112.25	plasma-cell	-256
13086.0	75112.3125	plasma-cell	-256
13490.352459016394	75112.16393442624	plasma-cell	-256
12680.263157894737	75117.02105263158	plasma-cell	-256
12128.655844155845	75119.98051948052	plasma-cell	-256
12692.330578512396	75123.26446280992	plasma-cell	-256
12771.736434108527	75124.62790697675	plasma-cell	-256
12613.74074074074	75123.85185185185	plasma-cell	-256
11449.771929824561	75128.63157894737	plasma-cell	-256
12546.878378378378	75138.77027027027	plasma-cell	-256
13431.425675675677	75139.39864864865	plasma-cell	-256
12393.710691823899	75151.83647798742	plasma-cell	-256
12923.47899159664	75149.53781512605	plasma-cell	-256
12278.05	75153.82142857143	plasma-cell	-256
12702.6	75153.63448275861	plasma-cell	-256
12873.926829268294	75150.53658536586	plasma-cell	-256
12505.581632653062	75155.29591836735	plasma-cell	-256
12076.752688172044	75158.48387096774	plasma-cell	-256
12811.022556390977	75159.08270676692	plasma-cell	-256
11856.388157894737	75165.49342105263	plasma-cell	-256
12487.153153153153	75165.96396396396	plasma-cell	-256
12120.66304347826	75168.22826086957	plasma-cell	-256
11998.203007518798	75171.3007518797	plasma-cell	-256
13073.55652173913	75170.0	plasma-cell	-256
12403.377192982456	75173.05263157895	plasma-cell	-256
12074.205607476635	75176.05607476635	plasma-cell	-256
12159.227642276423	75178.47967479675	plasma-cell	-256
12445.15873015873	75177.95238095238	plasma-cell	-256
12829.111111111111	75176.41111111111	plasma-cell	-256
12744.283582089553	75176.97014925373	plasma-cell	-256
12527.113207547169	75180.41509433962	plasma-cell	-256
12959.21212121212	75181.56060606061	plasma-cell	-256
12586.992366412214	75184.54198473283	plasma-cell	-256
11788.871428571429	75189.53571428571	plasma-cell	-256
12459.945945945947	75189.36486486487	plasma-cell	-256
13152.08620689655	75187.53448275862	plasma-cell	-256
12051.08064516129	75195.28225806452	plasma-cell	-256
12175.655367231639	75196.57627118644	plasma-cell	-256
12984.72602739726	75194.42465753424	plasma-cell	-256
13268.050505050505	75198.9191919192	plasma-cell	-256
12520.631147540984	75201.98360655738	plasma-cell	-256
12589.216	75203.88	plasma-cell	-256
13296.992125984252	75205.53543307087	plasma-cell	-256
12948.51376146789	75211.61467889909	plasma-cell	-256
12712.834862385322	75216.83486238532	plasma-cell	-256
13163.636363636364	75215.45454545454	plasma-cell	-256
13954.506666666668	75215.33333333333	plasma-cell	-256
11715.592105263158	75217.77631578947	plasma-cell	-256
11753.606837606838	75216.79487179487	plasma-cell	-256
13078.25	75218.36206896552	plasma-cell	-256
13968.604166666668	75220.82638888889	plasma-cell	-256
12430.388888888889	75221.62962962964	plasma-cell	-256
13903.08695652174	75221.0	plasma-cell	-256
12950.388349514564	75224.40776699029	plasma-cell	-256
13171.20588235294	75223.08823529411	plasma-cell	-256
11409.867403314916	75229.46408839778	plasma-cell	-256
12394.56	75229.13	plasma-cell	-256
11939.3125	75231.25892857143	plasma-cell	-256
12375.475308641975	75231.78395061729	plasma-cell	-256
12750.71186440678	75229.2372881356	plasma-cell	-256
13092.948453608247	75237.41237113402	plasma-cell	-256
13985.025974025975	75239.96103896105	plasma-cell	-256
11488.43076923077	75240.13846153846	plasma-cell	-256
12615.88695652174	75241.02608695652	plasma-cell	-256
12400.61403508772	75245.59649122808	plasma-cell	-256
12701.010416666666	75245.11458333333	plasma-cell	-256
13090.017543859649	75247.8947368421	plasma-cell	-256
11410.795275590552	75253.51181102362	plasma-cell	-256
13084.549019607843	75255.39215686274	plasma-cell	-256
11276.350877192983	75257.82456140351	plasma-cell	-256
12435.32584269663	75257.12359550562	plasma-cell	-256
11492.309523809523	75263.0	plasma-cell	-256
13934.26923076923	75264.9829059829	plasma-cell	-256
12732.175	75266.2	plasma-cell	-256
12706.175438596492	75270.92105263157	plasma-cell	-256
12098.864583333334	75273.0625	plasma-cell	-256
13053.990654205607	75274.73831775702	plasma-cell	-256
11227.5	75278.84426229508	plasma-cell	-256
11780.966101694916	75282.10169491525	plasma-cell	-256
13977.659722222223	75286.34722222222	plasma-cell	-256
13045.854166666666	75295.01041666667	plasma-cell	-256
12731.927272727273	75299.9909090909	plasma-cell	-256
13414.981981981982	75301.4054054054	plasma-cell	-256
13071.756097560976	75312.39024390244	plasma-cell	-256
13167.10294117647	75316.97794117648	plasma-cell	-256
13248.676923076924	75316.67692307693	plasma-cell	-256
12603.132352941177	75319.48529411765	plasma-cell	-256
12645.62962962963	75319.88888888889	plasma-cell	-256
13002.058823529413	75322.91176470589	plasma-cell	-256
13384.833333333334	75323.81578947368	plasma-cell	-256
12152.71523178808	75329.52317880795	plasma-cell	-256
12018.186440677966	75331.71186440678	plasma-cell	-256
12392.311320754718	75338.66981132075	plasma-cell	-256
13175.85393258427	75339.3595505618	plasma-cell	-256
12577.757142857143	75339.01428571428	plasma-cell	-256
13033.347826086956	75338.46376811594	plasma-cell	-256
12050.706666666667	75339.89333333334	plasma-cell	-256
12164.227586206896	75343.42758620689	plasma-cell	-256
11952.47488584475	75347.17351598173	plasma-cell	-256
13251.09677419355	75345.34677419355	plasma-cell	-256
12727.411764705883	75348.99346405228	plasma-cell	-256
12516.336283185841	75350.76991150442	plasma-cell	-256
12250.033898305084	75363.11016949153	plasma-cell	-256
13412.558823529413	75370.74019607843	plasma-cell	-256
12457.564885496184	75371.93893129771	plasma-cell	-256
12361.682170542636	75373.32558139534	plasma-cell	-256
12508.285714285714	75370.4	plasma-cell	-256
12510.835616438357	75377.91780821918	plasma-cell	-256
12068.804347826088	75383.13043478261	plasma-cell	-256
12729.58208955224	75384.55223880598	plasma-cell	-256
12125.296296296296	75388.23148148149	plasma-cell	-256
12440.194174757282	75387.45631067961	plasma-cell	-256
12504.27868852459	75388.00819672132	plasma-cell	-256
13084.194029850747	75392.0895522388	plasma-cell	-256
13624.413533834586	75393.33082706766	plasma-cell	-256
12685.827586206897	75393.89655172414	plasma-cell	-256
13562.805194805194	75396.58441558441	plasma-cell	-256
12579.521276595744	75398.72340425532	plasma-cell	-256
13085.844660194174	75402.60194174758	plasma-cell	-256
12707.594339622641	75410.14150943396	plasma-cell	-256
13165.162337662337	75415.74025974025	plasma-cell	-256
13544.1875	75417.15625	plasma-cell	-256
13010.00826446281	75425.4132231405	plasma-cell	-256
11751.424528301886	75432.01886792453	plasma-cell	-256
12420.255813953489	75430.16279069768	plasma-cell	-256
12595.840909090908	75431.30303030302	plasma-cell	-256
12805.819819819819	75436.56756756757	plasma-cell	-256
13089.821052631578	75438.93684210526	plasma-cell	-256
13102.978102189782	75441.33576642336	plasma-cell	-256
13420.751773049646	75443.3475177305	plasma-cell	-256
11599.711538461539	75441.03846153847	plasma-cell	-256
13594.834862385322	75444.66972477065	plasma-cell	-256
12568.83950617284	75446.88888888889	plasma-cell	-256
11753.455445544554	75449.54455445544	plasma-cell	-256
12971.164383561643	75448.6301369863	plasma-cell	-256
13573.904255319148	75449.48936170213	plasma-cell	-256
12606.661538461538	75454.15384615384	plasma-cell	-256
12803.333333333334	75453.28571428571	plasma-cell	-256
13052.764705882353	75453.55294117647	plasma-cell	-256
12579.234375	75457.96875	plasma-cell	-256
12939.644736842105	75459.30263157895	plasma-cell	-256
13010.333333333334	75460.4375	plasma-cell	-256
12624.679611650485	75462.15533980583	plasma-cell	-256
12225.471264367816	75466.75862068965	plasma-cell	-256
12597.850746268658	75467.37313432836	plasma-cell	-256
13688.52564102564	75480.19871794872	plasma-cell	-256
11964.063492063491	75482.76190476191	plasma-cell	-256
12176.198113207547	75485.8396226415	plasma-cell	-256
12994.616279069767	75483.7558139535	plasma-cell	-256
13155.951612903225	75485.29032258065	plasma-cell	-256
13636.176870748299	75485.44217687075	plasma-cell	-256
14132.784883720931	75488.20930232559	plasma-cell	-256
13659.148148148148	75487.48148148149	plasma-cell	-256
12021.592592592593	75491.74074074074	plasma-cell	-256
12589.722222222223	75493.77777777778	plasma-cell	-256
12605.081632653062	75493.86734693877	plasma-cell	-256
12731.447916666666	75499.73958333333	plasma-cell	-256
12025.5	75503.8	plasma-cell	-256
12301.520547945205	75511.31506849315	plasma-cell	-256
14305.31868131868	75510.87912087912	plasma-cell	-256
12056.494736842105	75512.27368421052	plasma-cell	-256
13158.68456375839	75518.4832214765	plasma-cell	-256
12068.180327868853	75522.0737704918	plasma-cell	-256
12941.481481481482	75519.96296296296	plasma-cell	-256
13352.5	75520.5	plasma-cell	-256
12743.084905660377	75526.95283018867	plasma-cell	-256
12028.3	75532.0875	plasma-cell	-256
12442.09756097561	75535.18292682926	plasma-cell	-256
14210.458646616542	75536.08270676692	plasma-cell	-256
13346.473684210527	75539.18421052632	plasma-cell	-256
14142.163120567377	75543.39716312056	plasma-cell	-256
12988.401869158879	75546.8691588785	plasma-cell	-256
12066.845454545455	75546.59090909091	plasma-cell	-256
13178.385620915033	75556.49673202615	plasma-cell	-256
12076.173913043478	75557.46739130435	plasma-cell	-256
13549.090909090908	75559.04545454546	plasma-cell	-256
12056.884615384615	75563.17948717948	plasma-cell	-256
12046.125	75564.25	plasma-cell	-256
13101.613207547169	75566.45283018867	plasma-cell	-256
13828.801587301587	75566.89682539682	plasma-cell	-256
12118.488372093023	75574.11627906977	plasma-cell	-256
12886.45871559633	75579.35779816513	plasma-cell	-256
14056.542372881355	75581.7627118644	plasma-cell	-256
13130.476510067114	75585.56375838927	plasma-cell	-256
13353.254777070064	75587.3821656051	plasma-cell	-256
12880.068965517241	75591.1724137931	plasma-cell	-256
12813.65	75595.2	plasma-cell	-256
13342.854838709678	75601.33870967742	plasma-cell	-256
13460.87619047619	75608.04761904762	plasma-cell	-256
13962.034188034188	75609.97435897436	plasma-cell	-256
13507.853448275862	75612.93103448275	plasma-cell	-256
14271.351063829788	75613.60638297873	plasma-cell	-256
12839.525423728814	75627.25423728813	plasma-cell	-256
12949.054945054944	75631.28571428571	plasma-cell	-256
13499.663636363635	75633.55454545455	plasma-cell	-256
12883.05	75635.425	plasma-cell	-256
12256.292307692307	75639.83846153846	plasma-cell	-256
12920.661016949152	75640.16949152542	plasma-cell	-256
13145.173913043478	75642.88695652175	plasma-cell	-256
12950.209090909091	75643.13636363637	plasma-cell	-256
12373.157407407407	75643.29629629629	plasma-cell	-256
13349.88947368421	75650.92105263157	plasma-cell	-256
13525.728	75647.624	plasma-cell	-256
12751.553191489362	75645.68085106384	plasma-cell	-256
13471.585185185186	75653.45185185185	plasma-cell	-256
13160.72972972973	75659.15315315315	plasma-cell	-256
12098.3	75655.875	plasma-cell	-256
14180.011235955055	75667.52808988764	plasma-cell	-256
12544.338028169015	75667.12676056338	plasma-cell	-256
13984.619565217392	75669.40217391304	plasma-cell	-256
14538.097744360903	75667.9022556391	plasma-cell	-256
12909.448	75676.136	plasma-cell	-256
14089.127450980392	75675.84313725491	plasma-cell	-256
12958.034782608696	75677.78260869565	plasma-cell	-256
13527.585365853658	75679.73170731707	plasma-cell	-256
12533.521739130436	75678.13043478261	plasma-cell	-256
13547.415384615384	75680.12307692308	plasma-cell	-256
13272.45081967213	75684.09016393442	plasma-cell	-256
13550.349056603773	75695.54716981133	plasma-cell	-256
14527.615384615385	75693.2967032967	plasma-cell	-256
13308.274809160306	75699.04580152672	plasma-cell	-256
14475.952380952382	75700.66666666667	plasma-cell	-256
14650.77049180328	75708.47540983607	plasma-cell	-256
13559.794520547945	75710.43835616438	plasma-cell	-256
14523.529801324505	75714.0	plasma-cell	-256
13325.692307692309	75724.61538461539	plasma-cell	-256
13766.453846153847	75729.47692307693	plasma-cell	-256
13731.812121212122	75740.42424242424	plasma-cell	-256
13480.64705882353	75749.21323529411	plasma-cell	-256
13183.081081081082	75747.91891891892	plasma-cell	-256
13491.021126760563	75761.07746478873	plasma-cell	-256
14237.473214285714	75765.25892857143	plasma-cell	-256
13731.401574803149	75769.6062992126	plasma-cell	-256
12675.365853658537	75773.0243902439	plasma-cell	-256
13121.1625	75778.1875	plasma-cell	-256
14265.428571428572	75786.54135338347	plasma-cell	-256
13572.81679389313	75805.83969465649	plasma-cell	-256
14224.121212121212	75808.97835497836	plasma-cell	-256
13898.268518518518	75809.21296296296	plasma-cell	-256
13738.914691943128	75817.98578199052	plasma-cell	-256
14423.6875	75813.078125	plasma-cell	-256
13810.653846153846	75815.93589743589	plasma-cell	-256
14208.553846153845	75815.93076923076	plasma-cell	-256
12896.025210084033	75823.65966386555	plasma-cell	-256
14240.565573770491	75818.09836065574	plasma-cell	-256
13563.558659217877	75828.74860335195	plasma-cell	-256
13777.15503875969	75829.86821705426	plasma-cell	-256
14005.307692307691	75837.08974358975	plasma-cell	-256
13903.212903225805	75867.23870967742	plasma-cell	-256
13085.681818181818	75876.51515151515	plasma-cell	-256
14012.093333333334	75878.66666666667	plasma-cell	-256
13748.454545454544	75882.47272727273	plasma-cell	-256
12436.833333333334	75888.16666666667	plasma-cell	-256
13888.8	75913.768	plasma-cell	-256
14047.992957746479	75915.94366197183	plasma-cell	-256
14027.586466165412	75930.2030075188	plasma-cell	-256
13653.553333333333	75945.21333333333	plasma-cell	-256
13318.864661654135	75946.36842105263	plasma-cell	-256
13902.356589147286	75953.28682170542	plasma-cell	-256
12992.01724137931	75951.7327586207	plasma-cell	-256
13912.152671755724	75953.51145038167	plasma-cell	-256
13975.231884057972	75976.28985507246	plasma-cell	-256
13831.13076923077	75977.21538461538	plasma-cell	-256
13805.530769230769	75983.0	plasma-cell	-256
13771.25625	76009.06875	plasma-cell	-256
14368.0	76007.0	plasma-cell	-256
13852.888888888889	76016.92592592593	plasma-cell	-256
14373.281690140844	76034.69014084506	plasma-cell	-256
13416.08208955224	76053.70149253731	plasma-cell	-256
13618.256756756757	76061.78378378379	plasma-cell	-256
13872.609929078015	76073.32624113475	plasma-cell	-256
13593.404761904761	76079.34126984127	plasma-cell	-256
14288.57055214724	76079.39877300613	plasma-cell	-256
14306.888888888889	76076.61805555556	plasma-cell	-256
13467.366906474821	76093.71942446043	plasma-cell	-256
14319.386138613861	76100.97029702971	plasma-cell	-256
13860.655737704918	76101.98360655738	plasma-cell	-256
12974.780487804877	76101.82926829268	plasma-cell	-256
13469.956043956045	76104.97802197802	plasma-cell	-256
14367.165562913908	76107.39735099337	plasma-cell	-256
14274.871287128713	76121.45544554456	plasma-cell	-256
13745.70634920635	76137.57936507936	plasma-cell	-256
13544.337209302324	76139.8488372093	plasma-cell	-256
13283.719298245614	76144.29824561403	plasma-cell	-256
13571.873949579833	76147.48739495798	plasma-cell	-256
13272.306451612903	76161.93548387097	plasma-cell	-256
13633.33064516129	76186.7258064516	plasma-cell	-256
13930.474452554745	76192.15328467153	plasma-cell	-256
13233.831775700935	76193.66355140187	plasma-cell	-256
13272.617647058823	76195.95588235294	plasma-cell	-256
13986.858407079646	76204.38938053098	plasma-cell	-256
13230.336842105264	76219.45263157894	plasma-cell	-256
13301.282352941176	76227.61176470589	plasma-cell	-256
13589.03355704698	76233.23489932886	plasma-cell	-256
13214.25	76237.4827586207	plasma-cell	-256
13292.835443037975	76235.94936708861	plasma-cell	-256
13617.931506849316	76241.5205479452	plasma-cell	-256
13789.58865248227	76239.8439716312	plasma-cell	-256
13259.694915254237	76245.03389830509	plasma-cell	-256
13356.490797546012	76256.52147239263	plasma-cell	-256
13863.888888888889	76255.16666666667	plasma-cell	-256
13146.739726027397	76278.41780821918	plasma-cell	-256
13439.858267716536	76278.66929133858	plasma-cell	-256
13170.040983606557	76292.18852459016	plasma-cell	-256
13864.6	76290.64705882352	plasma-cell	-256
13466.565891472868	76299.16279069768	plasma-cell	-256
13177.591549295776	76306.61971830986	plasma-cell	-256
13862.47619047619	76330.21428571429	plasma-cell	-256
13467.505952380952	76354.73214285714	plasma-cell	-256
13499.585858585859	76356.83838383839	plasma-cell	-256
13504.268907563026	76374.21848739496	plasma-cell	-256
13447.835820895521	76373.32835820895	plasma-cell	-256
13424.696428571428	76407.99107142857	plasma-cell	-256
13472.622222222222	76409.33333333333	plasma-cell	-256
13460.626984126984	76411.69841269842	plasma-cell	-256
13537.07619047619	76422.37142857142	plasma-cell	-256
13387.677777777779	76422.73333333334	plasma-cell	-256
13632.898734177215	76424.29113924051	plasma-cell	-256
13493.52100840336	76439.21848739496	plasma-cell	-256
13640.02564102564	76437.0	plasma-cell	-256
13011.319672131147	76441.55737704918	plasma-cell	-256
13270.415094339623	76446.30188679245	plasma-cell	-256
13319.061538461538	76447.27692307692	plasma-cell	-256
13503.808823529413	76445.57352941176	plasma-cell	-256
13962.128571428571	76446.5	plasma-cell	-256
13650.551724137931	76457.16379310345	plasma-cell	-256
13508.456140350878	76460.0	plasma-cell	-256
13692.992248062015	76459.03875968992	plasma-cell	-256
13552.20588235294	76460.10784313726	plasma-cell	-256
13492.934131736527	76463.19161676646	plasma-cell	-256
13667.761061946903	76464.06194690266	plasma-cell	-256
13703.076923076922	76474.12087912088	plasma-cell	-256
13647.60465116279	76473.81395348837	plasma-cell	-256
13029.09375	76479.64375	plasma-cell	-256
13491.564705882352	76480.3294117647	plasma-cell	-256
13975.372093023256	76496.70930232559	plasma-cell	-256
13067.326086956522	76497.21739130435	plasma-cell	-256
13276.317647058824	76508.92941176471	plasma-cell	-256
13689.096385542169	76518.19277108434	plasma-cell	-256
13674.526315789473	76523.33834586466	plasma-cell	-256
13700.319672131147	76528.1393442623	plasma-cell	-256
14017.736263736264	76532.04395604396	plasma-cell	-256
13671.315315315314	76535.4054054054	plasma-cell	-256
13706.386138613861	76540.28712871287	plasma-cell	-256
13727.03305785124	76564.38016528926	plasma-cell	-256
13202.242105263158	76565.71578947369	plasma-cell	-256
13836.298387096775	76605.43548387097	plasma-cell	-256
13674.659420289856	76619.30434782608	plasma-cell	-256
14379.464566929135	76630.5905511811	plasma-cell	-256
13780.546875	76638.84375	plasma-cell	-256
13865.9375	76646.275	plasma-cell	-256
13547.06993006993	76648.21678321678	plasma-cell	-256
13825.169230769232	76651.10769230769	plasma-cell	-256
14149.705035971223	76655.97122302158	plasma-cell	-256
13586.021739130436	76660.29347826086	plasma-cell	-256
13762.740384615385	76680.18269230769	plasma-cell	-256
13601.228571428572	76688.0	plasma-cell	-256
13684.56626506024	76692.07228915663	plasma-cell	-256
13848.864406779661	76692.12711864407	plasma-cell	-256
13869.39705882353	76696.36764705883	plasma-cell	-256
13705.45	76715.9	plasma-cell	-256
13765.396825396825	76713.52380952382	plasma-cell	-256
13899.211678832116	76721.74452554744	plasma-cell	-256
14392.36	76719.21	plasma-cell	-256
13670.75	76722.67708333333	plasma-cell	-256
14146.108527131782	76724.41085271318	plasma-cell	-256
13675.504672897196	76732.30841121495	plasma-cell	-256
14301.260115606936	76733.60115606936	plasma-cell	-256
14533.624203821655	76734.50318471338	plasma-cell	-256
13717.929292929293	76735.61616161616	plasma-cell	-256
14483.552845528455	76741.66666666667	plasma-cell	-256
14497.247422680412	76754.1237113402	plasma-cell	-256
13741.925925925927	76758.1975308642	plasma-cell	-256
14556.329545454544	76764.63636363637	plasma-cell	-256
14423.370078740158	76769.72440944881	plasma-cell	-256
13344.307692307691	76777.67307692308	plasma-cell	-256
13702.435897435898	76777.88461538461	plasma-cell	-256
14435.09243697479	76778.94117647059	plasma-cell	-256
13787.030769230769	76781.5076923077	plasma-cell	-256
14018.11475409836	76782.3606557377	plasma-cell	-256
14263.836477987421	76790.92452830188	plasma-cell	-256
13614.357894736842	76791.45263157894	plasma-cell	-256
14320.315789473683	76796.71578947369	plasma-cell	-256
14264.113207547169	76814.71698113208	plasma-cell	-256
14351.619047619048	76829.26190476191	plasma-cell	-256
14427.923076923078	76828.88461538461	plasma-cell	-256
14607.53781512605	76828.34453781512	plasma-cell	-256
13888.46551724138	76846.12068965517	plasma-cell	-256
13920.0	76857.0	plasma-cell	-256
13708.232558139534	76871.7558139535	plasma-cell	-256
13892.379562043796	76872.05109489051	plasma-cell	-256
14558.835051546392	76873.74226804124	plasma-cell	-256
13872.157024793389	76875.72727272728	plasma-cell	-256
13935.065217391304	76902.32608695653	plasma-cell	-256
13734.949152542373	76905.72881355933	plasma-cell	-256
13938.133333333333	76934.98666666666	plasma-cell	-256
14499.645161290322	76982.35483870968	plasma-cell	-256
14552.094736842106	76986.51578947369	plasma-cell	-256
14527.487804878048	76989.9512195122	plasma-cell	-256
14543.527272727273	77013.4909090909	plasma-cell	-256
14537.436170212766	77021.44680851063	plasma-cell	-256
14307.991596638654	77032.86554621848	plasma-cell	-256
14434.309734513274	77067.05309734514	plasma-cell	-256
14597.339130434782	77068.79130434783	plasma-cell	-256
14245.64705882353	77079.10294117648	plasma-cell	-256
14422.436507936509	77084.40476190476	plasma-cell	-256
14328.153153153153	77088.87387387388	plasma-cell	-256
14514.060975609756	77105.53658536586	plasma-cell	-256
14001.977011494253	77110.6091954023	plasma-cell	-256
14189.776315789473	77156.3552631579	plasma-cell	-256
14258.96261682243	77162.71028037384	plasma-cell	-256
14418.55421686747	77162.0361445783	plasma-cell	-256
14277.4	77164.98	plasma-cell	-256
14188.252336448597	77182.41121495327	plasma-cell	-256
14487.101449275362	77185.21739130435	plasma-cell	-256
14649.76	77192.85	plasma-cell	-256
14390.864864864865	77196.75675675676	plasma-cell	-256
14493.546875	77208.8125	plasma-cell	-256
14508.4406779661	77209.52542372882	plasma-cell	-256
14282.758620689656	77212.49425287356	plasma-cell	-256
14531.081967213115	77220.7868852459	plasma-cell	-256
14653.01818181818	77223.2	plasma-cell	-256
14397.109375	77224.046875	plasma-cell	-256
14407.241758241758	77231.54945054946	plasma-cell	-256
14506.580246913582	77230.83950617284	plasma-cell	-256
14630.521276595744	77231.56382978724	plasma-cell	-256
14661.591549295776	77241.67605633802	plasma-cell	-256
14082.691176470587	77252.51470588235	plasma-cell	-256
14508.849315068494	77261.01369863014	plasma-cell	-256
14144.6875	77286.390625	plasma-cell	-256
14392.283018867925	77291.11320754717	plasma-cell	-256
14204.824742268042	77309.74226804124	plasma-cell	-256
14215.010416666668	77324.875	plasma-cell	-256
14270.635135135135	77349.63513513513	plasma-cell	-256
14468.54347826087	77357.54347826086	plasma-cell	-256
14418.46835443038	77359.13924050632	plasma-cell	-256
14039.304964539007	77376.48936170213	plasma-cell	-256
14364.119999999999	77375.08	plasma-cell	-256
14561.898734177215	77381.50632911392	plasma-cell	-256
14280.964601769912	77385.88495575222	plasma-cell	-256
14033.330097087379	77392.85436893204	plasma-cell	-256
14588.589285714286	77538.28571428571	plasma-cell	-256
14244.785714285714	77589.25714285714	plasma-cell	-256
14254.652173913044	77597.9347826087	plasma-cell	-256
14197.51282051282	77613.92307692308	plasma-cell	-256
14304.5125	77636.2	plasma-cell	-256
14281.779411764706	77671.26470588235	plasma-cell	-256
14542.757575757576	77678.18181818182	plasma-cell	-256
14471.910256410258	77796.35897435897	plasma-cell	-256
14581.530612244898	77839.42857142857	plasma-cell	-256
15269.895238095238	60504.13333333333	plasma-cell	-256
15335.342857142858	60514.80952380953	plasma-cell	-256
15123.459016393443	60521.2131147541	plasma-cell	-256
15314.258278145695	60523.013245033115	plasma-cell	-256
15041.076086956522	60566.989130434784	plasma-cell	-256
14929.224489795919	60565.97959183674	plasma-cell	-256
15019.03738317757	60583.7476635514	plasma-cell	-256
14823.35593220339	60611.5593220339	plasma-cell	-256
15169.82456140351	60629.68421052631	plasma-cell	-256
15197.130434782608	60638.42391304348	plasma-cell	-256
14945.43661971831	60657.704225352114	plasma-cell	-256
14956.05633802817	60718.67605633803	plasma-cell	-256
14912.214285714286	60722.40476190476	plasma-cell	-256
14935.666666666666	60759.76190476191	plasma-cell	-256
14782.568181818182	60816.818181818184	plasma-cell	-256
14796.258992805755	60836.446043165466	plasma-cell	-256
14895.0	60869.5	plasma-cell	-256
14739.01226993865	60913.36809815951	plasma-cell	-256
14676.074626865671	60915.58208955224	plasma-cell	-256
14746.42857142857	60937.551020408166	plasma-cell	-256
14698.629032258064	60960.04838709677	plasma-cell	-256
14842.971428571429	60968.12380952381	plasma-cell	-256
14833.123711340206	60990.55670103093	plasma-cell	-256
14782.844827586207	60991.775862068964	plasma-cell	-256
14881.536082474227	61008.57731958763	plasma-cell	-256
14685.511627906977	61011.0	plasma-cell	-256
14809.95652173913	61012.34782608696	plasma-cell	-256
14826.263157894737	61038.494736842105	plasma-cell	-256
14868.692307692309	61056.333333333336	plasma-cell	-256
14907.95	61058.925	plasma-cell	-256
14732.643678160919	61073.14942528735	plasma-cell	-256
14856.927536231884	61090.0	plasma-cell	-256
14758.536585365853	61135.18292682927	plasma-cell	-256
14696.953488372093	61169.3023255814	plasma-cell	-256
15691.833333333334	61210.857142857145	plasma-cell	-256
15024.677419354839	61285.18279569892	plasma-cell	-256
15010.376811594202	61287.333333333336	plasma-cell	-256
14987.04347826087	61309.815217391304	plasma-cell	-256
14830.5	61341.35555555556	plasma-cell	-256
14857.463414634147	61342.04878048781	plasma-cell	-256
14702.986111111111	61403.48611111111	plasma-cell	-256
15012.641509433963	61417.24528301887	plasma-cell	-256
14930.222972972973	61600.89189189189	plasma-cell	-256
14848.67088607595	61716.16455696202	plasma-cell	-256
14786.123456790123	61720.27160493827	plasma-cell	-256
14851.694915254237	61733.15254237288	plasma-cell	-256
14864.186046511628	61752.66279069767	plasma-cell	-256
14859.9	61773.12857142857	plasma-cell	-256
14724.928057553956	61975.0071942446	plasma-cell	-256
14710.298245614034	62099.57894736842	plasma-cell	-256
14705.854166666666	62106.96875	plasma-cell	-256
17075.610169491527	62274.457627118645	plasma-cell	-256
16827.73076923077	62309.692307692305	plasma-cell	-256
17159.243697478993	62319.13445378151	plasma-cell	-256
17098.101694915254	62328.661016949154	plasma-cell	-256
15289.542372881357	62406.79661016949	plasma-cell	-256
16291.086538461539	62520.63461538462	plasma-cell	-256
15264.848484848484	62586.06060606061	plasma-cell	-256
15509.34328358209	62593.05970149254	plasma-cell	-256
14763.460674157302	62602.51685393258	plasma-cell	-256
14717.21505376344	62617.41935483871	plasma-cell	-256
17705.460317460318	62624.90476190476	plasma-cell	-256
14855.086206896553	62637.73275862069	plasma-cell	-256
14954.93670886076	62743.70886075949	plasma-cell	-256
16260.828947368422	62849.25	plasma-cell	-256
15025.765217391305	62950.6	plasma-cell	-256
16177.375	62970.7875	plasma-cell	-256
15030.447368421053	62978.86842105263	plasma-cell	-256
15756.098901098901	63113.71428571428	plasma-cell	-256
18665.41176470588	63114.64705882353	plasma-cell	-256
16487.40170940171	63134.27350427351	plasma-cell	-256
15116.764227642276	63195.89430894309	plasma-cell	-256
16528.81443298969	63362.010309278354	plasma-cell	-256
15030.970588235294	63677.94117647059	plasma-cell	-256
19375.693181818184	68980.92045454546	plasma-cell	-256
18744.977777777778	69323.33333333333	plasma-cell	-256
18690.358208955222	69493.9104477612	plasma-cell	-256
18634.166666666668	69619.8125	plasma-cell	-256
18493.478260869564	69761.82608695653	plasma-cell	-256
19210.548387096773	51671.1129032258	plasma-cell	-256
18742.773333333334	51859.36	plasma-cell	-256
19511.093264248706	52017.0	plasma-cell	-256
19508.756578947367	52169.33552631579	plasma-cell	-256
19541.627358490565	52220.29716981132	plasma-cell	-256
18372.62857142857	52319.57142857143	plasma-cell	-256
18484.24844720497	52512.21118012422	plasma-cell	-256
18442.026315789473	52558.47368421053	plasma-cell	-256
18634.337837837837	52568.01351351351	plasma-cell	-256
18799.625	52660.97727272727	plasma-cell	-256
18846.981981981982	52666.423423423425	plasma-cell	-256
18374.80198019802	52888.88118811881	plasma-cell	-256
18828.03804347826	52910.391304347824	plasma-cell	-256
19256.225806451614	52909.43548387097	plasma-cell	-256
18404.083333333332	52940.72222222222	plasma-cell	-256
19252.227272727272	52956.454545454544	plasma-cell	-256
19502.041666666668	52965.625	plasma-cell	-256
18369.44	52965.64	plasma-cell	-256
18913.717557251908	52971.725190839694	plasma-cell	-256
19018.24074074074	52997.2962962963	plasma-cell	-256
18781.34	53021.66	plasma-cell	-256
18764.727272727272	53024.96363636364	plasma-cell	-256
18846.344827586207	53047.93103448276	plasma-cell	-256
19013.23728813559	53049.64406779661	plasma-cell	-256
18940.514285714286	53066.28571428572	plasma-cell	-256
19400.54054054054	53079.2027027027	plasma-cell	-256
18632.5	53127.25	plasma-cell	-256
19328.88172043011	53357.4623655914	plasma-cell	-256
19366.70731707317	53630.14634146341	plasma-cell	-256
18749.569767441862	53863.03488372093	plasma-cell	-256
18553.26818181818	54183.777272727275	plasma-cell	-256
18512.545454545456	54191.836363636365	plasma-cell	-256
19445.186813186814	54387.43956043956	plasma-cell	-256
19035.581196581195	54502.77777777778	plasma-cell	-256
19029.378260869566	54533.55217391304	plasma-cell	-256
19495.938053097343	55803.18584070796	plasma-cell	-256
19552.243902439026	55806.07317073171	plasma-cell	-256
19512.842105263157	55827.96052631579	plasma-cell	-256
19266.9837398374	55846.78861788618	plasma-cell	-256
19276.774647887323	55871.788732394365	plasma-cell	-256
19221.469387755104	55953.163265306124	plasma-cell	-256
18906.122137404578	56042.763358778626	plasma-cell	-256
19138.193717277485	56109.20942408377	plasma-cell	-256
18952.746376811592	56114.10144927536	plasma-cell	-256
18919.329073482426	56163.71565495207	plasma-cell	-256
19141.535714285714	56257.17857142857	plasma-cell	-256
19139.549019607843	56294.64705882353	plasma-cell	-256
19288.457142857143	56368.42857142857	plasma-cell	-256
19265.25	56418.765625	plasma-cell	-256
14707.870967741936	57281.55913978495	plasma-cell	-256
14701.142857142857	57306.19047619047	plasma-cell	-256
14705.213740458015	57320.557251908394	plasma-cell	-256
14731.492753623188	57342.289855072464	plasma-cell	-256
14736.176470588236	57354.39215686274	plasma-cell	-256
14706.971428571429	57619.171428571426	plasma-cell	-256
14779.393258426966	57667.93258426966	plasma-cell	-256
14822.172839506173	58130.12345679013	plasma-cell	-256
14882.830188679245	58130.90566037736	plasma-cell	-256
14886.72380952381	58161.55238095238	plasma-cell	-256
14871.988095238095	58186.76190476191	plasma-cell	-256
14784.719298245614	58204.570175438595	plasma-cell	-256
14821.693693693695	58208.3963963964	plasma-cell	-256
14804.89552238806	58210.94029850746	plasma-cell	-256
14813.566666666668	58216.188888888886	plasma-cell	-256
14720.947916666666	58361.208333333336	plasma-cell	-256
14867.926829268292	58562.85365853659	plasma-cell	-256
14690.637426900585	58690.59649122807	plasma-cell	-256
14708.384615384615	58730.721153846156	plasma-cell	-256
14755.04347826087	58767.29710144928	plasma-cell	-256
15059.313432835821	58773.90298507463	plasma-cell	-256
15025.209302325582	58777.22480620155	plasma-cell	-256
14745.530973451327	58776.761061946905	plasma-cell	-256
14766.602150537634	58779.76344086022	plasma-cell	-256
14782.469387755102	58793.9693877551	plasma-cell	-256
15202.916666666666	59124.22619047619	plasma-cell	-256
14950.672413793103	59172.63793103448	plasma-cell	-256
15012.747474747475	59300.31313131313	plasma-cell	-256
15102.216216216217	59334.64864864865	plasma-cell	-256
14927.386206896552	59341.06206896552	plasma-cell	-256
14849.85	59345.708333333336	plasma-cell	-256
14675.954022988506	59370.25862068965	plasma-cell	-256
15260.575342465754	59443.42465753425	plasma-cell	-256
14698.683673469388	59492.183673469386	plasma-cell	-256
15242.888888888889	59496.46666666667	plasma-cell	-256
15222.905660377359	59497.83018867925	plasma-cell	-256
15114.88785046729	59535.91588785047	plasma-cell	-256
14912.894736842105	59542.44210526316	plasma-cell	-256
15171.966292134832	59541.76404494382	plasma-cell	-256
14794.46956521739	59568.82608695652	plasma-cell	-256
15012.038834951456	59584.16504854369	plasma-cell	-256
14843.191011235955	59595.269662921346	plasma-cell	-256
15035.822580645161	59603.85483870968	plasma-cell	-256
14740.72435897436	59614.9358974359	plasma-cell	-256
15139.330985915492	59614.90845070423	plasma-cell	-256
15107.455284552845	59616.58536585366	plasma-cell	-256
15175.706896551725	59632.775862068964	plasma-cell	-256
14758.689393939394	59640.318181818184	plasma-cell	-256
15275.263736263736	59639.32967032967	plasma-cell	-256
14990.590361445784	59638.87951807229	plasma-cell	-256
14888.38947368421	59663.12631578947	plasma-cell	-256
15225.885714285714	59706.8	plasma-cell	-256
15104.301587301587	59714.1746031746	plasma-cell	-256
14895.971014492754	59729.47101449275	plasma-cell	-256
15113.432432432432	59728.51351351351	plasma-cell	-256
15275.81081081081	59730.6936936937	plasma-cell	-256
15062.07142857143	59752.485714285714	plasma-cell	-256
15193.083333333334	59791.083333333336	plasma-cell	-256
15058.052631578947	59816.88421052632	plasma-cell	-256
15197.607476635514	59817.14018691589	plasma-cell	-256
15011.41111111111	59828.96666666667	plasma-cell	-256
15191.079545454546	59878.72727272727	plasma-cell	-256
15056.1	59897.3	plasma-cell	-256
14948.16	59893.44	plasma-cell	-256
15077.828571428572	59903.8	plasma-cell	-256
15198.69411764706	59922.44705882353	plasma-cell	-256
14979.25641025641	59938.794871794875	plasma-cell	-256
15019.375	59944.78846153846	plasma-cell	-256
15399.525252525253	59945.808080808085	plasma-cell	-256
14985.04705882353	59948.25882352941	plasma-cell	-256
15465.05	59947.45	plasma-cell	-256
14910.342342342343	59963.711711711716	plasma-cell	-256
15044.225352112677	59985.112676056335	plasma-cell	-256
15197.328125	60001.734375	plasma-cell	-256
15026.238095238095	60009.44047619047	plasma-cell	-256
15180.704918032787	60023.91803278688	plasma-cell	-256
15286.621621621622	60036.32432432433	plasma-cell	-256
15050.654761904761	60053.5	plasma-cell	-256
15136.10843373494	60057.65060240964	plasma-cell	-256
15040.805084745763	60073.73728813559	plasma-cell	-256
15305.78947368421	60083.52631578947	plasma-cell	-256
15435.721153846154	60090.91346153846	plasma-cell	-256
15613.931034482759	60102.75862068965	plasma-cell	-256
15020.478723404256	60117.35106382979	plasma-cell	-256
15278.473684210527	60122.15789473684	plasma-cell	-256
15144.401960784313	60134.382352941175	plasma-cell	-256
14845.623529411765	60149.41176470588	plasma-cell	-256
15479.306451612903	60178.66129032258	plasma-cell	-256
15292.931506849314	60191.12328767123	plasma-cell	-256
15239.857142857143	60243.357142857145	plasma-cell	-256
15254.366666666667	60246.68888888889	plasma-cell	-256
15068.036697247706	60272.54128440367	plasma-cell	-256
14969.548387096775	60275.01612903226	plasma-cell	-256
14818.288	60283.296	plasma-cell	-256
14927.582417582418	60302.043956043955	plasma-cell	-256
15227.589041095891	60306.42465753425	plasma-cell	-256
15500.326530612245	60312.510204081635	plasma-cell	-256
14946.122448979591	60318.87755102041	plasma-cell	-256
14929.918181818182	60332.972727272725	plasma-cell	-256
15440.444444444445	60337.53086419753	plasma-cell	-256
15486.530973451327	60340.62831858407	plasma-cell	-256
14991.017543859649	60345.57894736842	plasma-cell	-256
15473.837837837838	60344.770270270266	plasma-cell	-256
15424.263888888889	60347.40277777778	plasma-cell	-256
15075.16304347826	60353.510869565216	plasma-cell	-256
15086.670454545454	60351.78409090909	plasma-cell	-256
14927.712962962964	60353.083333333336	plasma-cell	-256
15044.444444444445	60357.34444444445	plasma-cell	-256
15045.384615384615	60384.28846153846	plasma-cell	-256
15026.823529411764	60397.75490196078	plasma-cell	-256
15349.29702970297	60416.30693069307	plasma-cell	-256
15018.089552238805	60419.664179104475	plasma-cell	-256
14766.507537688442	60425.417085427136	plasma-cell	-256
14901.5	60444.833333333336	plasma-cell	-256
14695.788321167884	60450.90510948905	plasma-cell	-256
14743.801886792453	60461.77358490566	plasma-cell	-256
14773.15625	60468.125	plasma-cell	-256
15000.753846153846	60467.13846153846	plasma-cell	-256
15317.282608695652	60479.47826086957	plasma-cell	-256
15302.683544303798	60485.26582278481	plasma-cell	-256
18774.524861878454	70634.8453038674	plasma-cell	-256
18777.12328767123	70657.83561643836	plasma-cell	-256
18643.88888888889	70769.69841269842	plasma-cell	-256
19138.283333333333	71080.88333333333	plasma-cell	-256
18743.45588235294	71208.10294117648	plasma-cell	-256
19245.029702970296	71641.31683168317	plasma-cell	-256
18872.96629213483	71710.26966292135	plasma-cell	-256
18876.128205128203	71757.06410256411	plasma-cell	-256
18992.648148148146	71906.62962962964	plasma-cell	-256
19002.719178082192	71922.24657534246	plasma-cell	-256
19045.065868263475	72015.94011976047	plasma-cell	-256
19114.449101796406	72017.22155688623	plasma-cell	-256
19039.78947368421	72045.05263157895	plasma-cell	-256
19119.369565217392	72062.39855072464	plasma-cell	-256
18984.738095238095	72094.85119047618	plasma-cell	-256
19435.683544303796	72321.30379746835	plasma-cell	-256
19579.346153846156	72495.80769230769	plasma-cell	-256
19589.618320610687	72508.9465648855	plasma-cell	-256
14733.198529411764	74134.79411764706	plasma-cell	-256
14919.923076923076	74255.73076923077	plasma-cell	-256
15168.141304347826	74491.23913043478	plasma-cell	-256
15089.360759493671	74499.26582278482	plasma-cell	-256
15245.377049180328	74574.81967213115	plasma-cell	-256
15265.75925925926	74584.94444444444	plasma-cell	-256
15084.59589041096	74590.73287671233	plasma-cell	-256
15365.354838709678	74634.17741935483	plasma-cell	-256
15358.008064516129	74760.53225806452	plasma-cell	-256
15272.011111111111	75173.22222222222	plasma-cell	-256
15222.89423076923	75179.21153846153	plasma-cell	-256
15247.68115942029	75200.8115942029	plasma-cell	-256
14674.030534351145	75203.43511450382	plasma-cell	-256
15188.847328244276	75317.54198473283	plasma-cell	-256
15175.786885245901	75325.09836065574	plasma-cell	-256
15211.842105263158	75327.55789473685	plasma-cell	-256
15061.64935064935	75334.87012987013	plasma-cell	-256
15198.877551020409	75336.88775510204	plasma-cell	-256
15416.762886597939	75337.73195876289	plasma-cell	-256
15221.464285714286	75356.23214285714	plasma-cell	-256
15046.655913978495	75376.5376344086	plasma-cell	-256
14885.132352941177	75381.67647058824	plasma-cell	-256
14857.738461538462	75413.16923076923	plasma-cell	-256
15088.604395604396	75429.15384615384	plasma-cell	-256
16020.198347107438	75676.19008264462	plasma-cell	-256
16038.857142857143	75679.21848739496	plasma-cell	-256
15986.1796875	75715.9375	plasma-cell	-256
15921.84	75767.592	plasma-cell	-256
16131.425742574258	75797.88118811882	plasma-cell	-256
15155.260416666666	75821.42708333333	plasma-cell	-256
15046.009803921568	75821.23529411765	plasma-cell	-256
15060.744186046511	75828.68992248063	plasma-cell	-256
15152.263157894737	75837.94736842105	plasma-cell	-256
15045.04411764706	75850.00735294117	plasma-cell	-256
14989.845637583892	75857.26845637584	plasma-cell	-256
15003.977272727272	75860.38636363637	plasma-cell	-256
14935.771428571428	75879.82857142857	plasma-cell	-256
14965.4	75923.66666666667	plasma-cell	-256
16474.926315789475	75977.37894736842	plasma-cell	-256
15765.375	76001.18055555556	plasma-cell	-256
15570.932330827069	76013.98496240602	plasma-cell	-256
14896.31313131313	76024.78787878787	plasma-cell	-256
15103.455284552845	76113.10569105692	plasma-cell	-256
14927.25352112676	76112.94366197183	plasma-cell	-256
15089.80412371134	76122.40206185567	plasma-cell	-256
15078.095238095239	76130.30476190476	plasma-cell	-256
14908.182795698925	76139.62365591398	plasma-cell	-256
14814.791208791208	76142.65934065935	plasma-cell	-256
15000.574468085106	76152.46808510639	plasma-cell	-256
15118.312	76150.672	plasma-cell	-256
15190.736434108527	76172.02325581395	plasma-cell	-256
15222.575342465754	76176.91780821918	plasma-cell	-256
14993.315789473685	76190.98947368421	plasma-cell	-256
14815.028846153846	76212.47115384616	plasma-cell	-256
15002.346666666666	76218.44	plasma-cell	-256
15486.067961165048	76224.08737864078	plasma-cell	-256
14994.797101449276	76241.79710144928	plasma-cell	-256
15035.328	76259.696	plasma-cell	-256
14875.560975609756	76283.82926829268	plasma-cell	-256
16963.176470588234	76280.2205882353	plasma-cell	-256
14821.955555555556	76350.05555555556	plasma-cell	-256
16627.369565217392	76362.10869565218	plasma-cell	-256
17177.180722891568	76367.51807228915	plasma-cell	-256
14882.435185185184	76373.75925925926	plasma-cell	-256
17637.212765957447	76375.74468085106	plasma-cell	-256
17233.02105263158	76397.26315789473	plasma-cell	-256
17051.574468085106	76426.27659574468	plasma-cell	-256
16936.909090909092	76439.44545454545	plasma-cell	-256
16661.079365079364	76439.84126984127	plasma-cell	-256
17063.70642201835	76443.80733944954	plasma-cell	-256
16544.51923076923	76442.71153846153	plasma-cell	-256
16659.126984126982	76448.36507936507	plasma-cell	-256
17031.824324324323	76452.98648648648	plasma-cell	-256
17156.794520547945	76455.76712328767	plasma-cell	-256
17244.652173913044	76478.39130434782	plasma-cell	-256
16988.15	76484.0	plasma-cell	-256
16876.87610619469	76494.85840707965	plasma-cell	-256
16859.09411764706	76510.94117647059	plasma-cell	-256
16839.473684210527	76517.22807017544	plasma-cell	-256
16607.242990654206	76523.46728971963	plasma-cell	-256
17172.76699029126	76524.84466019417	plasma-cell	-256
16979.846846846845	76537.0	plasma-cell	-256
17346.740384615383	76543.03846153847	plasma-cell	-256
16616.232558139534	76551.33720930232	plasma-cell	-256
16643.195652173912	76556.30434782608	plasma-cell	-256
17344.0	76555.74545454545	plasma-cell	-256
16929.404761904763	76557.14285714286	plasma-cell	-256
16770.98181818182	76568.97272727273	plasma-cell	-256
16295.229357798165	76570.30275229357	plasma-cell	-256
16841.38679245283	76574.11320754717	plasma-cell	-256
16494.51851851852	76577.77777777778	plasma-cell	-256
17013.676470588234	76578.11764705883	plasma-cell	-256
16648.666666666668	76578.82222222222	plasma-cell	-256
17453.263157894737	76582.44736842105	plasma-cell	-256
16646.79761904762	76586.47619047618	plasma-cell	-256
17162.94	76589.16	plasma-cell	-256
17070.585714285713	76594.07142857143	plasma-cell	-256
17265.008620689656	76597.3448275862	plasma-cell	-256
16201.9625	76610.7875	plasma-cell	-256
17206.987654320987	76626.75308641975	plasma-cell	-256
16361.707317073171	76642.93292682926	plasma-cell	-256
17315.555555555555	76646.77777777778	plasma-cell	-256
14938.157232704403	76654.93081761006	plasma-cell	-256
16524.475	76654.05	plasma-cell	-256
16800.35838150289	76660.20231213873	plasma-cell	-256
17419.358974358973	76658.2564102564	plasma-cell	-256
15343.35294117647	76660.3137254902	plasma-cell	-256
17113.738636363636	76659.61363636363	plasma-cell	-256
17259.660714285714	76660.32142857143	plasma-cell	-256
14906.992125984252	76664.85039370079	plasma-cell	-256
14931.867647058823	76667.14705882352	plasma-cell	-256
17451.384615384617	76674.87912087912	plasma-cell	-256
14885.03409090909	76677.125	plasma-cell	-256
16761.44680851064	76677.5744680851	plasma-cell	-256
17285.605263157893	76699.42105263157	plasma-cell	-256
16685.85185185185	76705.18518518518	plasma-cell	-256
16836.010101010103	76707.0303030303	plasma-cell	-256
17160.04761904762	76711.60317460318	plasma-cell	-256
16813.227272727272	76719.46590909091	plasma-cell	-256
15293.514705882353	76724.48529411765	plasma-cell	-256
17189.114754098362	76730.44262295082	plasma-cell	-256
16798.295454545456	76738.03409090909	plasma-cell	-256
16833.349397590362	76744.0843373494	plasma-cell	-256
15302.081395348838	76744.7441860465	plasma-cell	-256
14781.405940594059	76749.57425742575	plasma-cell	-256
16839.630434782608	76749.10869565218	plasma-cell	-256
17271.32911392405	76750.49367088608	plasma-cell	-256
16750.066666666666	76760.33333333333	plasma-cell	-256
16897.08108108108	76758.83783783784	plasma-cell	-256
16121.837037037038	76763.22222222222	plasma-cell	-256
17166.12162162162	76774.6081081081	plasma-cell	-256
17276.69230769231	76777.82051282052	plasma-cell	-256
17263.19387755102	76784.44897959183	plasma-cell	-256
15683.242857142857	76803.05714285714	plasma-cell	-256
17160.434782608696	76810.82608695653	plasma-cell	-256
14832.654320987655	76827.43209876544	plasma-cell	-256
14876.67543859649	76831.29824561403	plasma-cell	-256
14678.721518987342	76843.15189873418	plasma-cell	-256
16495.959770114943	76870.02873563218	plasma-cell	-256
17142.138613861385	76867.66336633664	plasma-cell	-256
16843.491803278688	76868.88524590163	plasma-cell	-256
15544.782258064515	76876.0241935484	plasma-cell	-256
14758.558139534884	76879.03875968992	plasma-cell	-256
15759.69465648855	76892.0	plasma-cell	-256
14925.007692307692	76904.28461538462	plasma-cell	-256
15467.917525773195	76904.77319587629	plasma-cell	-256
14717.426470588236	76911.13235294117	plasma-cell	-256
14850.984615384616	76916.78461538462	plasma-cell	-256
14911.416666666666	76923.20833333333	plasma-cell	-256
14802.18487394958	76927.95798319328	plasma-cell	-256
15503.046875	76938.6875	plasma-cell	-256
14723.14606741573	76945.08988764045	plasma-cell	-256
14730.548387096775	76948.41935483871	plasma-cell	-256
16870.86666666667	76949.57777777778	plasma-cell	-256
14992.89108910891	76971.44554455446	plasma-cell	-256
15704.313253012047	76973.07228915663	plasma-cell	-256
15863.537313432837	76987.02985074627	plasma-cell	-256
17132.409090909092	76987.72727272728	plasma-cell	-256
14819.714285714286	76991.82417582418	plasma-cell	-256
16580.72357723577	76994.47967479675	plasma-cell	-256
17113.16831683168	76995.85148514851	plasma-cell	-256
16723.073529411766	77002.91176470589	plasma-cell	-256
14989.40909090909	77007.44545454545	plasma-cell	-256
16745.853658536587	77007.48780487805	plasma-cell	-256
15564.528925619834	77018.01652892563	plasma-cell	-256
16690.805369127516	77028.23489932886	plasma-cell	-256
16646.494736842105	77029.28421052631	plasma-cell	-256
16677.984375	77029.734375	plasma-cell	-256
16675.434782608696	77038.85869565218	plasma-cell	-256
15654.11009174312	77043.0366972477	plasma-cell	-256
16588.965811965812	77043.16239316239	plasma-cell	-256
15045.29	77043.44	plasma-cell	-256
17217.782608695652	77046.89855072464	plasma-cell	-256
16033.384615384615	77056.69230769231	plasma-cell	-256
16419.56862745098	77070.89215686274	plasma-cell	-256
16526.775147928995	77081.70414201183	plasma-cell	-256
17548.05172413793	77078.79310344828	plasma-cell	-256
14747.556701030928	77092.35051546391	plasma-cell	-256
17171.574193548386	77091.63225806452	plasma-cell	-256
16459.188235294117	77097.03529411765	plasma-cell	-256
16649.338983050846	77100.94067796611	plasma-cell	-256
17503.168674698794	77098.6265060241	plasma-cell	-256
16275.29347826087	77100.26086956522	plasma-cell	-256
14964.224489795919	77113.3163265306	plasma-cell	-256
16227.726495726496	77126.5982905983	plasma-cell	-256
16552.23300970874	77124.95145631068	plasma-cell	-256
17416.621848739494	77129.54621848739	plasma-cell	-256
16951.430555555555	77133.18055555556	plasma-cell	-256
17000.328125	77131.96875	plasma-cell	-256
17469.61224489796	77141.61224489796	plasma-cell	-256
16126.652173913044	77148.80434782608	plasma-cell	-256
17413.833333333332	77155.24074074074	plasma-cell	-256
15445.952380952382	77164.94285714286	plasma-cell	-256
16924.473684210527	77167.57894736843	plasma-cell	-256
16075.791304347826	77171.5652173913	plasma-cell	-256
16941.5	77171.15476190476	plasma-cell	-256
16251.840425531915	77174.03191489361	plasma-cell	-256
16786.029702970296	77177.83168316832	plasma-cell	-256
15821.57142857143	77180.96103896105	plasma-cell	-256
16312.58510638298	77183.47872340426	plasma-cell	-256
16811.983333333334	77186.225	plasma-cell	-256
16892.444444444445	77185.38888888889	plasma-cell	-256
14929.117647058823	77188.24509803922	plasma-cell	-256
15033.594594594595	77189.00900900901	plasma-cell	-256
16827.756578947367	77197.15131578947	plasma-cell	-256
14708.142857142857	77197.81818181818	plasma-cell	-256
16913.73417721519	77201.56962025317	plasma-cell	-256
17282.95238095238	77202.09523809524	plasma-cell	-256
16104.011494252874	77203.66666666667	plasma-cell	-256
17409.094339622643	77205.1320754717	plasma-cell	-256
16843.696428571428	77207.71428571429	plasma-cell	-256
16741.0	77214.1308411215	plasma-cell	-256
16040.896551724138	77216.50862068965	plasma-cell	-256
16794.12676056338	77214.5352112676	plasma-cell	-256
16922.778523489935	77217.46308724832	plasma-cell	-256
15238.073825503356	77220.18791946309	plasma-cell	-256
15992.929292929293	77233.77777777778	plasma-cell	-256
16818.239583333332	77234.5	plasma-cell	-256
16735.079545454544	77235.5	plasma-cell	-256
15449.65671641791	77242.42537313433	plasma-cell	-256
15279.368421052632	77240.07894736843	plasma-cell	-256
15428.884615384615	77241.34615384616	plasma-cell	-256
15479.078260869564	77242.82608695653	plasma-cell	-256
17332.23595505618	77248.74157303371	plasma-cell	-256
15914.448275862069	77247.81034482758	plasma-cell	-256
16778.050847457627	77249.61016949153	plasma-cell	-256
16821.320388349515	77248.63106796116	plasma-cell	-256
16703.59836065574	77254.85245901639	plasma-cell	-256
16812.88888888889	77258.01587301587	plasma-cell	-256
14752.824074074075	77259.25925925926	plasma-cell	-256
16447.989247311827	77259.43010752689	plasma-cell	-256
16759.00934579439	77259.68224299066	plasma-cell	-256
14768.693693693695	77264.6936936937	plasma-cell	-256
14994.55238095238	77264.56190476191	plasma-cell	-256
16106.819672131147	77264.01639344262	plasma-cell	-256
17260.957264957266	77269.5982905983	plasma-cell	-256
14732.164835164835	77271.46153846153	plasma-cell	-256
15075.368932038835	77276.39805825242	plasma-cell	-256
16760.25806451613	77275.98387096774	plasma-cell	-256
14752.09375	77279.19791666667	plasma-cell	-256
14709.322033898305	77285.01694915254	plasma-cell	-256
15297.612903225807	77281.80645161291	plasma-cell	-256
16828.97142857143	77287.42857142857	plasma-cell	-256
17148.70297029703	77287.29702970297	plasma-cell	-256
17031.41592920354	77291.62831858407	plasma-cell	-256
16077.631147540984	77297.40163934426	plasma-cell	-256
15368.351648351649	77297.63736263737	plasma-cell	-256
15475.077669902912	77300.38834951456	plasma-cell	-256
15142.279411764706	77300.20588235294	plasma-cell	-256
15488.284210526315	77301.73684210527	plasma-cell	-256
16743.395061728395	77305.93827160494	plasma-cell	-256
16267.020833333334	77307.08333333333	plasma-cell	-256
17190.03076923077	77307.6	plasma-cell	-256
17216.4	77310.25882352941	plasma-cell	-256
14936.351351351352	77316.33783783784	plasma-cell	-256
16025.56338028169	77314.84507042254	plasma-cell	-256
15034.0	77319.57024793388	plasma-cell	-256
14894.0101010101	77322.75757575757	plasma-cell	-256
15113.78205128205	77321.6282051282	plasma-cell	-256
17402.882978723406	77322.82978723405	plasma-cell	-256
16341.565789473683	77324.72368421053	plasma-cell	-256
15318.344444444445	77333.11111111111	plasma-cell	-256
15358.706766917294	77335.17293233082	plasma-cell	-256
16673.752475247526	77337.63366336633	plasma-cell	-256
16773.11111111111	77336.31944444444	plasma-cell	-256
15806.22340425532	77339.23404255319	plasma-cell	-256
16727.376470588235	77337.37647058823	plasma-cell	-256
15337.81188118812	77343.19801980197	plasma-cell	-256
17430.95238095238	77346.29523809523	plasma-cell	-256
17392.918604651164	77348.80232558139	plasma-cell	-256
16681.761904761905	77349.72619047618	plasma-cell	-256
17371.305555555555	77348.86111111111	plasma-cell	-256
16660.213333333333	77357.54666666666	plasma-cell	-256
15820.908163265307	77368.80612244898	plasma-cell	-256
15306.711538461539	77370.86538461539	plasma-cell	-256
15595.534246575342	77368.21917808219	plasma-cell	-256
16664.78350515464	77374.39175257731	plasma-cell	-256
16012.482352941177	77377.58823529411	plasma-cell	-256
16695.971962616823	77381.1308411215	plasma-cell	-256
16641.420289855072	77388.92753623189	plasma-cell	-256
15639.377358490567	77391.78301886792	plasma-cell	-256
17009.776119402984	77391.41791044777	plasma-cell	-256
14709.587301587302	77393.3492063492	plasma-cell	-256
16945.8	77395.44	plasma-cell	-256
16973.87012987013	77400.25974025975	plasma-cell	-256
15744.463414634147	77401.0	plasma-cell	-256
16951.576923076922	77401.89743589744	plasma-cell	-256
16941.67105263158	77403.31578947368	plasma-cell	-256
14704.729166666666	77404.8125	plasma-cell	-256
16585.476923076923	77409.27692307692	plasma-cell	-256
16673.78205128205	77409.15384615384	plasma-cell	-256
17085.081395348836	77414.37209302325	plasma-cell	-256
15521.816176470587	77418.98529411765	plasma-cell	-256
16706.95	77418.73333333334	plasma-cell	-256
15993.462962962964	77418.33333333333	plasma-cell	-256
16907.56043956044	77418.94505494506	plasma-cell	-256
17058.506493506495	77422.63636363637	plasma-cell	-256
15586.22131147541	77429.62295081967	plasma-cell	-256
16914.949367088608	77429.67088607595	plasma-cell	-256
16625.53448275862	77434.3448275862	plasma-cell	-256
17020.627906976744	77438.47674418605	plasma-cell	-256
15268.212389380531	77442.13274336283	plasma-cell	-256
16647.56	77443.41333333333	plasma-cell	-256
15281.802083333334	77446.46875	plasma-cell	-256
16852.443037974685	77448.10126582278	plasma-cell	-256
16690.51724137931	77447.72413793103	plasma-cell	-256
16604.925531914894	77457.51063829787	plasma-cell	-256
16632.875	77456.57142857143	plasma-cell	-256
14972.32558139535	77466.37209302325	plasma-cell	-256
14988.274193548386	77468.8870967742	plasma-cell	-256
15606.948717948719	77471.54700854702	plasma-cell	-256
16639.72	77472.64	plasma-cell	-256
16621.816666666666	77477.5	plasma-cell	-256
15615.756097560976	77486.0	plasma-cell	-256
16807.19607843137	77485.76470588235	plasma-cell	-256
16881.271844660194	77489.6213592233	plasma-cell	-256
16551.571428571428	77493.76190476191	plasma-cell	-256
15067.468468468469	77495.95495495496	plasma-cell	-256
17419.83606557377	77499.81967213115	plasma-cell	-256
16441.173333333332	77502.76	plasma-cell	-256
15638.615384615385	77502.26923076923	plasma-cell	-256
16542.706666666665	77504.58666666667	plasma-cell	-256
16460.867647058825	77506.0294117647	plasma-cell	-256
16815.844155844155	77505.5974025974	plasma-cell	-256
14692.913385826772	77507.8346456693	plasma-cell	-256
16498.41379310345	77509.06034482758	plasma-cell	-256
16513.5	77509.01315789473	plasma-cell	-256
17256.521739130436	77512.61956521739	plasma-cell	-256
16418.474226804123	77515.47422680413	plasma-cell	-256
15788.265060240963	77522.81927710843	plasma-cell	-256
16310.901960784315	77525.72549019608	plasma-cell	-256
17201.689655172413	77525.99137931035	plasma-cell	-256
15920.846715328467	77533.1897810219	plasma-cell	-256
15306.846153846154	77532.10256410256	plasma-cell	-256
15048.973684210527	77539.11842105263	plasma-cell	-256
16071.688524590165	77540.70491803279	plasma-cell	-256
16081.152777777777	77543.94444444444	plasma-cell	-256
16054.1	77547.15454545454	plasma-cell	-256
16285.086021505376	77547.45161290323	plasma-cell	-256
15811.45652173913	77548.54347826086	plasma-cell	-256
15848.466666666667	77553.93333333333	plasma-cell	-256
15817.157142857142	77554.87142857142	plasma-cell	-256
15927.8	77558.4923076923	plasma-cell	-256
16612.3417721519	77562.15189873418	plasma-cell	-256
16106.743362831858	77569.53982300885	plasma-cell	-256
15236.194444444445	77577.35185185185	plasma-cell	-256
15763.884057971014	77582.21739130435	plasma-cell	-256
16079.435643564357	77584.26732673268	plasma-cell	-256
15037.043010752688	77589.84946236559	plasma-cell	-256
17188.712765957447	77596.72340425532	plasma-cell	-256
14954.16393442623	77612.59016393442	plasma-cell	-256
17252.79746835443	77633.54430379746	plasma-cell	-256
15225.154639175258	77638.48453608247	plasma-cell	-256
14946.012987012988	77644.01298701299	plasma-cell	-256
15063.76923076923	77713.20512820513	plasma-cell	-256
15356.477477477478	77722.60360360361	plasma-cell	-256
16740.02912621359	77853.60194174758	plasma-cell	-256
15301.97902097902	78300.08391608391	plasma-cell	-256
15657.4	78435.075	plasma-cell	-256
19929.78640776699	12578.553398058251	plasma-cell	-256
20713.450704225354	12828.0	plasma-cell	-256
21311.275	13261.075	plasma-cell	-256
20543.435643564357	13316.841584158416	plasma-cell	-256
23877.283783783783	17964.405405405407	plasma-cell	-256
23730.994565217392	18107.510869565216	plasma-cell	-256
23833.0	18137.637837837836	plasma-cell	-256
23780.69158878505	18159.915887850468	plasma-cell	-256
23727.83116883117	18161.94805194805	plasma-cell	-256
23831.722222222223	18257.166666666664	plasma-cell	-256
20363.575757575756	18279.454545454544	plasma-cell	-256
22052.761904761905	18328.095238095237	plasma-cell	-256
20261.10476190476	18331.219047619048	plasma-cell	-256
23874.779874213837	18454.201257861634	plasma-cell	-256
23928.371794871797	18463.923076923078	plasma-cell	-256
23697.56842105263	18522.368421052633	plasma-cell	-256
19886.786885245903	18539.557377049183	plasma-cell	-256
23945.659090909092	18577.5	plasma-cell	-256
23679.612565445026	18580.041884816754	plasma-cell	-256
23685.66891891892	18608.75	plasma-cell	-256
23632.731092436974	18627.285714285714	plasma-cell	-256
23661.542056074766	18632.084112149532	plasma-cell	-256
23785.13	18647.059999999998	plasma-cell	-256
23720.566371681416	18659.017699115044	plasma-cell	-256
20701.40243902439	18669.682926829268	plasma-cell	-256
20662.612068965518	18678.275862068964	plasma-cell	-256
22397.52525252525	18741.595959595958	plasma-cell	-256
23662.155555555553	18743.88888888889	plasma-cell	-256
20760.1	18748.63333333333	plasma-cell	-256
20754.323232323233	18783.68686868687	plasma-cell	-256
23555.0	18831.893203883497	plasma-cell	-256
23613.848484848484	18843.378787878788	plasma-cell	-256
23636.36170212766	18851.51063829787	plasma-cell	-256
22795.244680851065	18889.3085106383	plasma-cell	-256
22288.52336448598	18894.44859813084	plasma-cell	-256
22508.355555555554	18898.9	plasma-cell	-256
23845.932584269663	18917.123595505618	plasma-cell	-256
23629.15	18932.775	plasma-cell	-256
23563.533898305086	18934.974576271186	plasma-cell	-256
23856.57746478873	18949.690140845072	plasma-cell	-256
22781.68484848485	18970.67272727273	plasma-cell	-256
22481.647727272728	18967.352272727272	plasma-cell	-256
22473.883561643837	19023.26712328767	plasma-cell	-256
22426.8202247191	19073.752808988764	plasma-cell	-256
22540.49411764706	19085.941176470587	plasma-cell	-256
23675.733333333334	19089.16	plasma-cell	-256
23703.35652173913	19097.33043478261	plasma-cell	-256
22356.714285714286	19098.428571428572	plasma-cell	-256
23564.448	19152.208	plasma-cell	-256
22340.783783783783	19164.26126126126	plasma-cell	-256
22367.64285714286	19179.02857142857	plasma-cell	-256
22526.13953488372	19187.58139534884	plasma-cell	-256
22229.431818181816	19197.454545454544	plasma-cell	-256
23381.48623853211	19199.467889908257	plasma-cell	-256
24182.584415584417	19199.2987012987	plasma-cell	-256
22263.484848484848	19209.551515151514	plasma-cell	-256
22711.2119205298	19256.807947019868	plasma-cell	-256
23545.88732394366	19264.788732394365	plasma-cell	-256
22713.704402515723	19277.276729559748	plasma-cell	-256
21178.988235294117	19283.623529411765	plasma-cell	-256
21339.766666666666	19285.216666666667	plasma-cell	-256
23509.402298850575	19296.666666666664	plasma-cell	-256
24431.912162162163	19317.614864864867	plasma-cell	-256
23552.130434782608	19325.304347826088	plasma-cell	-256
21331.843137254902	19338.13725490196	plasma-cell	-256
23517.178571428572	19349.392857142855	plasma-cell	-256
22580.203007518798	19362.586466165412	plasma-cell	-256
24359.743902439026	19372.94512195122	plasma-cell	-256
22166.964285714286	19380.8125	plasma-cell	-256
21336.091954022988	19383.87356321839	plasma-cell	-256
22290.291666666668	19390.322916666664	plasma-cell	-256
23395.670588235294	19431.29411764706	plasma-cell	-256
22579.234899328858	19435.11409395973	plasma-cell	-256
22428.568181818184	19435.875	plasma-cell	-256
23367.411042944786	19446.88957055215	plasma-cell	-256
22545.994011976047	19491.82035928144	plasma-cell	-256
23352.94782608696	19506.33043478261	plasma-cell	-256
22128.833333333332	19508.333333333336	plasma-cell	-256
22506.900826446283	19514.644628099173	plasma-cell	-256
22572.666666666668	19524.42105263158	plasma-cell	-256
22336.066666666666	19534.533333333333	plasma-cell	-256
22623.97	19542.1	plasma-cell	-256
22521.02564102564	19551.44871794872	plasma-cell	-256
22112.417322834644	19555.07086614173	plasma-cell	-256
22025.342105263157	19555.552631578947	plasma-cell	-256
23373.82119205298	19565.860927152316	plasma-cell	-256
22525.415730337078	19566.842696629214	plasma-cell	-256
20884.546153846153	19572.69230769231	plasma-cell	-256
24405.69918699187	19579.048780487807	plasma-cell	-256
22513.56830601093	19584.24043715847	plasma-cell	-256
22206.882352941175	19586.632352941175	plasma-cell	-256
22244.601449275364	19591.04347826087	plasma-cell	-256
23579.16129032258	19599.612903225807	plasma-cell	-256
23745.717391304348	19601.434782608696	plasma-cell	-256
23383.840909090908	19609.704545454544	plasma-cell	-256
22536.720779220777	19615.902597402597	plasma-cell	-256
22610.6	19612.088888888888	plasma-cell	-256
22516.73103448276	19618.124137931034	plasma-cell	-256
22102.578512396693	19636.06611570248	plasma-cell	-256
24408.511235955055	19643.26404494382	plasma-cell	-256
23747.660194174758	19644.70873786408	plasma-cell	-256
22531.28431372549	19653.833333333336	plasma-cell	-256
23726.66417910448	19658.171641791043	plasma-cell	-256
23771.181818181816	19657.628787878788	plasma-cell	-256
22247.14563106796	19664.04854368932	plasma-cell	-256
24395.28965517241	19664.66896551724	plasma-cell	-256
22580.895833333332	19669.71875	plasma-cell	-256
22543.825581395347	19669.86046511628	plasma-cell	-256
22600.8046875	19677.3046875	plasma-cell	-256
24468.515151515152	19683.946969696968	plasma-cell	-256
23731.87951807229	19685.698795180724	plasma-cell	-256
22268.77142857143	19702.56428571429	plasma-cell	-256
22569.641791044778	19706.141791044778	plasma-cell	-256
23760.68269230769	19707.759615384617	plasma-cell	-256
22460.122807017542	19711.15789473684	plasma-cell	-256
22235.129629629628	19716.277777777777	plasma-cell	-256
23722.270833333332	19714.291666666664	plasma-cell	-256
22198.029045643154	19722.020746887967	plasma-cell	-256
22254.401069518717	19725.117647058825	plasma-cell	-256
22219.92700729927	19729.569343065694	plasma-cell	-256
22705.827777777777	19729.6	plasma-cell	-256
24383.32	19734.16	plasma-cell	-256
22215.5	19743.0	plasma-cell	-256
20549.634920634922	19745.8253968254	plasma-cell	-256
24498.272	19757.095999999998	plasma-cell	-256
24214.915492957745	19757.056338028167	plasma-cell	-256
22780.69523809524	19782.295238095237	plasma-cell	-256
22177.268907563026	19784.470588235294	plasma-cell	-256
22367.385964912282	19790.929824561405	plasma-cell	-256
23353.529411764706	19801.5	plasma-cell	-256
24135.026785714286	19818.875	plasma-cell	-256
22524.068965517243	19821.974137931036	plasma-cell	-256
22626.842105263157	19822.15789473684	plasma-cell	-256
23745.18947368421	19827.031578947368	plasma-cell	-256
22317.56875	19832.2125	plasma-cell	-256
24308.36470588235	19834.688235294117	plasma-cell	-256
22146.989130434784	19839.369565217392	plasma-cell	-256
22952.523255813954	19845.35465116279	plasma-cell	-256
23870.57575757576	19847.588744588742	plasma-cell	-256
23441.961904761905	19843.609523809522	plasma-cell	-256
24339.208333333332	19844.76388888889	plasma-cell	-256
22781.74025974026	19845.454545454544	plasma-cell	-256
22706.29487179487	19849.30769230769	plasma-cell	-256
22612.80769230769	19851.46153846154	plasma-cell	-256
22239.77	19857.695	plasma-cell	-256
23479.28455284553	19860.422764227642	plasma-cell	-256
22271.62857142857	19867.434285714284	plasma-cell	-256
22606.233333333334	19863.522222222222	plasma-cell	-256
22637.855263157893	19873.381578947367	plasma-cell	-256
22152.102739726026	19878.77397260274	plasma-cell	-256
22220.207692307693	19882.53846153846	plasma-cell	-256
22954.916666666668	19892.016666666666	plasma-cell	-256
22126.10891089109	19899.678217821784	plasma-cell	-256
22662.137931034482	19914.3275862069	plasma-cell	-256
22301.054545454546	19918.054545454546	plasma-cell	-256
22291.3661971831	19931.291079812207	plasma-cell	-256
22329.737142857142	19946.714285714286	plasma-cell	-256
22087.64081632653	19949.440816326533	plasma-cell	-256
22178.237623762376	19960.163366336634	plasma-cell	-256
22284.912280701756	19961.543859649122	plasma-cell	-256
22336.875	19960.95138888889	plasma-cell	-256
22904.1512605042	19961.394957983193	plasma-cell	-256
22206.601307189543	19967.849673202614	plasma-cell	-256
22463.105263157893	19974.165413533832	plasma-cell	-256
22303.19230769231	19977.19230769231	plasma-cell	-256
22179.236842105263	19980.618421052633	plasma-cell	-256
22946.91304347826	19990.478260869568	plasma-cell	-256
23474.190476190477	19993.857142857145	plasma-cell	-256
24402.841121495327	1170.6261682242991	plasma-cell	-256
24005.724324324325	1212.8216216216217	plasma-cell	-256
23989.584615384614	1224.1307692307691	plasma-cell	-256
24514.48148148148	1340.3703703703704	plasma-cell	-256
23753.37012987013	1582.7467532467533	plasma-cell	-256
21581.382352941175	1828.3725490196077	plasma-cell	-256
21395.960784313727	1907.0980392156862	plasma-cell	-256
21333.115384615383	1906.3846153846155	plasma-cell	-256
21454.9	1967.14	plasma-cell	-256
21255.049180327867	1972.327868852459	plasma-cell	-256
21267.69387755102	1970.795918367347	plasma-cell	-256
21427.712643678162	1991.8045977011495	plasma-cell	-256
21675.03448275862	1996.3850574712644	plasma-cell	-256
21360.81773399015	1997.463054187192	plasma-cell	-256
20658.916666666668	1999.1666666666667	plasma-cell	-256
21278.205479452055	2012.5890410958905	plasma-cell	-256
21406.810344827587	2013.4913793103449	plasma-cell	-256
24491.760000000002	2015.44	plasma-cell	-256
21390.076923076922	2031.5680473372781	plasma-cell	-256
22268.8275862069	2046.1724137931035	plasma-cell	-256
21382.383561643837	2061.72602739726	plasma-cell	-256
20204.162162162163	2083.5135135135133	plasma-cell	-256
21353.899371069183	2088.245283018868	plasma-cell	-256
21410.66417910448	2117.276119402985	plasma-cell	-256
21223.166666666668	2148.0757575757575	plasma-cell	-256
21261.162790697676	2151.3953488372094	plasma-cell	-256
20233.62	2168.74	plasma-cell	-256
22011.76377952756	2334.8740157480315	plasma-cell	-256
24327.322033898305	2336.3474576271187	plasma-cell	-256
22165.903846153848	2347.4423076923076	plasma-cell	-256
21644.95918367347	2368.2244897959185	plasma-cell	-256
20490.91489361702	2372.517730496454	plasma-cell	-256
20263.485714285714	2384.614285714286	plasma-cell	-256
22040.036231884056	2404.1159420289855	plasma-cell	-256
20342.736842105263	2414.1157894736843	plasma-cell	-256
20785.108108108107	2432.4864864864867	plasma-cell	-256
20911.79797979798	2433.1717171717173	plasma-cell	-256
20679.123711340206	2442.453608247423	plasma-cell	-256
21605.618811881188	2448.2425742574255	plasma-cell	-256
20402.6	2446.95	plasma-cell	-256
22330.71153846154	2460.75	plasma-cell	-256
20386.55828220859	2469.723926380368	plasma-cell	-256
20405.676470588234	2471.5367647058824	plasma-cell	-256
21599.59375	2505.53125	plasma-cell	-256
22150.33962264151	2548.264150943396	plasma-cell	-256
23396.514285714286	2596.4285714285716	plasma-cell	-256
23341.35714285714	2626.6071428571427	plasma-cell	-256
24517.06862745098	2639.0588235294117	plasma-cell	-256
22109.238095238095	2643.5238095238096	plasma-cell	-256
22180.123456790123	2657.3765432098767	plasma-cell	-256
21898.358333333334	2666.858333333333	plasma-cell	-256
22144.406779661018	2669.3333333333335	plasma-cell	-256
21969.904761904763	2673.2169312169312	plasma-cell	-256
22166.37142857143	2682.457142857143	plasma-cell	-256
22002.182926829268	2686.951219512195	plasma-cell	-256
20159.06862745098	2698.1372549019607	plasma-cell	-256
21948.20979020979	2698.4685314685316	plasma-cell	-256
22249.735294117647	2704.6323529411766	plasma-cell	-256
22046.149532710282	2714.7383177570096	plasma-cell	-256
22191.902173913044	2723.021739130435	plasma-cell	-256
22078.65317919075	2731.375722543353	plasma-cell	-256
22144.94827586207	2750.051724137931	plasma-cell	-256
21902.330769230768	2771.2923076923075	plasma-cell	-256
21863.20491803279	2806.622950819672	plasma-cell	-256
21927.370689655174	2810.5862068965516	plasma-cell	-256
21743.71153846154	2869.5384615384614	plasma-cell	-256
20216.56551724138	2885.3379310344826	plasma-cell	-256
23307.268656716416	2891.5671641791046	plasma-cell	-256
20020.5	2907.7083333333335	plasma-cell	-256
20030.594594594593	2911.9189189189187	plasma-cell	-256
20806.795580110498	2924.75138121547	plasma-cell	-256
20201.68493150685	2930.082191780822	plasma-cell	-256
21801.680555555555	2955.0833333333335	plasma-cell	-256
20652.11320754717	2957.9811320754716	plasma-cell	-256
20267.546296296296	2979.9166666666665	plasma-cell	-256
20264.335227272728	2992.034090909091	plasma-cell	-256
20417.48214285714	2990.4464285714284	plasma-cell	-256
20250.976331360947	3005.230769230769	plasma-cell	-256
20385.15625	3014.1458333333335	plasma-cell	-256
20047.564356435643	3032.3069306930693	plasma-cell	-256
20532.384615384617	3031.5576923076924	plasma-cell	-256
20537.581818181818	3065.9	plasma-cell	-256
20464.631147540982	3072.5	plasma-cell	-256
20027.1	3181.48	plasma-cell	-256
22679.21	3300.32	plasma-cell	-256
20900.0	3318.764705882353	plasma-cell	-256
22658.29203539823	3319.5840707964603	plasma-cell	-256
22684.365384615383	3328.971153846154	plasma-cell	-256
22701.771028037383	3337.429906542056	plasma-cell	-256
22661.016194331984	3337.7004048582994	plasma-cell	-256
21427.74683544304	3344.73417721519	plasma-cell	-256
22650.361386138615	3347.871287128713	plasma-cell	-256
23600.78350515464	3343.4742268041236	plasma-cell	-256
22679.8156424581	3347.391061452514	plasma-cell	-256
22722.94761904762	3351.190476190476	plasma-cell	-256
21641.112068965518	3356.612068965517	plasma-cell	-256
22720.1975308642	3415.259259259259	plasma-cell	-256
20390.259067357514	3434.357512953368	plasma-cell	-256
20833.38255033557	3434.7046979865772	plasma-cell	-256
20872.85238095238	3436.9761904761904	plasma-cell	-256
22658.763157894737	3437.377192982456	plasma-cell	-256
20800.45054945055	3462.1098901098903	plasma-cell	-256
20867.767441860466	3469.4806201550387	plasma-cell	-256
22740.805194805194	3503.155844155844	plasma-cell	-256
21108.88888888889	3524.185185185185	plasma-cell	-256
21184.80821917808	3550.8630136986303	plasma-cell	-256
23638.410256410258	3570.230769230769	plasma-cell	-256
23189.967032967033	3617.3626373626375	plasma-cell	-256
23803.666666666668	3616.2083333333335	plasma-cell	-256
22768.2012987013	3628.487012987013	plasma-cell	-256
20705.746666666666	3636.84	plasma-cell	-256
21727.650943396227	3673.8207547169814	plasma-cell	-256
22554.088888888888	3677.3777777777777	plasma-cell	-256
23164.127272727274	3675.4363636363637	plasma-cell	-256
22755.911602209944	3687.6685082872928	plasma-cell	-256
21654.754385964912	3687.5263157894738	plasma-cell	-256
22986.764705882353	3704.627450980392	plasma-cell	-256
21606.785185185185	3714.8962962962964	plasma-cell	-256
22978.154285714285	3716.28	plasma-cell	-256
22796.64893617021	3729.8829787234044	plasma-cell	-256
22764.95575221239	3732.663716814159	plasma-cell	-256
22876.69230769231	3733.519230769231	plasma-cell	-256
21488.934065934067	3738.131868131868	plasma-cell	-256
22837.813186813186	3743.230769230769	plasma-cell	-256
22846.466666666667	3744.0222222222224	plasma-cell	-256
22636.44761904762	3752.057142857143	plasma-cell	-256
22860.473404255317	3763.994680851064	plasma-cell	-256
22736.8	3781.575	plasma-cell	-256
21450.444444444445	3806.1481481481483	plasma-cell	-256
23009.83962264151	3844.132075471698	plasma-cell	-256
22817.914110429447	3862.411042944785	plasma-cell	-256
23944.08791208791	3878.197802197802	plasma-cell	-256
22064.03125	3901.5859375	plasma-cell	-256
24169.654320987655	3914.4691358024693	plasma-cell	-256
24227.74074074074	3919.990740740741	plasma-cell	-256
23844.325	3931.9	plasma-cell	-256
22536.88484848485	3927.951515151515	plasma-cell	-256
23896.85765124555	3942.7935943060497	plasma-cell	-256
24270.131147540982	3939.1803278688526	plasma-cell	-256
22488.85185185185	3940.5061728395062	plasma-cell	-256
22984.1935483871	3942.6451612903224	plasma-cell	-256
21061.5	3953.423076923077	plasma-cell	-256
23842.674796747968	3954.6991869918697	plasma-cell	-256
24267.8875	3957.1	plasma-cell	-256
23925.394736842107	3965.4210526315787	plasma-cell	-256
23932.02985074627	3966.865671641791	plasma-cell	-256
24045.730434782607	3978.504347826087	plasma-cell	-256
24003.0	3991.121212121212	plasma-cell	-256
24020.061349693253	3993.9263803680983	plasma-cell	-256
23929.62019230769	3997.894230769231	plasma-cell	-256
23901.57558139535	4054.279069767442	plasma-cell	-256
24178.20472440945	4068.732283464567	plasma-cell	-256
21851.57589285714	4077.535714285714	plasma-cell	-256
21826.28936170213	4091.3574468085108	plasma-cell	-256
21908.465968586388	4094.832460732984	plasma-cell	-256
23103.833333333332	4093.5333333333333	plasma-cell	-256
21415.59259259259	4097.506172839506	plasma-cell	-256
24246.073170731706	4100.780487804878	plasma-cell	-256
21895.45045045045	4108.792792792793	plasma-cell	-256
21837.083333333332	4112.594444444445	plasma-cell	-256
20496.755102040817	4113.959183673469	plasma-cell	-256
23241.436170212764	4146.787234042553	plasma-cell	-256
23980.27966101695	4152.771186440678	plasma-cell	-256
23852.049019607843	4155.6274509803925	plasma-cell	-256
23944.75	4153.153846153846	plasma-cell	-256
23159.751879699248	4163.511278195489	plasma-cell	-256
24030.594142259415	4167.238493723849	plasma-cell	-256
24003.45588235294	4169.794117647059	plasma-cell	-256
23974.578313253012	4174.1325301204815	plasma-cell	-256
24033.265217391305	4198.760869565217	plasma-cell	-256
20909.83870967742	4205.903225806452	plasma-cell	-256
24268.91176470588	4206.666666666667	plasma-cell	-256
21837.205714285716	4214.365714285715	plasma-cell	-256
24295.731958762888	4215.1752577319585	plasma-cell	-256
23995.506493506495	4218.194805194805	plasma-cell	-256
20910.15	4223.35	plasma-cell	-256
24180.4016064257	4242.967871485944	plasma-cell	-256
24067.577777777777	4242.4944444444445	plasma-cell	-256
23803.07865168539	4244.70786516854	plasma-cell	-256
24244.276315789473	4248.888157894737	plasma-cell	-256
23220.636363636364	4246.3	plasma-cell	-256
24208.049773755658	4250.443438914027	plasma-cell	-256
24269.15243902439	4251.59756097561	plasma-cell	-256
24030.354838709678	4266.129032258064	plasma-cell	-256
20925.83486238532	4265.871559633028	plasma-cell	-256
23265.96511627907	4263.558139534884	plasma-cell	-256
24010.93137254902	4264.563725490196	plasma-cell	-256
24161.222857142857	4264.428571428572	plasma-cell	-256
21737.333333333332	4272.13768115942	plasma-cell	-256
20467.680555555555	4275.076388888889	plasma-cell	-256
23208.326315789473	4273.368421052632	plasma-cell	-256
21884.761194029852	4275.223880597015	plasma-cell	-256
21220.506578947367	4291.934210526316	plasma-cell	-256
23228.886363636364	4290.795454545455	plasma-cell	-256
24280.41875	4298.15625	plasma-cell	-256
24158.63333333333	4302.8	plasma-cell	-256
23813.04694835681	4307.460093896713	plasma-cell	-256
21317.188118811882	4310.693069306931	plasma-cell	-256
24052.550458715596	4314.114678899083	plasma-cell	-256
24170.423076923078	4312.442307692308	plasma-cell	-256
23037.89908256881	4322.963302752293	plasma-cell	-256
24196.20634920635	4327.746031746032	plasma-cell	-256
24018.0	4339.949367088608	plasma-cell	-256
20883.527027027027	4341.594594594595	plasma-cell	-256
23031.65765765766	4359.504504504504	plasma-cell	-256
21220.105527638192	4369.025125628141	plasma-cell	-256
23625.340425531915	4371.787234042553	plasma-cell	-256
23261.46913580247	4380.962962962963	plasma-cell	-256
20708.025806451613	4386.18064516129	plasma-cell	-256
23199.784090909092	4387.238636363636	plasma-cell	-256
22911.274809160306	4391.541984732825	plasma-cell	-256
22597.74193548387	4392.290322580645	plasma-cell	-256
20605.256983240222	4398.061452513966	plasma-cell	-256
22874.094594594593	4395.1621621621625	plasma-cell	-256
22832.256637168142	4399.646017699115	plasma-cell	-256
23255.949494949495	4400.0	plasma-cell	-256
23515.989999999998	4401.29	plasma-cell	-256
20704.988023952097	4408.880239520958	plasma-cell	-256
24039.2660944206	4416.309012875537	plasma-cell	-256
22835.59292035398	4413.168141592921	plasma-cell	-256
20941.531914893618	4419.702127659574	plasma-cell	-256
22880.929411764708	4420.905882352941	plasma-cell	-256
24302.739999999998	4421.14	plasma-cell	-256
22813.07843137255	4426.202614379085	plasma-cell	-256
21694.030534351146	4426.679389312977	plasma-cell	-256
21666.67403314917	4434.14364640884	plasma-cell	-256
23228.987012987014	4430.727272727273	plasma-cell	-256
23254.202702702703	4431.945945945946	plasma-cell	-256
24030.42953020134	4436.463087248322	plasma-cell	-256
23659.1	4439.9	plasma-cell	-256
22747.8	4443.99	plasma-cell	-256
22879.21186440678	4443.872881355932	plasma-cell	-256
23026.30081300813	4444.983739837398	plasma-cell	-256
23268.64285714286	4441.589285714285	plasma-cell	-256
21717.815286624205	4448.0636942675155	plasma-cell	-256
22853.884057971016	4449.391304347826	plasma-cell	-256
20995.979591836734	4461.030612244898	plasma-cell	-256
23541.88888888889	4464.386243386243	plasma-cell	-256
22812.166666666668	4463.469696969697	plasma-cell	-256
20932.272727272728	4468.987012987013	plasma-cell	-256
24008.67948717949	4470.044871794872	plasma-cell	-256
22768.64912280702	4468.456140350877	plasma-cell	-256
20897.48	4481.706666666667	plasma-cell	-256
23561.028735632186	4483.1551724137935	plasma-cell	-256
22677.442477876106	4486.840707964602	plasma-cell	-256
23533.40837696335	4487.8167539267015	plasma-cell	-256
23775.5	4491.2441860465115	plasma-cell	-256
20842.296296296296	4493.166666666667	plasma-cell	-256
23252.976744186046	4494.767441860465	plasma-cell	-256
23797.344632768363	4504.169491525424	plasma-cell	-256
24031.375	4501.113636363636	plasma-cell	-256
20946.507246376812	4511.217391304348	plasma-cell	-256
24207.748387096774	4520.096774193548	plasma-cell	-256
23620.468085106382	4521.968085106383	plasma-cell	-256
23832.614999999998	4536.53	plasma-cell	-256
22913.297709923663	4532.114503816794	plasma-cell	-256
23611.41121495327	4532.887850467289	plasma-cell	-256
24008.675213675215	4535.752136752137	plasma-cell	-256
24033.40837696335	4536.905759162304	plasma-cell	-256
23849.131034482758	4542.324137931035	plasma-cell	-256
24008.637931034482	4555.775862068966	plasma-cell	-256
21592.154929577464	4583.450704225352	plasma-cell	-256
23989.92703862661	4589.467811158798	plasma-cell	-256
23005.291666666668	4615.416666666667	plasma-cell	-256
22931.300884955752	4625.796460176991	plasma-cell	-256
24039.98181818182	4631.7	plasma-cell	-256
22900.955056179773	4635.067415730337	plasma-cell	-256
23705.411111111112	4641.3	plasma-cell	-256
24366.91780821918	4638.835616438356	plasma-cell	-256
23992.479452054795	4640.109589041096	plasma-cell	-256
21416.9	4643.763636363637	plasma-cell	-256
24423.72	4652.84	plasma-cell	-256
22951.96907216495	4657.18556701031	plasma-cell	-256
21360.708860759492	4671.721518987341	plasma-cell	-256
24027.666666666668	4673.333333333333	plasma-cell	-256
23007.54128440367	4712.779816513761	plasma-cell	-256
22654.883116883117	4719.597402597403	plasma-cell	-256
22677.666666666668	4736.090909090909	plasma-cell	-256
23805.357142857145	4752.482142857143	plasma-cell	-256
23520.847826086956	4806.983695652174	plasma-cell	-256
23508.06511627907	4824.4	plasma-cell	-256
23032.19191919192	4831.69696969697	plasma-cell	-256
21389.164285714287	4844.792857142857	plasma-cell	-256
24067.931818181816	4877.818181818182	plasma-cell	-256
23012.275862068964	4913.586206896552	plasma-cell	-256
23099.010638297874	4914.648936170212	plasma-cell	-256
23057.14457831325	4925.518072289156	plasma-cell	-256
23103.59405940594	4932.445544554455	plasma-cell	-256
23038.82608695652	4943.369565217391	plasma-cell	-256
21460.166666666668	4945.885416666667	plasma-cell	-256
23102.723684210527	4955.381578947368	plasma-cell	-256
22864.54945054945	4969.274725274725	plasma-cell	-256
23422.538152610443	4986.449799196787	plasma-cell	-256
23118.061728395063	5008.62962962963	plasma-cell	-256
22895.10447761194	5050.537313432836	plasma-cell	-256
21639.861788617887	5116.764227642277	plasma-cell	-256
21627.337579617833	5133.853503184713	plasma-cell	-256
21698.852040816328	5171.275510204082	plasma-cell	-256
21732.0	5195.565217391304	plasma-cell	-256
23138.704545454544	5206.943181818182	plasma-cell	-256
21691.949579831933	5241.512605042017	plasma-cell	-256
23078.19	5244.78	plasma-cell	-256
21732.12213740458	5307.083969465649	plasma-cell	-256
23116.22680412371	5307.680412371134	plasma-cell	-256
23484.467889908257	5323.165137614679	plasma-cell	-256
21620.258620689656	5333.982758620689	plasma-cell	-256
21700.18556701031	5344.412371134021	plasma-cell	-256
21676.475409836065	5349.890710382514	plasma-cell	-256
21229.305084745763	5357.923728813559	plasma-cell	-256
21643.528735632182	5376.5344827586205	plasma-cell	-256
23485.46153846154	5386.179487179487	plasma-cell	-256
22381.418181818182	5450.336363636364	plasma-cell	-256
21496.69827586207	5472.043103448276	plasma-cell	-256
21516.077348066297	5492.348066298343	plasma-cell	-256
21564.545454545456	5498.5950413223145	plasma-cell	-256
21853.125	5508.841666666666	plasma-cell	-256
21672.74193548387	5530.129032258064	plasma-cell	-256
21573.156626506025	5583.168674698795	plasma-cell	-256
21441.906593406595	5589.494505494506	plasma-cell	-256
23101.625	5601.916666666667	plasma-cell	-256
23356.0625	5622.5625	plasma-cell	-256
23397.022471910113	5624.460674157303	plasma-cell	-256
21417.11111111111	5631.662037037037	plasma-cell	-256
21465.680952380953	5638.261904761905	plasma-cell	-256
21556.92405063291	5646.664556962025	plasma-cell	-256
20725.404761904763	5650.357142857143	plasma-cell	-256
21542.26153846154	5655.4	plasma-cell	-256
24307.72619047619	5658.309523809524	plasma-cell	-256
21315.175	5660.55	plasma-cell	-256
23323.676470588234	5660.588235294118	plasma-cell	-256
23453.8875	5675.975	plasma-cell	-256
22745.432432432433	5692.005405405405	plasma-cell	-256
23465.852941176472	5691.8725490196075	plasma-cell	-256
21490.090476190475	5697.2	plasma-cell	-256
21400.555555555555	5698.144444444444	plasma-cell	-256
23329.65	5718.966666666666	plasma-cell	-256
21600.614814814813	5731.044444444445	plasma-cell	-256
21442.941860465115	5732.639534883721	plasma-cell	-256
21225.446280991735	5735.793388429752	plasma-cell	-256
21084.619047619046	5734.714285714285	plasma-cell	-256
21490.63	5745.275	plasma-cell	-256
20837.733870967742	5755.862903225807	plasma-cell	-256
21379.852173913045	5753.904347826087	plasma-cell	-256
21701.36046511628	5755.825581395349	plasma-cell	-256
21502.78813559322	5761.237288135593	plasma-cell	-256
23366.581395348836	5760.162790697675	plasma-cell	-256
23537.89108910891	5834.217821782178	plasma-cell	-256
21666.319672131147	5841.860655737705	plasma-cell	-256
23529.843373493975	5857.566265060241	plasma-cell	-256
23545.773333333334	5862.72	plasma-cell	-256
22849.360655737706	5879.393442622951	plasma-cell	-256
21632.006622516557	5891.264900662251	plasma-cell	-256
22868.052631578947	5895.3421052631575	plasma-cell	-256
23461.757575757576	5903.689393939394	plasma-cell	-256
23490.722222222223	5919.5	plasma-cell	-256
23425.993288590606	5922.919463087248	plasma-cell	-256
21486.25	5944.70652173913	plasma-cell	-256
20677.555555555555	5952.0462962962965	plasma-cell	-256
24432.75	5951.6875	plasma-cell	-256
23554.025477707008	5959.898089171975	plasma-cell	-256
24428.3359375	5956.2734375	plasma-cell	-256
24251.464912280702	5964.1578947368425	plasma-cell	-256
23360.381215469613	5969.226519337017	plasma-cell	-256
21481.745762711864	5990.516949152542	plasma-cell	-256
23120.966666666667	6009.958333333333	plasma-cell	-256
21936.22033898305	6022.129943502825	plasma-cell	-256
22866.71875	6029.291666666667	plasma-cell	-256
23916.20634920635	6029.619047619048	plasma-cell	-256
22941.159090909092	6032.852272727273	plasma-cell	-256
21699.596153846152	6037.192307692308	plasma-cell	-256
24381.21686746988	6044.096385542169	plasma-cell	-256
21574.136363636364	6058.426136363636	plasma-cell	-256
22892.907692307694	6063.053846153846	plasma-cell	-256
22910.104347826087	6072.973913043478	plasma-cell	-256
23900.04	6079.248	plasma-cell	-256
23064.729411764707	6089.841176470588	plasma-cell	-256
23926.84	6087.41	plasma-cell	-256
23804.66371681416	6092.1769911504425	plasma-cell	-256
23531.663366336634	6102.940594059406	plasma-cell	-256
21649.92121212121	6114.993939393939	plasma-cell	-256
20954.753846153846	6129.915384615385	plasma-cell	-256
21689.48447204969	6130.459627329193	plasma-cell	-256
21457.92546583851	6132.577639751553	plasma-cell	-256
21720.453038674033	6133.861878453039	plasma-cell	-256
23196.5	6131.0	plasma-cell	-256
21298.178571428572	6137.660714285715	plasma-cell	-256
21649.14006514658	6142.2442996742675	plasma-cell	-256
23564.202127659573	6139.702127659574	plasma-cell	-256
23433.84	6142.17	plasma-cell	-256
21674.56329113924	6151.132911392405	plasma-cell	-256
24330.746987951807	6149.710843373494	plasma-cell	-256
23889.690721649484	6153.061855670103	plasma-cell	-256
22307.030487804877	6157.426829268293	plasma-cell	-256
21593.968253968254	6173.291005291006	plasma-cell	-256
21610.41085271318	6174.302325581395	plasma-cell	-256
23309.661016949154	6180.71186440678	plasma-cell	-256
20878.44966442953	6194.563758389262	plasma-cell	-256
22760.898734177215	6190.189873417721	plasma-cell	-256
22105.486486486487	6198.8378378378375	plasma-cell	-256
20861.258373205743	6208.478468899521	plasma-cell	-256
23144.0	6200.2	plasma-cell	-256
23444.227848101265	6207.455696202532	plasma-cell	-256
23498.69230769231	6228.576923076923	plasma-cell	-256
24099.457627118645	6226.542372881356	plasma-cell	-256
23869.88	6231.386666666666	plasma-cell	-256
23912.78431372549	6235.4607843137255	plasma-cell	-256
21589.964143426296	6239.657370517928	plasma-cell	-256
20866.24193548387	6248.096774193548	plasma-cell	-256
21159.89944134078	6262.927374301676	plasma-cell	-256
22834.012345679013	6271.481481481482	plasma-cell	-256
21628.11666666667	6275.125	plasma-cell	-256
22882.765625	6275.71875	plasma-cell	-256
23873.31081081081	6293.121621621622	plasma-cell	-256
24328.75925925926	6294.759259259259	plasma-cell	-256
23493.5	6302.625	plasma-cell	-256
21252.19178082192	6326.009132420091	plasma-cell	-256
22834.104	6344.984	plasma-cell	-256
22825.623853211007	6361.899082568807	plasma-cell	-256
21372.66037735849	6383.344339622641	plasma-cell	-256
24477.70093457944	6391.383177570094	plasma-cell	-256
23563.330769230768	6399.761538461538	plasma-cell	-256
21775.880681818184	6416.693181818182	plasma-cell	-256
23211.780487804877	6427.780487804878	plasma-cell	-256
24376.24742268041	6440.628865979382	plasma-cell	-256
22902.964601769912	6441.495575221239	plasma-cell	-256
23209.516666666666	6452.533333333334	plasma-cell	-256
21399.975806451614	6528.290322580645	plasma-cell	-256
24469.466019417476	6526.543689320389	plasma-cell	-256
21426.166666666668	6531.966666666666	plasma-cell	-256
24061.0162601626	6549.211382113821	plasma-cell	-256
23855.80198019802	6595.1287128712875	plasma-cell	-256
24076.56329113924	6597.5822784810125	plasma-cell	-256
21643.122905027933	6618.793296089386	plasma-cell	-256
24373.8064516129	6628.5	plasma-cell	-256
23087.488372093023	6631.953488372093	plasma-cell	-256
23255.819444444445	6636.569444444444	plasma-cell	-256
23105.60465116279	6669.2441860465115	plasma-cell	-256
23288.872	6691.656	plasma-cell	-256
23193.533783783783	6696.101351351352	plasma-cell	-256
23174.063829787236	6698.54255319149	plasma-cell	-256
23352.953271028036	6704.747663551402	plasma-cell	-256
23849.270967741933	6715.283870967742	plasma-cell	-256
23332.761904761905	6717.761904761905	plasma-cell	-256
24348.546875	6724.40625	plasma-cell	-256
23032.475862068964	6727.696551724138	plasma-cell	-256
24317.0	6753.405405405405	plasma-cell	-256
23289.011235955055	6774.7191011235955	plasma-cell	-256
23953.569444444445	6794.430555555556	plasma-cell	-256
24294.466666666667	6800.213333333333	plasma-cell	-256
24272.23157894737	6827.578947368421	plasma-cell	-256
24264.44262295082	6899.754098360656	plasma-cell	-256
24494.75	6912.215277777777	plasma-cell	-256
24490.21212121212	6929.719696969697	plasma-cell	-256
24258.260869565216	6932.836956521739	plasma-cell	-256
24511.093457943927	6939.859813084112	plasma-cell	-256
24308.32183908046	6955.925287356322	plasma-cell	-256
24316.54268292683	6963.975609756098	plasma-cell	-256
24366.4	6963.3	plasma-cell	-256
24437.844919786097	6964.711229946524	plasma-cell	-256
24229.020979020977	6964.944055944056	plasma-cell	-256
24460.774193548386	6964.709677419355	plasma-cell	-256
24485.79069767442	6967.944186046511	plasma-cell	-256
24243.17777777778	7005.688888888889	plasma-cell	-256
22866.255319148935	7022.404255319149	plasma-cell	-256
24253.6875	7025.9375	plasma-cell	-256
23853.3	7101.890909090909	plasma-cell	-256
24418.557971014492	7238.311594202899	plasma-cell	-256
24148.858823529412	7265.670588235294	plasma-cell	-256
24513.0245398773	7351.7239263803685	plasma-cell	-256
24310.09677419355	7560.290322580645	plasma-cell	-256
22277.14864864865	20002.324324324323	plasma-cell	-256
22146.053333333333	20010.293333333335	plasma-cell	-256
22827.688524590165	20012.983606557376	plasma-cell	-256
22029.897435897437	20022.4358974359	plasma-cell	-256
23363.037735849055	20034.51572327044	plasma-cell	-256
22021.55	20033.733333333334	plasma-cell	-256
22755.37704918033	20063.319672131147	plasma-cell	-256
23342.272727272728	20064.0	plasma-cell	-256
23428.354545454546	20065.663636363635	plasma-cell	-256
21991.325153374233	20077.650306748466	plasma-cell	-256
23574.763157894737	20073.394736842107	plasma-cell	-256
22763.363636363636	20074.763636363637	plasma-cell	-256
23298.436936936938	20096.73873873874	plasma-cell	-256
22673.748427672956	20110.56603773585	plasma-cell	-256
23485.4	20110.02608695652	plasma-cell	-256
23605.12781954887	20112.9022556391	plasma-cell	-256
23890.325842696628	20126.1797752809	plasma-cell	-256
22676.521212121213	20133.78181818182	plasma-cell	-256
23628.142857142855	20134.414285714287	plasma-cell	-256
22168.544444444444	20137.533333333333	plasma-cell	-256
22632.23846153846	20139.169230769232	plasma-cell	-256
22648.01886792453	20143.188679245282	plasma-cell	-256
23404.165829145728	20147.53768844221	plasma-cell	-256
22638.903846153848	20163.134615384617	plasma-cell	-256
22961.7875	20163.875	plasma-cell	-256
23649.696132596684	20164.96132596685	plasma-cell	-256
24241.3275862069	20164.53448275862	plasma-cell	-256
23248.346666666668	20176.937777777777	plasma-cell	-256
23317.55612244898	20185.69387755102	plasma-cell	-256
22658.696296296297	20183.28148148148	plasma-cell	-256
22651.17142857143	20215.321428571428	plasma-cell	-256
22600.470967741934	20225.058064516128	plasma-cell	-256
24230.186440677964	20252.322033898305	plasma-cell	-256
24129.23404255319	20254.978723404256	plasma-cell	-256
24236.852272727272	20266.55681818182	plasma-cell	-256
24118.641304347824	20269.92391304348	plasma-cell	-256
21450.29268292683	20279.536585365855	plasma-cell	-256
24116.239999999998	20281.2	plasma-cell	-256
24124.405172413793	20291.53448275862	plasma-cell	-256
24205.19	20324.25	plasma-cell	-256
24229.25974025974	20320.974025974025	plasma-cell	-256
22383.515151515152	20328.737373737375	plasma-cell	-256
22663.506024096387	20339.44578313253	plasma-cell	-256
24144.325	20339.5125	plasma-cell	-256
23506.61875	20347.2375	plasma-cell	-256
21567.79487179487	20348.53846153846	plasma-cell	-256
22302.469387755104	20365.0	plasma-cell	-256
24430.8828125	20374.78125	plasma-cell	-256
22301.72807017544	20383.201754385966	plasma-cell	-256
22750.657894736843	20389.315789473683	plasma-cell	-256
23016.379310344826	20396.103448275862	plasma-cell	-256
22254.06349206349	20400.79365079365	plasma-cell	-256
23357.994350282486	20417.01694915254	plasma-cell	-256
23380.137931034482	20427.885057471263	plasma-cell	-256
21770.77245508982	20427.54491017964	plasma-cell	-256
24129.972222222223	20426.430555555555	plasma-cell	-256
21743.054545454546	20434.618181818183	plasma-cell	-256
22755.39344262295	20465.573770491803	plasma-cell	-256
24362.760869565216	20462.91304347826	plasma-cell	-256
23560.165413533836	20470.263157894737	plasma-cell	-256
24139.94776119403	20476.589552238805	plasma-cell	-256
24391.86170212766	20477.41489361702	plasma-cell	-256
24317.395161290322	20525.362903225807	plasma-cell	-256
24327.766666666666	20537.24	plasma-cell	-256
21691.072289156626	20546.421686746988	plasma-cell	-256
21980.962962962964	20570.493827160495	plasma-cell	-256
22301.666666666668	20600.714285714286	plasma-cell	-256
22248.118811881188	20628.227722772277	plasma-cell	-256
21714.595505617977	20635.455056179777	plasma-cell	-256
23443.4609375	20640.6953125	plasma-cell	-256
22988.1875	20678.375	plasma-cell	-256
24021.756944444445	20745.854166666668	plasma-cell	-256
21991.212962962964	20759.40740740741	plasma-cell	-256
21931.302325581397	20772.156976744187	plasma-cell	-256
22114.112903225807	20774.766129032258	plasma-cell	-256
21959.18666666667	20776.7	plasma-cell	-256
21902.787234042553	20788.425531914894	plasma-cell	-256
23909.134146341465	20794.524390243903	plasma-cell	-256
21928.44927536232	20817.91304347826	plasma-cell	-256
21971.07027027027	20823.583783783783	plasma-cell	-256
22089.222222222223	20829.71111111111	plasma-cell	-256
22037.364640883978	20844.78453038674	plasma-cell	-256
21931.5197740113	20850.27683615819	plasma-cell	-256
21999.72195121951	20855.61951219512	plasma-cell	-256
23914.123076923075	20853.43076923077	plasma-cell	-256
23837.190476190477	20877.809523809523	plasma-cell	-256
21928.628099173555	20883.545454545456	plasma-cell	-256
23526.56989247312	20909.7311827957	plasma-cell	-256
22346.30612244898	20931.20408163265	plasma-cell	-256
22257.63924050633	20937.822784810127	plasma-cell	-256
22222.069767441862	20953.062015503878	plasma-cell	-256
22259.258823529413	20957.41176470588	plasma-cell	-256
22261.02857142857	20972.838095238094	plasma-cell	-256
22437.35135135135	20976.14864864865	plasma-cell	-256
22436.5	20995.1	plasma-cell	-256
21766.333333333332	21000.619047619046	plasma-cell	-256
22375.63529411765	21022.070588235292	plasma-cell	-256
22417.390625	21044.0625	plasma-cell	-256
23809.067484662577	21048.82208588957	plasma-cell	-256
22006.411111111112	21052.444444444445	plasma-cell	-256
23060.636363636364	21048.5	plasma-cell	-256
23837.758620689656	21061.44827586207	plasma-cell	-256
23104.44	21070.936	plasma-cell	-256
22919.425531914894	21077.063829787236	plasma-cell	-256
22374.589285714286	21078.41964285714	plasma-cell	-256
21916.482954545456	21087.715909090908	plasma-cell	-256
21992.59162303665	21101.921465968586	plasma-cell	-256
22161.161904761906	21105.904761904763	plasma-cell	-256
22354.090322580647	21110.012903225805	plasma-cell	-256
22000.06611570248	21116.9173553719	plasma-cell	-256
22154.197860962566	21131.080213903744	plasma-cell	-256
22201.339743589742	21141.0641025641	plasma-cell	-256
22320.741071428572	21141.625	plasma-cell	-256
21872.89903846154	21144.634615384617	plasma-cell	-256
22241.48051948052	21157.33766233766	plasma-cell	-256
23630.95	21165.6125	plasma-cell	-256
23289.50505050505	21181.989898989897	plasma-cell	-256
22462.491071428572	21201.464285714286	plasma-cell	-256
23703.62222222222	21199.71111111111	plasma-cell	-256
21827.150442477876	21219.221238938055	plasma-cell	-256
24296.041666666668	21237.359375	plasma-cell	-256
21512.173076923078	21241.153846153848	plasma-cell	-256
21778.466666666667	21252.258333333335	plasma-cell	-256
23744.35593220339	21257.92372881356	plasma-cell	-256
22744.907692307694	21264.8	plasma-cell	-256
22404.216666666667	21274.783333333333	plasma-cell	-256
22343.13492063492	21298.06349206349	plasma-cell	-256
22025.61788617886	21327.869918699187	plasma-cell	-256
23993.538834951454	21344.703883495145	plasma-cell	-256
22058.980582524273	21354.757281553397	plasma-cell	-256
22512.050847457627	21362.466101694914	plasma-cell	-256
23996.066176470587	21362.632352941175	plasma-cell	-256
22348.7304964539	21365.652482269503	plasma-cell	-256
23620.795454545456	21364.93181818182	plasma-cell	-256
23164.51785714286	21368.803571428572	plasma-cell	-256
24104.261744966443	21390.677852348992	plasma-cell	-256
23679.503184713376	21397.554140127388	plasma-cell	-256
23646.072727272727	21401.769696969695	plasma-cell	-256
24001.258620689656	21403.827586206895	plasma-cell	-256
21428.42	21413.39	plasma-cell	-256
24101.691176470587	21419.70588235294	plasma-cell	-256
23575.912	21423.184	plasma-cell	-256
23591.783582089553	21425.358208955226	plasma-cell	-256
22184.169491525423	21429.305084745763	plasma-cell	-256
23569.308370044055	21435.991189427314	plasma-cell	-256
23624.12658227848	21440.185654008437	plasma-cell	-256
23751.039800995026	21439.074626865673	plasma-cell	-256
21444.027027027027	21448.22972972973	plasma-cell	-256
22037.31067961165	21451.6213592233	plasma-cell	-256
23754.252173913042	21456.347826086956	plasma-cell	-256
22338.808333333334	21473.383333333335	plasma-cell	-256
22081.33962264151	21502.735849056604	plasma-cell	-256
22121.29090909091	21510.127272727274	plasma-cell	-256
22410.78448275862	21513.612068965518	plasma-cell	-256
24040.03361344538	21516.5756302521	plasma-cell	-256
22091.520833333332	21514.354166666668	plasma-cell	-256
21922.935714285715	21528.77142857143	plasma-cell	-256
24189.74074074074	21538.35185185185	plasma-cell	-256
22013.27755102041	21552.338775510205	plasma-cell	-256
23593.776119402984	21547.507462686568	plasma-cell	-256
23814.6935483871	21550.483870967742	plasma-cell	-256
23886.78787878788	21565.969696969696	plasma-cell	-256
23798.068027210884	21570.07482993197	plasma-cell	-256
23871.99065420561	21570.149532710282	plasma-cell	-256
23839.75	21579.719696969696	plasma-cell	-256
24181.4	21582.67142857143	plasma-cell	-256
21917.477941176472	21584.375	plasma-cell	-256
23912.317391304347	21584.460869565217	plasma-cell	-256
22747.01754385965	21584.19298245614	plasma-cell	-256
23615.562091503267	21602.7908496732	plasma-cell	-256
23105.414285714287	21603.342857142856	plasma-cell	-256
22351.78787878788	21611.39393939394	plasma-cell	-256
22698.847826086956	21616.652173913044	plasma-cell	-256
23725.824324324323	21616.62162162162	plasma-cell	-256
23927.30841121495	21619.621495327105	plasma-cell	-256
21962.87254901961	21626.00980392157	plasma-cell	-256
24074.273684210526	21629.35789473684	plasma-cell	-256
23882.835443037977	21635.70253164557	plasma-cell	-256
21941.494318181816	21637.965909090908	plasma-cell	-256
23927.72463768116	21640.0	plasma-cell	-256
23687.829545454544	21638.25	plasma-cell	-256
23427.12643678161	21648.689655172413	plasma-cell	-256
22049.675862068965	21654.137931034482	plasma-cell	-256
23273.30769230769	21664.52564102564	plasma-cell	-256
24131.870967741936	21676.09677419355	plasma-cell	-256
22331.368421052633	21682.98245614035	plasma-cell	-256
21925.658914728683	21726.062015503878	plasma-cell	-256
23055.9609375	21728.125	plasma-cell	-256
22992.287356321838	21731.310344827587	plasma-cell	-256
20912.28448275862	21735.83620689655	plasma-cell	-256
24220.75119617225	21737.51196172249	plasma-cell	-256
23225.745664739883	21749.26589595376	plasma-cell	-256
22652.36666666667	21753.166666666668	plasma-cell	-256
22077.779874213837	21769.477987421385	plasma-cell	-256
24128.3984063745	21784.525896414343	plasma-cell	-256
23515.714285714286	21791.761904761905	plasma-cell	-256
22012.209677419356	21813.59677419355	plasma-cell	-256
23782.349056603773	21822.48113207547	plasma-cell	-256
23968.91176470588	21822.817647058822	plasma-cell	-256
23878.684210526317	21827.736842105263	plasma-cell	-256
21938.693333333333	21828.493333333332	plasma-cell	-256
23763.82978723404	21836.117021276597	plasma-cell	-256
23801.98125	21837.64375	plasma-cell	-256
23787.177083333332	21844.6875	plasma-cell	-256
23612.2868852459	21849.762295081968	plasma-cell	-256
22832.416666666668	21851.73148148148	plasma-cell	-256
23756.048780487807	21863.51219512195	plasma-cell	-256
24289.92156862745	21878.245098039217	plasma-cell	-256
21063.41208791209	21891.302197802197	plasma-cell	-256
23859.08762886598	21900.66494845361	plasma-cell	-256
23733.44871794872	21910.69230769231	plasma-cell	-256
23565.955801104974	21918.790055248617	plasma-cell	-256
22740.985714285714	21922.985714285714	plasma-cell	-256
24063.895161290322	21924.645161290322	plasma-cell	-256
21331.951612903227	21928.198924731183	plasma-cell	-256
19928.35135135135	21930.864864864867	plasma-cell	-256
20955.119047619046	21942.833333333332	plasma-cell	-256
23594.208695652174	21950.88695652174	plasma-cell	-256
19945.491525423728	21970.01694915254	plasma-cell	-256
21386.75806451613	21971.25	plasma-cell	-256
23996.945454545454	21981.936363636363	plasma-cell	-256
23680.534246575342	21988.15068493151	plasma-cell	-256
23387.261904761905	21991.72619047619	plasma-cell	-256
20219.008620689656	21996.939655172413	plasma-cell	-256
21884.265	22006.395	plasma-cell	-256
20187.62162162162	22003.54054054054	plasma-cell	-256
21216.883116883117	22006.0	plasma-cell	-256
22979.309278350516	22007.350515463917	plasma-cell	-256
20278.81981981982	22011.405405405407	plasma-cell	-256
22798.13888888889	22011.333333333332	plasma-cell	-256
24118.872881355932	22017.838983050846	plasma-cell	-256
22512.096153846152	22030.29487179487	plasma-cell	-256
21282.868852459018	22048.016393442624	plasma-cell	-256
21907.17578125	22051.7109375	plasma-cell	-256
22079.298969072166	22053.525773195877	plasma-cell	-256
23221.98611111111	22065.194444444445	plasma-cell	-256
23831.08088235294	22065.477941176472	plasma-cell	-256
21299.26126126126	22069.873873873876	plasma-cell	-256
22799.444444444445	22076.0625	plasma-cell	-256
22865.161073825504	22076.986577181207	plasma-cell	-256
23138.685185185186	22076.527777777777	plasma-cell	-256
21940.588571428572	22082.045714285716	plasma-cell	-256
23010.736263736264	22083.25824175824	plasma-cell	-256
23662.843373493975	22088.204819277107	plasma-cell	-256
23811.8875	22094.59375	plasma-cell	-256
23190.930232558138	22098.069767441862	plasma-cell	-256
21270.42156862745	22104.823529411766	plasma-cell	-256
23401.716417910447	22099.417910447763	plasma-cell	-256
22380.822784810127	22102.78481012658	plasma-cell	-256
21377.1220657277	22106.723004694835	plasma-cell	-256
22958.944186046512	22108.25581395349	plasma-cell	-256
20301.863636363636	22108.71212121212	plasma-cell	-256
22429.21212121212	22109.939393939392	plasma-cell	-256
23034.4578313253	22109.89156626506	plasma-cell	-256
21897.86875	22117.63125	plasma-cell	-256
23093.78804347826	22124.364130434784	plasma-cell	-256
20269.972972972973	22129.027027027027	plasma-cell	-256
21411.95238095238	22143.839826839827	plasma-cell	-256
20708.575757575756	22152.090909090908	plasma-cell	-256
21866.39455782313	22161.57823129252	plasma-cell	-256
21387.63306451613	22167.959677419356	plasma-cell	-256
20130.91891891892	22168.63063063063	plasma-cell	-256
20214.05185185185	22176.28148148148	plasma-cell	-256
20144.219047619048	22180.10476190476	plasma-cell	-256
22855.479166666668	22178.177083333332	plasma-cell	-256
23043.921296296296	22208.166666666668	plasma-cell	-256
21171.0625	22206.625	plasma-cell	-256
22246.10059171598	22209.378698224853	plasma-cell	-256
21793.413173652694	22221.40119760479	plasma-cell	-256
24007.165413533836	22235.157894736843	plasma-cell	-256
20846.562091503267	22249.313725490196	plasma-cell	-256
22947.655172413793	22246.137931034482	plasma-cell	-256
23853.445054945056	22256.906593406595	plasma-cell	-256
24114.41176470588	22268.70588235294	plasma-cell	-256
23823.81081081081	22271.18918918919	plasma-cell	-256
20827.978260869564	22273.630434782608	plasma-cell	-256
23900.89108910891	22275.37623762376	plasma-cell	-256
23944.887640449437	22286.38202247191	plasma-cell	-256
20848.78962536023	22291.743515850143	plasma-cell	-256
21505.204301075268	22293.182795698925	plasma-cell	-256
23806.70338983051	22299.830508474577	plasma-cell	-256
21111.054852320674	22327.042194092828	plasma-cell	-256
21554.195454545454	22332.227272727272	plasma-cell	-256
23225.40243902439	22333.60975609756	plasma-cell	-256
23850.159663865546	22340.168067226892	plasma-cell	-256
21141.580110497238	22377.806629834253	plasma-cell	-256
23719.25925925926	22387.864197530864	plasma-cell	-256
21173.65306122449	22404.261224489797	plasma-cell	-256
21193.35175879397	22401.195979899498	plasma-cell	-256
20338.71052631579	22400.342105263157	plasma-cell	-256
21016.493975903613	22411.385542168675	plasma-cell	-256
21790.812121212122	22435.121212121212	plasma-cell	-256
23805.930555555555	22451.708333333332	plasma-cell	-256
24385.446428571428	22452.946428571428	plasma-cell	-256
21740.05789473684	22472.936842105264	plasma-cell	-256
21838.406779661018	22483.593220338982	plasma-cell	-256
24415.673076923078	22487.74519230769	plasma-cell	-256
23971.610294117647	22490.529411764706	plasma-cell	-256
23761.633663366338	22492.237623762376	plasma-cell	-256
23612.987654320987	22501.623456790123	plasma-cell	-256
23838.695652173912	22498.380434782608	plasma-cell	-256
20565.0	22501.756097560974	plasma-cell	-256
21814.485436893203	22504.873786407767	plasma-cell	-256
24376.925	22517.21	plasma-cell	-256
21796.707142857143	22518.60714285714	plasma-cell	-256
21266.683333333334	22526.411111111112	plasma-cell	-256
21713.66285714286	22527.08	plasma-cell	-256
23942.045045045044	22524.225225225226	plasma-cell	-256
24344.456140350878	22523.56140350877	plasma-cell	-256
24392.298245614034	22527.40350877193	plasma-cell	-256
21872.642335766424	22544.094890510947	plasma-cell	-256
21206.548780487807	22549.560975609755	plasma-cell	-256
21900.02298850575	22550.264367816093	plasma-cell	-256
21228.96405228758	22566.313725490196	plasma-cell	-256
23658.012121212123	22564.484848484848	plasma-cell	-256
21721.928571428572	22566.164285714287	plasma-cell	-256
24332.525	22575.05	plasma-cell	-256
23897.604395604394	22578.494505494506	plasma-cell	-256
24491.915887850468	22601.934579439254	plasma-cell	-256
21298.24832214765	22623.89932885906	plasma-cell	-256
23657.968085106382	22634.75	plasma-cell	-256
24206.941935483872	22633.890322580646	plasma-cell	-256
24488.433070866144	22633.88188976378	plasma-cell	-256
24498.661375661377	22638.629629629628	plasma-cell	-256
24406.71052631579	22637.122807017542	plasma-cell	-256
21702.73076923077	22641.0641025641	plasma-cell	-256
21820.877551020407	22646.147959183672	plasma-cell	-256
24520.18220338983	22645.754237288136	plasma-cell	-256
21548.991525423728	22665.02966101695	plasma-cell	-256
21721.462068965517	22698.910344827586	plasma-cell	-256
24332.902097902097	22698.95804195804	plasma-cell	-256
24358.746913580246	22701.166666666668	plasma-cell	-256
21473.909836065573	22700.516393442624	plasma-cell	-256
23892.456692913387	22700.67716535433	plasma-cell	-256
23688.617647058825	22702.191176470587	plasma-cell	-256
21648.872727272726	22708.19393939394	plasma-cell	-256
23564.474226804123	22719.345360824744	plasma-cell	-256
24287.436974789918	22716.59663865546	plasma-cell	-256
23895.3417721519	22720.74683544304	plasma-cell	-256
24398.426666666666	22729.4	plasma-cell	-256
21201.592307692306	22737.176923076924	plasma-cell	-256
24215.666666666668	22752.4	plasma-cell	-256
24350.43956043956	22763.578754578753	plasma-cell	-256
20852.5987654321	22771.672839506173	plasma-cell	-256
24271.436363636363	22771.827272727274	plasma-cell	-256
20963.096446700507	22773.670050761422	plasma-cell	-256
21830.543624161073	22781.81879194631	plasma-cell	-256
21436.652597402597	22784.532467532466	plasma-cell	-256
24397.375	22797.037037037036	plasma-cell	-256
21666.28275862069	22794.475862068964	plasma-cell	-256
21427.432727272728	22826.596363636363	plasma-cell	-256
21813.455782312925	22828.414965986394	plasma-cell	-256
21020.09677419355	22838.72258064516	plasma-cell	-256
24319.23394495413	22839.605504587154	plasma-cell	-256
24444.252173913042	22840.608695652176	plasma-cell	-256
21223.022222222222	22846.755555555555	plasma-cell	-256
24393.184684684686	22854.463963963964	plasma-cell	-256
24418.981927710844	22862.12048192771	plasma-cell	-256
21752.542056074766	22862.89719626168	plasma-cell	-256
21229.24742268041	22869.536082474227	plasma-cell	-256
21163.035714285714	22881.428571428572	plasma-cell	-256
21482.67213114754	22893.237704918032	plasma-cell	-256
21595.287735849055	22899.82075471698	plasma-cell	-256
21735.766666666666	22897.3	plasma-cell	-256
24396.61386138614	22905.326732673268	plasma-cell	-256
21260.908256880735	22915.064220183485	plasma-cell	-256
21508.258865248226	22924.163120567377	plasma-cell	-256
24422.272727272728	22944.29946524064	plasma-cell	-256
24344.915887850468	22954.682242990653	plasma-cell	-256
24339.468899521533	22988.794258373207	plasma-cell	-256
24397.24832214765	23001.71812080537	plasma-cell	-256
23860.333333333332	23006.095238095237	plasma-cell	-256
24413.0	23011.80132450331	plasma-cell	-256
24388.211678832115	23030.890510948906	plasma-cell	-256
24366.090322580647	23033.393548387096	plasma-cell	-256
24384.95108695652	23094.070652173912	plasma-cell	-256
24342.72	23098.95	plasma-cell	-256
24353.853658536587	23096.0	plasma-cell	-256
24323.983193277312	23099.983193277312	plasma-cell	-256
24432.267605633802	23111.075117370892	plasma-cell	-256
24380.814569536422	23122.781456953642	plasma-cell	-256
24355.00684931507	23124.41095890411	plasma-cell	-256
24304.85779816514	23128.58256880734	plasma-cell	-256
24356.373913043477	23186.94347826087	plasma-cell	-256
24357.333333333332	23209.527777777777	plasma-cell	-256
24166.241379310344	23215.1724137931	plasma-cell	-256
24340.529801324505	23328.026490066226	plasma-cell	-256
24413.831578947367	23352.284210526315	plasma-cell	-256
24391.137404580153	23411.97709923664	plasma-cell	-256
24201.454545454544	23412.590909090908	plasma-cell	-256
24426.125	23454.734375	plasma-cell	-256
24134.676470588234	23579.33088235294	plasma-cell	-256
24091.150375939847	23670.954887218046	plasma-cell	-256
24141.118811881188	23684.31683168317	plasma-cell	-256
23689.0	23713.53846153846	plasma-cell	-256
23437.0	23723.1512605042	plasma-cell	-256
23794.115384615383	23742.9358974359	plasma-cell	-256
23593.602272727272	23746.397727272728	plasma-cell	-256
23038.64893617021	23779.64893617021	plasma-cell	-256
23156.28	23816.97	plasma-cell	-256
24402.06557377049	23838.844262295082	plasma-cell	-256
24398.39024390244	23849.670731707316	plasma-cell	-256
24143.49411764706	23852.2	plasma-cell	-256
22966.060606060608	23897.333333333332	plasma-cell	-256
23587.42391304348	23946.597826086956	plasma-cell	-256
23408.125	24020.71875	plasma-cell	-256
24192.65306122449	24030.551020408162	plasma-cell	-256
22901.182926829268	24061.682926829268	plasma-cell	-256
23939.319672131147	24167.754098360656	plasma-cell	-256
24471.370786516854	24166.280898876405	plasma-cell	-256
23471.74025974026	24298.506493506495	plasma-cell	-256
23824.053571428572	24449.526785714286	plasma-cell	-256
23143.162162162163	24514.37837837838	plasma-cell	-256
24065.141304347824	24648.934782608696	plasma-cell	-256
24080.59829059829	24655.153846153844	plasma-cell	-256
23719.876543209877	24714.32098765432	plasma-cell	-256
23458.64150943396	24726.67924528302	plasma-cell	-256
23470.03125	24739.09375	plasma-cell	-256
23748.456692913387	24783.338582677166	plasma-cell	-256
24306.094594594593	24811.972972972973	plasma-cell	-256
24484.16417910448	24820.059701492537	plasma-cell	-256
24184.567567567567	24847.61081081081	plasma-cell	-256
24479.0625	24849.19375	plasma-cell	-256
24109.466666666667	24858.62857142857	plasma-cell	-256
24496.085365853658	24860.835365853658	plasma-cell	-256
24328.666666666668	24868.305555555555	plasma-cell	-256
24460.297297297297	24868.0	plasma-cell	-256
24467.128	24874.824	plasma-cell	-256
24065.69396551724	24886.0474137931	plasma-cell	-256
24461.635869565216	24893.478260869564	plasma-cell	-256
24284.94396551724	24902.831896551725	plasma-cell	-256
24057.896551724138	24910.229885057473	plasma-cell	-256
23879.764705882353	24904.717647058824	plasma-cell	-256
24156.380530973453	24907.371681415927	plasma-cell	-256
24266.6	24915.98947368421	plasma-cell	-256
24471.980891719744	24919.955414012737	plasma-cell	-256
24281.246153846154	24923.56923076923	plasma-cell	-256
23604.272727272728	24923.545454545456	plasma-cell	-256
24406.700787401576	24949.17322834646	plasma-cell	-256
24473.565217391304	25017.373913043477	plasma-cell	-256
24419.044025157233	25270.98113207547	plasma-cell	-256
24464.82170542636	25299.457364341084	plasma-cell	-256
24075.641025641024	25356.102564102563	plasma-cell	-256
24308.076530612245	25368.219387755104	plasma-cell	-256
24174.120370370372	25473.09259259259	plasma-cell	-256
24272.505263157895	25479.6	plasma-cell	-256
24159.196261682242	25486.40186915888	plasma-cell	-256
24183.859375	25490.6875	plasma-cell	-256
24088.908045977012	25493.954022988506	plasma-cell	-256
24511.94623655914	25708.290322580644	plasma-cell	-256
23089.186440677964	51466.28813559322	plasma-cell	-256
22338.41379310345	51588.41379310345	plasma-cell	-256
22278.14285714286	51633.22857142857	plasma-cell	-256
19709.74418604651	52097.70542635659	plasma-cell	-256
23095.43373493976	52143.72289156626	plasma-cell	-256
19666.77049180328	52166.27868852459	plasma-cell	-256
20003.1	52202.62	plasma-cell	-256
22484.128205128203	52227.02564102564	plasma-cell	-256
22509.5	52226.6	plasma-cell	-256
23778.916666666668	52226.083333333336	plasma-cell	-256
23510.145833333332	52296.916666666664	plasma-cell	-256
22484.61224489796	52307.57142857143	plasma-cell	-256
22469.136	52318.232	plasma-cell	-256
20159.5	52387.25675675676	plasma-cell	-256
19759.43859649123	52517.28070175439	plasma-cell	-256
22793.464285714286	52520.46428571428	plasma-cell	-256
23019.18947368421	52548.16842105263	plasma-cell	-256
24128.173333333332	52575.013333333336	plasma-cell	-256
20299.926470588234	52678.16176470588	plasma-cell	-256
20280.955	52722.325	plasma-cell	-256
20319.23404255319	52726.02127659575	plasma-cell	-256
20298.340909090908	52735.931818181816	plasma-cell	-256
20282.173333333332	52755.84	plasma-cell	-256
20240.2	52762.0	plasma-cell	-256
23648.583333333332	52764.416666666664	plasma-cell	-256
23629.43670886076	52783.63924050633	plasma-cell	-256
20254.83259911894	52789.700440528635	plasma-cell	-256
20262.722891566264	52808.06827309237	plasma-cell	-256
20339.565217391304	52816.72173913044	plasma-cell	-256
22051.061538461538	52854.29230769231	plasma-cell	-256
19869.90243902439	52854.170731707316	plasma-cell	-256
23616.79487179487	52855.61538461538	plasma-cell	-256
24441.507462686568	52860.10447761194	plasma-cell	-256
23630.243243243243	52863.26126126126	plasma-cell	-256
24393.60975609756	52867.12195121951	plasma-cell	-256
20085.945205479453	52879.91780821918	plasma-cell	-256
24277.932432432433	52909.67567567567	plasma-cell	-256
20171.093220338982	52915.56779661017	plasma-cell	-256
20145.130890052355	52929.3664921466	plasma-cell	-256
20018.8	52938.5	plasma-cell	-256
20281.83422459893	52938.97326203209	plasma-cell	-256
24091.739583333332	52948.46875	plasma-cell	-256
20144.059113300493	52953.74384236453	plasma-cell	-256
21391.39285714286	52955.0	plasma-cell	-256
22639.011764705883	52968.882352941175	plasma-cell	-256
20221.125	52971.32142857143	plasma-cell	-256
19832.47142857143	52986.885714285716	plasma-cell	-256
22711.830508474577	52990.61016949153	plasma-cell	-256
24396.0	53004.343434343435	plasma-cell	-256
22622.52380952381	53007.90476190476	plasma-cell	-256
24297.80733944954	53037.25688073394	plasma-cell	-256
23730.725	53100.03333333333	plasma-cell	-256
23696.723684210527	53114.78947368421	plasma-cell	-256
20199.26271186441	53157.22881355932	plasma-cell	-256
20053.567901234568	53219.77777777778	plasma-cell	-256
22396.27027027027	53258.657657657655	plasma-cell	-256
22376.081632653062	53267.42857142857	plasma-cell	-256
22793.295454545456	53323.295454545456	plasma-cell	-256
20944.113095238095	53447.52380952381	plasma-cell	-256
21851.6	53592.01666666667	plasma-cell	-256
22129.125	53604.96875	plasma-cell	-256
19644.54054054054	53720.72972972973	plasma-cell	-256
19846.175824175825	53739.769230769234	plasma-cell	-256
21256.900621118013	53759.664596273295	plasma-cell	-256
19994.563218390806	53758.988505747126	plasma-cell	-256
21217.456	53784.312	plasma-cell	-256
20047.60714285714	53793.5	plasma-cell	-256
21164.25	53795.267857142855	plasma-cell	-256
21324.563265306122	53825.08571428571	plasma-cell	-256
21152.65243902439	53842.81707317073	plasma-cell	-256
21232.362068965518	53879.5	plasma-cell	-256
22322.929032258064	53903.21935483871	plasma-cell	-256
21116.288732394365	53920.09154929577	plasma-cell	-256
20055.982300884956	53924.63716814159	plasma-cell	-256
22540.6	53924.9	plasma-cell	-256
21113.41875	53939.96875	plasma-cell	-256
22324.798507462685	53938.477611940296	plasma-cell	-256
20057.120967741936	53943.25806451613	plasma-cell	-256
21095.055118110235	53952.62992125984	plasma-cell	-256
22492.821705426355	53956.29457364341	plasma-cell	-256
20866.53125	53973.291666666664	plasma-cell	-256
22179.373493975905	53979.59638554217	plasma-cell	-256
23507.93220338983	53981.47457627118	plasma-cell	-256
22505.56179775281	53987.011235955055	plasma-cell	-256
22216.236559139783	53993.354838709674	plasma-cell	-256
20836.3007518797	53997.86466165414	plasma-cell	-256
22175.88	54015.88	plasma-cell	-256
22190.40157480315	54032.55905511811	plasma-cell	-256
22207.992481203008	54048.12781954887	plasma-cell	-256
22214.739999999998	54064.4	plasma-cell	-256
22268.25	54097.330882352944	plasma-cell	-256
21077.2	54097.54	plasma-cell	-256
20908.518248175184	54111.9197080292	plasma-cell	-256
22281.114285714284	54138.577142857146	plasma-cell	-256
22153.162162162163	54162.5	plasma-cell	-256
22289.316176470587	54174.529411764706	plasma-cell	-256
21537.290780141844	54199.085106382976	plasma-cell	-256
21178.469298245614	54211.162280701756	plasma-cell	-256
22306.900584795323	54212.7485380117	plasma-cell	-256
21313.926136363636	54220.34090909091	plasma-cell	-256
19669.8	54229.89166666666	plasma-cell	-256
22546.221476510065	54235.154362416106	plasma-cell	-256
22506.863945578232	54237.462585034016	plasma-cell	-256
20092.581395348836	54241.08527131783	plasma-cell	-256
19737.3875	54251.875	plasma-cell	-256
22180.125	54254.635416666664	plasma-cell	-256
21529.031578947368	54264.6	plasma-cell	-256
20104.85606060606	54283.52272727273	plasma-cell	-256
21927.061643835616	54288.308219178085	plasma-cell	-256
22427.785714285714	54290.23809523809	plasma-cell	-256
21944.027777777777	54295.020833333336	plasma-cell	-256
22223.146666666667	54297.84	plasma-cell	-256
22555.616	54297.68	plasma-cell	-256
21665.013698630137	54301.561643835616	plasma-cell	-256
19742.085714285713	54306.87619047619	plasma-cell	-256
20217.467532467534	54313.46103896104	plasma-cell	-256
22338.057553956834	54325.92805755396	plasma-cell	-256
20104.47619047619	54335.49206349206	plasma-cell	-256
22263.5593220339	54340.86440677966	plasma-cell	-256
20198.3	54350.37333333334	plasma-cell	-256
21232.5	54348.67592592593	plasma-cell	-256
21226.758620689656	54357.10344827586	plasma-cell	-256
21957.870370370372	54371.055555555555	plasma-cell	-256
21939.104895104894	54377.041958041955	plasma-cell	-256
21212.91129032258	54382.403225806454	plasma-cell	-256
21245.830985915494	54415.83098591549	plasma-cell	-256
21181.48598130841	54419.168224299065	plasma-cell	-256
21935.18	54424.14	plasma-cell	-256
21942.084210526315	54431.29473684211	plasma-cell	-256
21310.95798319328	54442.58823529412	plasma-cell	-256
21166.5	54450.34459459459	plasma-cell	-256
21195.82300884956	54446.96460176991	plasma-cell	-256
22336.76223776224	54447.006993006995	plasma-cell	-256
19744.66379310345	54455.91379310345	plasma-cell	-256
22344.716216216217	54458.46621621621	plasma-cell	-256
19766.934782608696	54459.63043478261	plasma-cell	-256
19946.435483870966	54465.54838709677	plasma-cell	-256
22563.300884955752	54465.37168141593	plasma-cell	-256
21181.69291338583	54467.086614173226	plasma-cell	-256
21213.24761904762	54469.26666666666	plasma-cell	-256
22154.928104575163	54479.45751633987	plasma-cell	-256
22331.75	54481.1328125	plasma-cell	-256
22116.733333333334	54487.32380952381	plasma-cell	-256
19847.34831460674	54492.168539325845	plasma-cell	-256
19616.736842105263	54497.73684210527	plasma-cell	-256
22124.97435897436	54503.269230769234	plasma-cell	-256
21946.492424242424	54505.32575757576	plasma-cell	-256
19744.972602739726	54509.13698630137	plasma-cell	-256
22335.10743801653	54513.694214876035	plasma-cell	-256
20026.24603174603	54514.95238095238	plasma-cell	-256
21131.12048192771	54519.048192771086	plasma-cell	-256
21950.602564102563	54522.83974358974	plasma-cell	-256
22302.422018348625	54520.91743119266	plasma-cell	-256
20992.53076923077	54522.307692307695	plasma-cell	-256
21145.817204301075	54521.591397849465	plasma-cell	-256
20991.91304347826	54536.59782608696	plasma-cell	-256
19757.65945945946	54545.45945945946	plasma-cell	-256
20058.836363636365	54551.38181818182	plasma-cell	-256
22095.691489361703	54554.53191489362	plasma-cell	-256
21263.309278350516	54559.42268041237	plasma-cell	-256
20055.473333333335	54565.653333333335	plasma-cell	-256
22330.137404580153	54578.87786259542	plasma-cell	-256
19693.60714285714	54581.107142857145	plasma-cell	-256
22000.945736434107	54593.6976744186	plasma-cell	-256
22319.222222222223	54606.52777777778	plasma-cell	-256
22009.25925925926	54615.765432098764	plasma-cell	-256
22338.032258064515	54625.32258064516	plasma-cell	-256
22014.25	54628.13636363637	plasma-cell	-256
19656.020833333332	54628.854166666664	plasma-cell	-256
22034.021739130436	54631.25362318841	plasma-cell	-256
22420.955223880595	54635.96019900498	plasma-cell	-256
22365.639344262294	54638.17213114754	plasma-cell	-256
19688.063829787236	54645.70212765958	plasma-cell	-256
22333.178082191782	54651.479452054795	plasma-cell	-256
22375.32222222222	54666.21666666667	plasma-cell	-256
22091.285714285714	54667.494505494506	plasma-cell	-256
22151.342857142856	54665.94285714286	plasma-cell	-256
22184.246987951807	54668.40361445783	plasma-cell	-256
22145.36111111111	54679.11111111111	plasma-cell	-256
22029.279411764706	54684.882352941175	plasma-cell	-256
21289.11	54688.64	plasma-cell	-256
21001.401960784315	54691.950980392154	plasma-cell	-256
19719.428571428572	54697.24285714286	plasma-cell	-256
21018.226666666666	54735.6	plasma-cell	-256
19830.567567567567	54764.729729729734	plasma-cell	-256
22232.864583333332	54805.25	plasma-cell	-256
22026.655172413793	54813.78448275862	plasma-cell	-256
22493.185185185186	54829.694444444445	plasma-cell	-256
21079.48888888889	54846.11851851852	plasma-cell	-256
22174.901515151516	54898.780303030304	plasma-cell	-256
21412.944444444445	54931.0	plasma-cell	-256
22352.483516483517	54946.846153846156	plasma-cell	-256
19988.772727272728	54956.204545454544	plasma-cell	-256
22431.533333333333	54959.46666666667	plasma-cell	-256
23515.747368421053	54981.46315789474	plasma-cell	-256
23477.458333333332	54988.427083333336	plasma-cell	-256
21776.956989247312	54997.95161290323	plasma-cell	-256
22837.15068493151	54995.931506849316	plasma-cell	-256
23702.41489361702	55011.22340425532	plasma-cell	-256
21786.14893617021	55017.29787234042	plasma-cell	-256
23398.1511627907	55026.82558139535	plasma-cell	-256
23380.267605633802	55037.394366197186	plasma-cell	-256
23745.43918918919	55058.66216216216	plasma-cell	-256
23707.2	55057.61052631579	plasma-cell	-256
23321.23275862069	55062.0	plasma-cell	-256
23723.826923076922	55062.307692307695	plasma-cell	-256
23420.06329113924	55081.22784810126	plasma-cell	-256
19953.89898989899	55081.31313131313	plasma-cell	-256
21798.72625698324	55081.31284916201	plasma-cell	-256
23496.08	55083.34	plasma-cell	-256
19986.268656716416	55100.87313432836	plasma-cell	-256
23311.579268292684	55102.0243902439	plasma-cell	-256
23428.16352201258	55103.9748427673	plasma-cell	-256
23357.541666666668	55151.680555555555	plasma-cell	-256
23402.571428571428	55167.08571428571	plasma-cell	-256
21510.73275862069	55173.724137931036	plasma-cell	-256
23400.008547008547	55178.68376068376	plasma-cell	-256
23170.254237288136	55178.42372881356	plasma-cell	-256
23887.267605633802	55183.112676056335	plasma-cell	-256
22899.39534883721	55205.72093023256	plasma-cell	-256
23305.816993464054	55214.2614379085	plasma-cell	-256
23174.208333333332	55233.09375	plasma-cell	-256
24238.257668711656	55236.398773006134	plasma-cell	-256
23384.575	55237.8625	plasma-cell	-256
24195.157142857144	55240.7	plasma-cell	-256
23364.50704225352	55245.380281690144	plasma-cell	-256
23804.865853658535	55245.01219512195	plasma-cell	-256
22320.385416666668	55267.270833333336	plasma-cell	-256
24279.425925925927	55271.03703703704	plasma-cell	-256
23447.491071428572	55279.357142857145	plasma-cell	-256
24261.95	55299.025	plasma-cell	-256
24292.727272727272	55306.98863636363	plasma-cell	-256
23094.918367346938	55313.92857142857	plasma-cell	-256
24253.46783625731	55324.3216374269	plasma-cell	-256
20088.73780487805	55326.079268292684	plasma-cell	-256
24134.848484848484	55327.080808080806	plasma-cell	-256
23643.3125	55331.677083333336	plasma-cell	-256
24250.315384615384	55342.730769230766	plasma-cell	-256
20092.248201438848	55356.8309352518	plasma-cell	-256
19720.370967741936	55361.6370967742	plasma-cell	-256
20128.433035714286	55369.30357142857	plasma-cell	-256
23661.414634146342	55377.87804878049	plasma-cell	-256
24286.015384615384	55394.00769230769	plasma-cell	-256
20113.310043668123	55397.47598253275	plasma-cell	-256
23136.216216216217	55396.87837837838	plasma-cell	-256
23719.772727272728	55396.121212121216	plasma-cell	-256
20128.833333333332	55406.6282051282	plasma-cell	-256
20055.302325581397	55422.0	plasma-cell	-256
23166.967741935485	55424.37096774194	plasma-cell	-256
23336.257575757576	55431.13636363637	plasma-cell	-256
21908.980392156864	55442.06862745098	plasma-cell	-256
23047.376470588235	55442.58823529412	plasma-cell	-256
21558.792792792792	55444.52252252252	plasma-cell	-256
23382.14383561644	55446.46575342466	plasma-cell	-256
22980.50909090909	55445.63636363637	plasma-cell	-256
23052.605633802817	55453.535211267605	plasma-cell	-256
23796.32	55459.752	plasma-cell	-256
19900.418367346938	55465.57142857143	plasma-cell	-256
22341.40425531915	55472.22695035461	plasma-cell	-256
23157.01851851852	55490.03703703704	plasma-cell	-256
19864.257575757576	55511.48484848485	plasma-cell	-256
23434.79464285714	55526.3125	plasma-cell	-256
22368.375	55530.916666666664	plasma-cell	-256
23971.645569620254	55543.12658227848	plasma-cell	-256
19744.095238095237	55584.19047619047	plasma-cell	-256
23807.74166666667	55614.825	plasma-cell	-256
21844.322033898305	55642.457627118645	plasma-cell	-256
20011.75	55647.375	plasma-cell	-256
24178.455445544554	55653.9702970297	plasma-cell	-256
23020.568965517243	55669.362068965514	plasma-cell	-256
19980.17777777778	55673.73333333334	plasma-cell	-256
23010.68	55675.26	plasma-cell	-256
23531.93233082707	55680.64661654135	plasma-cell	-256
20002.31111111111	55689.595555555556	plasma-cell	-256
22983.64	55696.6	plasma-cell	-256
21859.881355932204	55698.38983050847	plasma-cell	-256
23997.38349514563	55703.87378640777	plasma-cell	-256
23051.444444444445	55706.87777777778	plasma-cell	-256
19989.266666666666	55713.94666666667	plasma-cell	-256
21589.369047619046	55716.48809523809	plasma-cell	-256
21868.911111111112	55727.71111111111	plasma-cell	-256
19859.375	55730.625	plasma-cell	-256
19875.235294117647	55746.7705882353	plasma-cell	-256
24402.967741935485	55748.41935483871	plasma-cell	-256
19991.98181818182	55757.3	plasma-cell	-256
22968.0	55764.351851851854	plasma-cell	-256
19955.77245508982	55773.616766467065	plasma-cell	-256
22827.0	55774.5	plasma-cell	-256
21204.625	55795.171875	plasma-cell	-256
24419.87074829932	55800.102040816324	plasma-cell	-256
22965.4	55803.07142857143	plasma-cell	-256
20045.10891089109	55814.33168316832	plasma-cell	-256
19746.486486486487	55823.16216216216	plasma-cell	-256
20000.22	55826.81	plasma-cell	-256
22628.145161290322	55829.790322580644	plasma-cell	-256
23213.25	55832.795454545456	plasma-cell	-256
23872.541666666668	55840.45	plasma-cell	-256
23220.153846153848	55838.67307692308	plasma-cell	-256
24383.783783783783	55847.84864864865	plasma-cell	-256
19945.654205607476	55852.14953271028	plasma-cell	-256
19761.528301886792	55853.52830188679	plasma-cell	-256
23234.010416666668	55861.166666666664	plasma-cell	-256
21615.083916083917	55866.881118881116	plasma-cell	-256
19896.74712643678	55870.19540229885	plasma-cell	-256
24300.835443037977	55873.59493670886	plasma-cell	-256
22303.04761904762	55877.21428571428	plasma-cell	-256
19911.970802919706	55881.96350364963	plasma-cell	-256
20018.19387755102	55881.4081632653	plasma-cell	-256
24323.892523364484	55889.28504672897	plasma-cell	-256
19733.880952380954	55892.079365079364	plasma-cell	-256
19628.518292682926	55895.48170731707	plasma-cell	-256
24407.975369458127	55903.92118226601	plasma-cell	-256
21861.31168831169	55919.993506493505	plasma-cell	-256
24398.252136752137	55929.34188034188	plasma-cell	-256
19599.95625	55930.9125	plasma-cell	-256
24382.2	55932.65454545455	plasma-cell	-256
22189.50980392157	55932.82352941176	plasma-cell	-256
23719.03947368421	55934.22368421053	plasma-cell	-256
23281.18085106383	55937.5	plasma-cell	-256
21303.151515151516	55940.767676767675	plasma-cell	-256
21863.197802197803	55942.769230769234	plasma-cell	-256
21206.93548387097	55947.74193548387	plasma-cell	-256
24298.78125	55952.161458333336	plasma-cell	-256
22052.891891891893	55949.56756756757	plasma-cell	-256
21548.704545454544	55962.40454545455	plasma-cell	-256
23194.706521739132	55974.80434782609	plasma-cell	-256
22671.054945054944	55976.96703296703	plasma-cell	-256
21547.080459770114	55988.574712643676	plasma-cell	-256
24439.110091743118	55990.85321100918	plasma-cell	-256
23676.86111111111	55998.5	plasma-cell	-256
23193.708333333332	55998.333333333336	plasma-cell	-256
24416.246575342466	56000.12328767123	plasma-cell	-256
21823.40404040404	56019.90404040404	plasma-cell	-256
24082.68103448276	56026.474137931036	plasma-cell	-256
23637.72	56038.166666666664	plasma-cell	-256
21573.341463414636	56038.87804878049	plasma-cell	-256
22639.839743589742	56046.46153846154	plasma-cell	-256
23105.333333333332	56050.333333333336	plasma-cell	-256
22965.90350877193	56066.62280701754	plasma-cell	-256
21620.85714285714	56083.58441558442	plasma-cell	-256
23124.039215686273	56086.19607843137	plasma-cell	-256
19920.90625	56097.671875	plasma-cell	-256
19919.75	56114.88461538462	plasma-cell	-256
24310.766666666666	56118.55	plasma-cell	-256
20006.97247706422	56143.16513761468	plasma-cell	-256
22352.333333333332	56144.206896551725	plasma-cell	-256
22218.684684684686	56157.83783783784	plasma-cell	-256
22352.375	56167.857142857145	plasma-cell	-256
24012.65168539326	56181.25842696629	plasma-cell	-256
19752.524475524475	56187.03496503497	plasma-cell	-256
22527.948453608245	56209.742268041235	plasma-cell	-256
22856.87323943662	56211.7323943662	plasma-cell	-256
20274.130841121496	56215.42056074766	plasma-cell	-256
19922.232044198896	56223.19337016575	plasma-cell	-256
22516.333333333332	56221.72727272727	plasma-cell	-256
19856.75	56221.642857142855	plasma-cell	-256
23500.319796954314	56225.497461928935	plasma-cell	-256
23969.494845360823	56237.030927835054	plasma-cell	-256
19726.385964912282	56244.98245614035	plasma-cell	-256
21061.053333333333	56243.973333333335	plasma-cell	-256
21066.8125	56244.5	plasma-cell	-256
19752.911504424777	56256.87610619469	plasma-cell	-256
19877.0	56255.391304347824	plasma-cell	-256
22367.81111111111	56255.3	plasma-cell	-256
22778.4358974359	56260.5641025641	plasma-cell	-256
20378.352941176472	56261.17647058824	plasma-cell	-256
19714.28455284553	56269.12195121951	plasma-cell	-256
23001.62162162162	56269.48648648649	plasma-cell	-256
21186.81325301205	56273.98192771085	plasma-cell	-256
23928.3	56274.364285714284	plasma-cell	-256
19762.620689655174	56274.89655172414	plasma-cell	-256
23969.754237288136	56279.6186440678	plasma-cell	-256
19636.11811023622	56280.97637795276	plasma-cell	-256
19620.16091954023	56292.44827586207	plasma-cell	-256
21141.950819672133	56292.55737704918	plasma-cell	-256
21969.485714285714	56294.25714285714	plasma-cell	-256
23265.372972972975	56308.43243243243	plasma-cell	-256
19633.55844155844	56323.545454545456	plasma-cell	-256
22475.267441860466	56329.54651162791	plasma-cell	-256
21140.131736526946	56383.67664670659	plasma-cell	-256
21294.806282722515	56397.65968586387	plasma-cell	-256
22831.21359223301	56426.95145631068	plasma-cell	-256
23285.757575757576	56434.56060606061	plasma-cell	-256
21683.629629629628	56452.555555555555	plasma-cell	-256
23504.30708661417	56455.52755905512	plasma-cell	-256
22566.031746031746	56460.60317460317	plasma-cell	-256
22542.689393939392	56465.15151515151	plasma-cell	-256
21759.581699346403	56469.686274509804	plasma-cell	-256
21528.275	56475.6	plasma-cell	-256
21365.40243902439	56480.792682926825	plasma-cell	-256
21324.985915492958	56491.57746478873	plasma-cell	-256
21524.311258278147	56491.29801324503	plasma-cell	-256
19844.377049180326	56493.147540983606	plasma-cell	-256
22554.39393939394	56495.242424242424	plasma-cell	-256
21322.950980392157	56510.794117647056	plasma-cell	-256
22417.6815920398	56519.90049751244	plasma-cell	-256
23422.460869565217	56539.22608695652	plasma-cell	-256
19959.46913580247	56571.27160493827	plasma-cell	-256
23496.38333333333	56576.666666666664	plasma-cell	-256
23470.057971014492	56593.89855072464	plasma-cell	-256
23021.927272727273	56597.163636363635	plasma-cell	-256
22337.068965517243	56629.70114942529	plasma-cell	-256
20057.152173913044	56647.75	plasma-cell	-256
21549.370370370372	56648.48148148148	plasma-cell	-256
21700.365384615383	56650.75961538462	plasma-cell	-256
23184.955555555556	56652.83703703704	plasma-cell	-256
22677.25321888412	56662.94849785408	plasma-cell	-256
22978.924528301886	56663.377358490565	plasma-cell	-256
21770.733333333334	56668.64166666666	plasma-cell	-256
22997.153846153848	56669.03846153846	plasma-cell	-256
22697.632478632477	56675.094017094016	plasma-cell	-256
21703.085714285713	56678.28571428572	plasma-cell	-256
22183.614457831325	56704.301204819276	plasma-cell	-256
22250.128205128203	56707.35897435898	plasma-cell	-256
22766.37012987013	56715.896103896106	plasma-cell	-256
23010.37142857143	56712.77142857143	plasma-cell	-256
21686.51219512195	56717.5	plasma-cell	-256
23613.142857142855	56715.58441558442	plasma-cell	-256
22819.422077922078	56723.48051948052	plasma-cell	-256
22788.9837398374	56725.528455284555	plasma-cell	-256
22770.3	56737.473333333335	plasma-cell	-256
23075.79	56739.38	plasma-cell	-256
21925.492753623188	56741.05072463768	plasma-cell	-256
23476.0	56741.63076923077	plasma-cell	-256
22791.115384615383	56753.39230769231	plasma-cell	-256
23164.655462184874	56757.336134453784	plasma-cell	-256
22715.72	56768.04	plasma-cell	-256
23172.86046511628	56771.457364341084	plasma-cell	-256
22423.03448275862	56789.55172413793	plasma-cell	-256
22786.567567567567	56803.78378378379	plasma-cell	-256
23027.865853658535	56842.939024390245	plasma-cell	-256
23053.119402985074	56855.651741293535	plasma-cell	-256
23234.41592920354	56862.41592920354	plasma-cell	-256
22741.926829268294	56870.939024390245	plasma-cell	-256
22826.421621621623	56928.04324324324	plasma-cell	-256
22879.10606060606	56936.257575757576	plasma-cell	-256
22823.409523809525	56956.066666666666	plasma-cell	-256
22869.89175257732	56956.5412371134	plasma-cell	-256
22886.313559322036	56966.254237288136	plasma-cell	-256
22811.14285714286	56984.142857142855	plasma-cell	-256
22381.506172839505	57051.740740740745	plasma-cell	-256
23360.481927710844	57132.819277108436	plasma-cell	-256
22993.374100719426	57135.28057553957	plasma-cell	-256
22970.406504065042	57169.813008130084	plasma-cell	-256
23404.78640776699	57262.844660194176	plasma-cell	-256
23123.46153846154	57284.8717948718	plasma-cell	-256
23255.54132231405	57307.698347107435	plasma-cell	-256
23147.3488372093	57321.5	plasma-cell	-256
23269.227272727272	57323.25	plasma-cell	-256
23228.265625	57336.255208333336	plasma-cell	-256
23192.529411764706	57356.864705882355	plasma-cell	-256
20354.121212121212	63502.15151515151	plasma-cell	-256
20012.727272727272	63680.0	plasma-cell	-256
23223.141666666666	68286.075	plasma-cell	-256
23193.110091743118	68288.06422018349	plasma-cell	-256
23233.51851851852	68313.72222222222	plasma-cell	-256
23214.333333333332	68339.83720930232	plasma-cell	-256
23213.85106382979	68366.86524822695	plasma-cell	-256
23202.0	68370.5	plasma-cell	-256
21532.206896551725	68378.13793103448	plasma-cell	-256
23174.89010989011	68413.49450549451	plasma-cell	-256
23325.052631578947	68414.97368421053	plasma-cell	-256
23188.26732673267	68453.88118811882	plasma-cell	-256
23082.02189781022	68458.47445255474	plasma-cell	-256
23044.589285714286	68468.625	plasma-cell	-256
23119.277108433736	68476.44578313253	plasma-cell	-256
23141.37362637363	68483.85164835164	plasma-cell	-256
23102.79411764706	68483.49264705883	plasma-cell	-256
23014.70512820513	68491.02564102564	plasma-cell	-256
23074.844444444443	68519.91111111111	plasma-cell	-256
23198.485714285714	68576.42857142857	plasma-cell	-256
24014.98275862069	68700.75862068965	plasma-cell	-256
19838.162790697676	68828.82558139534	plasma-cell	-256
23023.829545454544	68884.71590909091	plasma-cell	-256
23050.89534883721	68901.87209302325	plasma-cell	-256
22862.2734375	68934.4921875	plasma-cell	-256
23023.44	68969.08	plasma-cell	-256
23065.560975609755	69085.68292682926	plasma-cell	-256
22887.375	69118.17857142857	plasma-cell	-256
22825.833333333332	69133.6875	plasma-cell	-256
21838.55172413793	69163.58620689655	plasma-cell	-256
20210.3595505618	69171.60674157304	plasma-cell	-256
21787.571428571428	69179.97142857143	plasma-cell	-256
23017.79090909091	69191.7	plasma-cell	-256
23183.2	69222.6	plasma-cell	-256
23248.3828125	69255.2109375	plasma-cell	-256
23020.28205128205	69276.56410256411	plasma-cell	-256
23040.22543352601	69285.35838150288	plasma-cell	-256
21950.543478260868	69292.46739130435	plasma-cell	-256
21963.573426573428	69306.12587412588	plasma-cell	-256
21748.833333333332	69306.35087719298	plasma-cell	-256
21715.833333333332	69310.77777777778	plasma-cell	-256
21169.071428571428	69343.82142857143	plasma-cell	-256
24154.45	69355.2625	plasma-cell	-256
20261.96363636364	69357.29090909091	plasma-cell	-256
23221.060240963856	69386.53012048193	plasma-cell	-256
22216.409836065573	69388.88524590163	plasma-cell	-256
21942.885714285716	69407.95	plasma-cell	-256
24209.847826086956	69433.23913043478	plasma-cell	-256
24214.35294117647	69471.64705882352	plasma-cell	-256
21975.174603174604	69495.85185185185	plasma-cell	-256
23974.4	69493.57777777778	plasma-cell	-256
20845.864864864863	69530.21621621621	plasma-cell	-256
21969.938775510203	69540.22448979592	plasma-cell	-256
22018.87671232877	69540.35616438356	plasma-cell	-256
21984.38532110092	69549.69724770643	plasma-cell	-256
21977.493670886077	69557.17721518988	plasma-cell	-256
22574.252336448597	69562.0	plasma-cell	-256
22007.285714285714	69564.9693877551	plasma-cell	-256
21783.01030927835	69586.36082474227	plasma-cell	-256
21860.854545454546	69590.12727272727	plasma-cell	-256
22828.072164948455	69594.05154639175	plasma-cell	-256
22006.95294117647	69596.17647058824	plasma-cell	-256
20715.38888888889	69609.36666666667	plasma-cell	-256
22199.91904761905	69612.12857142858	plasma-cell	-256
22239.384615384617	69616.6282051282	plasma-cell	-256
21869.575757575756	69615.12121212122	plasma-cell	-256
22062.08108108108	69633.77477477478	plasma-cell	-256
22355.5	69635.69354838709	plasma-cell	-256
20865.98076923077	69640.74038461539	plasma-cell	-256
22211.65284974093	69657.25906735752	plasma-cell	-256
21707.333333333332	69672.41666666667	plasma-cell	-256
21997.19298245614	69673.45614035087	plasma-cell	-256
20674.29197080292	69677.92700729927	plasma-cell	-256
22065.404624277457	69677.60693641618	plasma-cell	-256
23715.517647058823	69686.14117647058	plasma-cell	-256
20668.7074829932	69700.19727891157	plasma-cell	-256
24009.502958579884	69710.2899408284	plasma-cell	-256
21825.772727272728	69714.81060606061	plasma-cell	-256
20612.772413793104	69718.6551724138	plasma-cell	-256
20825.0	69718.82051282052	plasma-cell	-256
22053.79365079365	69729.09523809524	plasma-cell	-256
21916.75257731959	69731.63917525773	plasma-cell	-256
21327.090909090908	69792.18181818182	plasma-cell	-256
20578.3488372093	69796.69767441861	plasma-cell	-256
20785.91891891892	69798.53153153154	plasma-cell	-256
20554.55	69804.5	plasma-cell	-256
20522.26699029126	69813.88349514564	plasma-cell	-256
24037.259668508286	69823.44198895028	plasma-cell	-256
21714.119658119656	69827.80341880342	plasma-cell	-256
20657.4875	69832.5875	plasma-cell	-256
20628.73780487805	69837.29268292683	plasma-cell	-256
20766.516129032258	69843.09032258064	plasma-cell	-256
22040.181818181816	69845.1875	plasma-cell	-256
22860.916666666668	69842.52083333333	plasma-cell	-256
20805.54375	69850.86875	plasma-cell	-256
21869.99173553719	69847.80165289257	plasma-cell	-256
22880.953125	69848.734375	plasma-cell	-256
20731.621951219513	69853.34146341463	plasma-cell	-256
22024.66530612245	69855.40816326531	plasma-cell	-256
20880.757352941175	69863.31617647059	plasma-cell	-256
24427.369565217392	69856.97826086957	plasma-cell	-256
20856.396039603962	69865.27722772278	plasma-cell	-256
21963.079545454544	69870.20454545454	plasma-cell	-256
21985.246575342466	69871.19178082192	plasma-cell	-256
22848.615384615383	69870.84615384616	plasma-cell	-256
20812.132075471698	69873.74528301887	plasma-cell	-256
22862.371134020617	69890.06185567011	plasma-cell	-256
23843.756097560974	69898.75609756098	plasma-cell	-256
22877.79464285714	69898.61607142857	plasma-cell	-256
23251.44827586207	69899.39655172414	plasma-cell	-256
22850.47027027027	69909.86486486487	plasma-cell	-256
23188.211267605635	69911.61971830986	plasma-cell	-256
21985.340101522845	69923.58375634518	plasma-cell	-256
22836.434782608696	69921.55072463768	plasma-cell	-256
23213.709677419356	69918.93548387097	plasma-cell	-256
21964.76923076923	69926.04615384615	plasma-cell	-256
23250.38888888889	69925.82828282828	plasma-cell	-256
22007.112903225807	69928.04838709677	plasma-cell	-256
22865.796296296296	69930.38888888889	plasma-cell	-256
22819.631578947367	69936.85964912281	plasma-cell	-256
22018.0	69936.65625	plasma-cell	-256
22042.55844155844	69939.0	plasma-cell	-256
21998.993421052633	69949.2697368421	plasma-cell	-256
24265.292307692307	69949.83076923077	plasma-cell	-256
21713.325581395347	69958.67441860466	plasma-cell	-256
24249.86666666667	69966.25	plasma-cell	-256
21979.42156862745	69970.37254901961	plasma-cell	-256
23874.44155844156	69971.18181818182	plasma-cell	-256
21991.02027027027	69977.28378378379	plasma-cell	-256
22023.930434782607	69983.74782608695	plasma-cell	-256
21908.706293706295	69989.86013986015	plasma-cell	-256
21931.181818181816	69987.80303030302	plasma-cell	-256
23194.62857142857	69991.32857142857	plasma-cell	-256
21979.393258426968	70000.85393258427	plasma-cell	-256
22007.884615384617	70004.11538461539	plasma-cell	-256
22223.029411764706	70002.13725490196	plasma-cell	-256
22190.462365591397	70005.05913978495	plasma-cell	-256
21609.690476190477	70011.57142857143	plasma-cell	-256
22231.171974522294	70016.1719745223	plasma-cell	-256
22505.38211382114	70015.18699186992	plasma-cell	-256
22075.739130434784	70017.90683229813	plasma-cell	-256
22992.83582089552	70024.0895522388	plasma-cell	-256
21982.343373493975	70033.49397590362	plasma-cell	-256
24325.77192982456	70031.19298245614	plasma-cell	-256
21782.51798561151	70039.53956834532	plasma-cell	-256
21823.711711711712	70037.64864864865	plasma-cell	-256
22178.095477386934	70040.49246231155	plasma-cell	-256
22802.09756097561	70051.63414634146	plasma-cell	-256
22179.149532710282	70062.57009345794	plasma-cell	-256
22056.778481012658	70074.27215189874	plasma-cell	-256
23175.166666666668	70071.5	plasma-cell	-256
22010.109489051094	70078.5693430657	plasma-cell	-256
22070.4010989011	70087.06593406593	plasma-cell	-256
22891.032258064515	70081.64516129032	plasma-cell	-256
22173.375939849626	70086.9022556391	plasma-cell	-256
21939.58064516129	70090.47096774193	plasma-cell	-256
23004.77142857143	70099.24761904762	plasma-cell	-256
22890.12987012987	70102.88311688311	plasma-cell	-256
21680.915094339623	70104.19811320755	plasma-cell	-256
23018.613636363636	70108.52272727274	plasma-cell	-256
23225.26153846154	70111.96923076923	plasma-cell	-256
22863.112068965518	70124.3103448276	plasma-cell	-256
21931.333333333332	70131.4797979798	plasma-cell	-256
23292.640625	70133.84895833333	plasma-cell	-256
23348.48743718593	70132.7135678392	plasma-cell	-256
21700.7	70129.575	plasma-cell	-256
22830.3	70132.05	plasma-cell	-256
23605.33870967742	70143.19354838709	plasma-cell	-256
21389.774774774774	70149.3063063063	plasma-cell	-256
21407.940298507463	70151.92537313433	plasma-cell	-256
23009.653846153848	70164.94230769231	plasma-cell	-256
21384.303448275863	70172.7724137931	plasma-cell	-256
22959.37323943662	70177.1338028169	plasma-cell	-256
23016.70588235294	70172.09803921569	plasma-cell	-256
21361.6	70175.31428571428	plasma-cell	-256
22424.6511627907	70186.81395348837	plasma-cell	-256
22969.146788990827	70194.14678899082	plasma-cell	-256
24051.68674698795	70197.75903614458	plasma-cell	-256
22256.294416243654	70215.45685279187	plasma-cell	-256
23280.980952380953	70216.39047619047	plasma-cell	-256
22317.938271604937	70225.12345679013	plasma-cell	-256
22160.647727272728	70226.25	plasma-cell	-256
20062.895833333332	70229.39583333333	plasma-cell	-256
22148.1875	70227.27083333333	plasma-cell	-256
23438.31111111111	70233.71111111112	plasma-cell	-256
22104.391304347824	70237.29710144928	plasma-cell	-256
20036.60606060606	70241.69696969698	plasma-cell	-256
22945.628865979383	70247.98969072165	plasma-cell	-256
23901.870370370372	70258.49074074074	plasma-cell	-256
22237.276119402984	70267.79850746269	plasma-cell	-256
22942.526315789473	70271.08771929824	plasma-cell	-256
22907.82110091743	70277.38073394496	plasma-cell	-256
21915.454545454544	70275.30303030302	plasma-cell	-256
23905.570175438595	70291.20175438597	plasma-cell	-256
22388.5	70294.22222222222	plasma-cell	-256
24234.07438016529	70295.81818181818	plasma-cell	-256
22890.725806451614	70299.82258064517	plasma-cell	-256
21757.15625	70302.5	plasma-cell	-256
23146.528301886792	70304.58490566038	plasma-cell	-256
23934.31937172775	70319.96335078534	plasma-cell	-256
22412.939759036144	70319.15662650602	plasma-cell	-256
22928.274725274725	70335.93406593407	plasma-cell	-256
22897.83766233766	70346.11038961039	plasma-cell	-256
20084.97701149425	70345.97701149425	plasma-cell	-256
22945.3875	70367.275	plasma-cell	-256
22386.583333333332	70368.69444444444	plasma-cell	-256
24323.81451612903	70393.2741935484	plasma-cell	-256
24038.735632183907	70394.37931034483	plasma-cell	-256
21666.640522875816	70398.1633986928	plasma-cell	-256
22431.653465346535	70398.0	plasma-cell	-256
21971.650943396227	70399.6320754717	plasma-cell	-256
21742.326530612245	70403.19387755102	plasma-cell	-256
22387.085714285713	70405.22857142857	plasma-cell	-256
20794.333333333332	70411.31746031746	plasma-cell	-256
21668.135416666668	70419.19270833333	plasma-cell	-256
22761.09756097561	70424.10975609756	plasma-cell	-256
21959.171875	70431.63020833333	plasma-cell	-256
24332.219696969696	70433.5303030303	plasma-cell	-256
23692.090909090908	70435.58181818182	plasma-cell	-256
23740.98181818182	70443.43636363637	plasma-cell	-256
21919.662790697676	70451.88372093023	plasma-cell	-256
22336.768292682926	70480.73170731707	plasma-cell	-256
23601.147826086955	70479.59130434782	plasma-cell	-256
24393.9900990099	70479.9405940594	plasma-cell	-256
21948.79768786127	70487.73988439306	plasma-cell	-256
22976.0	70488.70689655172	plasma-cell	-256
23013.41975308642	70492.0	plasma-cell	-256
23081.008547008547	70493.06837606838	plasma-cell	-256
22871.006666666668	70498.16666666667	plasma-cell	-256
24400.609090909093	70499.0	plasma-cell	-256
23774.089743589742	70501.33333333333	plasma-cell	-256
23003.285714285714	70503.98901098901	plasma-cell	-256
23366.363636363636	70504.4025974026	plasma-cell	-256
22984.776119402984	70511.24626865672	plasma-cell	-256
20833.56	70518.57333333333	plasma-cell	-256
23635.479166666668	70522.95833333333	plasma-cell	-256
23735.35	70522.2625	plasma-cell	-256
21493.380952380954	70525.80158730158	plasma-cell	-256
24033.25974025974	70529.18181818182	plasma-cell	-256
22775.609523809522	70548.69523809524	plasma-cell	-256
22258.535714285714	70552.97619047618	plasma-cell	-256
21917.382608695654	70570.73913043478	plasma-cell	-256
23637.669491525423	70581.85593220338	plasma-cell	-256
23656.53097345133	70583.77876106194	plasma-cell	-256
23706.803418803418	70586.05128205128	plasma-cell	-256
22121.90780141844	70588.99290780142	plasma-cell	-256
22475.369565217392	70586.19565217392	plasma-cell	-256
23424.539682539682	70589.49206349206	plasma-cell	-256
22791.7183908046	70590.70689655172	plasma-cell	-256
23608.103896103894	70592.68831168831	plasma-cell	-256
23717.04918032787	70595.11475409837	plasma-cell	-256
23667.406779661018	70597.72033898305	plasma-cell	-256
22126.116279069767	70600.6511627907	plasma-cell	-256
22612.693181818184	70603.90340909091	plasma-cell	-256
23606.232394366198	70605.6338028169	plasma-cell	-256
22279.752136752137	70612.36752136752	plasma-cell	-256
23667.722891566264	70612.14457831325	plasma-cell	-256
23706.24203821656	70616.30573248408	plasma-cell	-256
22377.890909090907	70615.76363636364	plasma-cell	-256
22562.29213483146	70618.57303370787	plasma-cell	-256
20154.47967479675	70624.13008130081	plasma-cell	-256
21088.924137931033	70629.7724137931	plasma-cell	-256
23724.848101265823	70630.87974683545	plasma-cell	-256
23928.955056179773	70631.0786516854	plasma-cell	-256
22262.853333333333	70632.58666666667	plasma-cell	-256
23819.5	70633.33333333333	plasma-cell	-256
22909.019512195122	70640.0243902439	plasma-cell	-256
23676.522123893807	70639.69026548673	plasma-cell	-256
23711.084112149532	70640.94392523365	plasma-cell	-256
23627.0412371134	70648.97938144329	plasma-cell	-256
22289.5871559633	70653.26605504587	plasma-cell	-256
23681.454545454544	70654.89772727272	plasma-cell	-256
22892.22807017544	70658.78947368421	plasma-cell	-256
23026.684684684686	70660.93693693694	plasma-cell	-256
23939.70588235294	70660.0	plasma-cell	-256
23762.027027027027	70662.33783783784	plasma-cell	-256
23646.243902439026	70666.32926829268	plasma-cell	-256
22429.940298507463	70667.04477611941	plasma-cell	-256
23006.219827586207	70670.7801724138	plasma-cell	-256
23689.88888888889	70673.0	plasma-cell	-256
22298.8	70676.48333333334	plasma-cell	-256
23629.7	70674.0	plasma-cell	-256
21540.627118644068	70680.58474576271	plasma-cell	-256
23781.85436893204	70682.23300970874	plasma-cell	-256
22242.0	70682.0	plasma-cell	-256
21581.680722891568	70692.96987951807	plasma-cell	-256
21639.09661835749	70694.02415458937	plasma-cell	-256
23774.643835616436	70699.13698630137	plasma-cell	-256
22426.527777777777	70705.08333333333	plasma-cell	-256
23673.4	70709.03571428571	plasma-cell	-256
22459.577777777777	70714.6	plasma-cell	-256
23639.833333333332	70712.31666666667	plasma-cell	-256
23655.719512195123	70715.63414634146	plasma-cell	-256
22259.674418604653	70717.52325581395	plasma-cell	-256
23669.68817204301	70726.17204301075	plasma-cell	-256
23660.714285714286	70728.82142857143	plasma-cell	-256
22511.186440677964	70734.96610169491	plasma-cell	-256
23638.213675213676	70741.51282051283	plasma-cell	-256
22550.2	70743.96923076923	plasma-cell	-256
22967.931677018634	70747.73913043478	plasma-cell	-256
20972.3	70747.11428571428	plasma-cell	-256
22304.291139240508	70755.08860759494	plasma-cell	-256
23632.518987341773	70758.16455696203	plasma-cell	-256
21023.333333333332	70764.18181818182	plasma-cell	-256
23086.072463768116	70769.36231884058	plasma-cell	-256
23565.817073170732	70792.31707317074	plasma-cell	-256
23598.736263736264	70803.45054945054	plasma-cell	-256
23884.1797752809	70805.4382022472	plasma-cell	-256
21819.756302521007	70827.87394957984	plasma-cell	-256
22717.1935483871	70841.20430107527	plasma-cell	-256
23495.477777777778	70839.65555555555	plasma-cell	-256
21634.64367816092	70868.27586206897	plasma-cell	-256
22869.933333333334	70879.61333333333	plasma-cell	-256
22334.288	70885.776	plasma-cell	-256
22813.393063583815	70889.53179190752	plasma-cell	-256
22793.8024691358	70891.34567901235	plasma-cell	-256
23604.75	70908.80208333333	plasma-cell	-256
22857.333333333332	70951.41666666667	plasma-cell	-256
22813.228260869564	70954.08695652174	plasma-cell	-256
22645.731543624162	70968.88590604028	plasma-cell	-256
21240.518987341773	70973.3670886076	plasma-cell	-256
24035.49193548387	70980.29032258065	plasma-cell	-256
23522.923076923078	71020.19230769231	plasma-cell	-256
21126.477876106193	71037.73451327434	plasma-cell	-256
21803.991071428572	71047.88392857143	plasma-cell	-256
23498.395833333332	71044.70833333333	plasma-cell	-256
24156.992592592593	71046.88888888889	plasma-cell	-256
21712.187878787878	71051.75151515151	plasma-cell	-256
21827.238636363636	71052.0625	plasma-cell	-256
22530.041666666668	71063.41666666667	plasma-cell	-256
23049.124137931034	71066.49655172414	plasma-cell	-256
24371.055555555555	71086.67777777778	plasma-cell	-256
21290.395061728395	71108.52469135802	plasma-cell	-256
24344.094339622643	71123.90566037736	plasma-cell	-256
22833.705426356588	71129.79069767441	plasma-cell	-256
21717.219178082192	71136.99315068492	plasma-cell	-256
21308.94	71149.6	plasma-cell	-256
22447.92105263158	71167.8552631579	plasma-cell	-256
21580.014814814815	71170.05925925926	plasma-cell	-256
21688.46979865772	71175.59060402685	plasma-cell	-256
22999.14285714286	71182.1875	plasma-cell	-256
24133.072916666668	71183.80208333333	plasma-cell	-256
24163.754716981133	71197.59433962264	plasma-cell	-256
24160.59405940594	71209.80198019803	plasma-cell	-256
22808.480392156864	71211.42156862745	plasma-cell	-256
22956.030303030304	71215.62424242424	plasma-cell	-256
24225.200980392157	71218.49019607843	plasma-cell	-256
24145.55769230769	71221.54487179487	plasma-cell	-256
24244.395161290322	71224.62096774194	plasma-cell	-256
21650.448979591838	71229.05102040817	plasma-cell	-256
23357.09375	71236.26041666667	plasma-cell	-256
24153.10465116279	71232.36046511628	plasma-cell	-256
21500.254901960783	71242.87581699346	plasma-cell	-256
24230.883720930233	71240.55813953489	plasma-cell	-256
21443.48743718593	71255.6231155779	plasma-cell	-256
23337.91379310345	71250.96551724138	plasma-cell	-256
24331.118421052633	71252.1447368421	plasma-cell	-256
21563.75824175824	71268.53296703297	plasma-cell	-256
24454.897959183672	71275.1156462585	plasma-cell	-256
21474.590643274852	71283.56140350878	plasma-cell	-256
21517.187969924813	71284.68421052632	plasma-cell	-256
21497.560606060608	71285.66666666667	plasma-cell	-256
21483.133333333335	71293.975	plasma-cell	-256
24300.55844155844	71296.87012987013	plasma-cell	-256
21578.285714285714	71310.09523809524	plasma-cell	-256
24130.402298850575	71323.62068965517	plasma-cell	-256
24185.4625	71328.5375	plasma-cell	-256
24291.318840579712	71334.02415458937	plasma-cell	-256
21477.527777777777	71349.10185185185	plasma-cell	-256
21948.398230088496	71372.62831858407	plasma-cell	-256
21797.082417582416	71387.89010989011	plasma-cell	-256
23379.70930232558	71393.93023255814	plasma-cell	-256
23725.303797468354	71393.01265822785	plasma-cell	-256
22459.43442622951	71394.96721311475	plasma-cell	-256
24258.787037037036	71406.54629629629	plasma-cell	-256
21969.945736434107	71415.73643410853	plasma-cell	-256
21605.889705882353	71420.58823529411	plasma-cell	-256
21726.0987654321	71417.70370370371	plasma-cell	-256
24230.72972972973	71416.51351351352	plasma-cell	-256
21758.48113207547	71426.88679245283	plasma-cell	-256
22412.847826086956	71468.17391304347	plasma-cell	-256
24024.190476190477	71473.80952380953	plasma-cell	-256
21788.816091954024	71562.74712643678	plasma-cell	-256
21711.35087719298	71572.92397660819	plasma-cell	-256
22849.48148148148	71586.96296296296	plasma-cell	-256
22260.644628099173	71594.06611570247	plasma-cell	-256
23481.045977011494	71597.00574712643	plasma-cell	-256
24128.333333333332	71595.74242424243	plasma-cell	-256
23260.887005649718	71601.2372881356	plasma-cell	-256
22991.024096385543	71600.61445783133	plasma-cell	-256
23463.886597938144	71601.90721649484	plasma-cell	-256
23293.871287128713	71626.87623762376	plasma-cell	-256
23183.59574468085	71631.63120567377	plasma-cell	-256
21488.3203125	71633.4140625	plasma-cell	-256
22617.090909090908	71634.22727272728	plasma-cell	-256
21268.217391304348	71636.04347826086	plasma-cell	-256
22673.896551724138	71647.091954023	plasma-cell	-256
24251.796116504855	71652.96116504855	plasma-cell	-256
24354.946428571428	71655.14285714286	plasma-cell	-256
21500.58695652174	71666.75543478261	plasma-cell	-256
22724.172727272726	71668.39090909091	plasma-cell	-256
23251.826530612245	71669.16326530612	plasma-cell	-256
22742.04651162791	71672.70930232559	plasma-cell	-256
22023.675438596492	71680.15789473684	plasma-cell	-256
22046.127516778524	71714.84563758389	plasma-cell	-256
23480.666666666668	71720.47619047618	plasma-cell	-256
21354.75652173913	71735.4695652174	plasma-cell	-256
24259.992857142857	71748.40714285715	plasma-cell	-256
23215.176767676767	71754.21717171717	plasma-cell	-256
23192.58865248227	71758.81560283688	plasma-cell	-256
24235.860103626943	71763.59585492229	plasma-cell	-256
23249.55	71764.46666666666	plasma-cell	-256
22041.521739130436	71768.16149068323	plasma-cell	-256
23211.605504587154	71769.77064220184	plasma-cell	-256
23359.3698630137	71785.76712328767	plasma-cell	-256
21021.38202247191	71790.74157303371	plasma-cell	-256
21593.595041322315	71803.59504132232	plasma-cell	-256
23154.329411764706	71808.75294117647	plasma-cell	-256
23255.286821705427	71808.59689922481	plasma-cell	-256
23309.9203539823	71808.78761061947	plasma-cell	-256
23603.63333333333	71819.66	plasma-cell	-256
22899.69871794872	71841.42307692308	plasma-cell	-256
23593.353658536587	71839.9512195122	plasma-cell	-256
21985.622340425532	71860.51063829787	plasma-cell	-256
23023.549019607843	71874.53921568628	plasma-cell	-256
21329.6301369863	71885.76712328767	plasma-cell	-256
21400.48148148148	71885.55555555556	plasma-cell	-256
22822.95	71886.39	plasma-cell	-256
22054.167741935482	71891.44516129032	plasma-cell	-256
23753.293333333335	71891.24	plasma-cell	-256
23235.784615384615	71901.18461538461	plasma-cell	-256
23736.345132743365	71902.94690265486	plasma-cell	-256
22315.155339805824	71914.05825242719	plasma-cell	-256
22467.489999999998	71921.0	plasma-cell	-256
20989.492753623188	71924.53623188406	plasma-cell	-256
22746.402985074626	71926.60696517413	plasma-cell	-256
23013.93220338983	71933.72881355933	plasma-cell	-256
23228.825581395347	71935.75581395348	plasma-cell	-256
23268.14893617021	71936.60106382979	plasma-cell	-256
24438.625	71940.46428571429	plasma-cell	-256
20976.554347826088	71948.30434782608	plasma-cell	-256
22745.972413793104	71945.0275862069	plasma-cell	-256
21961.151515151516	71948.23232323233	plasma-cell	-256
21988.71186440678	71950.91525423729	plasma-cell	-256
23264.48275862069	71957.10344827586	plasma-cell	-256
22601.147826086955	71958.2	plasma-cell	-256
23274.489795918365	71956.40816326531	plasma-cell	-256
23888.69230769231	71967.75384615385	plasma-cell	-256
22211.397260273974	71969.43835616438	plasma-cell	-256
22791.127118644068	71975.93220338984	plasma-cell	-256
24444.848101265823	71972.56962025317	plasma-cell	-256
21700.442857142858	71982.64285714286	plasma-cell	-256
24473.469696969696	71982.78787878787	plasma-cell	-256
23067.739999999998	71990.1	plasma-cell	-256
21915.36641221374	71994.73282442748	plasma-cell	-256
23240.55737704918	72007.18032786885	plasma-cell	-256
22326.266666666666	72017.16	plasma-cell	-256
23210.728260869564	72024.05434782608	plasma-cell	-256
22772.553672316382	72025.46892655367	plasma-cell	-256
21903.236559139783	72026.93548387097	plasma-cell	-256
23896.272727272728	72043.28409090909	plasma-cell	-256
22592.541984732823	72061.13740458015	plasma-cell	-256
21877.854838709678	72080.95967741935	plasma-cell	-256
21598.763033175353	72091.61137440758	plasma-cell	-256
21622.095238095237	72091.90476190476	plasma-cell	-256
22259.641379310346	72098.25517241379	plasma-cell	-256
23419.394495412846	72100.83486238532	plasma-cell	-256
23639.281914893618	72102.76595744681	plasma-cell	-256
22913.15306122449	72105.38775510204	plasma-cell	-256
23105.075	72118.8	plasma-cell	-256
22537.0	72122.61	plasma-cell	-256
23900.482993197278	72130.46258503401	plasma-cell	-256
23024.342105263157	72135.13157894737	plasma-cell	-256
21641.67231638418	72139.24293785311	plasma-cell	-256
22274.733870967742	72138.82258064517	plasma-cell	-256
23000.27027027027	72138.35135135135	plasma-cell	-256
22731.311475409835	72145.82786885246	plasma-cell	-256
21027.719626168226	72154.56074766355	plasma-cell	-256
23088.77540106952	72159.54010695187	plasma-cell	-256
22747.964912280702	72158.56140350878	plasma-cell	-256
21170.945945945947	72160.56756756757	plasma-cell	-256
22527.4406779661	72164.86440677966	plasma-cell	-256
23020.02564102564	72172.92307692308	plasma-cell	-256
19597.87777777778	72183.92222222222	plasma-cell	-256
22279.745762711864	72184.50847457627	plasma-cell	-256
21767.252631578947	72191.33684210526	plasma-cell	-256
22920.238095238095	72194.84761904762	plasma-cell	-256
22958.97142857143	72198.97142857143	plasma-cell	-256
23875.44537815126	72208.49579831933	plasma-cell	-256
22264.08256880734	72210.15596330275	plasma-cell	-256
23164.333333333332	72215.83333333333	plasma-cell	-256
21875.017699115044	72220.98230088495	plasma-cell	-256
24018.285714285714	72220.92857142857	plasma-cell	-256
21765.447368421053	72236.80263157895	plasma-cell	-256
24304.18674698795	72237.61445783133	plasma-cell	-256
22536.416666666668	72248.91666666667	plasma-cell	-256
23249.53448275862	72248.3448275862	plasma-cell	-256
21713.26288659794	72253.20103092784	plasma-cell	-256
23874.64197530864	72258.43209876544	plasma-cell	-256
23449.297101449276	72261.52898550725	plasma-cell	-256
23187.19230769231	72265.78846153847	plasma-cell	-256
22843.915789473685	72268.58947368422	plasma-cell	-256
20498.88888888889	72283.44444444444	plasma-cell	-256
20531.938775510203	72288.5	plasma-cell	-256
21735.406896551725	72295.94482758621	plasma-cell	-256
23158.971962616823	72296.67289719626	plasma-cell	-256
20559.859813084113	72318.29906542056	plasma-cell	-256
23209.589743589742	72331.91025641025	plasma-cell	-256
22329.201923076922	72336.58653846153	plasma-cell	-256
23180.1654676259	72350.12230215827	plasma-cell	-256
22358.855263157893	72348.47368421052	plasma-cell	-256
20910.584415584417	72352.71428571429	plasma-cell	-256
21855.957894736843	72353.44210526315	plasma-cell	-256
24438.349693251534	72364.76073619632	plasma-cell	-256
22992.631578947367	72372.80701754386	plasma-cell	-256
20912.6091954023	72378.36781609195	plasma-cell	-256
23026.63565891473	72379.3953488372	plasma-cell	-256
22255.462686567163	72385.54477611941	plasma-cell	-256
23229.45945945946	72384.98648648648	plasma-cell	-256
22735.982352941177	72399.80588235294	plasma-cell	-256
23355.08547008547	72412.5982905983	plasma-cell	-256
22357.987012987014	72422.20779220779	plasma-cell	-256
23234.271739130436	72426.43478260869	plasma-cell	-256
22789.69	72427.53	plasma-cell	-256
23434.06923076923	72432.0076923077	plasma-cell	-256
22368.86666666667	72434.4	plasma-cell	-256
22398.516853932582	72439.61235955056	plasma-cell	-256
22616.628205128203	72435.35897435897	plasma-cell	-256
23193.6	72438.52307692308	plasma-cell	-256
22084.906779661018	72451.6186440678	plasma-cell	-256
22567.04201680672	72450.97478991597	plasma-cell	-256
22700.82786885246	72449.81967213115	plasma-cell	-256
20962.671232876713	72456.02739726027	plasma-cell	-256
24406.167364016736	72460.15062761506	plasma-cell	-256
23411.04109589041	72460.66438356164	plasma-cell	-256
22370.69230769231	72458.28846153847	plasma-cell	-256
22114.916666666668	72469.625	plasma-cell	-256
23715.238095238095	72470.0	plasma-cell	-256
21688.683673469386	72473.8112244898	plasma-cell	-256
20974.558823529413	72474.85784313726	plasma-cell	-256
23733.904761904763	72478.49206349207	plasma-cell	-256
22504.252631578947	72487.65263157895	plasma-cell	-256
20589.608695652176	72488.95652173914	plasma-cell	-256
21645.97142857143	72490.57142857143	plasma-cell	-256
23384.43949044586	72493.8280254777	plasma-cell	-256
22611.75833333333	72492.6	plasma-cell	-256
23002.963302752294	72499.25688073394	plasma-cell	-256
20469.11111111111	72502.98692810457	plasma-cell	-256
22679.41176470588	72516.85294117648	plasma-cell	-256
22696.24623115578	72519.2864321608	plasma-cell	-256
22407.649484536083	72518.35051546391	plasma-cell	-256
23266.05072463768	72526.07246376811	plasma-cell	-256
22703.624161073825	72540.0201342282	plasma-cell	-256
23373.791366906473	72543.79136690647	plasma-cell	-256
23148.466666666667	72551.12222222223	plasma-cell	-256
19765.869565217392	72546.60869565218	plasma-cell	-256
22043.20231213873	72565.24277456648	plasma-cell	-256
19933.776119402984	72564.4328358209	plasma-cell	-256
20935.85238095238	72581.73333333334	plasma-cell	-256
22688.60447761194	72580.5	plasma-cell	-256
20886.300578034683	72582.54335260116	plasma-cell	-256
20913.42105263158	72587.81052631579	plasma-cell	-256
23206.422222222223	72586.75555555556	plasma-cell	-256
22472.457627118645	72591.94915254237	plasma-cell	-256
22665.03361344538	72604.24789915966	plasma-cell	-256
20975.077464788734	72603.38732394367	plasma-cell	-256
21006.883116883117	72610.37662337662	plasma-cell	-256
22889.797385620914	72613.33986928104	plasma-cell	-256
21464.954166666666	72620.31666666667	plasma-cell	-256
21501.012658227846	72619.93670886075	plasma-cell	-256
20469.4	72624.55609756097	plasma-cell	-256
21517.543478260868	72622.98550724638	plasma-cell	-256
21500.18181818182	72639.50649350649	plasma-cell	-256
23436.024691358023	72638.92592592593	plasma-cell	-256
23214.541666666668	72644.72916666667	plasma-cell	-256
22605.302325581397	72650.23255813954	plasma-cell	-256
20920.176470588234	72661.6806722689	plasma-cell	-256
21067.454545454544	72664.0303030303	plasma-cell	-256
24234.88888888889	72669.33333333333	plasma-cell	-256
23354.059523809523	72673.21428571429	plasma-cell	-256
21064.879432624115	72677.36170212766	plasma-cell	-256
22952.455399061033	72691.72769953051	plasma-cell	-256
20001.831578947367	72697.0947368421	plasma-cell	-256
20400.2	72703.12	plasma-cell	-256
21888.089552238805	72711.67164179105	plasma-cell	-256
23383.048387096773	72713.76612903226	plasma-cell	-256
21036.42635658915	72725.57364341085	plasma-cell	-256
22966.7	72722.42	plasma-cell	-256
23106.96	72727.26	plasma-cell	-256
19954.641025641027	72733.0	plasma-cell	-256
23046.64563106796	72747.54368932039	plasma-cell	-256
23290.99393939394	72785.77575757576	plasma-cell	-256
20848.157894736843	72790.69736842105	plasma-cell	-256
23347.44094488189	72802.14960629921	plasma-cell	-256
23918.296296296296	72827.6962962963	plasma-cell	-256
24125.2	72832.04615384615	plasma-cell	-256
23597.431818181816	72859.01136363637	plasma-cell	-256
23495.812030075187	72862.58646616542	plasma-cell	-256
23957.07575757576	72874.59090909091	plasma-cell	-256
21395.410714285714	72877.46428571429	plasma-cell	-256
21401.266666666666	72885.17777777778	plasma-cell	-256
21244.101265822785	72898.6329113924	plasma-cell	-256
23214.4	72904.23333333334	plasma-cell	-256
23974.462809917357	72906.99173553719	plasma-cell	-256
23314.009433962263	72913.10377358491	plasma-cell	-256
20546.0	72935.70588235294	plasma-cell	-256
24172.23611111111	72937.38888888889	plasma-cell	-256
24119.145833333332	72955.1875	plasma-cell	-256
24177.722222222223	72954.26666666666	plasma-cell	-256
23533.728155339806	72956.23300970874	plasma-cell	-256
20458.434782608696	72958.47826086957	plasma-cell	-256
21435.38	72958.5	plasma-cell	-256
20893.366666666665	72964.71111111112	plasma-cell	-256
20854.666666666668	72967.48148148147	plasma-cell	-256
24177.927835051545	72986.13402061856	plasma-cell	-256
21342.964912280702	72988.40350877192	plasma-cell	-256
22997.537037037036	72992.72222222222	plasma-cell	-256
20897.18181818182	73006.78787878787	plasma-cell	-256
22979.059701492537	73037.16417910448	plasma-cell	-256
23024.980392156864	73040.88235294117	plasma-cell	-256
21035.725	73043.40833333334	plasma-cell	-256
24118.873015873018	73041.95238095238	plasma-cell	-256
23004.894736842107	73047.01578947369	plasma-cell	-256
23918.396694214876	73073.53719008264	plasma-cell	-256
23330.733333333334	73078.09090909091	plasma-cell	-256
24027.52380952381	73084.3722943723	plasma-cell	-256
23511.727272727272	73088.3090909091	plasma-cell	-256
23535.247311827956	73092.40860215054	plasma-cell	-256
23259.058823529413	73098.26470588235	plasma-cell	-256
23235.27067669173	73107.00751879699	plasma-cell	-256
23855.204968944097	73110.04968944099	plasma-cell	-256
23211.01886792453	73113.40566037736	plasma-cell	-256
23523.5625	73111.125	plasma-cell	-256
20777.71794871795	73114.05128205128	plasma-cell	-256
23980.0	73117.52592592593	plasma-cell	-256
23994.022857142856	73120.67428571428	plasma-cell	-256
23933.654867256635	73120.87610619469	plasma-cell	-256
21063.684615384616	73124.84615384616	plasma-cell	-256
21147.106666666667	73122.29333333333	plasma-cell	-256
23877.7375	73129.67916666667	plasma-cell	-256
23250.443396226416	73133.64150943396	plasma-cell	-256
21143.01	73146.33	plasma-cell	-256
23889.712643678162	73148.4827586207	plasma-cell	-256
24033.287671232876	73147.85616438356	plasma-cell	-256
23462.4375	73147.7875	plasma-cell	-256
23921.810126582277	73160.99367088608	plasma-cell	-256
23981.42156862745	73177.07352941176	plasma-cell	-256
21479.85106382979	73180.14893617021	plasma-cell	-256
23875.550561797754	73185.22471910113	plasma-cell	-256
23895.86666666667	73184.56666666667	plasma-cell	-256
23911.25396825397	73199.20634920635	plasma-cell	-256
21014.414285714287	73203.9	plasma-cell	-256
20844.68181818182	73220.33333333333	plasma-cell	-256
20946.86046511628	73219.87209302325	plasma-cell	-256
23898.59677419355	73247.43548387097	plasma-cell	-256
24304.69230769231	73258.01398601399	plasma-cell	-256
23499.976744186046	73262.3488372093	plasma-cell	-256
21397.645569620254	73277.53164556962	plasma-cell	-256
23488.85964912281	73276.6052631579	plasma-cell	-256
20856.630434782608	73299.65942028986	plasma-cell	-256
20883.582417582416	73305.52747252748	plasma-cell	-256
20559.31868131868	73315.75274725274	plasma-cell	-256
20857.44230769231	73310.5	plasma-cell	-256
21271.716417910447	73316.05970149254	plasma-cell	-256
21139.09411764706	73323.0	plasma-cell	-256
21447.2625	73325.06875	plasma-cell	-256
23460.309278350516	73343.47422680413	plasma-cell	-256
21453.727272727272	73344.40909090909	plasma-cell	-256
22992.414414414416	73350.95495495496	plasma-cell	-256
24035.549295774646	73367.91549295775	plasma-cell	-256
24054.146666666667	73368.18666666666	plasma-cell	-256
24228.19512195122	73378.83739837399	plasma-cell	-256
24044.763440860217	73390.33333333333	plasma-cell	-256
20508.08	73392.14	plasma-cell	-256
24023.864197530864	73393.56172839506	plasma-cell	-256
21421.90322580645	73405.75806451614	plasma-cell	-256
24040.86666666667	73409.01666666666	plasma-cell	-256
23962.420289855072	73409.84057971014	plasma-cell	-256
21421.77142857143	73432.97142857143	plasma-cell	-256
21090.747747747748	73440.61261261262	plasma-cell	-256
24044.63829787234	73447.8085106383	plasma-cell	-256
24017.673469387755	73457.37755102041	plasma-cell	-256
23879.86	73479.46	plasma-cell	-256
24018.980392156864	73482.01307189543	plasma-cell	-256
23834.614583333332	73494.73958333333	plasma-cell	-256
24121.354838709678	73494.51612903226	plasma-cell	-256
23863.1935483871	73513.12903225806	plasma-cell	-256
23934.690140845072	73548.14084507042	plasma-cell	-256
24021.163120567377	73548.91489361702	plasma-cell	-256
23859.601307189543	73562.1633986928	plasma-cell	-256
23929.22680412371	73599.29896907216	plasma-cell	-256
22989.18918918919	73608.83783783784	plasma-cell	-256
23817.633928571428	73660.33035714286	plasma-cell	-256
24002.057142857142	73663.75238095238	plasma-cell	-256
23974.393617021276	73667.53191489361	plasma-cell	-256
24353.81896551724	73669.87931034483	plasma-cell	-256
23890.53672316384	73679.57062146893	plasma-cell	-256
23965.58	73692.64666666667	plasma-cell	-256
23855.340579710144	73703.71014492754	plasma-cell	-256
23976.407894736843	73708.73684210527	plasma-cell	-256
23951.755434782608	73711.82608695653	plasma-cell	-256
24107.114583333332	73724.88541666667	plasma-cell	-256
24064.25806451613	73732.7311827957	plasma-cell	-256
23948.033333333333	73737.83333333333	plasma-cell	-256
23967.237623762376	73738.97029702971	plasma-cell	-256
22988.65306122449	73743.83673469388	plasma-cell	-256
24112.790322580644	73747.01612903226	plasma-cell	-256
23845.57258064516	73779.71774193548	plasma-cell	-256
24136.864864864867	73881.14864864865	plasma-cell	-256
23518.651851851853	73905.76296296297	plasma-cell	-256
22872.341463414636	73966.19512195123	plasma-cell	-256
24519.07894736842	73991.44736842105	plasma-cell	-256
23233.877192982458	73997.66666666667	plasma-cell	-256
23060.066666666666	74019.6	plasma-cell	-256
23302.37606837607	74051.82905982906	plasma-cell	-256
23801.74193548387	74058.69354838709	plasma-cell	-256
23906.16847826087	74130.23369565218	plasma-cell	-256
23829.252475247526	74133.78712871287	plasma-cell	-256
24389.0	74173.67857142857	plasma-cell	-256
23883.583333333332	74181.81666666667	plasma-cell	-256
24006.162601626016	74189.63414634146	plasma-cell	-256
23855.73469387755	74234.14285714286	plasma-cell	-256
24098.928571428572	74233.07142857143	plasma-cell	-256
23811.129629629628	74245.04938271605	plasma-cell	-256
23907.118181818183	74248.5090909091	plasma-cell	-256
24465.793893129772	74276.76335877863	plasma-cell	-256
23916.3	74286.09333333334	plasma-cell	-256
23315.22988505747	74348.8735632184	plasma-cell	-256
24427.58415841584	74377.13861386139	plasma-cell	-256
24440.86075949367	74414.3164556962	plasma-cell	-256
23593.81914893617	74467.74468085106	plasma-cell	-256
23635.39423076923	74469.02884615384	plasma-cell	-256
24377.169014084506	74498.54929577465	plasma-cell	-256
24330.78813559322	74532.81355932204	plasma-cell	-256
23951.64150943396	74711.58490566038	plasma-cell	-256
23973.094339622643	74791.15094339622	plasma-cell	-256
22742.84375	74823.25	plasma-cell	-256
23685.469696969696	74840.27272727272	plasma-cell	-256
24062.053571428572	74858.26785714286	plasma-cell	-256
23358.81081081081	74880.82432432432	plasma-cell	-256
23912.881355932204	74885.8813559322	plasma-cell	-256
24098.016393442624	74910.03278688525	plasma-cell	-256
24128.040650406503	74910.69105691057	plasma-cell	-256
23750.297297297297	74927.58108108108	plasma-cell	-256
24044.16129032258	74949.02150537634	plasma-cell	-256
23448.282352941176	74989.42352941177	plasma-cell	-256
23422.222222222223	74997.86666666667	plasma-cell	-256
23721.492307692308	75007.78461538462	plasma-cell	-256
23333.82	75042.66	plasma-cell	-256
23815.989583333332	75043.33333333333	plasma-cell	-256
23840.14457831325	75045.36746987952	plasma-cell	-256
24260.348623853213	75045.16055045872	plasma-cell	-256
24221.056910569107	75051.0081300813	plasma-cell	-256
23833.70484581498	75064.66079295154	plasma-cell	-256
23315.566666666666	75072.55	plasma-cell	-256
23917.424778761062	75096.2389380531	plasma-cell	-256
24336.844444444447	75096.8	plasma-cell	-256
23865.30923694779	75102.13654618475	plasma-cell	-256
24115.342465753423	75100.95205479451	plasma-cell	-256
23819.448979591838	75102.48979591837	plasma-cell	-256
23953.653846153844	75122.15934065935	plasma-cell	-256
24386.402173913044	75117.84782608696	plasma-cell	-256
23543.18085106383	75144.73404255319	plasma-cell	-256
24479.333333333332	75150.1282051282	plasma-cell	-256
23817.486666666668	75192.54	plasma-cell	-256
24263.773584905663	75192.78301886792	plasma-cell	-256
23510.5	75194.0	plasma-cell	-256
23969.335227272728	75201.97727272728	plasma-cell	-256
24283.373056994817	75200.96373056994	plasma-cell	-256
24264.60465116279	75207.59302325582	plasma-cell	-256
23905.178743961354	75224.13526570049	plasma-cell	-256
24419.864406779663	75234.30508474576	plasma-cell	-256
23871.25077399381	75244.8452012384	plasma-cell	-256
24420.197674418603	75250.36046511628	plasma-cell	-256
24139.350364963502	75263.48175182482	plasma-cell	-256
24357.938416422287	75289.76246334311	plasma-cell	-256
24079.142105263156	75286.54210526316	plasma-cell	-256
24455.401360544216	75288.24489795919	plasma-cell	-256
24393.21153846154	75287.51923076923	plasma-cell	-256
24374.042424242423	75298.52121212121	plasma-cell	-256
24314.606382978724	75296.9574468085	plasma-cell	-256
24367.473684210527	75315.86842105263	plasma-cell	-256
24451.548223350255	75318.29441624366	plasma-cell	-256
24377.22950819672	75320.4262295082	plasma-cell	-256
24395.18791946309	75322.92617449665	plasma-cell	-256
24393.564885496184	75340.78625954199	plasma-cell	-256
23827.526548672566	75347.58407079647	plasma-cell	-256
24438.90740740741	75373.22222222222	plasma-cell	-256
24257.05128205128	75374.82905982906	plasma-cell	-256
24427.5033557047	75377.6644295302	plasma-cell	-256
23956.59493670886	75382.13924050632	plasma-cell	-256
24473.181102362207	75412.33858267717	plasma-cell	-256
24215.716417910447	75412.39552238806	plasma-cell	-256
24511.0490797546	75414.72392638036	plasma-cell	-256
23853.547008547008	75414.36752136752	plasma-cell	-256
24430.21649484536	75422.50515463918	plasma-cell	-256
24444.431818181816	75430.17424242424	plasma-cell	-256
24434.055555555555	75439.73611111111	plasma-cell	-256
24487.927710843374	75445.56626506025	plasma-cell	-256
24515.47142857143	75456.28571428571	plasma-cell	-256
24401.983783783784	75483.3027027027	plasma-cell	-256
24477.873134328358	75497.75373134328	plasma-cell	-256
24495.519553072627	75498.23463687151	plasma-cell	-256
24465.283783783783	75505.82432432432	plasma-cell	-256
24494.837037037036	75514.57037037038	plasma-cell	-256
24468.666666666668	75525.89333333334	plasma-cell	-256
24491.0125	75530.025	plasma-cell	-256
24440.95890410959	75640.21917808219	plasma-cell	-256
24149.706467661694	75649.82089552238	plasma-cell	-256
24117.142045454544	75654.39204545454	plasma-cell	-256
23917.4625	75716.94375	plasma-cell	-256
28138.96875	11511.5625	plasma-cell	-256
28179.353448275862	11527.01724137931	plasma-cell	-256
28570.542857142857	12361.87619047619	plasma-cell	-256
28707.16153846154	12382.423076923078	plasma-cell	-256
28819.753623188408	12442.72463768116	plasma-cell	-256
28649.442446043166	12556.194244604318	plasma-cell	-256
28564.896103896106	12554.597402597403	plasma-cell	-256
28704.78205128205	12586.71794871795	plasma-cell	-256
28679.092105263157	12596.868421052632	plasma-cell	-256
28827.992537313432	12620.186567164179	plasma-cell	-256
28618.220472440946	12721.023622047243	plasma-cell	-256
28811.24193548387	13018.983870967742	plasma-cell	-256
27875.71794871795	13123.397435897436	plasma-cell	-256
27801.63716814159	13507.566371681416	plasma-cell	-256
27897.84375	13712.75	plasma-cell	-256
27435.725274725275	14035.538461538461	plasma-cell	-256
28033.262411347518	14319.368794326241	plasma-cell	-256
28217.271186440677	14322.474576271186	plasma-cell	-256
28248.70731707317	14346.560975609756	plasma-cell	-256
27196.260416666668	14351.760416666668	plasma-cell	-256
27187.84375	14353.84375	plasma-cell	-256
29384.968085106382	14358.755319148935	plasma-cell	-256
28014.105263157893	14487.131578947368	plasma-cell	-256
29144.838383838385	14523.222222222223	plasma-cell	-256
28047.843137254902	14547.0	plasma-cell	-256
27979.60465116279	14577.302325581395	plasma-cell	-256
28107.78494623656	14580.225806451614	plasma-cell	-256
28062.13333333333	14626.022222222222	plasma-cell	-256
27931.79487179487	14726.71794871795	plasma-cell	-256
29124.853658536587	14894.914634146342	plasma-cell	-256
29054.48888888889	14906.31111111111	plasma-cell	-256
28982.151515151516	14925.878787878788	plasma-cell	-256
27523.71153846154	14973.826923076922	plasma-cell	-256
27553.17021276596	15060.04255319149	plasma-cell	-256
28045.619047619046	15356.119047619048	plasma-cell	-256
24858.174603174604	19095.857142857145	plasma-cell	-256
24880.91304347826	19101.797101449276	plasma-cell	-256
26402.435028248587	19141.926553672318	plasma-cell	-256
26287.636363636364	19157.78409090909	plasma-cell	-256
26386.445945945947	19163.91891891892	plasma-cell	-256
24810.782894736843	19173.848684210527	plasma-cell	-256
24980.243243243243	19169.81081081081	plasma-cell	-256
26435.908536585364	19175.317073170732	plasma-cell	-256
25060.507246376812	19191.44927536232	plasma-cell	-256
26218.258620689656	19205.241379310344	plasma-cell	-256
26193.069306930694	19207.633663366338	plasma-cell	-256
26590.602339181285	19222.12865497076	plasma-cell	-256
26462.75	19222.566666666666	plasma-cell	-256
26379.92156862745	19229.0	plasma-cell	-256
26405.303030303032	19235.848484848484	plasma-cell	-256
24846.09375	19242.7375	plasma-cell	-256
26544.785123966944	19257.272727272728	plasma-cell	-256
26369.957746478874	19276.098591549297	plasma-cell	-256
26872.119047619046	19336.190476190477	plasma-cell	-256
26616.4039408867	19348.246305418717	plasma-cell	-256
25755.747474747473	19367.919191919194	plasma-cell	-256
24828.5390070922	19384.468085106382	plasma-cell	-256
24594.117647058825	19449.85294117647	plasma-cell	-256
26314.734848484848	19515.477272727272	plasma-cell	-256
24601.508333333335	19517.6	plasma-cell	-256
26850.46153846154	19531.26923076923	plasma-cell	-256
26669.185185185186	19542.51851851852	plasma-cell	-256
24902.054054054053	19547.45945945946	plasma-cell	-256
26110.65	19569.816666666666	plasma-cell	-256
25105.9125	19582.0	plasma-cell	-256
24812.809523809523	19585.238095238095	plasma-cell	-256
24879.5	19594.567567567567	plasma-cell	-256
24714.35106382979	19598.64893617021	plasma-cell	-256
26124.8125	19609.09375	plasma-cell	-256
25010.014925373136	19613.58208955224	plasma-cell	-256
25826.375	19617.339285714286	plasma-cell	-256
25311.272727272728	19626.78787878788	plasma-cell	-256
25333.64285714286	19631.285714285714	plasma-cell	-256
26241.94382022472	19635.842696629214	plasma-cell	-256
24702.344262295082	19639.918032786885	plasma-cell	-256
26375.240963855424	19653.180722891564	plasma-cell	-256
26527.594594594593	19664.054054054053	plasma-cell	-256
25751.657894736843	19681.01754385965	plasma-cell	-256
24616.108108108107	19685.932432432433	plasma-cell	-256
26944.571428571428	19703.444444444445	plasma-cell	-256
24785.90243902439	19705.451219512193	plasma-cell	-256
25559.82222222222	19719.555555555555	plasma-cell	-256
25100.814159292036	19734.973451327434	plasma-cell	-256
25758.222222222223	19739.37777777778	plasma-cell	-256
24673.333333333332	19747.958333333336	plasma-cell	-256
24847.127272727274	19751.0	plasma-cell	-256
24668.425531914894	19754.48936170213	plasma-cell	-256
25293.96363636364	19776.836363636365	plasma-cell	-256
25727.365079365078	19800.555555555555	plasma-cell	-256
24557.315789473683	19804.947368421053	plasma-cell	-256
25141.333333333332	19813.777777777777	plasma-cell	-256
24523.484848484848	19852.383838383837	plasma-cell	-256
25469.32530120482	19864.87951807229	plasma-cell	-256
24863.83582089552	19883.805970149253	plasma-cell	-256
24617.701149425287	19894.666666666664	plasma-cell	-256
26425.274509803923	19898.892156862745	plasma-cell	-256
25022.816326530614	19903.744897959186	plasma-cell	-256
24639.780821917808	19923.32876712329	plasma-cell	-256
26069.633333333335	19929.966666666667	plasma-cell	-256
26057.918604651164	19930.930232558138	plasma-cell	-256
25342.963414634145	19936.46341463415	plasma-cell	-256
26102.14285714286	19950.428571428572	plasma-cell	-256
26062.05769230769	19958.884615384617	plasma-cell	-256
25591.678571428572	19966.964285714286	plasma-cell	-256
24561.86338797814	19972.912568306012	plasma-cell	-256
24559.98076923077	19991.01923076923	plasma-cell	-256
24587.17948717949	19991.384615384617	plasma-cell	-256
24540.9625	1227.9875	plasma-cell	-256
24757.10447761194	1483.5373134328358	plasma-cell	-256
25246.264150943396	1846.0471698113208	plasma-cell	-256
24790.50684931507	1867.6027397260275	plasma-cell	-256
24790.25	1876.4166666666667	plasma-cell	-256
24948.669421487604	2210.6446280991736	plasma-cell	-256
25282.678571428572	2335.0119047619046	plasma-cell	-256
25359.708860759492	2373.6455696202534	plasma-cell	-256
26038.06796116505	2627.3106796116504	plasma-cell	-256
25612.75	2764.5142857142855	plasma-cell	-256
25647.613402061856	2783.603092783505	plasma-cell	-256
26302.676056338027	2832.676056338028	plasma-cell	-256
25433.22131147541	2834.0737704918033	plasma-cell	-256
26198.724137931036	2894.689655172414	plasma-cell	-256
25369.30864197531	2938.456790123457	plasma-cell	-256
25559.83962264151	2971.132075471698	plasma-cell	-256
26266.69090909091	2977.418181818182	plasma-cell	-256
26281.159574468085	2996.521276595745	plasma-cell	-256
25933.65168539326	3016.303370786517	plasma-cell	-256
26090.13924050633	3028.0379746835442	plasma-cell	-256
26056.054794520547	3037.945205479452	plasma-cell	-256
26017.98113207547	3082.396226415094	plasma-cell	-256
25918.56862745098	3086.529411764706	plasma-cell	-256
25946.721518987342	3149.6772151898736	plasma-cell	-256
25722.326315789473	3541.5263157894738	plasma-cell	-256
25823.08387096774	3551.941935483871	plasma-cell	-256
25331.666666666668	3697.6666666666665	plasma-cell	-256
25824.05747126437	4037.103448275862	plasma-cell	-256
25063.594339622643	4046.5471698113206	plasma-cell	-256
24970.214285714286	4059.25	plasma-cell	-256
25808.55	4166.925	plasma-cell	-256
25506.955555555556	4298.166666666667	plasma-cell	-256
25055.445945945947	4510.256756756757	plasma-cell	-256
25120.533333333333	5009.633333333333	plasma-cell	-256
25215.222222222223	5061.079365079365	plasma-cell	-256
25008.26984126984	5087.349206349207	plasma-cell	-256
25101.037037037036	5093.055555555556	plasma-cell	-256
25343.490566037737	5104.7830188679245	plasma-cell	-256
25204.092307692306	5118.738461538462	plasma-cell	-256
25321.87	5131.87	plasma-cell	-256
25156.30681818182	5137.977272727273	plasma-cell	-256
25113.789115646257	5144.639455782313	plasma-cell	-256
25239.04854368932	5142.0	plasma-cell	-256
25408.121951219513	5168.8536585365855	plasma-cell	-256
24848.816666666666	5178.983333333334	plasma-cell	-256
24973.384615384617	5185.1648351648355	plasma-cell	-256
24854.63855421687	5194.421686746988	plasma-cell	-256
25352.464285714286	5205.309523809524	plasma-cell	-256
24740.105263157893	5265.8421052631575	plasma-cell	-256
25272.010638297874	5273.31914893617	plasma-cell	-256
25391.22857142857	5275.228571428572	plasma-cell	-256
25432.415584415583	5300.558441558442	plasma-cell	-256
24939.478260869564	5316.826086956522	plasma-cell	-256
25079.779411764706	5320.161764705882	plasma-cell	-256
25126.057142857142	5328.104761904762	plasma-cell	-256
25110.25773195876	5330.360824742268	plasma-cell	-256
25015.135802469136	5340.074074074074	plasma-cell	-256
25811.716981132075	5340.754716981132	plasma-cell	-256
25201.92121212121	5352.127272727273	plasma-cell	-256
24949.076923076922	5354.923076923077	plasma-cell	-256
25121.4964028777	5361.417266187051	plasma-cell	-256
25081.295238095237	5376.952380952381	plasma-cell	-256
24911.96	5399.12	plasma-cell	-256
25915.66037735849	5420.773584905661	plasma-cell	-256
25509.508196721312	5435.950819672131	plasma-cell	-256
24681.515151515152	5439.353535353535	plasma-cell	-256
24653.266666666666	5451.293333333333	plasma-cell	-256
24920.227272727272	5467.045454545455	plasma-cell	-256
24915.028985507248	5471.391304347826	plasma-cell	-256
24914.805555555555	5500.9537037037035	plasma-cell	-256
25262.263157894737	5499.5526315789475	plasma-cell	-256
25779.943661971833	5540.943661971831	plasma-cell	-256
25020.289655172415	5587.0344827586205	plasma-cell	-256
25126.4	5633.623529411765	plasma-cell	-256
24630.79104477612	5693.3432835820895	plasma-cell	-256
25554.967391304348	5695.184782608696	plasma-cell	-256
25295.316666666666	5724.241666666667	plasma-cell	-256
25309.528735632182	5727.3218390804595	plasma-cell	-256
24548.11	5730.82	plasma-cell	-256
25754.58823529412	5762.873949579832	plasma-cell	-256
24548.894736842107	5781.122807017544	plasma-cell	-256
25089.5	5821.5	plasma-cell	-256
25931.042105263157	6085.047368421053	plasma-cell	-256
25911.700598802396	6104.550898203593	plasma-cell	-256
25392.234375	6138.4375	plasma-cell	-256
25171.835164835164	6151.043956043956	plasma-cell	-256
25203.051948051947	6176.467532467533	plasma-cell	-256
24560.192592592593	6179.103703703704	plasma-cell	-256
25070.508771929824	6183.8421052631575	plasma-cell	-256
25165.621951219513	6202.195121951219	plasma-cell	-256
24648.506944444445	6205.229166666667	plasma-cell	-256
25751.894736842107	6234.421052631579	plasma-cell	-256
25211.559633027522	6264.51376146789	plasma-cell	-256
25252.331491712706	6267.044198895028	plasma-cell	-256
25281.241379310344	6289.4655172413795	plasma-cell	-256
25060.517391304347	6306.765217391305	plasma-cell	-256
25384.113537117904	6309.410480349345	plasma-cell	-256
25397.485714285714	6318.933333333333	plasma-cell	-256
25258.254716981133	6323.273584905661	plasma-cell	-256
25395.951807228914	6342.174698795181	plasma-cell	-256
25227.615384615383	6461.051282051282	plasma-cell	-256
24524.57894736842	6491.368421052632	plasma-cell	-256
25489.922330097088	6590.728155339806	plasma-cell	-256
24584.817073170732	6621.756097560976	plasma-cell	-256
25140.615384615383	6628.557692307692	plasma-cell	-256
24676.243902439026	6671.634146341464	plasma-cell	-256
25113.549668874173	6674.509933774834	plasma-cell	-256
24543.701030927834	6743.288659793814	plasma-cell	-256
24710.52475247525	6782.455445544554	plasma-cell	-256
24759.59259259259	6792.185185185185	plasma-cell	-256
24738.336633663366	6874.277227722772	plasma-cell	-256
24770.45238095238	6890.398809523809	plasma-cell	-256
24549.38172043011	6899.532258064516	plasma-cell	-256
24867.166666666668	6991.25	plasma-cell	-256
24887.0	6999.903846153846	plasma-cell	-256
24901.855263157893	7109.763157894737	plasma-cell	-256
24586.333333333332	7251.923076923077	plasma-cell	-256
24942.267605633802	7272.816901408451	plasma-cell	-256
24978.021857923497	7308.377049180328	plasma-cell	-256
24588.456066945608	7367.435146443515	plasma-cell	-256
24624.818965517243	7394.767241379311	plasma-cell	-256
24671.057803468208	7434.450867052024	plasma-cell	-256
24596.764227642278	7443.410569105691	plasma-cell	-256
24833.5	7503.071428571428	plasma-cell	-256
24764.384615384617	7570.263736263736	plasma-cell	-256
24582.032258064515	52882.07526881721	plasma-cell	-256
24613.785714285714	53494.07142857143	plasma-cell	-256
29322.181818181816	53697.836363636365	plasma-cell	-256
28603.844444444447	55270.03333333333	plasma-cell	-256
28586.772727272728	55277.52272727273	plasma-cell	-256
28645.46956521739	55305.678260869565	plasma-cell	-256
29056.351351351354	56382.92792792793	plasma-cell	-256
29156.079207920793	56949.13861386139	plasma-cell	-256
28936.86666666667	56953.28333333333	plasma-cell	-256
28963.442477876106	56977.87610619469	plasma-cell	-256
28907.21495327103	56994.96261682243	plasma-cell	-256
25602.583333333332	20002.597222222223	plasma-cell	-256
26191.188679245282	20013.22641509434	plasma-cell	-256
25462.43548387097	20019.677419354837	plasma-cell	-256
25533.752475247526	20040.534653465347	plasma-cell	-256
25602.236842105263	20038.315789473683	plasma-cell	-256
25477.931623931625	20040.982905982906	plasma-cell	-256
25663.70588235294	20046.220588235294	plasma-cell	-256
26395.943396226416	20046.830188679247	plasma-cell	-256
25640.98245614035	20057.57894736842	plasma-cell	-256
26472.61224489796	20072.95918367347	plasma-cell	-256
26333.846153846152	20072.923076923078	plasma-cell	-256
24997.74358974359	20077.29487179487	plasma-cell	-256
25453.5	20086.5	plasma-cell	-256
24863.994252873563	20094.44252873563	plasma-cell	-256
24994.679012345678	20103.16049382716	plasma-cell	-256
25645.029702970296	20107.70297029703	plasma-cell	-256
24868.304812834223	20111.97860962567	plasma-cell	-256
25446.90322580645	20112.983870967742	plasma-cell	-256
26415.877551020407	20125.224489795917	plasma-cell	-256
24856.57754010695	20129.550802139038	plasma-cell	-256
25831.086021505376	20131.612903225807	plasma-cell	-256
24822.261363636364	20137.363636363636	plasma-cell	-256
25413.07894736842	20144.36842105263	plasma-cell	-256
24869.402173913044	20152.510869565216	plasma-cell	-256
25789.852459016394	20152.54098360656	plasma-cell	-256
25691.733333333334	20154.56	plasma-cell	-256
25811.978021978022	20154.615384615383	plasma-cell	-256
25862.16379310345	20164.44827586207	plasma-cell	-256
25958.822033898305	20164.389830508473	plasma-cell	-256
25468.902777777777	20171.958333333332	plasma-cell	-256
25796.11111111111	20199.121212121212	plasma-cell	-256
25860.565217391304	20202.869565217392	plasma-cell	-256
25049.444444444445	20207.416666666668	plasma-cell	-256
25913.328358208957	20209.985074626864	plasma-cell	-256
25822.6	20216.609523809522	plasma-cell	-256
25051.171875	20220.515625	plasma-cell	-256
24986.717557251908	20224.374045801527	plasma-cell	-256
24920.350427350426	20226.59829059829	plasma-cell	-256
25287.875	20231.989583333332	plasma-cell	-256
25726.467289719625	20255.66355140187	plasma-cell	-256
25334.516129032258	20258.860215053763	plasma-cell	-256
25705.47435897436	20262.9358974359	plasma-cell	-256
25683.886597938144	20272.659793814433	plasma-cell	-256
27311.058252427185	20270.912621359224	plasma-cell	-256
25365.777777777777	20271.968253968254	plasma-cell	-256
25712.013333333332	20271.413333333334	plasma-cell	-256
26454.650793650795	20273.095238095237	plasma-cell	-256
25576.0	20274.93220338983	plasma-cell	-256
25348.457142857143	20279.8	plasma-cell	-256
25570.928571428572	20283.23469387755	plasma-cell	-256
25521.553571428572	20286.214285714286	plasma-cell	-256
25960.595505617977	20293.584269662922	plasma-cell	-256
25719.337837837837	20295.972972972973	plasma-cell	-256
25369.60824742268	20315.288659793816	plasma-cell	-256
26989.10714285714	20315.839285714286	plasma-cell	-256
25943.508620689656	20318.818965517243	plasma-cell	-256
26833.239999999998	20336.03	plasma-cell	-256
25970.782608695652	20339.434782608696	plasma-cell	-256
25225.62365591398	20347.47311827957	plasma-cell	-256
26381.70344827586	20393.06206896552	plasma-cell	-256
24784.833333333332	20395.333333333332	plasma-cell	-256
26414.61722488038	20417.55980861244	plasma-cell	-256
25824.03448275862	20431.455172413793	plasma-cell	-256
25508.864583333332	20431.020833333332	plasma-cell	-256
25997.2	20437.06	plasma-cell	-256
26065.578125	20447.140625	plasma-cell	-256
27009.917525773195	20456.639175257733	plasma-cell	-256
25768.64935064935	20467.18181818182	plasma-cell	-256
26941.01754385965	20488.736842105263	plasma-cell	-256
25020.525547445257	20494.270072992702	plasma-cell	-256
25682.040404040403	20492.303030303032	plasma-cell	-256
26955.86111111111	20495.027777777777	plasma-cell	-256
26974.03896103896	20513.55844155844	plasma-cell	-256
26954.82300884956	20519.451327433628	plasma-cell	-256
26988.512396694216	20518.487603305784	plasma-cell	-256
27020.377551020407	20526.673469387755	plasma-cell	-256
26966.051948051947	20528.532467532466	plasma-cell	-256
26916.30769230769	20532.153846153848	plasma-cell	-256
26677.5875	20533.3625	plasma-cell	-256
25681.394366197183	20537.042253521126	plasma-cell	-256
26951.08108108108	20538.62162162162	plasma-cell	-256
26889.190721649484	20548.03092783505	plasma-cell	-256
26985.333333333332	20546.214285714286	plasma-cell	-256
26919.860294117647	20554.272058823528	plasma-cell	-256
25684.441860465115	20556.3488372093	plasma-cell	-256
26789.414634146342	20573.463414634145	plasma-cell	-256
24899.232558139534	20591.441860465115	plasma-cell	-256
26955.711267605635	20591.450704225354	plasma-cell	-256
26804.302325581397	20601.279069767443	plasma-cell	-256
26964.804347826088	20608.989130434784	plasma-cell	-256
26496.380952380954	20646.445578231294	plasma-cell	-256
27011.8375	20666.95	plasma-cell	-256
24878.333333333332	20670.56	plasma-cell	-256
27262.6338028169	20707.028169014084	plasma-cell	-256
24870.593023255813	20710.186046511626	plasma-cell	-256
25703.452586206895	20721.956896551725	plasma-cell	-256
24576.553571428572	20726.48214285714	plasma-cell	-256
24667.369047619046	20726.95238095238	plasma-cell	-256
24668.17469879518	20754.9578313253	plasma-cell	-256
24860.209677419356	20757.225806451614	plasma-cell	-256
26325.34193548387	20762.064516129034	plasma-cell	-256
25439.14393939394	20795.31818181818	plasma-cell	-256
26108.76699029126	20797.21359223301	plasma-cell	-256
25220.47474747475	20839.70707070707	plasma-cell	-256
24748.333333333332	20856.166666666668	plasma-cell	-256
25547.455056179777	20877.75842696629	plasma-cell	-256
25907.925	20878.275	plasma-cell	-256
25560.82978723404	20889.68085106383	plasma-cell	-256
24627.938461538462	20904.176923076924	plasma-cell	-256
25859.005952380954	20919.369047619046	plasma-cell	-256
26127.007142857143	20919.085714285713	plasma-cell	-256
25651.697916666668	20930.583333333332	plasma-cell	-256
26489.830508474577	20939.728813559323	plasma-cell	-256
24594.172413793105	20957.124137931034	plasma-cell	-256
25485.299145299145	20956.08547008547	plasma-cell	-256
25502.776470588236	20955.38823529412	plasma-cell	-256
24858.579710144928	20963.318840579712	plasma-cell	-256
25750.43859649123	20962.666666666668	plasma-cell	-256
25843.428571428572	20978.85714285714	plasma-cell	-256
24609.502702702703	21003.221621621622	plasma-cell	-256
25467.339449541283	21007.110091743118	plasma-cell	-256
25346.349056603773	21019.95283018868	plasma-cell	-256
27007.76923076923	21032.615384615383	plasma-cell	-256
25447.484536082473	21037.9587628866	plasma-cell	-256
25459.011904761905	21036.083333333332	plasma-cell	-256
24918.609375	21067.0625	plasma-cell	-256
24725.28448275862	21076.474137931036	plasma-cell	-256
26862.045454545456	21082.386363636364	plasma-cell	-256
26962.67469879518	21087.86746987952	plasma-cell	-256
25361.936842105264	21089.073684210525	plasma-cell	-256
25306.459770114943	21162.03448275862	plasma-cell	-256
25297.128205128203	21167.128205128203	plasma-cell	-256
27021.123711340206	21173.443298969072	plasma-cell	-256
25305.63529411765	21182.470588235294	plasma-cell	-256
25913.114285714284	21184.891428571427	plasma-cell	-256
25937.77192982456	21193.666666666668	plasma-cell	-256
26301.568527918782	21199.192893401014	plasma-cell	-256
26336.529914529914	21196.299145299145	plasma-cell	-256
25941.9	21199.766666666666	plasma-cell	-256
25910.390625	21201.640625	plasma-cell	-256
26994.895833333332	21221.729166666668	plasma-cell	-256
25560.130081300813	21235.593495934958	plasma-cell	-256
24683.994535519127	21236.371584699453	plasma-cell	-256
26020.36111111111	21237.11111111111	plasma-cell	-256
25799.55128205128	21257.346153846152	plasma-cell	-256
26892.464	21256.616	plasma-cell	-256
27072.829268292684	21255.756097560974	plasma-cell	-256
25809.463917525773	21286.649484536083	plasma-cell	-256
26945.347222222223	21317.583333333332	plasma-cell	-256
26021.0223880597	21323.79104477612	plasma-cell	-256
25287.552631578947	21400.973684210527	plasma-cell	-256
26026.38888888889	21406.25396825397	plasma-cell	-256
26305.458333333332	21413.958333333332	plasma-cell	-256
25604.5641025641	21426.4358974359	plasma-cell	-256
24675.544554455446	21470.059405940596	plasma-cell	-256
26326.701612903227	21471.766129032258	plasma-cell	-256
26260.855555555554	21472.744444444445	plasma-cell	-256
24772.2	21474.233333333334	plasma-cell	-256
24783.64077669903	21484.485436893203	plasma-cell	-256
26324.870967741936	21497.532258064515	plasma-cell	-256
26342.2119205298	21504.450331125827	plasma-cell	-256
26348.61	21513.51	plasma-cell	-256
25336.855670103094	21536.886597938144	plasma-cell	-256
26329.24347826087	21541.547826086957	plasma-cell	-256
26817.621951219513	21544.65243902439	plasma-cell	-256
26951.291139240508	21543.59493670886	plasma-cell	-256
26874.5	21548.6935483871	plasma-cell	-256
26964.5	21548.433333333334	plasma-cell	-256
26394.05217391304	21563.93913043478	plasma-cell	-256
25223.391891891893	21568.702702702703	plasma-cell	-256
25188.403669724772	21570.92660550459	plasma-cell	-256
25390.613636363636	21571.647727272728	plasma-cell	-256
26380.766355140186	21573.616822429907	plasma-cell	-256
25304.127659574468	21578.042553191488	plasma-cell	-256
26412.75229357798	21611.32110091743	plasma-cell	-256
26381.339449541283	21631.97247706422	plasma-cell	-256
24709.786885245903	21635.344262295082	plasma-cell	-256
26615.317073170732	21636.56910569106	plasma-cell	-256
25689.86	21660.84	plasma-cell	-256
26976.80459770115	21663.827586206895	plasma-cell	-256
26627.371900826445	21667.165289256198	plasma-cell	-256
26761.991228070176	21665.324561403508	plasma-cell	-256
26969.791666666668	21666.75	plasma-cell	-256
26366.033333333333	21669.344444444443	plasma-cell	-256
26620.719424460432	21679.913669064747	plasma-cell	-256
26773.826923076922	21678.596153846152	plasma-cell	-256
27336.08823529412	21685.279411764706	plasma-cell	-256
25610.629921259842	21703.700787401576	plasma-cell	-256
27028.102941176472	21712.897058823528	plasma-cell	-256
25609.048387096773	21717.370967741936	plasma-cell	-256
26897.17948717949	21722.26923076923	plasma-cell	-256
25461.107382550337	21729.838926174496	plasma-cell	-256
25446.45045045045	21737.743243243243	plasma-cell	-256
24676.7012987013	21736.727272727272	plasma-cell	-256
25602.609523809522	21736.342857142856	plasma-cell	-256
27058.164383561645	21736.739726027397	plasma-cell	-256
25267.08695652174	21739.014492753624	plasma-cell	-256
26331.859649122805	21742.157894736843	plasma-cell	-256
26922.208	21740.768	plasma-cell	-256
25590.777777777777	21744.68686868687	plasma-cell	-256
26266.33035714286	21751.10714285714	plasma-cell	-256
25453.12426035503	21755.42603550296	plasma-cell	-256
25578.87254901961	21752.20588235294	plasma-cell	-256
27195.437037037038	21756.837037037036	plasma-cell	-256
26971.65	21765.416666666668	plasma-cell	-256
25352.5	21770.29651162791	plasma-cell	-256
25395.76	21771.31	plasma-cell	-256
25616.082089552237	21782.31343283582	plasma-cell	-256
26343.696551724137	21788.324137931035	plasma-cell	-256
25464.775862068964	21787.293103448275	plasma-cell	-256
26264.272727272728	21793.194805194806	plasma-cell	-256
25565.75641025641	21795.384615384617	plasma-cell	-256
25637.814159292036	21801.389380530974	plasma-cell	-256
25526.627272727274	21804.80909090909	plasma-cell	-256
25553.925373134327	21809.388059701494	plasma-cell	-256
24603.647058823528	21812.470588235294	plasma-cell	-256
25310.008771929824	21824.59649122807	plasma-cell	-256
25638.354166666668	21823.864583333332	plasma-cell	-256
25284.837837837837	21826.936936936938	plasma-cell	-256
25201.58823529412	21827.835294117645	plasma-cell	-256
27103.914285714287	21828.04761904762	plasma-cell	-256
25443.64814814815	21830.120370370372	plasma-cell	-256
25337.582089552237	21838.149253731342	plasma-cell	-256
25370.89108910891	21844.950495049507	plasma-cell	-256
25954.823076923076	21852.453846153847	plasma-cell	-256
25573.734513274336	21856.82300884956	plasma-cell	-256
25168.74193548387	21858.782258064515	plasma-cell	-256
26971.159090909092	21858.409090909092	plasma-cell	-256
26215.30172413793	21861.181034482757	plasma-cell	-256
27141.960784313727	21863.41176470588	plasma-cell	-256
25373.95535714286	21864.04464285714	plasma-cell	-256
25390.364864864863	21864.986486486487	plasma-cell	-256
26790.65671641791	21867.716417910447	plasma-cell	-256
25134.776923076923	21869.953846153847	plasma-cell	-256
25392.510638297874	21873.159574468085	plasma-cell	-256
26225.10101010101	21875.232323232325	plasma-cell	-256
25572.385416666668	21879.229166666668	plasma-cell	-256
25367.135416666668	21884.875	plasma-cell	-256
25386.428571428572	21883.035714285714	plasma-cell	-256
27080.08	21884.04	plasma-cell	-256
25303.12658227848	21890.46835443038	plasma-cell	-256
24563.703703703704	21895.555555555555	plasma-cell	-256
25171.94318181818	21895.954545454544	plasma-cell	-256
25126.791666666668	21905.395833333332	plasma-cell	-256
25361.016806722688	21904.084033613446	plasma-cell	-256
25067.163265306124	21923.69387755102	plasma-cell	-256
26109.63888888889	21945.59259259259	plasma-cell	-256
26294.5	21969.178571428572	plasma-cell	-256
27029.720930232557	21969.74418604651	plasma-cell	-256
26025.49295774648	21982.422535211266	plasma-cell	-256
26176.603174603173	21981.650793650795	plasma-cell	-256
26321.285714285714	21983.9010989011	plasma-cell	-256
27088.581818181818	21985.145454545454	plasma-cell	-256
26580.147540983606	21992.180327868853	plasma-cell	-256
26636.37837837838	21996.684684684686	plasma-cell	-256
27074.037037037036	21995.913580246914	plasma-cell	-256
26865.818181818184	22013.727272727272	plasma-cell	-256
26101.188034188035	22040.0	plasma-cell	-256
26128.467391304348	22041.57608695652	plasma-cell	-256
26118.979591836734	22054.561224489797	plasma-cell	-256
26498.84126984127	22059.0	plasma-cell	-256
25796.247524752474	22073.336633663366	plasma-cell	-256
26425.51655629139	22073.48344370861	plasma-cell	-256
27141.40322580645	22090.548387096773	plasma-cell	-256
27128.144736842107	22106.967105263157	plasma-cell	-256
26320.314685314686	22109.81118881119	plasma-cell	-256
26069.24	22126.072	plasma-cell	-256
24719.603448275862	22134.879310344826	plasma-cell	-256
26054.75	22157.63888888889	plasma-cell	-256
25957.25	22159.89423076923	plasma-cell	-256
26004.445454545454	22165.663636363635	plasma-cell	-256
26055.671232876713	22197.575342465752	plasma-cell	-256
26139.18947368421	22206.073684210525	plasma-cell	-256
26042.464285714286	22212.125	plasma-cell	-256
25458.834586466164	22219.105263157893	plasma-cell	-256
26160.674796747968	22222.536585365855	plasma-cell	-256
25456.48623853211	22234.366972477066	plasma-cell	-256
27064.333333333332	22263.67948717949	plasma-cell	-256
25172.896103896102	22269.506493506495	plasma-cell	-256
26692.182432432433	22299.837837837837	plasma-cell	-256
26555.95	22311.257142857143	plasma-cell	-256
26307.922413793105	22325.741379310344	plasma-cell	-256
26288.218978102188	22330.07299270073	plasma-cell	-256
26118.241071428572	22329.053571428572	plasma-cell	-256
26289.811965811965	22344.40170940171	plasma-cell	-256
25405.625	22351.115384615383	plasma-cell	-256
26375.641791044774	22356.34328358209	plasma-cell	-256
26485.684210526317	22359.631578947367	plasma-cell	-256
27164.428571428572	22359.678571428572	plasma-cell	-256
26215.043795620437	22363.24817518248	plasma-cell	-256
25413.422222222223	22365.022222222222	plasma-cell	-256
25364.55769230769	22371.759615384617	plasma-cell	-256
26406.614457831325	22380.722891566264	plasma-cell	-256
25374.594202898552	22389.32608695652	plasma-cell	-256
25297.375	22394.651315789473	plasma-cell	-256
25388.254901960783	22391.882352941175	plasma-cell	-256
25350.233333333334	22396.033333333333	plasma-cell	-256
26372.72972972973	22407.635135135133	plasma-cell	-256
25337.71	22410.5	plasma-cell	-256
26279.777777777777	22420.150793650795	plasma-cell	-256
24626.379310344826	22422.655172413793	plasma-cell	-256
25361.197674418603	22425.511627906977	plasma-cell	-256
25393.422764227642	22426.975609756097	plasma-cell	-256
27106.533333333333	22427.12	plasma-cell	-256
26372.94871794872	22428.923076923078	plasma-cell	-256
24594.563636363637	22430.818181818184	plasma-cell	-256
25961.75229357798	22438.064220183485	plasma-cell	-256
25381.74193548387	22439.93548387097	plasma-cell	-256
25338.591304347825	22446.869565217392	plasma-cell	-256
24628.18181818182	22448.0	plasma-cell	-256
25926.639344262294	22453.22131147541	plasma-cell	-256
25705.23622047244	22455.055118110235	plasma-cell	-256
25354.963963963964	22456.72972972973	plasma-cell	-256
25810.876404494382	22455.0	plasma-cell	-256
25906.5	22460.28448275862	plasma-cell	-256
25344.229166666668	22469.84375	plasma-cell	-256
25851.876470588235	22488.99411764706	plasma-cell	-256
25811.26	22493.239999999998	plasma-cell	-256
25762.51376146789	22499.788990825688	plasma-cell	-256
25392.762962962963	22542.34074074074	plasma-cell	-256
24549.764705882353	22562.764705882353	plasma-cell	-256
27027.60769230769	22581.092307692306	plasma-cell	-256
24551.565217391304	22590.507246376812	plasma-cell	-256
24561.975609756097	22586.536585365855	plasma-cell	-256
24640.1884057971	22589.840579710144	plasma-cell	-256
24736.505747126437	22601.33908045977	plasma-cell	-256
24750.870588235295	22602.141176470588	plasma-cell	-256
24550.21052631579	22609.719298245614	plasma-cell	-256
26982.39285714286	22605.25	plasma-cell	-256
26490.442748091602	22621.251908396946	plasma-cell	-256
26466.105263157893	22633.263157894737	plasma-cell	-256
26257.06796116505	22640.14563106796	plasma-cell	-256
24550.794326241135	22643.992907801417	plasma-cell	-256
24565.5	22644.862068965518	plasma-cell	-256
26140.729927007298	22646.481751824816	plasma-cell	-256
27252.32530120482	22648.32530120482	plasma-cell	-256
26186.48148148148	22653.39814814815	plasma-cell	-256
26172.512605042015	22664.050420168067	plasma-cell	-256
27108.744680851065	22688.872340425532	plasma-cell	-256
24561.728395061727	22688.876543209877	plasma-cell	-256
24594.473684210527	22691.565789473683	plasma-cell	-256
26160.020408163266	22704.102040816328	plasma-cell	-256
26205.543307086613	22741.3937007874	plasma-cell	-256
27153.846153846152	22738.884615384617	plasma-cell	-256
26259.795454545456	22750.909090909092	plasma-cell	-256
26635.8064516129	22754.012903225805	plasma-cell	-256
26181.370689655174	22754.224137931036	plasma-cell	-256
26202.061946902653	22757.0	plasma-cell	-256
26214.63559322034	22762.525423728814	plasma-cell	-256
26245.524193548386	22784.209677419356	plasma-cell	-256
26232.029411764706	22794.058823529413	plasma-cell	-256
26766.75294117647	22798.58823529412	plasma-cell	-256
26587.053030303032	22800.916666666668	plasma-cell	-256
26755.342857142856	22798.542857142857	plasma-cell	-256
26361.31724137931	22812.76551724138	plasma-cell	-256
26219.963963963964	22812.234234234234	plasma-cell	-256
26137.116883116883	22815.597402597403	plasma-cell	-256
24545.141361256545	22824.84293193717	plasma-cell	-256
27112.666666666668	22824.397435897437	plasma-cell	-256
26797.397727272728	22833.238636363636	plasma-cell	-256
26306.283333333333	22837.908333333333	plasma-cell	-256
26878.691489361703	22865.957446808512	plasma-cell	-256
26891.129411764705	22873.84705882353	plasma-cell	-256
26918.69523809524	22878.219047619048	plasma-cell	-256
26776.777777777777	22884.644444444446	plasma-cell	-256
25158.532467532466	22905.87012987013	plasma-cell	-256
25124.104166666668	22922.916666666668	plasma-cell	-256
26638.82068965517	22922.841379310346	plasma-cell	-256
27474.014705882353	22926.897058823528	plasma-cell	-256
25136.842696629214	22935.595505617977	plasma-cell	-256
24605.0	22948.28431372549	plasma-cell	-256
27500.908496732027	23005.745098039217	plasma-cell	-256
25527.639175257733	23017.639175257733	plasma-cell	-256
26976.35849056604	23019.006289308178	plasma-cell	-256
27515.560747663552	23032.803738317758	plasma-cell	-256
27668.325581395347	23032.20930232558	plasma-cell	-256
27482.741007194243	23049.172661870503	plasma-cell	-256
27787.754385964912	23048.77192982456	plasma-cell	-256
27468.32283464567	23059.51968503937	plasma-cell	-256
27081.329411764706	23092.258823529413	plasma-cell	-256
25999.048387096773	23109.93548387097	plasma-cell	-256
27088.702127659573	23123.31914893617	plasma-cell	-256
27451.558139534885	23138.03488372093	plasma-cell	-256
27379.985074626864	23163.059701492537	plasma-cell	-256
24644.753424657534	23186.534246575342	plasma-cell	-256
27310.32222222222	23203.355555555554	plasma-cell	-256
25210.457446808512	23213.106382978724	plasma-cell	-256
26696.424528301886	23279.915094339623	plasma-cell	-256
26712.658536585364	23293.80487804878	plasma-cell	-256
24573.691176470587	23311.904411764706	plasma-cell	-256
26752.29508196721	23312.62295081967	plasma-cell	-256
26742.222222222223	23317.48888888889	plasma-cell	-256
26716.76923076923	23322.02564102564	plasma-cell	-256
25389.457364341084	23354.751937984496	plasma-cell	-256
24673.507352941175	23378.522058823528	plasma-cell	-256
25392.876923076925	23376.23076923077	plasma-cell	-256
25423.42735042735	23381.324786324785	plasma-cell	-256
24580.6	23396.36666666667	plasma-cell	-256
26835.61267605634	23398.26056338028	plasma-cell	-256
25483.737373737375	23400.434343434343	plasma-cell	-256
27314.41379310345	23410.344827586207	plasma-cell	-256
25378.79	23440.489999999998	plasma-cell	-256
25242.094674556214	23444.87573964497	plasma-cell	-256
25368.78947368421	23447.223684210527	plasma-cell	-256
25466.8427672956	23469.603773584906	plasma-cell	-256
26126.80769230769	23467.53846153846	plasma-cell	-256
27009.206896551725	23469.87356321839	plasma-cell	-256
27047.658333333333	23473.841666666667	plasma-cell	-256
26967.083333333332	23474.75	plasma-cell	-256
26992.845238095237	23477.04761904762	plasma-cell	-256
24834.05769230769	23481.346153846152	plasma-cell	-256
25428.099173553717	23483.84297520661	plasma-cell	-256
25535.825396825396	23502.650793650795	plasma-cell	-256
27270.32	23507.989999999998	plasma-cell	-256
25319.35	23513.93	plasma-cell	-256
25345.63076923077	23516.4	plasma-cell	-256
27001.79090909091	23520.663636363635	plasma-cell	-256
25468.95918367347	23526.326530612245	plasma-cell	-256
25450.248226950356	23534.41843971631	plasma-cell	-256
27065.149253731342	23533.432835820895	plasma-cell	-256
25531.28	23543.66	plasma-cell	-256
25514.454545454544	23550.246753246753	plasma-cell	-256
27063.8488372093	23551.372093023256	plasma-cell	-256
25008.76859504132	23552.02479338843	plasma-cell	-256
24529.042372881355	23555.56779661017	plasma-cell	-256
25443.01652892562	23555.15702479339	plasma-cell	-256
25456.95348837209	23557.41085271318	plasma-cell	-256
26244.33628318584	23566.814159292036	plasma-cell	-256
24805.333333333332	23569.028985507248	plasma-cell	-256
26204.524137931036	23577.875862068966	plasma-cell	-256
26480.43548387097	23579.0	plasma-cell	-256
26689.16417910448	23580.925373134327	plasma-cell	-256
26536.101694915254	23593.830508474577	plasma-cell	-256
26209.18181818182	23597.113636363636	plasma-cell	-256
26519.166666666668	23612.32638888889	plasma-cell	-256
26771.17880794702	23621.07284768212	plasma-cell	-256
25614.639344262294	23622.885245901638	plasma-cell	-256
24874.923076923078	23624.86153846154	plasma-cell	-256
25688.49411764706	23625.24705882353	plasma-cell	-256
26378.788990825688	23631.54128440367	plasma-cell	-256
26324.41176470588	23633.022058823528	plasma-cell	-256
25685.986842105263	23637.96052631579	plasma-cell	-256
24863.945945945947	23639.72972972973	plasma-cell	-256
24807.49	23645.33	plasma-cell	-256
26394.69387755102	23652.673469387755	plasma-cell	-256
26497.409836065573	23663.93442622951	plasma-cell	-256
26673.69230769231	23664.21978021978	plasma-cell	-256
25677.541353383458	23671.398496240603	plasma-cell	-256
27449.6	23669.914285714287	plasma-cell	-256
26800.028301886792	23672.72641509434	plasma-cell	-256
26650.58620689655	23674.1724137931	plasma-cell	-256
26634.38532110092	23681.605504587154	plasma-cell	-256
27464.49315068493	23684.6301369863	plasma-cell	-256
26297.30081300813	23698.71544715447	plasma-cell	-256
26615.92405063291	23702.53164556962	plasma-cell	-256
25589.01694915254	23717.771186440677	plasma-cell	-256
26685.758389261744	23752.28187919463	plasma-cell	-256
26648.3488372093	23750.430232558138	plasma-cell	-256
27251.851485148516	23763.9900990099	plasma-cell	-256
26620.315384615384	23765.53076923077	plasma-cell	-256
26662.26851851852	23766.36111111111	plasma-cell	-256
26569.071428571428	23769.9	plasma-cell	-256
25608.615384615383	23773.5	plasma-cell	-256
26727.756756756757	23774.486486486487	plasma-cell	-256
26567.9010989011	23793.505494505494	plasma-cell	-256
27258.85714285714	23826.026785714286	plasma-cell	-256
26656.317647058822	23828.2	plasma-cell	-256
26398.805194805194	23843.87012987013	plasma-cell	-256
26461.594339622643	23853.811320754718	plasma-cell	-256
27053.473684210527	23856.07894736842	plasma-cell	-256
25922.083333333332	23862.619047619046	plasma-cell	-256
27050.2987012987	23867.181818181816	plasma-cell	-256
26690.221153846152	23875.73076923077	plasma-cell	-256
27370.75238095238	23896.314285714285	plasma-cell	-256
26732.539215686273	23894.617647058825	plasma-cell	-256
27045.368421052633	23920.28947368421	plasma-cell	-256
27081.548387096773	23919.790322580644	plasma-cell	-256
25714.845070422536	23938.788732394365	plasma-cell	-256
27044.54054054054	23943.216216216217	plasma-cell	-256
27266.62142857143	23961.22142857143	plasma-cell	-256
25224.682170542637	23963.403100775195	plasma-cell	-256
26115.620253164558	23963.620253164558	plasma-cell	-256
27181.9625	23963.1375	plasma-cell	-256
27480.135135135133	23963.702702702703	plasma-cell	-256
27148.45731707317	23969.219512195123	plasma-cell	-256
24600.9375	23966.166666666668	plasma-cell	-256
25210.008928571428	23969.026785714286	plasma-cell	-256
27251.88607594937	23979.645569620254	plasma-cell	-256
24558.176470588234	23982.10294117647	plasma-cell	-256
25265.025316455696	23988.607594936708	plasma-cell	-256
25277.132352941175	23987.970588235294	plasma-cell	-256
24907.60824742268	24011.03092783505	plasma-cell	-256
27056.757575757576	24024.60606060606	plasma-cell	-256
27043.802325581397	24027.011627906977	plasma-cell	-256
27173.333333333332	24030.857142857145	plasma-cell	-256
25175.516129032258	24038.854838709678	plasma-cell	-256
26122.78	24043.82	plasma-cell	-256
24580.555555555555	24048.925925925927	plasma-cell	-256
26688.9012345679	24049.765432098764	plasma-cell	-256
25151.155737704918	24063.467213114753	plasma-cell	-256
26983.402777777777	24062.180555555555	plasma-cell	-256
27453.00641025641	24069.628205128203	plasma-cell	-256
26830.796296296296	24080.324074074073	plasma-cell	-256
26914.85106382979	24082.202127659573	plasma-cell	-256
26655.891156462585	24084.809523809523	plasma-cell	-256
26642.077777777777	24087.244444444445	plasma-cell	-256
25808.64197530864	24090.037037037036	plasma-cell	-256
26303.52808988764	24095.112359550563	plasma-cell	-256
25815.46153846154	24096.615384615383	plasma-cell	-256
26624.840277777777	24102.98611111111	plasma-cell	-256
26652.753731343284	24103.68656716418	plasma-cell	-256
27015.533333333333	24102.466666666667	plasma-cell	-256
26697.24193548387	24103.209677419356	plasma-cell	-256
27041.194444444445	24104.09259259259	plasma-cell	-256
24636.666666666668	24106.03787878788	plasma-cell	-256
25831.285714285714	24107.9010989011	plasma-cell	-256
26682.489130434784	24114.152173913044	plasma-cell	-256
26902.537815126052	24114.605042016807	plasma-cell	-256
25824.830769230768	24118.076923076922	plasma-cell	-256
26139.958333333332	24117.277777777777	plasma-cell	-256
26634.223076923077	24118.553846153845	plasma-cell	-256
25806.183908045976	24119.87356321839	plasma-cell	-256
26377.80769230769	24119.884615384617	plasma-cell	-256
27189.13	24122.53	plasma-cell	-256
26699.572727272727	24123.354545454546	plasma-cell	-256
26995.30081300813	24124.19512195122	plasma-cell	-256
26728.49710982659	24128.65317919075	plasma-cell	-256
26842.261904761905	24127.81746031746	plasma-cell	-256
26916.45925925926	24126.155555555553	plasma-cell	-256
24607.504504504504	24130.495495495496	plasma-cell	-256
26951.752808988764	24127.07865168539	plasma-cell	-256
25808.375	24129.9625	plasma-cell	-256
25852.726114649682	24131.452229299364	plasma-cell	-256
25798.725352112677	24135.338028169015	plasma-cell	-256
26646.744	24138.167999999998	plasma-cell	-256
26366.973684210527	24138.59649122807	plasma-cell	-256
26907.596153846152	24139.48076923077	plasma-cell	-256
27161.02564102564	24140.76923076923	plasma-cell	-256
26935.97435897436	24145.02564102564	plasma-cell	-256
27363.08	24145.44	plasma-cell	-256
26364.932584269663	24148.85393258427	plasma-cell	-256
26999.0202020202	24153.929292929293	plasma-cell	-256
26937.608333333334	24161.291666666668	plasma-cell	-256
26602.845303867405	24166.508287292818	plasma-cell	-256
26984.31007751938	24166.891472868218	plasma-cell	-256
26995.94230769231	24164.826923076922	plasma-cell	-256
27419.630769230767	24171.46153846154	plasma-cell	-256
27318.678571428572	24174.386904761905	plasma-cell	-256
26661.526315789473	24175.834586466164	plasma-cell	-256
26928.033333333333	24176.766666666666	plasma-cell	-256
26942.24347826087	24179.347826086956	plasma-cell	-256
27094.302752293577	24178.54128440367	plasma-cell	-256
24569.86470588235	24182.84117647059	plasma-cell	-256
26899.529411764706	24183.14705882353	plasma-cell	-256
26994.875	24185.776785714286	plasma-cell	-256
26941.18487394958	24213.386554621848	plasma-cell	-256
26900.17054263566	24224.891472868218	plasma-cell	-256
26603.08988764045	24236.752808988764	plasma-cell	-256
26616.94	24238.08	plasma-cell	-256
26630.60655737705	24236.573770491803	plasma-cell	-256
26888.68	24252.88	plasma-cell	-256
26547.846153846152	24260.56043956044	plasma-cell	-256
26567.3203125	24272.40625	plasma-cell	-256
26196.587719298244	24277.56140350877	plasma-cell	-256
26383.196078431374	24303.686274509804	plasma-cell	-256
26773.436363636363	24329.50303030303	plasma-cell	-256
26379.27536231884	24338.753623188408	plasma-cell	-256
26718.408163265307	24350.938775510203	plasma-cell	-256
26768.93063583815	24355.85549132948	plasma-cell	-256
26331.017699115044	24356.601769911504	plasma-cell	-256
26535.17948717949	24367.364102564105	plasma-cell	-256
26345.728155339806	24383.126213592233	plasma-cell	-256
27168.918181818182	24382.50909090909	plasma-cell	-256
26628.070175438595	24387.649122807015	plasma-cell	-256
26635.122641509435	24396.64150943396	plasma-cell	-256
26364.659090909092	24411.35606060606	plasma-cell	-256
26644.985915492958	24416.288732394365	plasma-cell	-256
26326.550847457627	24421.974576271186	plasma-cell	-256
27021.666666666668	24421.458333333332	plasma-cell	-256
27405.333333333332	24427.72	plasma-cell	-256
27118.96153846154	24431.53846153846	plasma-cell	-256
27023.71111111111	24444.222222222223	plasma-cell	-256
25252.780952380952	24481.838095238094	plasma-cell	-256
27206.950495049503	24498.425742574258	plasma-cell	-256
25481.909090909092	24514.969696969696	plasma-cell	-256
26534.503937007874	24517.220472440946	plasma-cell	-256
26391.896551724138	24520.95172413793	plasma-cell	-256
26449.896551724138	24526.310344827587	plasma-cell	-256
24718.19379844961	24541.883720930233	plasma-cell	-256
25496.80769230769	24542.846153846156	plasma-cell	-256
25364.42	24548.9	plasma-cell	-256
24763.688524590165	24554.508196721312	plasma-cell	-256
25451.698924731183	24561.139784946237	plasma-cell	-256
25417.05421686747	24569.819277108436	plasma-cell	-256
25375.127118644068	24572.01694915254	plasma-cell	-256
26440.4921875	24576.6484375	plasma-cell	-256
26551.093922651933	24587.13812154696	plasma-cell	-256
24986.94	24606.56	plasma-cell	-256
26601.719298245614	24607.508771929824	plasma-cell	-256
26396.631578947367	24610.605263157893	plasma-cell	-256
24539.757961783438	24628.31210191083	plasma-cell	-256
26745.8125	24670.4921875	plasma-cell	-256
25966.0	24859.306818181816	plasma-cell	-256
26422.512396694216	24861.89256198347	plasma-cell	-256
26306.75	24873.2	plasma-cell	-256
26555.110236220473	24928.267716535433	plasma-cell	-256
26637.979591836734	24926.275510204083	plasma-cell	-256
26676.666666666668	24928.75641025641	plasma-cell	-256
24654.669014084506	24949.62676056338	plasma-cell	-256
26325.25	24950.708333333332	plasma-cell	-256
27374.875	24961.916666666668	plasma-cell	-256
24608.16384180791	24972.101694915254	plasma-cell	-256
25203.344086021505	24969.25806451613	plasma-cell	-256
24583.763636363637	24970.618181818183	plasma-cell	-256
24646.3	24975.117647058825	plasma-cell	-256
26707.946428571428	24981.517857142855	plasma-cell	-256
27431.222222222223	24983.805555555555	plasma-cell	-256
24583.69194312796	24987.222748815166	plasma-cell	-256
26548.487012987014	24988.948051948053	plasma-cell	-256
24654.984126984127	24992.23015873016	plasma-cell	-256
26739.64210526316	25000.55789473684	plasma-cell	-256
24580.409722222223	25003.965277777777	plasma-cell	-256
24594.0395480226	25013.790960451977	plasma-cell	-256
24802.439393939392	25014.590909090908	plasma-cell	-256
25513.32608695652	25015.927536231884	plasma-cell	-256
24604.666666666668	25035.397435897437	plasma-cell	-256
27086.732558139534	25036.627906976744	plasma-cell	-256
27054.15	25048.33	plasma-cell	-256
27079.16	25046.96	plasma-cell	-256
24681.05747126437	25067.735632183907	plasma-cell	-256
24596.880341880344	25068.34188034188	plasma-cell	-256
25737.394736842107	25073.57894736842	plasma-cell	-256
24874.98717948718	25089.641025641024	plasma-cell	-256
24673.007246376812	25093.202898550724	plasma-cell	-256
26901.798165137614	25091.64220183486	plasma-cell	-256
24616.706896551725	25097.62643678161	plasma-cell	-256
24627.45918367347	25099.683673469386	plasma-cell	-256
24602.303571428572	25106.744047619046	plasma-cell	-256
25381.840425531915	25103.074468085106	plasma-cell	-256
24880.25	25126.489583333332	plasma-cell	-256
24610.963730569947	25130.725388601037	plasma-cell	-256
24678.987012987014	25129.636363636364	plasma-cell	-256
25231.457627118645	25135.5	plasma-cell	-256
24621.26	25148.12	plasma-cell	-256
24682.480392156864	25145.225490196077	plasma-cell	-256
24808.191304347827	25149.843478260867	plasma-cell	-256
25151.697916666668	25152.354166666668	plasma-cell	-256
25170.777777777777	25152.256944444445	plasma-cell	-256
25235.522222222222	25149.36666666667	plasma-cell	-256
25471.25	25156.416666666668	plasma-cell	-256
24608.065789473683	25157.644736842107	plasma-cell	-256
24859.890410958906	25171.513698630137	plasma-cell	-256
24587.695652173912	25175.97391304348	plasma-cell	-256
24789.623115577888	25179.170854271357	plasma-cell	-256
24954.82962962963	25178.05925925926	plasma-cell	-256
24940.47191011236	25191.606741573036	plasma-cell	-256
24906.94375	25209.75	plasma-cell	-256
24678.066666666666	25222.733333333334	plasma-cell	-256
24826.56862745098	25225.754901960783	plasma-cell	-256
24861.78523489933	25228.355704697988	plasma-cell	-256
24715.571428571428	25230.0	plasma-cell	-256
25645.768115942028	25247.318840579712	plasma-cell	-256
25684.49593495935	25253.60162601626	plasma-cell	-256
25754.597883597882	25266.301587301587	plasma-cell	-256
24541.918367346938	25268.627551020407	plasma-cell	-256
26470.56603773585	25291.54716981132	plasma-cell	-256
26299.95035460993	25294.709219858156	plasma-cell	-256
24754.076923076922	25313.32051282051	plasma-cell	-256
24525.473684210527	25319.105263157893	plasma-cell	-256
25632.7	25324.12857142857	plasma-cell	-256
26535.593023255813	25335.36046511628	plasma-cell	-256
24850.462365591397	25358.709677419356	plasma-cell	-256
26386.179894179895	25380.67724867725	plasma-cell	-256
26408.625615763547	25392.221674876848	plasma-cell	-256
26622.616352201258	25415.69182389937	plasma-cell	-256
26603.43661971831	25425.67605633803	plasma-cell	-256
24969.801418439718	25455.617021276594	plasma-cell	-256
25129.59139784946	25480.709677419356	plasma-cell	-256
26167.21052631579	25480.605263157893	plasma-cell	-256
26974.52857142857	25486.585714285713	plasma-cell	-256
24548.619047619046	25522.733333333334	plasma-cell	-256
27151.4224137931	25549.43103448276	plasma-cell	-256
26999.93548387097	25556.11827956989	plasma-cell	-256
25455.17105263158	25583.907894736843	plasma-cell	-256
24598.805084745763	25606.330508474577	plasma-cell	-256
26428.86111111111	25617.046296296296	plasma-cell	-256
26875.7421875	25619.6875	plasma-cell	-256
26889.920731707316	25624.896341463413	plasma-cell	-256
26875.201834862386	25640.788990825688	plasma-cell	-256
24839.225806451614	25646.516129032258	plasma-cell	-256
24866.521739130436	25655.91304347826	plasma-cell	-256
24663.704347826086	25663.382608695654	plasma-cell	-256
25691.291666666668	25671.534722222223	plasma-cell	-256
26964.144329896906	25712.288659793812	plasma-cell	-256
25143.859154929578	25731.295774647886	plasma-cell	-256
24912.313725490196	25758.607843137255	plasma-cell	-256
24893.77192982456	25762.350877192985	plasma-cell	-256
26904.818181818184	25793.072727272727	plasma-cell	-256
26572.733812949642	25914.223021582733	plasma-cell	-256
25134.666666666668	25939.68686868687	plasma-cell	-256
25968.536945812808	25987.266009852217	plasma-cell	-256
25950.682926829268	26008.536585365855	plasma-cell	-256
26138.0	26011.818181818184	plasma-cell	-256
25788.80769230769	26572.076923076922	plasma-cell	-256
25857.483516483517	26580.20879120879	plasma-cell	-256
25811.41176470588	26595.35294117647	plasma-cell	-256
26892.62831858407	61402.66371681416	plasma-cell	-256
26894.787234042553	61502.29787234042	plasma-cell	-256
27299.110236220473	61517.45669291339	plasma-cell	-256
25484.706896551725	61564.275862068964	plasma-cell	-256
27012.53846153846	61575.00961538462	plasma-cell	-256
26988.46511627907	61591.72093023256	plasma-cell	-256
27125.51818181818	61791.89090909091	plasma-cell	-256
27146.791304347826	61817.71304347826	plasma-cell	-256
27174.72463768116	61830.20289855073	plasma-cell	-256
27163.397163120568	61853.397163120564	plasma-cell	-256
27803.241071428572	61856.38392857143	plasma-cell	-256
27425.35849056604	62050.19496855346	plasma-cell	-256
28244.956521739132	62119.391304347824	plasma-cell	-256
27887.985074626864	62177.67164179104	plasma-cell	-256
27667.727272727272	62266.6	plasma-cell	-256
27699.114285714284	62265.47142857143	plasma-cell	-256
27611.66129032258	62275.1370967742	plasma-cell	-256
27661.03370786517	62326.808988764045	plasma-cell	-256
27734.458333333332	62426.145833333336	plasma-cell	-256
27536.473404255317	62440.42021276596	plasma-cell	-256
27570.98611111111	62447.48611111111	plasma-cell	-256
27537.12328767123	62473.13698630137	plasma-cell	-256
28043.494736842105	62568.81052631579	plasma-cell	-256
28538.042253521126	62743.718309859156	plasma-cell	-256
26898.147058823528	62865.26470588235	plasma-cell	-256
27927.319444444445	63026.22222222222	plasma-cell	-256
26889.45283018868	63155.64150943396	plasma-cell	-256
26865.324324324323	63157.83783783784	plasma-cell	-256
27233.265151515152	63306.44696969697	plasma-cell	-256
27218.945054945056	63399.74725274726	plasma-cell	-256
27159.954545454544	63437.51136363636	plasma-cell	-256
27043.607476635516	63697.42990654206	plasma-cell	-256
29433.315789473683	63901.44736842105	plasma-cell	-256
29419.288732394365	63942.04929577465	plasma-cell	-256
29141.04347826087	64270.565217391304	plasma-cell	-256
27198.450261780104	64386.9947643979	plasma-cell	-256
27190.442786069652	64484.49751243781	plasma-cell	-256
27151.034090909092	64493.02272727273	plasma-cell	-256
27101.01818181818	64515.12727272727	plasma-cell	-256
27204.04	64529.90285714286	plasma-cell	-256
27076.025	64540.59166666667	plasma-cell	-256
27676.21848739496	64567.68067226891	plasma-cell	-256
27169.28	64592.16	plasma-cell	-256
27558.41891891892	64592.35135135135	plasma-cell	-256
27178.64285714286	64601.72619047619	plasma-cell	-256
27269.534653465347	64636.05940594059	plasma-cell	-256
27773.909090909092	64783.65909090909	plasma-cell	-256
27843.85714285714	64817.52380952381	plasma-cell	-256
28269.22857142857	64916.385714285716	plasma-cell	-256
27193.535714285714	64959.267857142855	plasma-cell	-256
27618.458333333332	65063.291666666664	plasma-cell	-256
26964.817518248175	65136.51094890511	plasma-cell	-256
27466.79591836735	65303.295918367345	plasma-cell	-256
27179.59836065574	65311.17213114754	plasma-cell	-256
28942.260869565216	65704.30434782608	plasma-cell	-256
29214.31111111111	65735.17777777778	plasma-cell	-256
29355.302631578947	65790.72368421053	plasma-cell	-256
29355.555555555555	65895.66666666667	plasma-cell	-256
29344.766871165644	65961.77300613497	plasma-cell	-256
28333.28	66039.32	plasma-cell	-256
25886.282352941176	69401.22352941177	plasma-cell	-256
25880.956989247312	69427.0	plasma-cell	-256
26088.36416184971	69657.51445086705	plasma-cell	-256
26366.62328767123	69667.74657534246	plasma-cell	-256
26253.284046692606	69707.58754863813	plasma-cell	-256
25792.49696969697	69764.3090909091	plasma-cell	-256
26378.85606060606	69861.85606060606	plasma-cell	-256
25752.757142857143	69859.22857142857	plasma-cell	-256
25383.698630136987	69868.06849315068	plasma-cell	-256
25261.774193548386	69869.5	plasma-cell	-256
26420.795620437955	69885.25547445256	plasma-cell	-256
25709.881578947367	69899.44736842105	plasma-cell	-256
25663.684615384616	69943.96923076923	plasma-cell	-256
25627.741379310344	69962.3448275862	plasma-cell	-256
25148.967213114753	69969.03278688525	plasma-cell	-256
25004.852459016394	69993.27868852459	plasma-cell	-256
25044.66355140187	70040.57943925234	plasma-cell	-256
24734.964285714286	70044.39285714286	plasma-cell	-256
25005.352941176472	70080.59663865546	plasma-cell	-256
25611.970588235294	70078.92647058824	plasma-cell	-256
25602.327272727274	70093.32727272727	plasma-cell	-256
24590.098591549297	70096.8309859155	plasma-cell	-256
25867.474074074074	70107.65925925926	plasma-cell	-256
25433.285714285714	70131.57142857143	plasma-cell	-256
24904.606451612904	70174.82580645161	plasma-cell	-256
26360.146341463416	70172.75609756098	plasma-cell	-256
25500.428571428572	70183.40476190476	plasma-cell	-256
24921.819277108432	70192.21686746988	plasma-cell	-256
25592.140845070422	70189.9014084507	plasma-cell	-256
25653.238095238095	70191.22222222222	plasma-cell	-256
25799.38028169014	70196.35211267606	plasma-cell	-256
25944.04201680672	70199.72268907563	plasma-cell	-256
25618.722222222223	70200.55555555556	plasma-cell	-256
25714.777777777777	70213.46031746033	plasma-cell	-256
25637.814814814814	70215.4074074074	plasma-cell	-256
25157.625	70224.28846153847	plasma-cell	-256
25638.21794871795	70226.15384615384	plasma-cell	-256
24848.109090909093	70235.63636363637	plasma-cell	-256
25919.807228915663	70239.22891566265	plasma-cell	-256
25466.90625	70243.625	plasma-cell	-256
25643.30769230769	70243.92307692308	plasma-cell	-256
24942.075	70251.4625	plasma-cell	-256
25605.817204301075	70255.16129032258	plasma-cell	-256
24822.990476190476	70259.54285714286	plasma-cell	-256
25936.22950819672	70264.44262295082	plasma-cell	-256
24629.010416666668	70270.82291666667	plasma-cell	-256
25578.79365079365	70277.52380952382	plasma-cell	-256
25593.34931506849	70280.83561643836	plasma-cell	-256
25928.67777777778	70283.32222222222	plasma-cell	-256
25795.05172413793	70284.72413793103	plasma-cell	-256
24939.337209302324	70287.58139534884	plasma-cell	-256
24998.08064516129	70290.12903225806	plasma-cell	-256
25007.73214285714	70305.0	plasma-cell	-256
30977.67142857143	3543.1285714285714	plasma-cell	-256
31261.620689655174	4589.8448275862065	plasma-cell	-256
32622.06451612903	5411.956989247312	plasma-cell	-256
30142.850746268658	5551.432835820896	plasma-cell	-256
30201.054347826088	5592.304347826087	plasma-cell	-256
30741.25641025641	5849.346153846154	plasma-cell	-256
29726.37777777778	6245.066666666667	plasma-cell	-256
32562.409090909092	6251.454545454545	plasma-cell	-256
30230.518072289156	6554.939759036145	plasma-cell	-256
30211.81818181818	6558.534090909091	plasma-cell	-256
32744.631578947367	6602.642105263158	plasma-cell	-256
31757.0	6901.1509433962265	plasma-cell	-256
31790.795180722893	6910.518072289156	plasma-cell	-256
30384.583333333332	7245.0	plasma-cell	-256
30559.046875	7251.734375	plasma-cell	-256
30594.6	7253.8	plasma-cell	-256
30362.91176470588	7261.485294117647	plasma-cell	-256
30406.533333333333	7272.938888888889	plasma-cell	-256
30289.031578947368	7291.031578947369	plasma-cell	-256
30819.290322580644	7365.935483870968	plasma-cell	-256
31381.182795698925	7498.1505376344085	plasma-cell	-256
30808.078260869566	7506.426086956521	plasma-cell	-256
30818.222222222223	7537.350427350428	plasma-cell	-256
31614.486486486487	7821.756756756757	plasma-cell	-256
32500.64	8115.96	plasma-cell	-256
32242.842105263157	8151.736842105263	plasma-cell	-256
29862.17391304348	12812.173913043478	plasma-cell	-256
30240.583333333332	13148.208333333334	plasma-cell	-256
30629.103448275862	13813.396551724138	plasma-cell	-256
30352.993548387098	13850.167741935484	plasma-cell	-256
30507.31313131313	13856.080808080807	plasma-cell	-256
29510.886597938144	13858.319587628866	plasma-cell	-256
30429.79775280899	14131.73033707865	plasma-cell	-256
30331.666666666668	14134.22619047619	plasma-cell	-256
30364.015873015873	14141.388888888889	plasma-cell	-256
30304.68	14155.16	plasma-cell	-256
30359.322580645163	14180.881720430109	plasma-cell	-256
31151.071428571428	14190.857142857143	plasma-cell	-256
30552.56451612903	14206.870967741936	plasma-cell	-256
30073.611842105263	14246.559210526317	plasma-cell	-256
30801.546666666665	14410.186666666666	plasma-cell	-256
29947.128712871287	14504.89108910891	plasma-cell	-256
29535.592105263157	14507.855263157895	plasma-cell	-256
29735.808823529413	15325.073529411766	plasma-cell	-256
29925.650793650795	15367.253968253968	plasma-cell	-256
30175.08695652174	15564.507246376812	plasma-cell	-256
31037.803571428572	15765.946428571428	plasma-cell	-256
31298.43	15800.57	plasma-cell	-256
31427.90322580645	15825.580645161292	plasma-cell	-256
31300.056962025315	15845.727848101265	plasma-cell	-256
31652.323529411766	15861.441176470587	plasma-cell	-256
31254.205263157895	15868.973684210527	plasma-cell	-256
31349.70588235294	15883.789915966387	plasma-cell	-256
31350.654676258993	15901.964028776978	plasma-cell	-256
31335.666666666668	15905.656565656565	plasma-cell	-256
31254.8	15910.061538461538	plasma-cell	-256
29596.23287671233	15932.13698630137	plasma-cell	-256
31751.775	15932.895	plasma-cell	-256
31727.05945945946	15949.205405405406	plasma-cell	-256
31893.103260869564	15999.967391304348	plasma-cell	-256
30157.377049180326	16004.967213114754	plasma-cell	-256
32279.760869565216	16032.130434782608	plasma-cell	-256
30124.1654676259	16048.258992805755	plasma-cell	-256
30572.37142857143	16065.628571428571	plasma-cell	-256
30498.433333333334	16097.4	plasma-cell	-256
30743.548387096773	16100.0	plasma-cell	-256
30736.027397260274	16116.424657534248	plasma-cell	-256
30089.035714285714	16133.214285714286	plasma-cell	-256
31865.279069767443	16166.20930232558	plasma-cell	-256
30407.25	16195.260416666668	plasma-cell	-256
30385.59574468085	16199.170212765957	plasma-cell	-256
30891.770833333332	16201.5	plasma-cell	-256
29757.842105263157	16233.726315789474	plasma-cell	-256
30785.896551724138	16243.775862068966	plasma-cell	-256
30705.287234042553	16249.755319148935	plasma-cell	-256
30355.811764705883	16255.211764705882	plasma-cell	-256
30489.093333333334	16253.666666666668	plasma-cell	-256
31826.529411764706	16254.843137254902	plasma-cell	-256
30708.816326530614	16262.204081632653	plasma-cell	-256
30498.029411764706	16271.558823529413	plasma-cell	-256
30903.121951219513	16274.121951219513	plasma-cell	-256
30364.0	16273.434782608696	plasma-cell	-256
30391.685714285715	16278.771428571428	plasma-cell	-256
30394.20930232558	16288.976744186046	plasma-cell	-256
30470.59259259259	16305.351851851852	plasma-cell	-256
30413.439024390245	16310.414634146342	plasma-cell	-256
30913.055118110235	16317.220472440946	plasma-cell	-256
31397.545454545456	16319.465909090908	plasma-cell	-256
30581.11111111111	16335.537037037036	plasma-cell	-256
30284.28205128205	16347.858974358975	plasma-cell	-256
30761.616666666665	16354.283333333333	plasma-cell	-256
30953.70786516854	16357.247191011236	plasma-cell	-256
30582.254658385093	16363.024844720498	plasma-cell	-256
30424.333333333332	16386.142857142855	plasma-cell	-256
31290.245901639344	16393.70491803279	plasma-cell	-256
30771.431297709925	16399.068702290075	plasma-cell	-256
30748.743902439026	16402.0	plasma-cell	-256
30736.0	16404.761904761905	plasma-cell	-256
30575.548076923078	16409.221153846156	plasma-cell	-256
30558.922222222223	16458.12222222222	plasma-cell	-256
30511.1875	16463.214285714286	plasma-cell	-256
30735.3488372093	16532.883720930233	plasma-cell	-256
31001.266666666666	16535.0	plasma-cell	-256
31068.216666666667	16538.483333333334	plasma-cell	-256
31210.724137931036	16552.896551724138	plasma-cell	-256
30512.85714285714	16574.844155844155	plasma-cell	-256
30466.157894736843	16591.473684210527	plasma-cell	-256
30692.579310344827	16603.496551724136	plasma-cell	-256
30737.9011627907	16637.476744186046	plasma-cell	-256
30958.92125984252	16649.259842519685	plasma-cell	-256
30806.91489361702	16680.886524822694	plasma-cell	-256
30450.3875	16682.4875	plasma-cell	-256
30699.981651376147	16697.275229357798	plasma-cell	-256
30511.5703125	16720.046875	plasma-cell	-256
30604.493506493505	16720.16883116883	plasma-cell	-256
30705.760869565216	16718.130434782608	plasma-cell	-256
30682.17391304348	16729.266304347824	plasma-cell	-256
31984.270833333332	16758.916666666668	plasma-cell	-256
30815.693333333333	16787.253333333334	plasma-cell	-256
30309.246153846154	16796.476923076923	plasma-cell	-256
30816.589743589742	16797.48717948718	plasma-cell	-256
30680.481012658227	16807.556962025315	plasma-cell	-256
30879.117117117115	16814.585585585584	plasma-cell	-256
30954.63453815261	16824.530120481926	plasma-cell	-256
30602.723684210527	16826.052631578947	plasma-cell	-256
30717.89908256881	16834.724770642202	plasma-cell	-256
30499.5	16841.0625	plasma-cell	-256
30655.189655172413	16843.620689655174	plasma-cell	-256
30650.381818181817	16854.01818181818	plasma-cell	-256
30616.216666666667	16863.75	plasma-cell	-256
30565.52857142857	16871.842857142856	plasma-cell	-256
34164.4262295082	16879.245901639344	plasma-cell	-256
30758.581395348836	16897.488372093023	plasma-cell	-256
32567.676056338027	16910.76056338028	plasma-cell	-256
32690.323529411766	16915.833333333332	plasma-cell	-256
30965.1679389313	16924.778625954197	plasma-cell	-256
31234.045454545456	16952.090909090908	plasma-cell	-256
30945.402985074626	16988.276119402984	plasma-cell	-256
31127.973333333335	17021.333333333332	plasma-cell	-256
31171.727272727272	17053.954545454544	plasma-cell	-256
32310.890625	17107.59375	plasma-cell	-256
32411.1	17122.3	plasma-cell	-256
32210.353535353534	17171.47474747475	plasma-cell	-256
32325.541666666668	17183.604166666668	plasma-cell	-256
33204.743902439026	17191.853658536587	plasma-cell	-256
32147.6213592233	17216.038834951454	plasma-cell	-256
32223.447368421053	17219.815789473683	plasma-cell	-256
32081.619883040934	17231.853801169593	plasma-cell	-256
32196.262626262625	17230.272727272728	plasma-cell	-256
31942.621212121212	17231.07575757576	plasma-cell	-256
31963.304347826088	17258.78804347826	plasma-cell	-256
32160.460674157304	17262.65168539326	plasma-cell	-256
31693.658536585364	17302.90243902439	plasma-cell	-256
31806.779220779223	17307.136363636364	plasma-cell	-256
31900.51219512195	17304.471544715445	plasma-cell	-256
32010.8515625	17324.15625	plasma-cell	-256
31811.257777777777	17329.96888888889	plasma-cell	-256
32534.04109589041	17342.643835616436	plasma-cell	-256
32308.534246575342	17341.835616438355	plasma-cell	-256
33381.055555555555	17347.86111111111	plasma-cell	-256
32072.91489361702	17356.627659574468	plasma-cell	-256
32437.518292682926	17351.201219512193	plasma-cell	-256
32125.245161290324	17368.61935483871	plasma-cell	-256
31895.047244094487	17378.417322834644	plasma-cell	-256
32078.36470588235	17384.90588235294	plasma-cell	-256
31868.192028985508	17390.659420289856	plasma-cell	-256
32029.068702290075	17392.06106870229	plasma-cell	-256
31908.756183745583	17397.583038869256	plasma-cell	-256
32326.653846153848	17394.246153846154	plasma-cell	-256
32555.114285714284	17395.390476190478	plasma-cell	-256
32603.548672566372	17402.345132743365	plasma-cell	-256
32515.572614107885	17409.0622406639	plasma-cell	-256
31867.6	17411.36666666667	plasma-cell	-256
33548.77777777778	17412.88888888889	plasma-cell	-256
31895.680555555555	17416.3125	plasma-cell	-256
31911.795321637426	17417.748538011696	plasma-cell	-256
31930.010000000002	17423.905	plasma-cell	-256
32114.090909090908	17438.233766233767	plasma-cell	-256
32126.297297297297	17440.027027027027	plasma-cell	-256
33527.71666666667	17443.316666666666	plasma-cell	-256
32324.577464788734	17462.288732394365	plasma-cell	-256
32475.698412698413	17458.73015873016	plasma-cell	-256
33129.35294117647	17457.676470588234	plasma-cell	-256
32469.072727272727	17463.272727272728	plasma-cell	-256
33095.51063829787	17465.659574468085	plasma-cell	-256
31938.603448275862	17472.67816091954	plasma-cell	-256
31997.581818181818	17476.754545454547	plasma-cell	-256
32670.11111111111	17480.88888888889	plasma-cell	-256
33134.4	17481.533333333333	plasma-cell	-256
32343.267605633802	17492.154929577464	plasma-cell	-256
32661.18	17495.06	plasma-cell	-256
32139.17910447761	17554.701492537315	plasma-cell	-256
32761.51851851852	17554.814814814814	plasma-cell	-256
32030.616438356163	17560.91780821918	plasma-cell	-256
32358.45238095238	17562.666666666668	plasma-cell	-256
32048.458333333332	17574.583333333332	plasma-cell	-256
31568.195652173912	17587.304347826088	plasma-cell	-256
31407.659340659342	17626.428571428572	plasma-cell	-256
32927.72857142857	17635.62142857143	plasma-cell	-256
31125.075471698114	17655.471698113208	plasma-cell	-256
32447.475609756097	17667.70731707317	plasma-cell	-256
32754.11214953271	17680.196261682242	plasma-cell	-256
32320.57894736842	17700.929824561405	plasma-cell	-256
32836.59574468085	17870.468085106382	plasma-cell	-256
32809.27272727273	17885.727272727272	plasma-cell	-256
33697.859375	17907.59375	plasma-cell	-256
33261.27659574468	17917.382978723406	plasma-cell	-256
33219.14893617021	18039.404255319147	plasma-cell	-256
33186.76271186441	18085.932203389828	plasma-cell	-256
33823.9756097561	18171.49593495935	plasma-cell	-256
33079.05063291139	18184.40506329114	plasma-cell	-256
33513.2	18183.433333333334	plasma-cell	-256
33794.67346938775	18191.530612244896	plasma-cell	-256
33717.51666666666	18220.15	plasma-cell	-256
33828.95721925134	18254.598930481283	plasma-cell	-256
33475.45	18263.025	plasma-cell	-256
33540.28571428572	18304.190476190477	plasma-cell	-256
33612.218309859156	18308.49295774648	plasma-cell	-256
33583.424	18324.440000000002	plasma-cell	-256
33027.491228070176	18370.473684210527	plasma-cell	-256
34302.605504587154	18393.504587155963	plasma-cell	-256
34309.94117647059	18410.86274509804	plasma-cell	-256
33729.51470588235	18537.573529411762	plasma-cell	-256
33874.5	18632.1	plasma-cell	-256
24925.581818181818	70324.4	plasma-cell	-256
25121.174757281555	70336.04854368932	plasma-cell	-256
25138.688	70352.288	plasma-cell	-256
25039.454545454544	70357.27272727272	plasma-cell	-256
25111.56338028169	70366.73239436619	plasma-cell	-256
25124.953846153847	70367.38461538461	plasma-cell	-256
25232.034090909092	70369.44318181818	plasma-cell	-256
25541.535714285714	70379.16964285714	plasma-cell	-256
26413.164835164836	70393.54945054946	plasma-cell	-256
25898.6404494382	70395.08988764045	plasma-cell	-256
25152.418478260868	70403.56521739131	plasma-cell	-256
25183.007299270073	70405.48175182482	plasma-cell	-256
25510.175438596492	70403.00877192983	plasma-cell	-256
25456.52525252525	70407.88888888889	plasma-cell	-256
25168.340425531915	70414.20212765958	plasma-cell	-256
26352.543478260868	70424.23913043478	plasma-cell	-256
24620.5873015873	70441.39682539682	plasma-cell	-256
25392.242424242424	70457.15151515152	plasma-cell	-256
26423.686274509804	70460.85294117648	plasma-cell	-256
25366.147286821706	70463.24806201551	plasma-cell	-256
25412.242424242424	70463.0	plasma-cell	-256
25123.89285714286	70471.45238095238	plasma-cell	-256
26412.252336448597	70474.46728971963	plasma-cell	-256
25311.627118644068	70475.44067796611	plasma-cell	-256
24963.235294117647	70479.37254901961	plasma-cell	-256
25445.81914893617	70495.65957446808	plasma-cell	-256
24929.355263157893	70496.69736842105	plasma-cell	-256
25187.19230769231	70519.94871794872	plasma-cell	-256
24812.15481171548	70530.26359832636	plasma-cell	-256
25256.180952380953	70530.84761904762	plasma-cell	-256
24825.240506329115	70536.81012658228	plasma-cell	-256
24848.5421686747	70537.7951807229	plasma-cell	-256
25443.349397590362	70539.97590361445	plasma-cell	-256
24843.464285714286	70543.75	plasma-cell	-256
25951.194594594595	70547.54594594595	plasma-cell	-256
25055.79365079365	70548.03174603175	plasma-cell	-256
25203.585714285713	70551.02857142857	plasma-cell	-256
25449.266666666666	70555.8	plasma-cell	-256
26396.336633663366	70563.75247524753	plasma-cell	-256
24852.352941176472	70566.26050420168	plasma-cell	-256
24886.112781954886	70569.68421052632	plasma-cell	-256
24824.613095238095	70574.67857142857	plasma-cell	-256
25813.514285714286	70578.55238095239	plasma-cell	-256
25453.09900990099	70580.9900990099	plasma-cell	-256
24784.655737704918	70584.55737704918	plasma-cell	-256
25797.68253968254	70597.06349206349	plasma-cell	-256
26444.406976744187	70624.36046511628	plasma-cell	-256
26356.645454545454	70630.46363636364	plasma-cell	-256
25369.872340425532	70632.6170212766	plasma-cell	-256
26343.41379310345	70648.24137931035	plasma-cell	-256
26386.17391304348	70656.28260869565	plasma-cell	-256
25368.143968871595	70662.37743190661	plasma-cell	-256
25555.384615384617	70669.18681318681	plasma-cell	-256
26444.603603603602	70674.60360360361	plasma-cell	-256
25481.666666666668	70680.43209876544	plasma-cell	-256
26367.075221238938	70691.09734513274	plasma-cell	-256
26457.02380952381	70692.94047619047	plasma-cell	-256
26502.837078651686	70703.91011235955	plasma-cell	-256
25315.86160714286	70706.37946428571	plasma-cell	-256
25103.728	70708.264	plasma-cell	-256
26400.251231527094	70714.71428571429	plasma-cell	-256
26482.86111111111	70724.5	plasma-cell	-256
25104.786666666667	70730.48	plasma-cell	-256
26402.79220779221	70737.23376623377	plasma-cell	-256
25774.05769230769	70740.56730769231	plasma-cell	-256
25567.126213592233	70741.20388349515	plasma-cell	-256
25364.19158878505	70743.15887850468	plasma-cell	-256
24600.428571428572	70744.56190476191	plasma-cell	-256
25546.039024390244	70750.79512195122	plasma-cell	-256
24986.2	70749.55714285714	plasma-cell	-256
25341.203703703704	70771.67901234567	plasma-cell	-256
26439.80392156863	70778.32352941176	plasma-cell	-256
26455.333333333332	70784.76041666667	plasma-cell	-256
25426.243902439026	70787.9756097561	plasma-cell	-256
25244.788990825688	70806.95412844037	plasma-cell	-256
25285.380710659898	70816.90355329949	plasma-cell	-256
25165.20382165605	70827.28025477707	plasma-cell	-256
25267.0	70836.27272727272	plasma-cell	-256
26535.386363636364	70879.90909090909	plasma-cell	-256
25316.184049079755	70894.84049079755	plasma-cell	-256
25995.96855345912	70910.12578616352	plasma-cell	-256
25548.783216783217	70958.77622377622	plasma-cell	-256
26528.957142857143	70964.67142857143	plasma-cell	-256
25799.011235955055	70972.15730337078	plasma-cell	-256
24782.701244813277	70980.14522821577	plasma-cell	-256
25753.443396226416	70986.00943396226	plasma-cell	-256
26358.516393442624	70987.15573770492	plasma-cell	-256
25018.207407407408	70993.1037037037	plasma-cell	-256
25714.21212121212	71001.55555555556	plasma-cell	-256
24990.46153846154	71060.20512820513	plasma-cell	-256
24653.582524271846	71079.3786407767	plasma-cell	-256
24700.45806451613	71080.4064516129	plasma-cell	-256
25979.429752066117	71084.61157024793	plasma-cell	-256
25396.011363636364	71121.63636363637	plasma-cell	-256
25939.830508474577	71131.99152542373	plasma-cell	-256
24743.236559139787	71166.0	plasma-cell	-256
25066.763636363637	71165.90909090909	plasma-cell	-256
25646.577235772358	71170.9593495935	plasma-cell	-256
25024.985294117647	71171.14705882352	plasma-cell	-256
25038.16	71211.28	plasma-cell	-256
25008.69230769231	71222.1282051282	plasma-cell	-256
24988.503816793895	71227.67938931298	plasma-cell	-256
25019.44	71229.46	plasma-cell	-256
25080.133333333335	71239.55	plasma-cell	-256
24958.717391304348	71248.96739130435	plasma-cell	-256
24980.489361702126	71256.34042553192	plasma-cell	-256
26498.467532467534	71274.4025974026	plasma-cell	-256
24891.798076923078	71275.05769230769	plasma-cell	-256
24968.722689075632	71291.71428571429	plasma-cell	-256
24982.007092198583	71304.9645390071	plasma-cell	-256
24970.558823529413	71306.86764705883	plasma-cell	-256
26448.53947368421	71351.55263157895	plasma-cell	-256
25444.674418604653	71426.55813953489	plasma-cell	-256
24822.387096774193	71434.87096774194	plasma-cell	-256
25471.196261682242	71449.42056074766	plasma-cell	-256
25444.958333333332	71477.04166666667	plasma-cell	-256
26424.620253164558	71482.77215189874	plasma-cell	-256
25082.113636363636	71503.54545454546	plasma-cell	-256
26470.517647058823	71510.98823529412	plasma-cell	-256
24589.431034482757	71511.72413793103	plasma-cell	-256
25349.369863013697	71527.47945205479	plasma-cell	-256
25383.472222222223	71526.90277777778	plasma-cell	-256
25553.207692307693	71564.53076923077	plasma-cell	-256
25296.227722772277	71584.9900990099	plasma-cell	-256
25904.266666666666	71604.15238095238	plasma-cell	-256
26644.083333333332	71635.30555555556	plasma-cell	-256
26404.447368421053	71638.27192982456	plasma-cell	-256
25537.264367816093	71656.72413793103	plasma-cell	-256
25618.924242424244	71661.07575757576	plasma-cell	-256
26403.8	71672.89523809524	plasma-cell	-256
25795.940594059404	71680.84158415842	plasma-cell	-256
25492.260869565216	71687.73913043478	plasma-cell	-256
25872.08510638298	71699.27659574468	plasma-cell	-256
25866.393617021276	71712.43617021276	plasma-cell	-256
25890.679611650485	71734.77669902913	plasma-cell	-256
26348.909090909092	71772.2	plasma-cell	-256
25897.340659340658	71774.49450549451	plasma-cell	-256
25350.645454545454	71796.32727272727	plasma-cell	-256
25945.264367816093	71800.20689655172	plasma-cell	-256
24876.3417721519	71801.70886075949	plasma-cell	-256
25866.333333333332	71808.25	plasma-cell	-256
25338.280898876405	71818.98876404495	plasma-cell	-256
24940.698795180724	71822.09638554217	plasma-cell	-256
24770.0	71850.02222222222	plasma-cell	-256
26683.280701754386	71851.9298245614	plasma-cell	-256
26911.878787878788	71854.78787878787	plasma-cell	-256
25305.15	71859.575	plasma-cell	-256
26169.24742268041	71865.1649484536	plasma-cell	-256
25327.95424836601	71873.90849673202	plasma-cell	-256
26170.397590361445	71878.5421686747	plasma-cell	-256
26301.197530864196	71885.12345679013	plasma-cell	-256
26323.432432432433	71888.78378378379	plasma-cell	-256
25546.8547008547	71894.2564102564	plasma-cell	-256
26548.603174603173	71895.31746031746	plasma-cell	-256
26150.13888888889	71936.30555555556	plasma-cell	-256
26748.16037735849	71951.55660377358	plasma-cell	-256
25064.025	71967.0375	plasma-cell	-256
25888.732283464567	71970.68503937007	plasma-cell	-256
25251.210144927536	71982.57246376811	plasma-cell	-256
26511.465277777777	71986.92361111111	plasma-cell	-256
25155.227722772277	71997.9900990099	plasma-cell	-256
25888.1953125	71999.6171875	plasma-cell	-256
25791.180555555555	72007.05555555556	plasma-cell	-256
25220.16304347826	72010.01086956522	plasma-cell	-256
25211.626666666667	72017.61333333333	plasma-cell	-256
26535.464864864865	72022.86486486487	plasma-cell	-256
26660.324561403508	72027.77192982456	plasma-cell	-256
26109.317829457363	72039.58139534884	plasma-cell	-256
25853.395161290322	72038.9758064516	plasma-cell	-256
25162.89230769231	72052.43846153846	plasma-cell	-256
25821.703703703704	72060.27160493827	plasma-cell	-256
26653.608695652176	72061.20869565217	plasma-cell	-256
25194.07619047619	72066.72380952381	plasma-cell	-256
25033.959595959597	72067.9696969697	plasma-cell	-256
25744.90740740741	72074.17592592593	plasma-cell	-256
25017.322314049587	72079.35537190082	plasma-cell	-256
26354.46153846154	72076.92307692308	plasma-cell	-256
25199.632075471698	72083.64150943396	plasma-cell	-256
25125.67619047619	72089.28571428571	plasma-cell	-256
25743.026315789473	72092.67543859649	plasma-cell	-256
25833.53982300885	72091.21238938053	plasma-cell	-256
25026.457142857143	72098.08571428571	plasma-cell	-256
25092.473684210527	72096.93421052632	plasma-cell	-256
25756.316326530614	72100.6836734694	plasma-cell	-256
26440.8487394958	72103.49579831933	plasma-cell	-256
26529.614285714284	72102.9	plasma-cell	-256
26662.875862068966	72110.28965517241	plasma-cell	-256
25020.767605633802	72113.78169014085	plasma-cell	-256
26108.217391304348	72114.08695652174	plasma-cell	-256
25608.621951219513	72114.68292682926	plasma-cell	-256
24852.31914893617	72120.3829787234	plasma-cell	-256
24863.39393939394	72121.36363636363	plasma-cell	-256
24880.714285714286	72123.64835164836	plasma-cell	-256
24912.058823529413	72126.0	plasma-cell	-256
25565.065040650406	72127.32520325204	plasma-cell	-256
25005.078260869566	72133.76521739131	plasma-cell	-256
25751.416216216217	72145.49189189188	plasma-cell	-256
25553.353383458645	72152.06015037594	plasma-cell	-256
24950.0	72151.28571428571	plasma-cell	-256
26626.325581395347	72150.27906976744	plasma-cell	-256
24966.470588235294	72157.03921568628	plasma-cell	-256
26743.75	72161.72115384616	plasma-cell	-256
24743.5	72164.98550724638	plasma-cell	-256
24984.135802469136	72168.87654320987	plasma-cell	-256
24928.31325301205	72173.81927710843	plasma-cell	-256
24966.0	72173.78651685393	plasma-cell	-256
25600.99090909091	72174.9909090909	plasma-cell	-256
24908.456790123455	72178.01234567902	plasma-cell	-256
24940.10185185185	72176.98148148147	plasma-cell	-256
26688.145833333332	72180.43055555556	plasma-cell	-256
26652.34899328859	72184.18791946309	plasma-cell	-256
25627.0	72182.94117647059	plasma-cell	-256
26703.666666666668	72189.43333333333	plasma-cell	-256
24754.0	72191.38888888889	plasma-cell	-256
25768.818897637797	72199.0157480315	plasma-cell	-256
24959.916666666668	72202.30555555556	plasma-cell	-256
24935.594339622643	72210.02830188679	plasma-cell	-256
25616.956989247312	72209.0	plasma-cell	-256
25373.564356435643	72215.9603960396	plasma-cell	-256
26772.076923076922	72215.6043956044	plasma-cell	-256
25687.81818181818	72217.38961038961	plasma-cell	-256
25718.636363636364	72221.15909090909	plasma-cell	-256
25189.889705882353	72230.41911764706	plasma-cell	-256
25366.190476190477	72226.69047619047	plasma-cell	-256
25637.796992481202	72230.13533834586	plasma-cell	-256
25664.011363636364	72230.28409090909	plasma-cell	-256
25602.43269230769	72235.04807692308	plasma-cell	-256
25669.045454545456	72242.2	plasma-cell	-256
25734.686046511626	72245.80232558139	plasma-cell	-256
26024.657894736843	72245.40789473684	plasma-cell	-256
25656.739726027397	72251.05479452055	plasma-cell	-256
26723.40837696335	72259.0	plasma-cell	-256
25653.635416666668	72258.76041666667	plasma-cell	-256
25695.522522522522	72262.21621621621	plasma-cell	-256
25648.272058823528	72275.32352941176	plasma-cell	-256
25377.128205128203	72282.17094017094	plasma-cell	-256
25683.389380530974	72282.77876106194	plasma-cell	-256
25699.86746987952	72299.98795180723	plasma-cell	-256
25379.910447761195	72316.0895522388	plasma-cell	-256
25399.40350877193	72318.1052631579	plasma-cell	-256
25367.84259259259	72332.50925925926	plasma-cell	-256
25380.551401869157	72335.68224299066	plasma-cell	-256
25413.921739130434	72336.94782608695	plasma-cell	-256
25911.70093457944	72341.7476635514	plasma-cell	-256
25648.47154471545	72356.0325203252	plasma-cell	-256
25622.533898305086	72400.6186440678	plasma-cell	-256
26465.698630136987	72411.8493150685	plasma-cell	-256
25540.168674698794	72415.48192771085	plasma-cell	-256
25606.406504065042	72428.21138211382	plasma-cell	-256
25917.41121495327	72434.0	plasma-cell	-256
25751.791304347826	72470.3652173913	plasma-cell	-256
26303.3738317757	72485.52336448598	plasma-cell	-256
26318.828282828283	72484.14141414141	plasma-cell	-256
26162.43442622951	72531.59016393442	plasma-cell	-256
26176.154545454545	72539.94545454545	plasma-cell	-256
26147.398305084746	72540.42372881356	plasma-cell	-256
26195.92105263158	72555.71052631579	plasma-cell	-256
26747.265625	72556.40625	plasma-cell	-256
26147.409090909092	72559.16666666667	plasma-cell	-256
25503.473684210527	72570.07894736843	plasma-cell	-256
25351.21495327103	72578.3644859813	plasma-cell	-256
24787.094827586207	72594.00862068965	plasma-cell	-256
25636.99315068493	72594.68493150685	plasma-cell	-256
25686.29197080292	72605.46715328467	plasma-cell	-256
25016.657534246577	72641.60273972603	plasma-cell	-256
24898.55238095238	72642.48571428572	plasma-cell	-256
25955.671875	72644.421875	plasma-cell	-256
25903.29090909091	72653.78181818181	plasma-cell	-256
25007.029702970296	72660.21782178218	plasma-cell	-256
25667.295454545456	72659.15909090909	plasma-cell	-256
24940.51724137931	72669.89655172414	plasma-cell	-256
25975.1768707483	72673.1836734694	plasma-cell	-256
25011.58024691358	72677.85185185185	plasma-cell	-256
25000.090909090908	72683.53409090909	plasma-cell	-256
24972.40322580645	72690.64516129032	plasma-cell	-256
24903.95	72694.4375	plasma-cell	-256
24929.5	72693.20370370371	plasma-cell	-256
24939.647058823528	72693.39705882352	plasma-cell	-256
24913.25	72706.5	plasma-cell	-256
25479.625	72711.5546875	plasma-cell	-256
24955.382352941175	72711.69607843137	plasma-cell	-256
24988.754966887416	72716.90066225166	plasma-cell	-256
24937.52427184466	72719.12621359223	plasma-cell	-256
24968.233644859814	72720.79439252337	plasma-cell	-256
25313.495238095238	72720.13333333333	plasma-cell	-256
24980.8	72730.66923076923	plasma-cell	-256
24969.436893203885	72745.28155339806	plasma-cell	-256
25029.247863247863	72774.22222222222	plasma-cell	-256
25334.340206185567	72774.15463917526	plasma-cell	-256
25014.57251908397	72791.39694656488	plasma-cell	-256
26051.032967032967	72807.7032967033	plasma-cell	-256
25001.090163934427	72818.80327868853	plasma-cell	-256
26708.393617021276	72893.37234042553	plasma-cell	-256
24765.29411764706	72908.6862745098	plasma-cell	-256
25804.266666666666	72907.76	plasma-cell	-256
26333.66911764706	72920.7205882353	plasma-cell	-256
25817.88695652174	72925.1652173913	plasma-cell	-256
25746.986666666668	72936.2	plasma-cell	-256
24972.422222222223	72943.44444444444	plasma-cell	-256
25327.434782608696	72942.72463768115	plasma-cell	-256
25600.688000000002	72941.456	plasma-cell	-256
25826.08823529412	72945.43382352941	plasma-cell	-256
25845.176136363636	72947.80681818182	plasma-cell	-256
25782.333333333332	72951.64912280702	plasma-cell	-256
25808.10891089109	72950.099009901	plasma-cell	-256
25563.974576271186	72970.47457627118	plasma-cell	-256
25793.315315315314	72969.43243243243	plasma-cell	-256
25855.291666666668	72966.5625	plasma-cell	-256
25833.038759689924	72974.47286821705	plasma-cell	-256
25772.920792079207	72975.66336633664	plasma-cell	-256
25864.1797752809	72975.42696629213	plasma-cell	-256
25472.266666666666	72980.65	plasma-cell	-256
25888.343434343435	72983.63636363637	plasma-cell	-256
25757.640845070422	72990.21126760563	plasma-cell	-256
25880.550561797754	72992.60674157304	plasma-cell	-256
25838.06730769231	72994.82692307692	plasma-cell	-256
26295.77966101695	72997.67796610169	plasma-cell	-256
26217.118055555555	73007.36805555556	plasma-cell	-256
25834.5223880597	73010.22388059701	plasma-cell	-256
25365.647887323943	73013.39436619719	plasma-cell	-256
26381.727272727272	73020.56060606061	plasma-cell	-256
25824.8	73024.68421052632	plasma-cell	-256
26264.75238095238	73024.01904761905	plasma-cell	-256
26351.84375	73030.16875	plasma-cell	-256
26156.809160305344	73029.76335877863	plasma-cell	-256
26392.284403669724	73040.79816513762	plasma-cell	-256
26270.7	73047.38333333333	plasma-cell	-256
27101.18666666667	73060.33333333333	plasma-cell	-256
25819.210191082802	73079.86624203822	plasma-cell	-256
25837.476744186046	73077.66279069768	plasma-cell	-256
27101.08695652174	73105.03105590062	plasma-cell	-256
24921.345238095237	73107.38095238095	plasma-cell	-256
27108.201550387595	73137.30232558139	plasma-cell	-256
27290.240506329115	73156.79746835443	plasma-cell	-256
27144.814814814814	73220.77777777778	plasma-cell	-256
27083.551020408162	73244.45918367348	plasma-cell	-256
24799.702702702703	73244.0945945946	plasma-cell	-256
26023.640350877195	73306.63157894737	plasma-cell	-256
25939.45	73321.45	plasma-cell	-256
26969.802816901407	73362.3661971831	plasma-cell	-256
26982.03448275862	73382.79310344828	plasma-cell	-256
26286.945054945056	73456.59340659341	plasma-cell	-256
26973.739130434784	73495.10869565218	plasma-cell	-256
26298.579310344827	73540.2275862069	plasma-cell	-256
25124.991071428572	73551.61607142857	plasma-cell	-256
26367.550561797754	73558.97752808989	plasma-cell	-256
25898.646153846155	73583.01538461538	plasma-cell	-256
26918.175824175825	73600.15384615384	plasma-cell	-256
25146.0546875	73611.0546875	plasma-cell	-256
26928.73076923077	73614.17948717948	plasma-cell	-256
27138.927083333332	73637.19791666667	plasma-cell	-256
26646.462068965517	73647.84137931034	plasma-cell	-256
27127.491379310344	73650.91379310345	plasma-cell	-256
26326.153846153848	73663.85714285714	plasma-cell	-256
26620.159090909092	73672.09848484848	plasma-cell	-256
26594.597826086956	73676.32608695653	plasma-cell	-256
25074.01052631579	73677.15789473684	plasma-cell	-256
25074.044444444444	73687.78888888888	plasma-cell	-256
26605.285714285714	73685.90476190476	plasma-cell	-256
26584.83950617284	73689.37037037036	plasma-cell	-256
26654.933333333334	73705.11666666667	plasma-cell	-256
25059.303571428572	73710.26785714286	plasma-cell	-256
26627.17094017094	73721.4188034188	plasma-cell	-256
25814.975	73722.88333333333	plasma-cell	-256
26970.393162393164	73721.33333333333	plasma-cell	-256
26614.101449275364	73725.21739130435	plasma-cell	-256
26643.851485148516	73732.71287128713	plasma-cell	-256
25171.81300813008	73741.1138211382	plasma-cell	-256
25062.81679389313	73743.0	plasma-cell	-256
25899.33870967742	73749.83064516129	plasma-cell	-256
26959.184615384616	73758.66153846154	plasma-cell	-256
25057.964285714286	73764.35714285714	plasma-cell	-256
27173.415384615386	73768.34358974358	plasma-cell	-256
27430.975903614457	73770.78313253012	plasma-cell	-256
27366.10714285714	73774.57142857143	plasma-cell	-256
27237.212669683257	73783.28506787331	plasma-cell	-256
25108.61467889908	73800.49541284403	plasma-cell	-256
25200.813953488374	73801.58139534884	plasma-cell	-256
25017.39097744361	73809.72180451128	plasma-cell	-256
25170.674242424244	73817.18181818182	plasma-cell	-256
25202.80487804878	73814.59756097561	plasma-cell	-256
25209.165354330707	73826.38582677166	plasma-cell	-256
25947.06766917293	73824.06015037594	plasma-cell	-256
25191.087719298244	73832.12280701754	plasma-cell	-256
25871.56050955414	73835.03821656051	plasma-cell	-256
27443.819444444445	73841.81944444444	plasma-cell	-256
26639.704761904763	73842.91428571429	plasma-cell	-256
24759.475	73843.825	plasma-cell	-256
25884.09900990099	73846.21782178218	plasma-cell	-256
25215.66393442623	73848.25409836066	plasma-cell	-256
25976.436170212764	73847.29787234042	plasma-cell	-256
25133.283950617282	73852.32098765433	plasma-cell	-256
26684.285714285714	73857.11764705883	plasma-cell	-256
25960.194444444445	73857.43055555556	plasma-cell	-256
27132.805970149253	73861.87313432836	plasma-cell	-256
25135.69230769231	73863.53846153847	plasma-cell	-256
25990.82051282051	73867.94871794872	plasma-cell	-256
26031.8	73882.9	plasma-cell	-256
26059.392156862745	73880.03921568628	plasma-cell	-256
26007.470588235294	73883.84313725491	plasma-cell	-256
26271.695652173912	73889.55072463768	plasma-cell	-256
24800.271276595744	73895.0425531915	plasma-cell	-256
25992.297297297297	73891.85585585586	plasma-cell	-256
26138.4	73891.71428571429	plasma-cell	-256
26913.087719298244	73891.33333333333	plasma-cell	-256
27178.408163265307	73894.44897959183	plasma-cell	-256
26050.69230769231	73894.44444444444	plasma-cell	-256
24653.1	73895.4	plasma-cell	-256
26338.25	73900.0	plasma-cell	-256
27524.454545454544	73902.5303030303	plasma-cell	-256
26356.037974683546	73908.40506329114	plasma-cell	-256
24621.363636363636	73910.97402597402	plasma-cell	-256
26322.630434782608	73910.10869565218	plasma-cell	-256
26925.4	73911.96	plasma-cell	-256
26116.543478260868	73913.71739130435	plasma-cell	-256
26191.05769230769	73914.03846153847	plasma-cell	-256
26959.652173913044	73913.53623188406	plasma-cell	-256
25355.183333333334	73918.61666666667	plasma-cell	-256
25339.365384615383	73921.78846153847	plasma-cell	-256
25872.72	73918.16	plasma-cell	-256
26328.70588235294	73919.95588235294	plasma-cell	-256
26932.61666666667	73920.16666666667	plasma-cell	-256
26214.685393258427	73924.19101123596	plasma-cell	-256
26189.06349206349	73924.71428571429	plasma-cell	-256
26117.126126126124	73931.72072072072	plasma-cell	-256
26130.37362637363	73930.64835164836	plasma-cell	-256
26374.355072463768	73932.02898550725	plasma-cell	-256
24577.304347826088	73937.10144927536	plasma-cell	-256
26060.725806451614	73940.1129032258	plasma-cell	-256
25380.278481012658	73955.79746835443	plasma-cell	-256
26928.180722891568	73968.98795180723	plasma-cell	-256
26235.5	73974.5	plasma-cell	-256
26383.25	73978.65	plasma-cell	-256
26916.96	73977.82	plasma-cell	-256
26329.136752136754	73982.7094017094	plasma-cell	-256
25278.358974358973	73984.0	plasma-cell	-256
26131.189393939392	73993.16666666667	plasma-cell	-256
25035.57046979866	73999.04697986577	plasma-cell	-256
26226.536585365855	74005.19512195123	plasma-cell	-256
26411.132075471698	74007.06603773584	plasma-cell	-256
26920.45945945946	74012.86486486487	plasma-cell	-256
26886.709923664122	74018.52671755725	plasma-cell	-256
27539.91304347826	74019.82608695653	plasma-cell	-256
26995.326923076922	74023.86538461539	plasma-cell	-256
25390.51260504202	74045.67226890757	plasma-cell	-256
25390.085714285713	74065.28571428571	plasma-cell	-256
26379.809859154928	74097.47183098592	plasma-cell	-256
26728.02962962963	74115.8	plasma-cell	-256
24927.5	74116.0	plasma-cell	-256
26078.975806451614	74120.95967741935	plasma-cell	-256
26946.967741935485	74125.2741935484	plasma-cell	-256
26732.677966101695	74128.06779661016	plasma-cell	-256
24781.594285714287	74134.91428571429	plasma-cell	-256
25615.533980582524	74151.54368932039	plasma-cell	-256
26954.88888888889	74149.92592592593	plasma-cell	-256
25294.357664233576	74155.0291970803	plasma-cell	-256
26458.12857142857	74160.19285714286	plasma-cell	-256
25621.31623931624	74169.41025641025	plasma-cell	-256
25822.604395604394	74170.53846153847	plasma-cell	-256
26468.298076923078	74188.06730769231	plasma-cell	-256
24714.76595744681	74191.0425531915	plasma-cell	-256
25435.094240837698	74204.34554973822	plasma-cell	-256
24712.14765100671	74220.6644295302	plasma-cell	-256
24747.10465116279	74228.45348837209	plasma-cell	-256
26347.221238938055	74240.01769911505	plasma-cell	-256
27151.641148325358	74254.61244019138	plasma-cell	-256
26363.923664122136	74264.3358778626	plasma-cell	-256
24602.539568345324	74271.84892086331	plasma-cell	-256
24643.488	74273.032	plasma-cell	-256
26749.10447761194	74279.0895522388	plasma-cell	-256
26364.166666666668	74298.66666666667	plasma-cell	-256
25745.48611111111	74304.55555555556	plasma-cell	-256
26232.40350877193	74307.42105263157	plasma-cell	-256
26800.763157894737	74310.86842105263	plasma-cell	-256
26720.68269230769	74328.36538461539	plasma-cell	-256
27176.302884615383	74334.25961538461	plasma-cell	-256
24555.77894736842	74337.82105263158	plasma-cell	-256
26349.662790697676	74339.2558139535	plasma-cell	-256
26367.641304347824	74340.5652173913	plasma-cell	-256
26395.78787878788	74341.24242424243	plasma-cell	-256
26434.85087719298	74343.05263157895	plasma-cell	-256
26412.33035714286	74347.52678571429	plasma-cell	-256
26869.346153846152	74347.42307692308	plasma-cell	-256
26344.0	74348.59090909091	plasma-cell	-256
26613.4140625	74351.5859375	plasma-cell	-256
26474.302325581397	74352.02325581395	plasma-cell	-256
24589.28846153846	74356.75	plasma-cell	-256
26375.5	74358.58333333333	plasma-cell	-256
26608.0	74369.3	plasma-cell	-256
26727.75652173913	74369.81739130434	plasma-cell	-256
26306.290322580644	74372.97849462366	plasma-cell	-256
26077.753086419754	74374.03703703704	plasma-cell	-256
26360.571428571428	74376.77922077922	plasma-cell	-256
27072.62626262626	74382.0303030303	plasma-cell	-256
26081.566666666666	74384.86666666667	plasma-cell	-256
25549.04964539007	74387.83687943262	plasma-cell	-256
26381.674796747968	74392.19512195123	plasma-cell	-256
26307.511627906977	74392.13953488372	plasma-cell	-256
25093.453608247422	74395.90721649484	plasma-cell	-256
26609.619834710742	74396.59504132232	plasma-cell	-256
26317.863636363636	74398.22727272728	plasma-cell	-256
26329.756302521007	74399.95798319328	plasma-cell	-256
25098.0987654321	74403.51851851851	plasma-cell	-256
26094.791304347826	74405.72173913043	plasma-cell	-256
26070.29054054054	74408.1081081081	plasma-cell	-256
26200.130952380954	74410.42857142857	plasma-cell	-256
26415.82978723404	74408.28723404255	plasma-cell	-256
26482.23595505618	74407.85393258427	plasma-cell	-256
25565.211009174312	74417.71559633028	plasma-cell	-256
26355.353658536584	74423.53658536586	plasma-cell	-256
25548.0	74427.23076923077	plasma-cell	-256
26305.870967741936	74435.66666666667	plasma-cell	-256
26341.553846153845	74442.18461538461	plasma-cell	-256
26500.905660377357	74442.8679245283	plasma-cell	-256
26457.78021978022	74447.63736263737	plasma-cell	-256
25226.429411764704	74458.86470588236	plasma-cell	-256
26343.364485981307	74456.70093457944	plasma-cell	-256
26319.470588235294	74469.92647058824	plasma-cell	-256
26360.53125	74469.58333333333	plasma-cell	-256
27082.328502415457	74482.94685990339	plasma-cell	-256
26336.887640449437	74488.04494382022	plasma-cell	-256
24604.23287671233	74494.83561643836	plasma-cell	-256
26846.369565217392	74498.30434782608	plasma-cell	-256
25942.315789473683	74519.45112781954	plasma-cell	-256
26421.333333333332	74533.69696969698	plasma-cell	-256
25939.59493670886	74579.30379746835	plasma-cell	-256
26052.368932038837	74608.12621359223	plasma-cell	-256
26013.34375	74614.92708333333	plasma-cell	-256
26039.380952380954	74615.77777777778	plasma-cell	-256
26358.089285714286	74623.16071428571	plasma-cell	-256
26653.59223300971	74621.73786407767	plasma-cell	-256
26541.87610619469	74626.54867256636	plasma-cell	-256
26409.466666666667	74630.86666666667	plasma-cell	-256
26015.275510204083	74641.21428571429	plasma-cell	-256
26323.895652173913	74657.93043478261	plasma-cell	-256
25603.396396396398	74661.63963963964	plasma-cell	-256
26365.931034482757	74663.77586206897	plasma-cell	-256
26882.545454545456	74699.03896103895	plasma-cell	-256
26921.6511627907	74704.16279069768	plasma-cell	-256
26605.743243243243	74838.43243243243	plasma-cell	-256
26578.214814814815	74845.54814814815	plasma-cell	-256
25076.677419354837	74865.56989247311	plasma-cell	-256
26281.28787878788	74900.0	plasma-cell	-256
24781.270833333332	74936.39583333333	plasma-cell	-256
24845.20408163265	74957.63265306123	plasma-cell	-256
26440.728448275862	75000.03448275862	plasma-cell	-256
25294.827586206895	74996.4827586207	plasma-cell	-256
25642.63	75010.56	plasma-cell	-256
26428.12213740458	75013.0534351145	plasma-cell	-256
26020.22463768116	75037.84782608696	plasma-cell	-256
26290.456647398845	75051.78612716764	plasma-cell	-256
26288.97619047619	75107.06349206349	plasma-cell	-256
25676.22807017544	75157.14035087719	plasma-cell	-256
26214.315384615384	75159.63846153846	plasma-cell	-256
25322.722891566264	75169.59036144578	plasma-cell	-256
25706.76	75173.128	plasma-cell	-256
27131.39285714286	75178.11904761905	plasma-cell	-256
26294.83647798742	75188.03773584905	plasma-cell	-256
25323.4	75192.29333333333	plasma-cell	-256
24643.54716981132	75214.45911949685	plasma-cell	-256
26184.482993197278	75214.98639455783	plasma-cell	-256
25160.477272727272	75267.11363636363	plasma-cell	-256
25215.2	75289.45714285714	plasma-cell	-256
24633.98795180723	75302.6265060241	plasma-cell	-256
25959.938461538462	75315.52307692307	plasma-cell	-256
25256.945454545454	75345.85454545455	plasma-cell	-256
24683.568965517243	75369.5172413793	plasma-cell	-256
27200.25	75365.96428571429	plasma-cell	-256
24893.39423076923	75374.65384615384	plasma-cell	-256
24758.360824742267	75388.88659793814	plasma-cell	-256
24846.41176470588	75388.44537815126	plasma-cell	-256
24875.352941176472	75391.33333333333	plasma-cell	-256
25446.0	75391.265625	plasma-cell	-256
24670.302325581397	75398.81860465117	plasma-cell	-256
24689.305555555555	75392.53703703704	plasma-cell	-256
25937.56557377049	75403.59836065574	plasma-cell	-256
24644.108571428573	75413.70285714285	plasma-cell	-256
24920.333333333332	75422.21212121213	plasma-cell	-256
25912.666666666668	75423.24242424243	plasma-cell	-256
24746.536697247706	75433.02293577982	plasma-cell	-256
25008.254901960783	75428.98039215687	plasma-cell	-256
24719.194871794873	75436.42564102563	plasma-cell	-256
24966.377358490565	75444.45283018867	plasma-cell	-256
24707.043478260868	75449.38586956522	plasma-cell	-256
24904.697986577183	75447.91946308725	plasma-cell	-256
24675.20588235294	75457.90686274509	plasma-cell	-256
24660.94382022472	75472.22471910113	plasma-cell	-256
24753.054054054053	75474.83783783784	plasma-cell	-256
24590.525423728814	75481.0	plasma-cell	-256
24606.028846153848	75485.81730769231	plasma-cell	-256
24642.020134228187	75486.79194630873	plasma-cell	-256
24522.25	75488.64583333333	plasma-cell	-256
24745.178571428572	75487.42857142857	plasma-cell	-256
24761.608	75495.464	plasma-cell	-256
27018.928571428572	75501.0	plasma-cell	-256
24713.063829787236	75506.25	plasma-cell	-256
24562.24429967427	75513.95439739413	plasma-cell	-256
24739.439655172413	75512.56896551725	plasma-cell	-256
27202.764705882353	75520.4705882353	plasma-cell	-256
24727.50588235294	75523.09411764707	plasma-cell	-256
24635.812949640287	75523.75539568346	plasma-cell	-256
24688.305555555555	75524.29629629629	plasma-cell	-256
24604.198757763974	75533.94409937889	plasma-cell	-256
24588.036036036036	75532.93693693694	plasma-cell	-256
24644.837837837837	75542.31531531531	plasma-cell	-256
24682.7890625	75550.03125	plasma-cell	-256
24557.736263736264	75552.41758241758	plasma-cell	-256
26725.00833333333	75558.70833333333	plasma-cell	-256
26985.063829787236	75558.0	plasma-cell	-256
24586.628571428573	75567.05714285714	plasma-cell	-256
24629.357723577235	75571.10569105692	plasma-cell	-256
24680.27380952381	75597.19047619047	plasma-cell	-256
24622.865168539327	75598.77528089887	plasma-cell	-256
24567.10465116279	75613.53488372093	plasma-cell	-256
26947.77142857143	75616.91428571429	plasma-cell	-256
26046.765625	75622.140625	plasma-cell	-256
24569.648854961833	75641.90839694656	plasma-cell	-256
24667.956521739132	75651.13043478261	plasma-cell	-256
24699.30188679245	75672.18867924529	plasma-cell	-256
25208.03305785124	75684.40495867768	plasma-cell	-256
24646.066265060243	75700.078313253	plasma-cell	-256
25572.739130434784	75710.34782608696	plasma-cell	-256
26737.831325301206	75710.09638554217	plasma-cell	-256
25115.921875	75713.2890625	plasma-cell	-256
24651.71304347826	75720.59130434782	plasma-cell	-256
25249.428571428572	75719.11428571428	plasma-cell	-256
25126.169230769232	75722.8	plasma-cell	-256
25567.682352941178	75722.35294117648	plasma-cell	-256
24621.486486486487	75736.16216216216	plasma-cell	-256
25754.625	75737.16071428571	plasma-cell	-256
24594.956521739132	75750.39130434782	plasma-cell	-256
25490.37837837838	75767.38738738738	plasma-cell	-256
26630.13953488372	75775.78294573643	plasma-cell	-256
26217.605839416057	75800.35036496351	plasma-cell	-256
26775.833333333332	75810.5	plasma-cell	-256
25326.621951219513	75815.82926829268	plasma-cell	-256
24925.60824742268	75830.25773195876	plasma-cell	-256
26260.429824561405	75830.85087719298	plasma-cell	-256
25105.116279069767	75835.88372093023	plasma-cell	-256
24600.377622377622	75841.11888111888	plasma-cell	-256
26240.78888888889	75846.67222222222	plasma-cell	-256
26643.22926829268	75861.46829268293	plasma-cell	-256
24739.75	75864.92073170732	plasma-cell	-256
25165.15625	75864.578125	plasma-cell	-256
25509.757894736842	75872.36842105263	plasma-cell	-256
24852.096153846152	75883.25	plasma-cell	-256
25625.592105263157	75892.28947368421	plasma-cell	-256
26074.89928057554	75889.79856115108	plasma-cell	-256
26021.95	75905.325	plasma-cell	-256
24689.71052631579	75910.61842105263	plasma-cell	-256
26113.880733944956	75921.75229357799	plasma-cell	-256
26624.657718120805	75924.92617449665	plasma-cell	-256
26727.972222222223	75926.01851851851	plasma-cell	-256
24951.919708029196	75931.17518248175	plasma-cell	-256
26024.958333333332	75938.44444444444	plasma-cell	-256
25430.52688172043	75948.31182795699	plasma-cell	-256
25414.77319587629	75960.0	plasma-cell	-256
25422.0	75968.0	plasma-cell	-256
26674.724137931036	76001.40229885057	plasma-cell	-256
24893.748251748253	76026.36363636363	plasma-cell	-256
26340.20618556701	76026.17525773196	plasma-cell	-256
24755.85401459854	76029.700729927	plasma-cell	-256
24948.637931034482	76033.2672413793	plasma-cell	-256
24788.515151515152	76039.51515151515	plasma-cell	-256
24962.704347826086	76050.87826086956	plasma-cell	-256
26512.35135135135	76055.63513513513	plasma-cell	-256
24952.775862068964	76066.29310344828	plasma-cell	-256
24936.68888888889	76068.24444444444	plasma-cell	-256
24926.212765957447	76070.31914893616	plasma-cell	-256
24955.675675675677	76077.62162162163	plasma-cell	-256
24750.728813559323	76090.79661016949	plasma-cell	-256
24941.113636363636	76092.79545454546	plasma-cell	-256
26036.695652173912	76120.87681159421	plasma-cell	-256
25968.475	76124.9	plasma-cell	-256
26373.025	76127.5625	plasma-cell	-256
26347.51388888889	76138.23611111111	plasma-cell	-256
25168.50657894737	76138.57236842105	plasma-cell	-256
25341.944055944055	76141.61538461539	plasma-cell	-256
26353.842696629214	76147.89887640449	plasma-cell	-256
26390.20359281437	76154.67664670659	plasma-cell	-256
25445.388429752067	76159.09090909091	plasma-cell	-256
25765.59493670886	76157.6329113924	plasma-cell	-256
25158.561904761904	76162.70476190477	plasma-cell	-256
24833.238805970148	76164.25373134328	plasma-cell	-256
25413.235294117647	76166.4705882353	plasma-cell	-256
24802.55769230769	76172.30769230769	plasma-cell	-256
24985.735294117647	76188.27205882352	plasma-cell	-256
25212.991379310344	76192.52586206897	plasma-cell	-256
25441.29268292683	76191.03658536586	plasma-cell	-256
25845.96551724138	76202.06896551725	plasma-cell	-256
25441.81818181818	76207.25454545455	plasma-cell	-256
25927.46846846847	76216.25225225225	plasma-cell	-256
25441.971830985916	76221.5352112676	plasma-cell	-256
25331.944785276075	76243.47852760737	plasma-cell	-256
25255.72	76268.68	plasma-cell	-256
30634.10843373494	54916.530120481926	plasma-cell	-256
29664.442477876106	55913.38053097345	plasma-cell	-256
31425.675	55966.675	plasma-cell	-256
30157.48214285714	56119.94642857143	plasma-cell	-256
29804.04	56528.32	plasma-cell	-256
30995.098039215685	56689.13725490196	plasma-cell	-256
30258.037974683546	56781.74683544304	plasma-cell	-256
31044.404761904763	58276.78571428571	plasma-cell	-256
29561.049180327867	62884.49180327869	plasma-cell	-256
30284.95283018868	63491.59433962264	plasma-cell	-256
30199.682926829268	63743.95121951219	plasma-cell	-256
30059.186440677968	63777.93220338983	plasma-cell	-256
29462.93181818182	63966.556818181816	plasma-cell	-256
29938.086419753086	63966.67901234568	plasma-cell	-256
29641.21052631579	63972.45614035088	plasma-cell	-256
29921.25	64021.484375	plasma-cell	-256
29938.76595744681	64020.40425531915	plasma-cell	-256
29934.673469387755	64124.4693877551	plasma-cell	-256
29722.325842696628	64167.49438202247	plasma-cell	-256
29797.128205128207	64648.794871794875	plasma-cell	-256
34348.94852941176	65471.632352941175	plasma-cell	-256
30448.88679245283	65501.52830188679	plasma-cell	-256
30626.875	65567.390625	plasma-cell	-256
31445.44827586207	65589.44827586207	plasma-cell	-256
30618.363636363636	65605.09090909091	plasma-cell	-256
31237.440298507463	65606.95522388059	plasma-cell	-256
30588.571428571428	65635.0	plasma-cell	-256
30891.436893203885	65647.45631067961	plasma-cell	-256
30474.503267973858	65654.14379084967	plasma-cell	-256
31002.33121019108	65665.28025477707	plasma-cell	-256
31098.542857142857	65680.48571428572	plasma-cell	-256
34288.1679389313	65683.24427480916	plasma-cell	-256
30860.793103448275	65702.5	plasma-cell	-256
33184.03571428572	65714.28571428571	plasma-cell	-256
33267.33766233766	65772.98701298701	plasma-cell	-256
31726.577777777777	65773.35555555555	plasma-cell	-256
32337.685185185186	65802.64814814815	plasma-cell	-256
29682.666666666668	65812.52873563218	plasma-cell	-256
31289.424242424244	65834.93939393939	plasma-cell	-256
31272.163265306124	65839.02040816327	plasma-cell	-256
32258.54761904762	65881.35714285714	plasma-cell	-256
32196.584269662922	65881.02247191011	plasma-cell	-256
32243.2890625	65887.5859375	plasma-cell	-256
29901.424581005587	65910.5530726257	plasma-cell	-256
32324.245283018867	65938.11320754717	plasma-cell	-256
32372.0987654321	65939.16049382716	plasma-cell	-256
32387.395833333332	65942.625	plasma-cell	-256
29574.36923076923	65969.18461538461	plasma-cell	-256
29991.864077669903	65978.33009708738	plasma-cell	-256
29585.478260869564	65979.28985507246	plasma-cell	-256
29862.246753246753	65984.81818181818	plasma-cell	-256
29938.833333333332	65992.85185185185	plasma-cell	-256
29928.05769230769	65994.94230769231	plasma-cell	-256
32801.87368421053	66020.55789473685	plasma-cell	-256
29660.545454545456	66027.59090909091	plasma-cell	-256
30143.043478260868	66029.72463768115	plasma-cell	-256
29580.323076923076	66040.0076923077	plasma-cell	-256
29887.545454545456	66044.95454545454	plasma-cell	-256
30152.013157894737	66049.57236842105	plasma-cell	-256
29910.160714285714	66075.39285714286	plasma-cell	-256
29605.369863013697	66085.87671232877	plasma-cell	-256
30154.91772151899	66094.52531645569	plasma-cell	-256
30608.641304347824	66096.0652173913	plasma-cell	-256
29903.333333333332	66100.96296296296	plasma-cell	-256
29917.775	66104.575	plasma-cell	-256
32933.94871794872	66111.05128205128	plasma-cell	-256
32965.51162790698	66142.46511627907	plasma-cell	-256
29818.23287671233	66173.61643835617	plasma-cell	-256
29585.036363636365	66176.58181818182	plasma-cell	-256
33038.48148148148	66180.81481481482	plasma-cell	-256
30262.245454545453	66197.70909090909	plasma-cell	-256
32369.82051282051	66210.94017094017	plasma-cell	-256
29723.084033613446	66241.42016806723	plasma-cell	-256
34126.62962962963	66250.77777777778	plasma-cell	-256
30170.3488372093	66276.54263565892	plasma-cell	-256
29763.741293532337	66283.04477611941	plasma-cell	-256
32284.0756302521	66289.87394957984	plasma-cell	-256
30064.313559322032	66294.18644067796	plasma-cell	-256
29796.366515837104	66336.07239819005	plasma-cell	-256
30049.905263157896	66332.8947368421	plasma-cell	-256
29832.980952380953	66338.8380952381	plasma-cell	-256
30004.22429906542	66338.46728971963	plasma-cell	-256
30008.860215053763	66351.55913978495	plasma-cell	-256
29707.415384615386	66365.68461538461	plasma-cell	-256
30059.920634920636	66379.63492063493	plasma-cell	-256
29941.5	66381.84210526316	plasma-cell	-256
29714.40425531915	66412.00709219858	plasma-cell	-256
32940.40909090909	66412.81818181818	plasma-cell	-256
29887.173076923078	66416.97115384616	plasma-cell	-256
29574.233766233767	66424.93506493507	plasma-cell	-256
29972.152046783627	66429.91812865497	plasma-cell	-256
32356.07299270073	66435.50364963504	plasma-cell	-256
29611.983870967742	66477.58064516129	plasma-cell	-256
29914.68152866242	66530.78343949045	plasma-cell	-256
29755.097345132745	66562.67256637168	plasma-cell	-256
29950.024590163935	66564.72950819672	plasma-cell	-256
29872.925925925927	66569.81481481482	plasma-cell	-256
31948.894736842107	66575.94736842105	plasma-cell	-256
29934.11111111111	66580.65432098765	plasma-cell	-256
29950.5	66578.98529411765	plasma-cell	-256
30118.272151898735	66587.41139240506	plasma-cell	-256
29955.45	66622.375	plasma-cell	-256
30945.03125	66623.25	plasma-cell	-256
30353.761904761905	66624.61904761905	plasma-cell	-256
30343.251700680274	66646.85714285714	plasma-cell	-256
29933.79661016949	66665.20338983051	plasma-cell	-256
30336.716417910447	66670.01492537314	plasma-cell	-256
30317.523076923077	66676.96153846153	plasma-cell	-256
30213.242424242424	66711.30303030302	plasma-cell	-256
30235.283783783783	66714.98648648648	plasma-cell	-256
32866.89898989899	66712.49494949495	plasma-cell	-256
30320.76923076923	66741.23076923077	plasma-cell	-256
30240.236559139787	66755.87096774194	plasma-cell	-256
30079.416666666668	66761.33333333333	plasma-cell	-256
30164.671875	66774.671875	plasma-cell	-256
30173.796875	66776.46875	plasma-cell	-256
30107.18918918919	66777.36486486487	plasma-cell	-256
33007.545454545456	66803.74545454545	plasma-cell	-256
31680.678571428572	66806.08333333333	plasma-cell	-256
30391.28205128205	66817.60683760684	plasma-cell	-256
30168.617283950618	66833.4074074074	plasma-cell	-256
33182.0	66853.52380952382	plasma-cell	-256
31607.333333333332	66880.15625	plasma-cell	-256
29733.071428571428	66898.69047619047	plasma-cell	-256
31411.566666666666	66907.75555555556	plasma-cell	-256
30212.75939849624	66915.27067669173	plasma-cell	-256
31639.914634146342	66917.12195121951	plasma-cell	-256
31286.04	66925.92	plasma-cell	-256
31200.354838709678	66930.58064516129	plasma-cell	-256
31231.628787878788	66963.0	plasma-cell	-256
31556.87951807229	66963.2108433735	plasma-cell	-256
32096.268656716416	66971.77611940299	plasma-cell	-256
32070.055555555555	66972.70138888889	plasma-cell	-256
32057.926829268294	66980.9268292683	plasma-cell	-256
31127.203703703704	66996.19444444444	plasma-cell	-256
31819.035714285714	67021.28571428571	plasma-cell	-256
32354.493333333332	67028.46666666666	plasma-cell	-256
31564.46153846154	67026.15384615384	plasma-cell	-256
32825.07407407407	67033.74074074074	plasma-cell	-256
31364.37401574803	67062.54724409449	plasma-cell	-256
30377.49704142012	67060.50887573964	plasma-cell	-256
30277.552631578947	67065.07894736843	plasma-cell	-256
30409.645569620254	67068.37974683545	plasma-cell	-256
33708.30434782609	67065.86956521739	plasma-cell	-256
31701.32608695652	67074.23369565218	plasma-cell	-256
31602.25	67091.48529411765	plasma-cell	-256
31732.072625698325	67095.58100558659	plasma-cell	-256
30308.108108108107	67099.7027027027	plasma-cell	-256
31157.74375	67100.7	plasma-cell	-256
31350.65034965035	67113.44755244756	plasma-cell	-256
32356.035087719298	67115.5701754386	plasma-cell	-256
31482.164556962027	67125.44936708861	plasma-cell	-256
31335.127551020407	67134.66836734694	plasma-cell	-256
31356.373913043477	67137.37391304348	plasma-cell	-256
31965.0	67142.46017699115	plasma-cell	-256
30250.253012048193	67146.80722891566	plasma-cell	-256
31947.82608695652	67146.13913043478	plasma-cell	-256
31381.87029288703	67156.73640167364	plasma-cell	-256
31438.614814814813	67163.05925925926	plasma-cell	-256
31353.668478260868	67190.15217391304	plasma-cell	-256
31448.2	67190.83636363636	plasma-cell	-256
31374.63333333333	67208.93333333333	plasma-cell	-256
31467.994011976047	67212.64670658682	plasma-cell	-256
32060.720930232557	67216.23255813954	plasma-cell	-256
31422.782608695652	67218.23913043478	plasma-cell	-256
31339.45394736842	67229.59210526316	plasma-cell	-256
31469.353846153845	67226.61538461539	plasma-cell	-256
32109.654545454545	67232.84545454546	plasma-cell	-256
31440.31638418079	67251.74011299435	plasma-cell	-256
32103.660194174758	67251.14563106796	plasma-cell	-256
31349.851674641148	67259.83253588517	plasma-cell	-256
31358.608695652176	67274.47826086957	plasma-cell	-256
30814.006211180124	67338.64596273292	plasma-cell	-256
30799.5	67349.29411764706	plasma-cell	-256
31612.163265306124	67385.21428571429	plasma-cell	-256
32253.410256410258	67397.79487179487	plasma-cell	-256
32942.25	67523.0	plasma-cell	-256
32941.15	67542.91666666667	plasma-cell	-256
32949.47619047619	67568.95238095238	plasma-cell	-256
32639.596153846152	67621.06730769231	plasma-cell	-256
32582.21818181818	67627.36363636363	plasma-cell	-256
32540.40740740741	67630.37037037036	plasma-cell	-256
32589.326530612245	67638.4693877551	plasma-cell	-256
32568.094736842104	67646.48421052631	plasma-cell	-256
32586.300884955752	67663.43362831858	plasma-cell	-256
32619.43046357616	67666.49006622516	plasma-cell	-256
32524.244897959183	67682.98469387754	plasma-cell	-256
32611.409448818897	67683.25196850393	plasma-cell	-256
32562.41304347826	67694.89855072464	plasma-cell	-256
32579.95867768595	67699.12396694215	plasma-cell	-256
32484.26213592233	67699.44660194175	plasma-cell	-256
32615.304347826088	67699.2463768116	plasma-cell	-256
32588.160714285714	67732.32142857143	plasma-cell	-256
32628.626086956523	67741.69565217392	plasma-cell	-256
32583.447368421053	67741.28947368421	plasma-cell	-256
32851.782051282054	67779.78205128205	plasma-cell	-256
33031.65853658537	67804.48780487805	plasma-cell	-256
33497.8	67807.5625	plasma-cell	-256
32918.9593495935	67858.05691056911	plasma-cell	-256
32922.62962962963	67880.79629629629	plasma-cell	-256
33542.958506224066	67911.26141078839	plasma-cell	-256
33222.143835616436	67911.94520547945	plasma-cell	-256
33626.32846715328	67918.08759124088	plasma-cell	-256
33213.666666666664	67929.34375	plasma-cell	-256
33183.555555555555	67943.41414141413	plasma-cell	-256
33704.490909090906	67997.05454545455	plasma-cell	-256
33378.79347826087	68000.6847826087	plasma-cell	-256
34196.188888888886	68000.56666666667	plasma-cell	-256
33933.82584269663	68010.34269662922	plasma-cell	-256
32356.565656565657	68029.33333333333	plasma-cell	-256
33921.50641025641	68031.10256410256	plasma-cell	-256
34340.90909090909	68125.25	plasma-cell	-256
33893.48484848485	68363.0	plasma-cell	-256
36733.29914529915	11644.205128205129	plasma-cell	-256
36154.94736842105	15292.315789473683	plasma-cell	-256
35910.61016949153	15315.5593220339	plasma-cell	-256
36115.205882352944	15319.176470588234	plasma-cell	-256
36047.32967032967	15327.10989010989	plasma-cell	-256
36292.88888888889	15339.152777777777	plasma-cell	-256
35600.86666666667	15369.75	plasma-cell	-256
35975.06451612903	15595.741935483871	plasma-cell	-256
36075.91764705882	15596.423529411764	plasma-cell	-256
36231.28828828829	15617.909909909911	plasma-cell	-256
36383.634146341465	15703.378048780487	plasma-cell	-256
36349.291666666664	15708.46875	plasma-cell	-256
36825.3085106383	15709.0	plasma-cell	-256
36799.82	15715.9	plasma-cell	-256
36851.70731707317	15725.674796747968	plasma-cell	-256
37067.90178571428	15726.589285714286	plasma-cell	-256
36333.04724409449	15730.874015748032	plasma-cell	-256
36733.34444444445	15748.777777777777	plasma-cell	-256
35860.485074626864	15803.582089552237	plasma-cell	-256
36497.88990825688	15803.724770642202	plasma-cell	-256
36299.325	15805.5	plasma-cell	-256
35777.27777777778	15812.888888888889	plasma-cell	-256
36309.10769230769	15814.153846153846	plasma-cell	-256
35576.378787878784	15822.28787878788	plasma-cell	-256
35672.516393442624	15823.598360655738	plasma-cell	-256
35873.96103896104	15826.753246753247	plasma-cell	-256
37080.892857142855	15829.092857142856	plasma-cell	-256
35805.295774647886	15834.577464788732	plasma-cell	-256
36747.270491803276	15834.016393442624	plasma-cell	-256
36771.115646258506	15846.578231292517	plasma-cell	-256
36512.20560747664	15845.0	plasma-cell	-256
37013.68807339449	15846.80733944954	plasma-cell	-256
35780.44736842105	15852.263157894737	plasma-cell	-256
36249.42424242424	15858.545454545456	plasma-cell	-256
35746.08928571428	15865.348214285714	plasma-cell	-256
35873.17213114754	15871.401639344262	plasma-cell	-256
37033.53703703704	15882.75	plasma-cell	-256
35805.44036697248	15893.788990825688	plasma-cell	-256
35869.22535211268	15893.591549295776	plasma-cell	-256
35850.171875	15894.796875	plasma-cell	-256
35786.5	15899.86	plasma-cell	-256
36479.69918699187	15905.390243902439	plasma-cell	-256
36501.31578947369	15905.565789473683	plasma-cell	-256
36986.31578947369	15905.526315789473	plasma-cell	-256
35867.81333333333	15914.4	plasma-cell	-256
36563.757575757576	15919.888888888889	plasma-cell	-256
35846.77272727273	15923.5	plasma-cell	-256
36777.412903225806	15931.845161290323	plasma-cell	-256
36979.165714285715	15941.48	plasma-cell	-256
37017.5	15940.611111111111	plasma-cell	-256
37013.150684931505	15992.278538812785	plasma-cell	-256
35260.45205479452	16009.260273972603	plasma-cell	-256
35169.97727272727	16020.75	plasma-cell	-256
35155.557692307695	16026.557692307691	plasma-cell	-256
35206.93984962406	16030.060150375939	plasma-cell	-256
35248.15789473684	16038.452631578948	plasma-cell	-256
36650.30434782609	16051.260869565216	plasma-cell	-256
36982.874074074076	16072.296296296296	plasma-cell	-256
37146.634146341465	16072.134146341465	plasma-cell	-256
36661.19696969697	16082.909090909092	plasma-cell	-256
36704.854838709674	16106.387096774193	plasma-cell	-256
35283.57142857143	16113.321428571428	plasma-cell	-256
37319.64615384615	16142.3	plasma-cell	-256
37069.30172413793	16154.181034482759	plasma-cell	-256
36606.61111111111	16158.791666666668	plasma-cell	-256
36968.42307692308	16160.384615384615	plasma-cell	-256
36910.96062992126	16178.614173228347	plasma-cell	-256
35213.2	16193.190243902438	plasma-cell	-256
36992.00495049505	16191.801980198019	plasma-cell	-256
37309.83653846154	16189.85576923077	plasma-cell	-256
37121.57627118644	16192.593220338982	plasma-cell	-256
37100.37614678899	16213.733944954129	plasma-cell	-256
37255.27096774193	16223.354838709678	plasma-cell	-256
36964.95	16222.9125	plasma-cell	-256
37273.43076923077	16233.33846153846	plasma-cell	-256
36971.14035087719	16244.850877192983	plasma-cell	-256
37116.313953488374	16273.127906976744	plasma-cell	-256
36221.59722222222	16299.5	plasma-cell	-256
36969.91176470588	16310.166666666668	plasma-cell	-256
37127.13114754098	16327.344262295082	plasma-cell	-256
35917.78409090909	16338.215909090908	plasma-cell	-256
37506.18918918919	16343.648648648648	plasma-cell	-256
37153.25203252032	16354.439024390244	plasma-cell	-256
37163.608695652176	16354.869565217392	plasma-cell	-256
37507.041666666664	16378.541666666668	plasma-cell	-256
37446.276190476194	16420.542857142857	plasma-cell	-256
35420.78431372549	16418.745098039217	plasma-cell	-256
36999.66233766234	16442.33766233766	plasma-cell	-256
37474.62814070352	16460.743718592967	plasma-cell	-256
37290.35625	16475.7125	plasma-cell	-256
37029.79012345679	16482.037037037036	plasma-cell	-256
37114.393939393936	16498.07575757576	plasma-cell	-256
37289.296703296706	16521.9010989011	plasma-cell	-256
36510.62222222222	16522.37777777778	plasma-cell	-256
36831.24324324324	16552.972972972973	plasma-cell	-256
35654.080357142855	16591.4375	plasma-cell	-256
35651.47682119205	16610.56953642384	plasma-cell	-256
36839.75	16612.33653846154	plasma-cell	-256
36765.438356164384	16623.712328767124	plasma-cell	-256
36030.65094339623	16623.93396226415	plasma-cell	-256
36822.06428571429	16626.85	plasma-cell	-256
36433.95652173913	16644.652173913044	plasma-cell	-256
35390.663636363635	16659.98181818182	plasma-cell	-256
36803.03703703704	16668.074074074073	plasma-cell	-256
37200.45744680851	16671.59574468085	plasma-cell	-256
36877.467948717946	16674.78205128205	plasma-cell	-256
36741.06578947369	16696.361842105263	plasma-cell	-256
36760.48181818182	16697.618181818183	plasma-cell	-256
37233.90277777778	16700.777777777777	plasma-cell	-256
35323.762886597935	16720.350515463917	plasma-cell	-256
35346.28448275862	16738.362068965518	plasma-cell	-256
36200.28	16741.4	plasma-cell	-256
37016.92899408284	16752.023668639053	plasma-cell	-256
35624.916666666664	16774.666666666668	plasma-cell	-256
36097.7874015748	16782.818897637793	plasma-cell	-256
36530.62037037037	16809.833333333332	plasma-cell	-256
37105.169117647056	16813.78676470588	plasma-cell	-256
37091.0	16843.16470588235	plasma-cell	-256
36524.807692307695	16852.0	plasma-cell	-256
36217.622641509435	16936.169811320753	plasma-cell	-256
34889.78571428572	17147.035714285714	plasma-cell	-256
35477.5641025641	17299.846153846156	plasma-cell	-256
35165.07865168539	17367.584269662922	plasma-cell	-256
35398.86046511628	17371.581395348836	plasma-cell	-256
35154.90082644628	17424.727272727272	plasma-cell	-256
35487.8347826087	17441.495652173915	plasma-cell	-256
36724.0625	17542.875	plasma-cell	-256
36790.069306930694	17579.178217821784	plasma-cell	-256
36395.13888888889	17783.777777777777	plasma-cell	-256
36402.3786407767	17822.70873786408	plasma-cell	-256
36590.8679245283	17840.330188679247	plasma-cell	-256
36684.181818181816	17954.465909090908	plasma-cell	-256
36146.388235294115	17977.576470588236	plasma-cell	-256
35908.717391304344	17977.478260869564	plasma-cell	-256
34716.44117647059	18136.20588235294	plasma-cell	-256
34663.43396226415	18267.981132075474	plasma-cell	-256
35437.04761904762	18284.79365079365	plasma-cell	-256
34704.74157303371	18400.752808988764	plasma-cell	-256
34556.265957446805	18528.212765957447	plasma-cell	-256
34382.94039735099	18537.238410596026	plasma-cell	-256
34859.08571428571	18549.642857142855	plasma-cell	-256
34724.40789473684	18552.631578947367	plasma-cell	-256
35259.67346938775	18567.591836734693	plasma-cell	-256
36207.67391304348	18572.04347826087	plasma-cell	-256
36175.653225806454	18596.298387096773	plasma-cell	-256
35582.207792207795	18615.2987012987	plasma-cell	-256
35027.57575757576	18655.89393939394	plasma-cell	-256
35032.8	18676.8	plasma-cell	-256
34389.989795918365	18691.785714285714	plasma-cell	-256
35034.01666666667	18694.4	plasma-cell	-256
34689.6217948718	18748.96153846154	plasma-cell	-256
34792.732142857145	18771.026785714286	plasma-cell	-256
34783.456647398845	18813.595375722543	plasma-cell	-256
34790.642857142855	18828.02857142857	plasma-cell	-256
34807.03821656051	18859.509554140128	plasma-cell	-256
35598.541666666664	64618.208333333336	plasma-cell	-256
34890.228070175435	64617.754385964916	plasma-cell	-256
34725.729166666664	64621.3125	plasma-cell	-256
35212.38418079096	64635.378531073446	plasma-cell	-256
35230.60429447853	64652.1963190184	plasma-cell	-256
35556.739884393064	64655.35260115607	plasma-cell	-256
35258.404	64667.54	plasma-cell	-256
35882.42105263158	64690.444444444445	plasma-cell	-256
35259.49411764706	64699.48235294117	plasma-cell	-256
35227.70796460177	64705.05309734513	plasma-cell	-256
35449.30952380953	64705.30952380953	plasma-cell	-256
35461.12429378531	64726.9209039548	plasma-cell	-256
35497.358288770054	64829.72727272727	plasma-cell	-256
35915.794117647056	64941.19411764706	plasma-cell	-256
35997.01581027668	65007.992094861664	plasma-cell	-256
34972.08	65040.49333333333	plasma-cell	-256
36454.177777777775	65114.65555555555	plasma-cell	-256
35136.13636363636	65194.818181818184	plasma-cell	-256
36018.166666666664	65208.53333333333	plasma-cell	-256
35045.55445544554	65210.762376237624	plasma-cell	-256
36012.16176470588	65239.279411764706	plasma-cell	-256
36094.9527027027	65320.40540540541	plasma-cell	-256
36330.382608695654	65380.34782608696	plasma-cell	-256
36512.79518072289	65400.614457831325	plasma-cell	-256
36195.43790849673	65424.69281045752	plasma-cell	-256
36193.29702970297	65489.0099009901	plasma-cell	-256
36187.13924050633	65514.79746835443	plasma-cell	-256
36331.553191489365	65513.02127659575	plasma-cell	-256
34410.12962962963	65519.333333333336	plasma-cell	-256
34379.81967213115	65541.64480874316	plasma-cell	-256
36381.57037037037	65577.4	plasma-cell	-256
36666.183333333334	65592.63333333333	plasma-cell	-256
36407.3870967742	65594.91397849462	plasma-cell	-256
35262.27272727273	65621.55454545455	plasma-cell	-256
36206.11377245509	65623.11976047904	plasma-cell	-256
36351.93710691824	65620.70440251572	plasma-cell	-256
36231.72972972973	65624.5945945946	plasma-cell	-256
35412.357142857145	65636.6875	plasma-cell	-256
34417.31707317073	65638.14634146342	plasma-cell	-256
36335.69135802469	65675.90123456791	plasma-cell	-256
36647.0625	65676.390625	plasma-cell	-256
36251.78616352201	65694.34591194968	plasma-cell	-256
36686.6974789916	65697.55462184874	plasma-cell	-256
36086.854368932036	65701.3495145631	plasma-cell	-256
36446.30158730159	65702.85714285714	plasma-cell	-256
36671.26190476191	65702.11904761905	plasma-cell	-256
36204.4	65766.22222222222	plasma-cell	-256
36402.77272727273	65773.93181818182	plasma-cell	-256
36426.07692307692	65786.30769230769	plasma-cell	-256
36178.59090909091	65811.13636363637	plasma-cell	-256
36603.45348837209	65827.63953488372	plasma-cell	-256
36023.2	65882.97333333333	plasma-cell	-256
34667.0	65885.94505494506	plasma-cell	-256
35073.25688073395	65924.24770642201	plasma-cell	-256
34893.4375	65941.04166666667	plasma-cell	-256
34885.648148148146	65941.96296296296	plasma-cell	-256
35981.01470588235	65973.86764705883	plasma-cell	-256
35136.78571428572	65997.18571428572	plasma-cell	-256
35290.0412371134	66026.73195876289	plasma-cell	-256
35320.59756097561	66047.31707317074	plasma-cell	-256
34680.47142857143	66059.55714285714	plasma-cell	-256
35844.9	66059.5	plasma-cell	-256
35450.681818181816	66074.45454545454	plasma-cell	-256
35352.22680412371	66075.96907216495	plasma-cell	-256
35340.490909090906	66089.55454545455	plasma-cell	-256
36325.855769230766	66115.67307692308	plasma-cell	-256
36238.11811023622	66146.31496062993	plasma-cell	-256
34558.69387755102	66157.75510204081	plasma-cell	-256
35703.724137931036	66170.44827586207	plasma-cell	-256
35381.70238095238	66272.72619047618	plasma-cell	-256
35572.5	66336.58333333333	plasma-cell	-256
35706.5	66340.46153846153	plasma-cell	-256
35263.747899159665	66380.9243697479	plasma-cell	-256
34764.32456140351	66719.82456140351	plasma-cell	-256
36052.90566037736	66769.77358490566	plasma-cell	-256
36054.05882352941	66988.60784313726	plasma-cell	-256
34866.43137254902	67018.50980392157	plasma-cell	-256
35682.260273972606	67039.50684931508	plasma-cell	-256
34714.641975308645	67055.87654320987	plasma-cell	-256
35927.72881355932	67187.47457627118	plasma-cell	-256
35901.0	67229.26086956522	plasma-cell	-256
35914.5	67246.0	plasma-cell	-256
34625.26666666667	67392.88333333333	plasma-cell	-256
34742.65185185185	67392.51851851851	plasma-cell	-256
34788.807692307695	67532.34615384616	plasma-cell	-256
35946.11688311688	67631.85714285714	plasma-cell	-256
35634.391304347824	67687.40579710146	plasma-cell	-256
35138.605633802814	67712.32394366198	plasma-cell	-256
34819.14634146341	68091.14634146342	plasma-cell	-256
34407.51219512195	68194.12891986062	plasma-cell	-256
34814.107142857145	68205.89285714286	plasma-cell	-256
34786.70769230769	68234.75384615385	plasma-cell	-256
