,train,val,test
0,148778,histai_1059_slide_H&E_0,141636
1,B25-158680_2,132148,histai_0815_slide_H&E_0
2,B25-158680,TCGA-A7-A13E-01Z-00-DX1.891954FF-316A-4562-AA14-429631944F22,histai_1459_slide_H&E_0
3,TCGA-B6-A0I8-01Z-00-DX1.E576652B-C3F6-4A01-83BC-6DD154C75605,histai_0886_slide_H&E_0,histai_1399_slide_H&E_0
4,TCGA-XX-A89A-01Z-00-DX1.671E2AD6-4D1A-4579-88C1-5B0B15818126,TCGA-EW-A6S9-01Z-00-DX1.4A8CD2D4-D528-465C-82DC-9CAE35DD424B,TCGA-D8-A145-01Z-00-DX2.B834BF47-1CD6-45EA-BB88-D8ECE1FDDC6A
5,TCGA-A8-A086-01Z-00-DX1.E5FD8C53-2068-4018-B3C0-08EED253ACD2,histai_1238_slide_H&E_0,histai_1533_slide_H&E_0
6,TCGA-E2-A1IJ-01Z-00-DX1.00093877-7B01-42D3-857C-987BC1F604A3,TCGA-A8-A09T-01Z-00-DX1.4183BBA4-AF11-4602-9EC2-35083C34A393,histai_1189_slide_H&E_0
7,TCGA-B6-A0IB-01Z-00-DX1.BAA1D655-1B80-49E2-B1EB-2ECC83DED989,histai_1547_slide_H&E_0,TCGA-D8-A1XU-01Z-00-DX1.769DBC38-6F0D-425B-A904-79EBA1C119EF
8,TCGA-E2-A1L8-01Z-00-DX1.842BF73D-2D64-4ABA-880D-DBE8F4C2AA19,histai_0916_slide_H&E_0,histai_0677_slide_H&E_0
9,TCGA-A7-A6VX-01Z-00-DX2.9EE94B59-6A2C-4507-AA4F-DC6402F2B74F,B25-152204,histai_0289_slide_H&E_0
10,124806,histai_0342_slide_H&E_0,histai_0892_slide_H&E_0
11,TCGA-D8-A27K-01Z-00-DX1.25AF7928-046B-45BF-BAD6-F34156203F5A,127836,histai_0848_slide_H&E_0
12,TCGA-A8-A09G-01Z-00-DX1.B834728C-DAC5-4463-961D-7E3B220905C1,histai_0946_slide_H&E_0,histai_0607_slide_H&E_0
13,TCGA-BH-A18M-01Z-00-DX1.56E6935A-62CB-4CBE-BDCA-60DA56422CE0,histai_0631_slide_H&E_0,histai_0858_slide_H&E_0
14,TCGA-GM-A2DO-01Z-00-DX1.60817A51-93B7-483D-ABC9-8ED6341C6660,histai_0673_slide_H&E_0,histai_0113_slide_H&E_0
15,TCGA-B6-A0WZ-01Z-00-DX1.6CFB236E-36F5-43D6-8DE3-C4ECBD3C14C6,histai_0197_slide_H&E_0,histai_0671_slide_H&E_0
16,TCGA-A7-A6VV-01Z-00-DX2.4C2BF8C1-CC84-4A6E-BC0F-430BC8BE6B26,120057,histai_0184_slide_H&E_0
17,140939,histai_1398_slide_H&E_0,histai_1595_slide_H&E_0
18,TCGA-E2-A15G-01Z-00-DX1.BAA5235E-1022-463B-A852-586ED7CA75FF,histai_1522_slide_H&E_0,TCGA-A1-A0SK-01Z-00-DX1.A44D70FA-4D96-43F4-9DD7-A61535786297
19,TCGA-AR-A5QP-01Z-00-DX1.256FDB13-1F81-42DA-AF6E-8A94835550C1,histai_0385_slide_H&E_0,histai_0569_slide_H&E_0
20,TCGA-AR-A24O-01Z-00-DX1.04EFBAC8-7A4A-4005-890C-5CC3E1C67DBD,TCGA-A2-A0CS-01Z-00-DX1.3986B545-63E8-4727-BCC1-701DE947D1FB,histai_1410_slide_H&E_0
21,TCGA-WT-AB44-01Z-00-DX1.B6ECEA7C-DA26-4B34-88CE-6834631DFA35,histai_1066_slide_H&E_0,histai_1145_slide_H&E_0
22,TCGA-E9-A227-01Z-00-DX1.823062BF-3444-489B-AF91-AAD4ECAA1DC7,histai_0073_slide_H&E_0,124378-1
23,TCGA-A2-A0T6-01Z-00-DX1.207A3883-5B41-40EB-95A1-D64C9610650B,119677,histai_1524_slide_H&E_0
24,TCGA-AO-A03N-01Z-00-DX1.79A8816D-961F-4D79-90B4-341919297A90,histai_1287_slide_H&E_0,histai_0304_slide_H&E_0
25,TCGA-AR-A1AN-01Z-00-DX1.1118F9FE-6DF2-4496-B102-D3A10D332EC0,histai_0350_slide_H&E_0,102287
26,TCGA-A2-A0YM-01Z-00-DX1.A48B4C96-2CC5-464C-98B7-F0F92AE56533,histai_0807_slide_H&E_0,histai_0995_slide_H&E_0
27,TCGA-D8-A1X9-01Z-00-DX1.28CE7849-EEC5-4ABB-A319-A977A1FD3CD1,TCGA-A2-A0T3-01Z-00-DX1.5E96BC87-F4FB-4ABA-8D81-FAB7F4A80661,TCGA-GM-A2DB-01Z-00-DX1.9EE36AA6-2594-44C7-B05C-91A0AEC7E511
28,TCGA-EW-A1IZ-01Z-00-DX1.81D5544E-0A7D-4A92-A3B0-4F22CFB8BBB2,histai_0589_slide_H&E_0,histai_0950_slide_H&E_0
29,TCGA-D8-A1XW-01Z-00-DX2.9849E503-BE3E-417C-ABE8-93A39583DDE0,histai_0868_slide_H&E_0,106611-2
30,108152-2,TCGA-A2-A0T5-01Z-00-DX1.128C288B-B357-439B-A8D4-8E7DEBF73E4E,histai_0875_slide_H&E_0
31,TCGA-A8-A07L-01Z-00-DX1.D9E1051F-724E-4E88-940A-C97005DC5BEB,histai_0987_slide_H&E_0,130243
32,TCGA-BH-A1FN-01Z-00-DX1.CEE3C59B-6CF0-4D41-8334-6067BB5A8BF7,histai_0643_slide_H&E_0,TCGA-LL-A5YL-01Z-00-DX1.164C74AB-87D5-46CC-9D96-33FE1F88DC80
33,TCGA-D8-A1XY-01Z-00-DX2.33D96E5C-5291-4864-B282-8BACA2043586,TCGA-AO-A0J5-01Z-00-DX1.20C14D0C-1A74-4FE9-A5E6-BDDCB8DE7714,histai_0161_slide_H&E_0
34,TCGA-A2-A0CP-01Z-00-DX1.ECFD263C-BB17-4ADA-8F2C-654C2AA4C45F,TCGA-BH-A18N-01Z-00-DX1.FE0E24A1-8AE9-4021-B9C7-B408EE0DE329,histai_1396_slide_H&E_0
35,TCGA-EW-A1P6-01Z-00-DX1.A8024C26-6336-4858-88FD-5679795899BA,131461-1,TCGA-PL-A8LX-01A-01-DX1.9646D69F-A764-4246-9243-67A63006DE96
36,TCGA-AO-A12G-01Z-00-DX1.1C37E1FE-CF36-4570-A864-3813B8ADBA36,histai_0656_slide_H&E_0,histai_0993_slide_H&E_0
37,134888-1,TCGA-E9-A1N8-01Z-00-DX1.1243AB1C-75A3-4A5E-9674-53992E6DD377,TCGA-5T-A9QA-01Z-00-DX1.B4212117-E0A7-4EF2-B324-8396042ACEC1
38,TCGA-E9-A1NE-01Z-00-DX1.f332124a-cdab-4ab5-82d1-4b8b7f3c9821,histai_1631_slide_H&E_0,histai_0475_slide_H&E_0
39,TCGA-A8-A09V-01Z-00-DX1.2D6731CA-5712-4EB8-8602-E53301BF4238,histai_1448_slide_H&E_0,TCGA-D8-A1XC-01Z-00-DX2.10BA8536-D6AF-460E-9796-EB77FFE3EF5B
40,TCGA-A8-A08I-01Z-00-DX1.96A0065E-5430-40F6-835E-1A7238A79DDA,B25-159572,histai_0618_slide_H&E_0
41,AP_494_OT_1808_15-0814_MxBr_113_HE,histai_0983_slide_H&E_0,TCGA-A1-A0SI-01Z-00-DX1.AB717348-F964-4F29-BBE2-972B7C640432
42,TCGA-GM-A2DC-01Z-00-DX1.39F956BB-52D0-4385-9923-4D7D36D78862,TCGA-A2-A04N-01Z-00-DX1.9E9B7DB0-1CF1-4631-8292-A9DBCA0BD37C,TCGA-E9-A1NG-01Z-00-DX1.30d2a611-21ad-4ba0-a03c-31f36ecb83d5
43,TCGA-E9-A243-01Z-00-DX1.9A3B34E5-25EF-4243-8680-FABF2F1CCDA9,histai_0560_slide_H&E_0,TCGA-A2-A1FX-01Z-00-DX1.35B93F3A-9959-4D72-A702-08B27563D24F
44,TCGA-EW-A424-01Z-00-DX1.662894F0-31FE-494B-9A9E-7C369AE23D27,110704-3,histai_0889_slide_H&E_0
45,TCGA-B6-A0RQ-01Z-00-DX1.68B4F49D-9F81-4501-BC66-0349012077C8,histai_0242_slide_H&E_0,TCGA-A2-A0EV-01Z-00-DX1.EA8C5594-BA4F-47A8-949B-D536E00E62C9
46,TCGA-D8-A3Z5-01Z-00-DX3.BB83C7D4-F795-47E7-9A5C-7DBF0EB7FDAA,TCGA-AC-A2FG-01Z-00-DX1.0F13DE40-9F7A-42C6-AB3D-02E8521B690A,TCGA-AR-A0TU-01Z-00-DX1.2CBBDDAB-C1DD-4205-A555-431542F9C069
47,TCGA-OL-A5RX-01Z-00-DX1.15A0D4F4-2744-4D44-8883-27FF83D9C824,122911,TCGA-BH-A204-01Z-00-DX1.9DCE8242-E862-45AB-9452-D7299110973F
48,TCGA-AC-A3HN-01Z-00-DX1.1AA71B9B-1B61-41A9-91CF-B7649DEC189E,histai_0801_slide_H&E_0,histai_1480_slide_H&E_0
49,TCGA-A2-A3XZ-01Z-00-DX1.B7A1344E-7015-4A21-B3D4-EB760161BE7C,histai_0173_slide_H&E_0,histai_0564_slide_H&E_0
50,TCGA-E2-A15D-01Z-00-DX1.AA5AF847-3635-4BAF-AAC3-BADB4A1B2CB1,histai_0154_slide_H&E_0,TCGA-BH-A0W3-01Z-00-DX1.38DCA2B7-1A54-4FFA-BABA-29F80974BB17
51,TCGA-A8-A08S-01Z-00-DX1.C0E044C2-FC3F-4E3D-A779-A725FF375F21,histai_0874_slide_H&E_0,147247
52,TCGA-E2-A14R-01Z-00-DX1.DDE62ED5-1FC0-4B3B-A874-95C08B33AB20,histai_0825_slide_H&E_0,TCGA-AO-A12H-01Z-00-DX1.C6CCBD9D-FB41-4F6C-84FB-A43E0A77E696
53,TCGA-A8-A09W-01Z-00-DX1.BF33B0F9-5786-4682-B59E-DCBD33D7BB03,histai_0715_slide_H&E_0,histai_0649_slide_H&E_0
54,TCGA-E2-A154-01Z-00-DX1.01FC9B1A-8ECD-4467-9EDD-0B02E4AEEF72,133808-2,histai_1329_slide_H&E_0
55,TCGA-Z7-A8R6-01Z-00-DX1.CE4ED818-D762-4324-9DEA-2ACB38B9B0B9,histai_1649_slide_H&E_0,histai_0645_slide_H&E_0
56,TCGA-OL-A5RZ-01Z-00-DX1.6394C05E-1C34-4F4B-8859-F5E961E7EFF9,histai_0260_slide_H&E_0,histai_0442_slide_H&E_0
57,TCGA-A1-A0SF-01Z-00-DX1.7F252D89-EA78-419F-A969-1B7313D77499,histai_0768_slide_H&E_0,histai_0388_slide_H&E_0
58,TCGA-EW-A1IW-01Z-00-DX1.0DE87057-951F-4887-A2D5-485736D66E4E,histai_1022_slide_H&E_0,histai_1018_slide_H&E_0
59,TCGA-AO-A0JB-01Z-00-DX1.250FE098-345B-4981-9236-0519E1C9058E,histai_0908_slide_H&E_0,histai_0152_slide_H&E_0
60,TCGA-AC-A3TN-01Z-00-DX1.F00E81C7-0CA2-49E8-A30F-DE423538E93C,histai_1584_slide_H&E_0,152689
61,TCGA-BH-A0BA-01Z-00-DX1.579E11C9-437C-4D49-8811-DD94D8454712,115893-1,histai_0837_slide_H&E_0
62,AP_494_OT_1808_14-2785_MxBr_91_HE,histai_1405_slide_H&E_0,histai_0259_slide_H&E_0
63,TCGA-EW-A1PF-01Z-00-DX1.9420D058-65CE-4DF8-815F-EB407003096E,137973-1,141424
64,TCGA-E2-A1L6-01Z-00-DX1.AFE87067-2BFD-42C2-9334-9DDE8AB61B49,157826,107746
65,TCGA-LL-A442-01Z-00-DX1.9275EDBD-1C89-4AF3-B02B-19F613A4E083,TCGA-AC-A8OS-01Z-00-DX1.3FD44846-8BD2-4A7A-9A87-8D3D29C25F60,histai_1195_slide_H&E_0
66,TCGA-A2-A0CM-01Z-00-DX1.AC4901DE-4B6D-4185-BB9F-156033839828,histai_1163_slide_H&E_0,histai_0222_slide_H&E_0
67,TCGA-AN-A0FL-01Z-00-DX1.20A041C6-A306-4599-A7D1-65032A252AA9,histai_0218_slide_H&E_0,histai_1646_slide_H&E_0
68,TCGA-D8-A1Y2-01Z-00-DX1.77451A0F-00FD-44A9-A0D0-CB7A39CE74CC,TCGA-AC-A3W6-01Z-00-DX1.88CC534C-F032-4E5D-9CC4-4BB50AA46880,histai_0838_slide_H&E_0
69,110020,histai_0723_slide_H&E_0,TCGA-D8-A1X5-01Z-00-DX2.E4D28EE2-9C87-4613-BD2E-89FBEF960DEE
70,133677-3,histai_1572_slide_H&E_0,histai_1330_slide_H&E_0
71,TCGA-A2-A3XU-01Z-00-DX1.174A92D4-50B2-4A59-AD31-D5EC5BBF2F65,TCGA-OL-A66L-01Z-00-DX1.E01BA275-57A5-49DF-9376-1AD0BDFFF7E2,123251
72,TCGA-AQ-A54N-01Z-00-DX1.E53271E9-AFD2-4071-9B1E-CD05F63B8136,histai_1489_slide_H&E_0,histai_0704_slide_H&E_0
73,TCGA-E9-A3Q9-01Z-00-DX1.2D0CA5D4-CCE5-4647-BFB3-D5359F53DA83,histai_1051_slide_H&E_0,histai_0613_slide_H&E_0
74,TCGA-AC-A7VB-01Z-00-DX1.62D7FDB3-280D-43B2-92EA-AB810384B0B7,TCGA-D8-A27G-01Z-00-DX1.04FCF306-67AA-4F56-AE90-44A4F5DD56D4,110298
75,TCGA-D8-A27T-01Z-00-DX1.1E3A4D57-9CF2-4EBF-B74D-ADD7BD8CBFA5,141426-1,TCGA-E9-A1NA-01Z-00-DX1.2A2FE8BB-621E-43A2-8449-F8FE730C0487
76,TCGA-AR-A0TX-01Z-00-DX1.5BEA4E65-8CEC-49B2-9F29-DBE53E8ED46E,histai_1435_slide_H&E_0,TCGA-A2-A04X-01Z-00-DX1.E01A4522-67B3-4FEF-BD6B-99DFED9E7C85
77,111681,histai_0734_slide_H&E_0,130246
78,TCGA-A8-A09B-01Z-00-DX1.97CCDA89-AB73-4F05-A900-668160227B78,histai_0302_slide_H&E_0,histai_0263_slide_H&E_0
79,TCGA-BH-A0DD-01Z-00-DX1.2242DD1F-0B7C-4B43-A7A9-8130D2BDEE78,TCGA-AC-A5XU-01Z-00-DX1.1AEEFAAF-0906-4086-8022-13B689FAB9F5,histai_0331_slide_H&E_0
80,TCGA-A2-A04V-01Z-00-DX1.EB430DDB-8FE9-4302-8829-53DBAD09E79F,TCGA-A8-A08R-01Z-00-DX1.72FBD9A3-5EB9-4855-89EB-697883C2EA9B,histai_0462_slide_H&E_0
81,TCGA-E9-A295-01Z-00-DX1.ED6CC024-56E7-45A9-B41F-F84550A899F7,histai_0343_slide_H&E_0,histai_1247_slide_H&E_0
82,TCGA-E2-A15C-01Z-00-DX1.26E13415-1D37-43C7-9EBB-4411BE7FCE10,histai_1635_slide_H&E_0,histai_0460_slide_H&E_0
83,TCGA-AC-A2BK-01Z-00-DX1.A3A1F275-9CDC-48BA-BB81-BCA6F02ACA94,histai_0418_slide_H&E_0,TCGA-AR-A0U1-01Z-00-DX1.276433E7-E841-42D2-AF21-762F2FEA3B9B
84,TCGA-AQ-A04L-01Z-00-DX1.F35BF4DD-896A-43C2-8DA6-C67945C003BE,TCGA-A7-A0CJ-01Z-00-DX2.4B591117-5FC9-4B43-8A45-444CCCABC666,144993
85,128398,histai_0822_slide_H&E_0,TCGA-AR-A0TP-01Z-00-DX1.58E6A3A6-D1D7-4AE5-87A5-E823F04CBB2F
86,TCGA-D8-A1Y1-01Z-00-DX2.B58DC955-F864-4E78-8B1A-8156E2F7D554,histai_1257_slide_H&E_0,TCGA-A7-A4SB-01Z-00-DX1.E8925605-5189-441E-A719-92CFC1118B0B
87,TCGA-AR-A1AO-01Z-00-DX1.244DEE5B-0896-452F-A14D-E290260A9D8F,TCGA-D8-A1J8-01Z-00-DX1.EADAB43A-87C6-47FA-9120-25B69E23366D,149157
88,TCGA-A2-A0EW-01Z-00-DX1.F24495CB-63D8-483F-9834-F761E3F16BF0,138566,110379
89,TCGA-E9-A249-01Z-00-DX1.CA244384-FD89-44F6-8F94-A060A4C241CA,histai_1279_slide_H&E_0,histai_0163_slide_H&E_0
90,TCGA-A2-A0T2-01Z-00-DX1.29A5C4C8-6AE8-44EE-98C2-ACBCBFBE9D60,TCGA-A8-A0A1-01Z-00-DX1.CA64E221-E2A8-42B5-B611-25B9FE5FB0B0,TCGA-LL-A5YO-01Z-00-DX1.B5B6DFDB-1020-41FF-AA50-9C633E17DE5F
91,TCGA-E2-A1II-01Z-00-DX1.7F782477-0F92-4C57-8735-A1E3F95A6B94,histai_1303_slide_H&E_0,histai_0512_slide_H&E_0
92,TCGA-A8-A07B-01Z-00-DX1.950B5E4E-C5F0-4445-9F88-E8C32CDFE6DA,histai_0876_slide_H&E_0,142432
93,TCGA-GM-A2DD-01Z-00-DX1.01332FF3-7488-41B7-A515-7841715DE92B,103464,TCGA-BH-A28Q-01Z-00-DX1.C6D1CA93-6B2A-4722-9270-5D56592D833D
94,TCGA-BH-A0AW-01Z-00-DX1.9D50A0D2-B103-411C-831E-8520C3D50173,histai_0290_slide_H&E_0,TCGA-A8-A09M-01Z-00-DX1.E2CEA8B5-C86D-4873-BE67-359FBEECCA09
95,TCGA-A8-A06T-01Z-00-DX1.BA8B8FC3-6169-48C1-BE1F-37F140CB4D3B,histai_0384_slide_H&E_0,histai_1127_slide_H&E_0
96,TCGA-BH-A28O-01Z-00-DX1.B37603E3-BC80-4DDA-B44D-B5F794E3398E,TCGA-A2-A0CZ-01Z-00-DX1.A433A414-4F1B-4F99-8FD9-E64803F5E042,histai_0522_slide_H&E_0
97,TCGA-D8-A1Y0-01Z-00-DX1.10F40197-4174-43CC-AAD3-8CB85154FB2D,OT_1788_AP_487_12054-A_MxBr_03_HE,histai_0546_slide_H&E_0
98,TCGA-E2-A15R-01Z-00-DX1.B58D2D9D-05EE-4D66-8DC0-9E5C6AD2E3D3,histai_0590_slide_H&E_0,histai_1530_slide_H&E_0
99,TCGA-A8-A095-01Z-00-DX1.97072E53-7323-4836-9D58-22B7C346A7CE,B25-164009,histai_0630_slide_H&E_0
100,TCGA-BH-A0H3-01Z-00-DX1.C6D4DFB9-A4FA-40B2-90EF-75294CBC4523,histai_0393_slide_H&E_0,124378-2
101,TCGA-A2-A25C-01Z-00-DX1.F8E6044A-435E-42D5-94FF-C0F572F1ED99,TCGA-E9-A1QZ-01Z-00-DX1.CDAECCA9-4F09-491F-A975-B775D47E46F0,AP_494_OT_1808_14-0983_MxBr_72_HE
102,TCGA-A1-A0SH-01Z-00-DX1.90E71B08-E1D9-4FC2-85AC-062E56DDF17C,TCGA-A2-A04W-01Z-00-DX1.F7E7B945-2ADC-4741-8FCE-ACEA657DB9C7,TCGA-AO-A124-01Z-00-DX1.E3C7B017-6154-4630-9BDE-0CAC946D0209
103,TCGA-A8-A07E-01Z-00-DX1.AC684481-979A-46F9-91D7-C56CE85992F2,TCGA-AR-A0U2-01Z-00-DX1.03E2ADD9-F20F-44DA-93D1-D10BBD3844A5,histai_0583_slide_H&E_0
104,TCGA-A7-A0DC-01Z-00-DX1.C770781E-83E4-47DD-B658-25BBBBB32066,B25-158410,histai_1012_slide_H&E_0
105,TCGA-OL-A97C-01Z-00-DX1.BDEEDEE2-6D07-4046-A8A9-D6FF8F337393,histai_1520_slide_H&E_0,138527
106,TCGA-A8-A075-01Z-00-DX1.8E06AF51-951F-48E8-934E-42A455F65E5F,histai_0853_slide_H&E_0,126504
107,TCGA-E2-A574-01Z-00-DX1.60341091-B118-4F20-9ADB-FB2886790B0E,TCGA-BH-A1FH-01Z-00-DX1.F90A691F-B6DB-4C4A-9975-9A2CB01F29E2,136809-1
108,TCGA-A7-A6VV-01Z-00-DX1.07AE0E16-A883-4C86-BC74-4E13081175F2,histai_0149_slide_H&E_0,histai_1574_slide_H&E_0
109,155138,histai_1427_slide_H&E_0,TCGA-A8-A083-01Z-00-DX1.AD121BA9-B5FA-4A03-869B-8FE2C5014CE0
110,TCGA-A2-A4RY-01Z-00-DX1.143E32FC-E10F-4590-9C72-32094B24EF8C,TCGA-D8-A1JP-01Z-00-DX1.B02959C4-6AAD-4ACA-9838-61D224D838E4,histai_0444_slide_H&E_0
111,TCGA-D8-A1JC-01Z-00-DX1.16D32FE8-4D76-4EEC-9739-D394087605BC,129444,histai_1209_slide_H&E_0
112,TCGA-A7-A0CJ-01Z-00-DX1.E26F2F62-D688-4373-BB7B-790A06734E49,histai_0464_slide_H&E_0,histai_0341_slide_H&E_0
113,TCGA-E2-A1LB-01Z-00-DX1.B4AFDB08-BA09-4F6E-806E-4054B790AB8E,histai_0547_slide_H&E_0,TCGA-A7-A3IY-01Z-00-DX1.B4E75265-3B2A-456C-996A-F95B5A645BF8
114,TCGA-A8-A06Z-01Z-00-DX1.2BC8B71D-E01B-4CC1-B5E7-09BB54A5E1F8,TCGA-GM-A3XN-01Z-00-DX1.49F5C8AC-0328-4BC2-9FE2-E7150B7A42E2,histai_1299_slide_H&E_0
115,TCGA-B6-A0I6-01Z-00-DX1.D597D207-BEB2-4CE5-B315-FE7AD6E9C30B,histai_1400_slide_H&E_0,TCGA-A7-A3RF-01Z-00-DX1.E60647BC-229D-4409-A564-EE0945F912EE
116,TCGA-AO-A1KO-01Z-00-DX1.EEB5E0A0-92B2-42CD-9F7A-00E9250B561F,109126,histai_0784_slide_H&E_0
117,TCGA-AC-A3QQ-01Z-00-DX1.86463263-AB12-49FB-8967-D5FD1F7D221A,TCGA-EW-A1P0-01Z-00-DX1.6C75EEBD-CE05-4DE2-8C43-8B6435F1379F,TCGA-E2-A14Z-01Z-00-DX1.A1344A78-1842-4578-8CDE-921E50656891
118,TCGA-A7-A0DA-01Z-00-DX1.5F087009-16E9-4A07-BA24-62340E108B17,histai_1346_slide_H&E_0,111281
119,TCGA-AN-A0XN-01Z-00-DX1.A8EB9F62-236E-4C59-A206-DF0C7654AC30,TCGA-AR-A251-01Z-00-DX1.E91E357A-3AD4-4F79-A698-05F0B21A37EC,histai_0608_slide_H&E_0
120,TCGA-BH-A0EA-01Z-00-DX1.85FF2B48-2AF7-4C15-A7E6-FCA68CAB76C7,histai_1039_slide_H&E_0,TCGA-E9-A1ND-01Z-00-DX1.5C2F5250-A3B2-4B97-9E11-56CF3C7CA2DB
121,TCGA-E9-A247-01Z-00-DX1.3B2DF1CB-054A-44C4-9AD5-D8FA6D386A93,histai_1376_slide_H&E_0,TCGA-A8-A094-01Z-00-DX1.6750B72A-FEC7-49FA-8520-FCF101CA59AC
122,TCGA-BH-A18H-01Z-00-DX1.4EC9108F-04C2-4B28-BD74-97A414C9A536,histai_0235_slide_H&E_0,histai_1232_slide_H&E_0
123,TCGA-A2-A0T7-01Z-00-DX1.EA4DF9B5-8D04-4BCC-9ECB-CB8CB8ACBE1C,histai_0447_slide_H&E_0,TCGA-OL-A5D7-01Z-00-DX1.A4A45393-9AE1-4370-8B92-CB85CDB04934
124,TCGA-S3-AA17-01Z-00-DX1.9B7DC02E-ECB2-4403-A894-F418AD452E49,TCGA-A7-A0DA-01Z-00-DX2.90C93176-C3C6-41B3-B34B-B16F1A1779E6,TCGA-A8-A06O-01Z-00-DX1.FA4495B2-5B13-4448-ADCB-EF5316E0955B
125,TCGA-AR-A1AV-01Z-00-DX1.93698893-7C5C-44C1-A488-ED358D523693,106552,histai_0148_slide_H&E_0
126,TCGA-D8-A27L-01Z-00-DX1.6572593C-B015-4F9A-8C9B-B634CAA0D3B4,109199,histai_1243_slide_H&E_0
127,TCGA-AO-A03V-01Z-00-DX1.52EBCB72-0C65-4E67-B9BB-DA15494327DE,histai_0685_slide_H&E_0,157820-1
128,TCGA-AR-A2LO-01Z-00-DX1.A8C81E1E-B224-4CF4-83D4-FFB2F51A7002,histai_1516_slide_H&E_0,histai_0714_slide_H&E_0
129,TCGA-AN-A0AS-01Z-00-DX1.51E551E9-E5F4-4C94-9B25-71DA41109E92,histai_0137_slide_H&E_0,histai_0458_slide_H&E_0
130,TCGA-D8-A1JI-01Z-00-DX2.E688E270-26C9-43EC-BC26-86BF8B74A31D,histai_0229_slide_H&E_0,104514
131,TCGA-OL-A6VO-01Z-00-DX1.291D54D6-EBAF-4622-BD42-97AA5997F014,histai_1216_slide_H&E_0,histai_0690_slide_H&E_0
132,TCGA-D8-A1X6-01Z-00-DX2.F36D68F2-70C3-4E0E-ABE6-6969170BA6DC,histai_0425_slide_H&E_0,TCGA-PL-A8LX-01A-02-DX2.84DA8B75-1196-4704-B6B2-C5E7BF645E95
133,TCGA-E2-A10E-01Z-00-DX1.C45030A9-CC1A-4BA7-8F62-872619C5AD5E,TCGA-D8-A1XO-01Z-00-DX1.A9EF6AFF-62B0-4E2D-ABC7-DC06FF473890,136892
134,110314,116425-2,histai_1153_slide_H&E_0
135,TCGA-AC-A3W5-01Z-00-DX1.522F702C-776E-45F1-84D3-1648DF04137C,histai_1502_slide_H&E_0,histai_0020_slide_H&E_0
136,TCGA-PL-A8LY-01A-02-DX2.6F9520F1-3210-4A96-81C2-A14424F650D1,136370,histai_0134_slide_H&E_0
137,TCGA-A8-A08P-01Z-00-DX1.431A1290-9CF4-4CE7-A9F0-13F9ADA46ADA,histai_0790_slide_H&E_0,TCGA-E9-A1N3-01Z-00-DX1.608fb360-17bf-4f85-b090-b8fc867831a3
138,TCGA-AC-A6NO-01Z-00-DX1.61B7F48C-6D6E-4C1B-B236-DD130ECBDA9D,histai_0429_slide_H&E_0,histai_0423_slide_H&E_0
139,TCGA-EW-A2FV-01Z-00-DX1.0C59AC06-DD9B-413A-8A03-B71774F662FA,124729,TCGA-A1-A0SE-01Z-00-DX1.04B09232-C6C4-46EF-AA2C-41D078D0A80A
140,TCGA-A8-A0A4-01Z-00-DX1.06C38F98-F34B-49F0-AFB5-7F0086188346,124729_2,histai_0906_slide_H&E_0
141,142994,histai_0624_slide_H&E_0,histai_0602_slide_H&E_0
142,122547-2,TCGA-OL-A66N-01Z-00-DX1.ABDA3014-7B3A-4D48-A415-CB9608491ECB,histai_0281_slide_H&E_0
143,TCGA-AN-A0FN-01Z-00-DX1.CAA3C2D0-7E74-48E5-ACB7-487434C7AAD2,histai_1331_slide_H&E_0,134425
144,TCGA-AC-A2FK-01Z-00-DX1.033F3C27-9860-4EF3-9330-37DE5EC45724,AP_494_OT_1808_15-0742_MxBr_112_HE,TCGA-AR-A5QN-01Z-00-DX1.BF92AA24-3D44-4FFA-BCC0-CDB934EC3BBC
145,TCGA-B6-A0WV-01Z-00-DX1.A8B9E114-A8CF-4389-B47C-2E1B842F7FF9,115893-2,TCGA-E9-A1RA-01Z-00-DX1.E1C527C3-EDF2-442A-80FE-3E3AFBC5EF5A
146,TCGA-E2-A15F-01Z-00-DX1.F022214A-3F0C-4DA4-A0EE-735D27480A45,histai_1612_slide_H&E_0,histai_0508_slide_H&E_0
147,125880,histai_0974_slide_H&E_0,TCGA-A8-A07G-01Z-00-DX1.37E8A762-8141-4BE6-935A-B3DCB712BB4A
148,TCGA-A7-A4SF-01Z-00-DX1.CDCFD4BC-4363-4CF2-95F5-4922E04C3B9D,histai_1117_slide_H&E_0,134888-3
149,TCGA-A8-A085-01Z-00-DX1.0DA29016-AEA4-4E5F-B679-83095A79F5B3,histai_0563_slide_H&E_0,histai_1241_slide_H&E_0
150,TCGA-A8-A09Z-01Z-00-DX1.D56497BE-5099-4537-9600-60F3213F7BF5,histai_1443_slide_H&E_0,histai_1571_slide_H&E_0
151,TCGA-D8-A1JA-01Z-00-DX1.BD43F94A-D5A8-490E-AED4-5F3AB24080FA,AP_500_OT_1831_Br0298.1_46941-3A_HE,histai_0487_slide_H&E_0
152,TCGA-A7-A6VY-01Z-00-DX1.38D4EBD7-40B0-4EE3-960A-1F00E8F83ADB,histai_0757_slide_H&E_0,histai_0188_slide_H&E_0
153,TCGA-A2-A0YH-01Z-00-DX1.FBA5E711-8275-45B3-BC20-5A786EE23548,TCGA-D8-A1XT-01Z-00-DX1.9E4DEEEB-AB0A-45F6-A69B-65B3E6F22D46,TCGA-D8-A1XZ-01Z-00-DX1.8E51A61D-B01C-4A52-8F5D-44D2ABCA46FC
154,149973,TCGA-B6-A0I5-01Z-00-DX1.47A30509-4BA0-4BA5-AD9B-F2C2DB701159,histai_1650_slide_H&E_0
155,TCGA-S3-AA15-01Z-00-DX1.A2456A4A-E6E8-4429-8F09-B997AA497BB0,TCGA-AR-A24H-01Z-00-DX1.5CFC7E16-3F38-4531-968C-A4E4C9D00659,TCGA-D8-A1XR-01Z-00-DX2.A103FB8B-4397-4DD4-8587-90A736407484
156,TCGA-A8-A099-01Z-00-DX1.B19C28B5-FEBC-49B4-A60E-E6B85BB00DD7,TCGA-AN-A0XL-01Z-00-DX1.E90AA056-51DC-4A6B-96EB-A0B707496912,TCGA-AC-A2FE-01Z-00-DX1.C036AE58-3C0D-4DBF-B658-296D03FD6701
157,TCGA-LL-A5YM-01Z-00-DX1.2B8904A9-6A45-4FFD-AF15-EB81773E5B79,histai_0644_slide_H&E_0,TCGA-A2-A4RX-01Z-00-DX1.E2C96C9D-5023-4F41-8CC8-24C6E015B252
158,TCGA-A8-A09I-01Z-00-DX1.B738E479-8766-4766-B012-B32AC2F27533,histai_1275_slide_H&E_0,145819
159,TCGA-AN-A0AJ-01Z-00-DX1.74EE47B0-FE27-44CF-9355-C738DE1BD017,histai_1292_slide_H&E_0,histai_0269_slide_H&E_0
160,TCGA-A2-A0EN-01Z-00-DX1.F43A5D17-9267-4963-993A-93AC91BDC031,histai_1227_slide_H&E_0,histai_0958_slide_H&E_0
161,TCGA-AC-A3YI-01Z-00-DX1.321C0A32-ABF9-48ED-8071-C6B1774E9F7B,histai_0486_slide_H&E_0,TCGA-D8-A73X-01Z-00-DX2.1ABCCE71-A70C-48C3-924E-2C8F5F71E269
162,116781,histai_0251_slide_H&E_0,histai_1210_slide_H&E_0
163,TCGA-LL-A7SZ-01Z-00-DX1.4DAF6421-6A1D-41C8-BFD6-859FE10CB8CC,histai_1436_slide_H&E_0,histai_0562_slide_H&E_0
164,TCGA-BH-A0DE-01Z-00-DX1.64A0340A-8146-48E8-AAF7-4035988B9152,164001,histai_0846_slide_H&E_0
165,TCGA-E9-A1NC-01Z-00-DX1.20edf036-8ba6-4187-a74c-124fc39f5aa1,TCGA-AN-A0XU-01Z-00-DX1.6B0DD0FF-A20D-4BA2-8D48-FC357BA5313F,129498
166,TCGA-D8-A1JC-01Z-00-DX2.854ABF5D-40F1-48AE-802F-97D75497F1FD,histai_1001_slide_H&E_0,160814
167,TCGA-BH-A0HB-01Z-00-DX1.F90F7139-B804-4548-9FAF-9B475BF225EB,TCGA-E2-A1LL-01Z-00-DX1.D1AA1613-902C-4579-9612-48A76042B0AE,124261-1_2
168,TCGA-A2-A0CX-01Z-00-DX1.F07C75AB-E568-45CB-B497-37C712490393,155793-2,124261-1
169,TCGA-A8-A08J-01Z-00-DX1.4607286A-033B-4C44-8306-50DB9C596166,102467,histai_1668_slide_H&E_0
170,TCGA-AR-A24X-01Z-00-DX1.304BF142-B01A-4AE9-B98C-FB3DE3BEAE57,histai_1222_slide_H&E_0,133677
171,TCGA-A7-A13G-01Z-00-DX1.C258C545-8C1F-41D4-846F-962A746CBDFB,histai_0943_slide_H&E_0,TCGA-AC-A23C-01Z-00-DX1.0E67C785-83D3-49AF-B600-FB5B909AE6ED
172,112003-1,TCGA-BH-A1FU-01Z-00-DX1.3D195750-8C9E-48C6-92EC-44AC6AB56267,histai_0680_slide_H&E_0
173,TCGA-A7-A0CG-01Z-00-DX1.D77019C2-96B1-4EF5-A61E-5F2D5B8D9852,TCGA-A2-A0SU-01Z-00-DX1.22420EE2-4FEB-42F3-9547-4739F0F73D50,histai_1564_slide_H&E_0
174,TCGA-A7-A425-01Z-00-DX1.812A94B1-0403-4298-A6C5-F71AFD3A9995,histai_1527_slide_H&E_0,B25-150401
175,TCGA-A7-A4SC-01Z-00-DX1.171E89D2-2D64-4C3F-A42C-B1167654858B,histai_1079_slide_H&E_0,histai_0882_slide_H&E_0
176,TCGA-D8-A1XM-01Z-00-DX1.5F6A140E-5D20-45F6-B76F-0F98AB27AD08,histai_1096_slide_H&E_0,histai_0258_slide_H&E_0
177,130256,histai_0661_slide_H&E_0,histai_1606_slide_H&E_0
178,TCGA-E2-A1IF-01Z-00-DX1.51F5B0AC-E4D6-439D-8168-34934471FA06,TCGA-AO-A03P-01Z-00-DX1.D34DA321-D8E3-4D68-BCE2-4A8B72B3D0AE,TCGA-BH-A0BC-01Z-00-DX1.7A91831D-9625-49FC-B783-C633F80F898C
179,TCGA-MS-A51U-01Z-00-DX1.490DE85A-ECE5-4E2A-9657-841BE6FFCCA0,histai_0330_slide_H&E_0,TCGA-E2-A10F-01Z-00-DX1.18F9324C-A38F-478E-95DF-B8E172D0DD07
180,TCGA-A8-A07C-01Z-00-DX1.1F069BCA-D2B3-49CF-81FD-9EBA49A3439F,histai_1165_slide_H&E_0,histai_0527_slide_H&E_0
181,TCGA-E9-A1N5-01Z-00-DX1.94DE7B4B-3798-4CC2-8A64-77796A58821A,TCGA-D8-A1X6-01Z-00-DX1.ABF237D4-708C-46A5-AEF8-58712E5DCC04,histai_0324_slide_H&E_0
182,TCGA-A7-A0CH-01Z-00-DX1.48ADDD0B-527A-404C-B794-7D7D35BF861F,TCGA-E2-A14W-01Z-00-DX1.2AF665A9-F582-4C41-B2B8-1982648CDEC7,TCGA-AR-A2LR-01Z-00-DX1.C686A7D6-0361-49EE-B6CA-672B3086243C
183,TCGA-D8-A1JJ-01Z-00-DX1.a986b48f-b295-4d7a-b778-ce829cdf9c38,TCGA-AC-A3W7-01Z-00-DX1.189BB448-ECBA-4042-8A35-4B787271E8FE,histai_0505_slide_H&E_0
184,TCGA-BH-A0AZ-01Z-00-DX1.E20051E8-DEEF-48E5-B519-40777DDBC96B,histai_0753_slide_H&E_0,TCGA-A2-A04U-01Z-00-DX1.06D17357-46A8-4DC3-A22B-2F4EB6EE3F79
185,TCGA-D8-A3Z5-01Z-00-DX2.6196B9FF-F09E-4D44-873D-E53BFB2BF4E1,TCGA-D8-A1X8-01Z-00-DX1.DDA3866E-C7CC-4650-BE2B-5C9A98A2D531,TCGA-BH-A18L-01Z-00-DX1.01D6E3EF-6857-4CC6-BEA1-0BBC1A0B728F
186,TCGA-EW-A6SB-01Z-00-DX1.D56E1922-01A9-4AEE-AB95-D69447DD13EE,128323,histai_0270_slide_H&E_0
187,TCGA-D8-A1JF-01Z-00-DX1.224EDA43-F822-4A88-814A-BA7D4C60F8CC,histai_0449_slide_H&E_0,histai_1033_slide_H&E_0
188,TCGA-B6-A0RS-01Z-00-DX1.F72B766D-FC49-4876-A93D-D88B05702267,histai_0913_slide_H&E_0,histai_1428_slide_H&E_0
189,TCGA-EW-A1OW-01Z-00-DX1.97888686-EBB6-4B13-AB5D-452F475E865B,130148,histai_0446_slide_H&E_0
190,TCGA-PL-A8LZ-01A-01-DX1.B9F233EE-06DD-4C14-A392-D2937C7C0868,TCGA-B6-A0RU-01Z-00-DX1.4977531C-6003-4DA6-9925-30E2DA62C076,histai_0336_slide_H&E_0
191,107072-3,histai_0400_slide_H&E_0,histai_0986_slide_H&E_0
192,TCGA-AN-A0XT-01Z-00-DX1.882AF4CE-62A1-4808-9B4B-780066E5E602,TCGA-E2-A1BD-01Z-00-DX1.A2AFF7AD-ED47-43E4-87FE-62882BAEB8DA,histai_1263_slide_H&E_0
193,TCGA-GM-A2DA-01Z-00-DX1.6E409F88-F654-48C8-A753-BB054037BE16,histai_0856_slide_H&E_0,histai_0901_slide_H&E_0
194,TCGA-E2-A1B4-01Z-00-DX1.E585C4FB-0D3E-4160-8192-53A329648F5C,106583,TCGA-OL-A66P-01Z-00-DX1.5ADD0D6D-37C6-4BC9-8C2B-64DB18BE99B3
195,TCGA-GI-A2C9-01Z-00-DX1.90181423-51ED-41FE-9B8F-973A67793D4F,histai_0792_slide_H&E_0,TCGA-A2-A3Y0-01Z-00-DX1.A1EDDF82-FFAA-44A4-A749-7FB6F8133CC0
196,TCGA-B6-A0IJ-01Z-00-DX1.BF2E062F-06DA-4CA8-86C4-36674C035CAA,histai_1301_slide_H&E_0,120059
197,134057-2,histai_1532_slide_H&E_0,histai_0907_slide_H&E_0
198,TCGA-AO-A12C-01Z-00-DX1.F4105027-FA10-48AF-BA8F-C7A0181C4A1D,TCGA-AR-A1AX-01Z-00-DX1.2389D54F-545E-499E-B392-DD731834460A,histai_0922_slide_H&E_0
199,TCGA-AN-A03Y-01Z-00-DX1.074C48E5-ED69-40AE-8709-444898122BF4,157821,TCGA-E2-A1LG-01Z-00-DX1.8ff0fdd8-e5d5-4ff8-8707-4a760aaa5d36
200,TCGA-D8-A1XS-01Z-00-DX1.E5C78E5A-947C-499D-9E95-619FEEC63E69,histai_0513_slide_H&E_0,TCGA-E9-A3X8-01Z-00-DX1.D1532F80-F5F8-47AF-8A1B-B59E345F5D70
201,TCGA-B6-A0IG-01Z-00-DX1.4238CB6E-0561-49FD-9C49-9B8AEAFC4618,histai_0575_slide_H&E_0,TCGA-E2-A1LH-01Z-00-DX1.F85384B7-1EBF-4F57-A45B-4A668B68E535
202,TCGA-PL-A8LV-01A-02-DX2.346FF42B-2363-4B37-8884-12D5F841842C,histai_1203_slide_H&E_0,histai_1089_slide_H&E_0
203,TCGA-AN-A0FV-01Z-00-DX1.C0D02946-FCDA-472D-895D-7ACF5C96B264,TCGA-AC-A3QP-01Z-00-DX1.4B97E53E-1069-40C5-A062-C988663B37DD,histai_1611_slide_H&E_0
204,TCGA-EW-A423-01Z-00-DX1.31502D62-9C83-4A9C-9682-05A185486EAA,histai_1438_slide_H&E_0,TCGA-AR-A256-01Z-00-DX1.950D4546-4BF4-4380-9877-51D86A93D755
205,115888-1,OT_1814_AP_494_53678_MxBr_65,histai_1134_slide_H&E_0
206,126374,AP_500_OT_1831_Br0307.1_53678-I72_HE,129886
207,TCGA-E2-A2P6-01Z-00-DX1.9D8060AA-881F-49FF-AEF5-B40A3625A44A,AP_494_OT_1808_53678_MxBr_65_HE,129886_(2)
208,TCGA-GM-A4E0-01Z-00-DX1.55A5D765-AA35-4052-9185-6872B580F0F6,AP_500_OT_1831_Br0307-2_53678-CIB_HE,histai_0216_slide_H&E_0
209,TCGA-EW-A1J2-01Z-00-DX1.F1D8E593-2DF4-44C3-873D-FD3C910011E4,histai_0367_slide_H&E_0,histai_0692_slide_H&E_0
210,TCGA-A7-A6VX-01Z-00-DX1.F74DA243-C65A-4997-BCA0-F1C89675978C,histai_1114_slide_H&E_0,histai_0879_slide_H&E_0
211,TCGA-AO-A1KT-01Z-00-DX1.47878910-4359-4795-B0BB-FAC147C8D932,histai_0231_slide_H&E_0,histai_0614_slide_H&E_0
212,TCGA-D8-A27W-01Z-00-DX1.CE2D4FEA-284C-44AF-A70F-7956D91CCB29,TCGA-A2-A04T-01Z-00-DX1.71444266-BD56-4183-9603-C7AC20C9DA1E,histai_1208_slide_H&E_0
213,TCGA-AC-A3YJ-01Z-00-DX1.8E665F69-FD8C-419A-871F-3AEE2E5A3A60,128774-2,TCGA-GM-A3XG-01Z-00-DX1.68FFB600-8573-451F-8100-D11DB091F457
214,TCGA-AC-A2QH-01Z-00-DX1.00B8BFFF-F1E2-4F99-A969-8DD7EE4F8E0B,histai_0230_slide_H&E_0,histai_0253_slide_H&E_0
215,141426-2,OT_1788_AP_487_13255_MxBr_16_HE,TCGA-D8-A1Y0-01Z-00-DX2.7C25E941-12A6-46CE-B1A5-488D08E35684
216,TCGA-D8-A27P-01Z-00-DX1.EF426996-D0DC-4418-BEC4-F7CE3C82C869,TCGA-EW-A3E8-01Z-00-DX1.E185B2E4-3E16-4C66-90D7-FDB9A14BA00D,histai_1660_slide_H&E_0
217,TCGA-AR-A1AR-01Z-00-DX1.E7B7F6F0-9CC0-4D4F-8C9F-443A74D2BE40,histai_0969_slide_H&E_0,TCGA-E2-A14O-01Z-00-DX1.432DB252-35D4-4B02-B0A7-39BF85A38F89
218,TCGA-E9-A1N6-01Z-00-DX1.C0E8FFDC-2614-4DBF-B51E-4646A3919911,histai_1087_slide_H&E_0,TCGA-AC-A2B8-01Z-00-DX1.14F3A9B2-1382-436A-B53C-92FC8495AD48
219,TCGA-A2-A0CK-01Z-00-DX1.C3226BD1-11B0-4034-946A-BAB42958CE85,147341,histai_1541_slide_H&E_0
220,TCGA-D8-A1XC-01Z-00-DX1.E7494388-838B-4D35-9CA1-77017CBE77F2,histai_0960_slide_H&E_0,119414
221,TCGA-A8-A08O-01Z-00-DX1.BC87C01D-F081-41CA-939A-875C61588E88,119674,104512
222,AP_494_OT_1808_14-1441_MxBr_74_HE,histai_0727_slide_H&E_0,histai_1361_slide_H&E_0
223,TCGA-D8-A3Z6-01Z-00-DX2.19C6AA07-5D58-46CD-91D0-90DD5CC84022,histai_1673_slide_H&E_0,137877-1
224,TCGA-AR-A0TY-01Z-00-DX1.089EB6B4-9921-441D-84F3-C64C97AFC3B4,histai_0452_slide_H&E_0,histai_1194_slide_H&E_0
225,TCGA-OL-A66I-01Z-00-DX1.8CE9DCAB-98D3-4163-94AC-1557D86C1E25,TCGA-BH-A0AU-01Z-00-DX1.E852F218-B15C-4CF8-8FD0-F284043834C4,histai_0571_slide_H&E_0
226,TCGA-A8-A07I-01Z-00-DX1.37E7BB2E-8210-4216-B75F-0FD06D6C9AE3,histai_1534_slide_H&E_0,histai_1409_slide_H&E_0
227,TCGA-E9-A22H-01Z-00-DX1.0ee39fd1-b077-40ea-bd0d-8a3db474fdd5,TCGA-B6-A0WX-01Z-00-DX1.1C4F7BCC-8423-4941-9490-0F35038E1878,histai_0013_slide_H&E_0
228,128248,histai_0862_slide_H&E_0,147258
229,TCGA-EW-A1PC-01Z-00-DX1.45369705-AD49-419F-A0F0-EC51473BBAB9,TCGA-PL-A8LZ-01A-03-DX3.E5D16DBF-CABD-4C96-A794-5F27BC305055,histai_0375_slide_H&E_0
230,TCGA-BH-A18G-01Z-00-DX1.DB2B5819-CE83-4E07-BD03-2CD9CF2E246C,133698,135984
231,TCGA-AN-A0AR-01Z-00-DX1.0CF1267E-C61B-4928-875E-59032F838F07,histai_0354_slide_H&E_0,histai_1594_slide_H&E_0
232,TCGA-A7-A0DC-01Z-00-DX2.795FD529-D7C2-407D-9E8A-5DCE1EF49029,102732,histai_0598_slide_H&E_0
233,TCGA-E9-A22E-01Z-00-DX1.3d5b1ba6-466f-4852-b1fc-bc29ef3be9a2,histai_1071_slide_H&E_0,histai_1510_slide_H&E_0
234,TCGA-D8-A147-01Z-00-DX1.159094F2-BB78-4910-B7AE-3D7CAAB1DAD9,TCGA-E2-A10B-01Z-00-DX1.148CFC4B-EE65-4A7E-918F-10C72F37CB0F,TCGA-BH-A1FB-01Z-00-DX1.9D778D1A-07F6-450D-B7AA-0E17B4D0A88C
235,124261-2_2,TCGA-AN-A0XO-01Z-00-DX1.204E554E-B1A8-41AD-8E39-62484DF4E3CD,histai_1498_slide_H&E_0
236,124261-2,histai_1082_slide_H&E_0,TCGA-HN-A2OB-01Z-00-DX1.14F1FBFB-4540-43CE-9D79-5BC628640424
237,TCGA-A8-A08G-01Z-00-DX1.C3BB7FEC-91B7-4B45-8DFC-36CABCC0FD57,histai_0539_slide_H&E_0,TCGA-A7-A13G-01Z-00-DX2.72EF429E-75A7-4D1B-AFFC-8767CB213CDA
238,TCGA-EW-A1P7-01Z-00-DX1.97575C9F-C318-45A5-A4B7-1A902B93FA3F,histai_1302_slide_H&E_0,histai_1539_slide_H&E_0
239,TCGA-A2-A0YL-01Z-00-DX1.69A438C7-B1E0-4990-B1E6-586C551DC79C,115507,130150
240,TCGA-D8-A1X5-01Z-00-DX1.81B10B43-0D99-44D0-A245-D652041B8FEE,108152-1,TCGA-D8-A1XY-01Z-00-DX1.AC051FB4-1D51-449B-BF2D-9DDB4382414C
241,TCGA-AC-A6IW-01Z-00-DX1.C4514189-E64F-4603-8970-230FA2BB77FC,histai_0739_slide_H&E_0,histai_1669_slide_H&E_0
242,TCGA-A7-A3J1-01Z-00-DX1.92895B92-5F95-4EA3-9237-4CAF63CDE3FF,histai_0315_slide_H&E_0,histai_0524_slide_H&E_0
243,110704-2,histai_0409_slide_H&E_0,histai_0139_slide_H&E_0
244,TCGA-E9-A248-01Z-00-DX1.C991932F-39D4-4F2C-91C3-CE12B5BAEDB1,histai_1084_slide_H&E_0,TCGA-A2-A0EP-01Z-00-DX1.1180C406-5C18-4373-8621-1B7B70875113
245,TCGA-B6-A0RL-01Z-00-DX1.B5B6709B-5F38-4561-A0E7-C78F97B33F22,TCGA-AN-A0XW-01Z-00-DX1.811E11E7-FA67-46BB-9BC6-1FD0106B789D,102730
246,TCGA-A2-A0T4-01Z-00-DX1.AC61ED08-2E42-4D4A-BB81-746D3FEBB653,histai_1641_slide_H&E_0,109903-1
247,TCGA-E9-A1NI-01Z-00-DX1.AF90ACEF-EDED-40E6-955B-80ACC49778F9,TCGA-D8-A27W-01Z-00-DX2.4E0D2E4E-5662-4305-8FC2-C651CDDA4998,histai_1437_slide_H&E_0
248,TCGA-D8-A1Y2-01Z-00-DX2.A563ABFE-18DE-4D78-BB66-9CD18D3CBE3A,histai_0844_slide_H&E_0,histai_1278_slide_H&E_0
249,TCGA-D8-A1JI-01Z-00-DX1.9BDB647F-EEAB-4235-BE44-A3815A48CCE0,histai_0220_slide_H&E_0,histai_1138_slide_H&E_0
250,TCGA-E2-A1IK-01Z-00-DX1.25C554BB-AA90-4FF4-9D68-EEC899B8A27D,histai_0605_slide_H&E_0,124806-2
251,TCGA-BH-A1EN-01Z-00-DX1.F535657F-E2FA-4283-87AE-7DAB663B196B,histai_0319_slide_H&E_0,TCGA-D8-A146-01Z-00-DX1.D93FB315-E5D7-49BA-8380-38B16B70361B
252,TCGA-OL-A5RY-01Z-00-DX1.AE4E9D74-FC1C-4C1E-AE6D-5DF38899BBA6,TCGA-BH-A0EE-01Z-00-DX1.872EA586-25C8-4835-A138-152DFA1EBF30,histai_0821_slide_H&E_0
253,TCGA-A2-A0T0-01Z-00-DX1.51F904DA-A4B5-4451-8AEF-58E7EF7651DB,TCGA-BH-A1FG-01Z-00-DX1.DA665FB6-9DD9-4B18-A925-2EFD9BC4C43B,TCGA-AC-A5EI-01Z-00-DX1.A174D91A-730E-460C-AE73-46CA1E5B177B
254,TCGA-3C-AALJ-01Z-00-DX2.62DFE56B-B84C-40F9-9625-FCB55767B70D,TCGA-E2-A156-01Z-00-DX1.CEF32B4D-A676-4230-992D-45A046E4043A,histai_1662_slide_H&E_0
255,TCGA-AR-A252-01Z-00-DX1.2E7EE069-A0B8-489B-A2F0-3175FB58F468,TCGA-E2-A1IO-01Z-00-DX1.C812D02F-3B40-496B-9EF5-7F68ADE64962,147844
256,TCGA-AR-A254-01Z-00-DX1.EA5CD008-1106-41EC-998A-04EF08EEEC9D,TCGA-BH-A0B8-01Z-00-DX1.380ABAE9-EA83-4E9B-BFB2-6476A86C1ADD,TCGA-A2-A1FW-01Z-00-DX1.DC2BC5D7-E57B-444E-833F-9A1B6E11DE6D
257,TCGA-OL-A5RW-01Z-00-DX1.E16DE8EE-31AF-4EAF-A85F-DB3E3E2C3BFF,TCGA-D8-A1XF-01Z-00-DX1.8B9AB4A1-DEC5-4587-B022-3077CCD220F9,126751
258,TCGA-AN-A0FJ-01Z-00-DX1.97B60767-916E-4938-9D0B-E6C0FE1CB3FC,histai_0708_slide_H&E_0,TCGA-E2-A15J-01Z-00-DX1.BF7901D1-30B1-4A76-B0A5-E9B8B36EF4C9
259,TCGA-AR-A24S-01Z-00-DX1.317C3B19-0D0F-4315-AC2D-C741F09DD775,TCGA-AR-A0TS-01Z-00-DX1.2DB81A2E-16C1-4EE0-8175-65FA46768277,120061
260,127956,TCGA-D8-A1JK-01Z-00-DX1.3190C919-A403-460D-9F6C-D2AB5FD3FD05,TCGA-AR-A0U4-01Z-00-DX1.DE722DC5-859D-4866-ADCC-ED98EDBFB588
261,TCGA-AC-A23G-01Z-00-DX1.2F0326F7-6B77-4B3F-B4FA-59ADB785AA07,TCGA-AO-A12F-01Z-00-DX1.847C8E4F-3F37-4B1D-8E6E-ACD14391AD89,TCGA-A2-A0ES-01Z-00-DX1.5652EE30-48C1-4EC1-AD77-8C72DFCB9A97
262,histai_1318_slide_H&E_0,TCGA-E2-A14T-01Z-00-DX1.61B4C988-6D75-447B-A5F4-9DE92CEACC9F,121633-1
263,histai_1503_slide_H&E_0,TCGA-OK-A5Q2-01Z-00-DX1.0D169898-37C6-44CA-AC87-27887123AA6F,TCGA-A2-A0EU-01Z-00-DX1.13335BEB-63D4-469B-A389-8A079A096129
264,histai_1426_slide_H&E_0,143338,TCGA-BH-A1FM-01Z-00-DX1.860C5169-FE2B-43A6-A13D-E736374303DD
265,histai_1500_slide_H&E_0,TCGA-A7-A0DB-01Z-00-DX2.6C6A5F9C-294F-4A86-A0F1-B68D4729B535,TCGA-S3-AA12-01Z-00-DX2.4F0A4F18-41C7-4497-A7B8-5DCE610E08AD
266,histai_1112_slide_H&E_0,TCGA-B6-A0X4-01Z-00-DX1.4B7914DE-3436-4D69-9BC6-F6419D3CC518,108129-2
267,histai_0797_slide_H&E_0,histai_0785_slide_H&E_0,TCGA-AC-A62V-01Z-00-DX1.2D8994FD-58B8-43C1-B99D-AA964E7DFD60
268,histai_0883_slide_H&E_0,TCGA-BH-A42V-01Z-00-DX1.B6D78256-05D1-45FA-826A-1B8554D60B7D,TCGA-AO-A0J3-01Z-00-DX1.8F28BFC8-D37E-425F-A9E3-4C23F083237C
269,141014,TCGA-E2-A15O-01Z-00-DX1.4D0F3975-93EA-4DC2-AD0C-A76A24C3AE0C,TCGA-EW-A2FS-01Z-00-DX1.A01C9183-2AC8-456A-B5A6-85C5BB0361D8
270,histai_1556_slide_H&E_0,TCGA-BH-A1EO-01Z-00-DX1.0E624888-D7E4-48DF-B51A-9AD8F75A66B7,TCGA-BH-A0EB-01Z-00-DX1.70D7BBA0-214D-4D1A-933C-7CFCDA5416A3
271,histai_0272_slide_H&E_0,TCGA-BH-A1EW-01Z-00-DX1.A6A5F9C5-FB97-4DA3-A1EA-1F84BC006681,TCGA-AO-A0JM-01Z-00-DX1.94E75EFD-E5F5-4DF8-93A0-ED94CB4D203A
272,histai_0239_slide_H&E_0,136815,TCGA-BH-A0EI-01Z-00-DX1.929E126A-C9F8-4240-BF00-B6C4A57B7FF6
273,histai_0404_slide_H&E_0,TCGA-AR-A24W-01Z-00-DX1.0663B4A3-6475-4981-91F0-20D2C79CBF89,155957-1
274,histai_1108_slide_H&E_0,TCGA-AO-A1KQ-01Z-00-DX1.CAB7D9A5-7030-4A33-BE51-9B04D67A7676,histai_0578_slide_H&E_0
275,histai_0051_slide_H&E_0,histai_0794_slide_H&E_0,TCGA-A7-A26H-01Z-00-DX1.3344CFD3-5A19-4B01-BEB2-AB89F83FD53A
276,histai_1339_slide_H&E_0,105040,TCGA-D8-A1J9-01Z-00-DX1.F81FA9EF-8129-4E17-A9AD-2B850782CC18
277,histai_0377_slide_H&E_0,histai_1598_slide_H&E_0,TCGA-BH-A0H6-01Z-00-DX1.0CF7253A-B42C-4778-B1C6-17EC78A039ED
278,histai_1075_slide_H&E_0,154142,AP656_OT2122_Br0270_HE
279,histai_1462_slide_H&E_0,TCGA-EW-A1OZ-01Z-00-DX1.9639BB06-FF02-475F-A89D-773BE12721CC,155104
280,137484,TCGA-D8-A1J9-01Z-00-DX2.E1C59487-9563-4501-845F-2067A0C5C59B,TCGA-A7-A0DB-01Z-00-DX1.9CE855BC-0C37-43FB-8806-6625E176BE2E
281,histai_0705_slide_H&E_0,TCGA-BH-A0AY-01Z-00-DX1.A1153465-D9B3-4D83-BE85-F2524B071EE5,
282,histai_1415_slide_H&E_0,116417,
283,histai_0849_slide_H&E_0,,
284,histai_0238_slide_H&E_0,,
285,histai_0695_slide_H&E_0,,
286,histai_1218_slide_H&E_0,,
287,histai_0998_slide_H&E_0,,
288,109903-2,,
289,101907,,
290,histai_0303_slide_H&E_0,,
291,histai_0383_slide_H&E_0,,
292,histai_0639_slide_H&E_0,,
293,histai_1470_slide_H&E_0,,
294,histai_0130_slide_H&E_0,,
295,histai_1360_slide_H&E_0,,
296,histai_0228_slide_H&E_0,,
297,histai_1196_slide_H&E_0,,
298,130981-1,,
299,histai_1439_slide_H&E_0,,
300,histai_0843_slide_H&E_0,,
301,histai_0696_slide_H&E_0,,
302,histai_1417_slide_H&E_0,,
303,histai_0802_slide_H&E_0,,
304,histai_1122_slide_H&E_0,,
305,134057-1,,
306,histai_0208_slide_H&E_0,,
307,histai_0498_slide_H&E_0,,
308,histai_0559_slide_H&E_0,,
309,histai_0247_slide_H&E_0,,
310,histai_1322_slide_H&E_0,,
311,histai_0078_slide_H&E_0,,
312,histai_0369_slide_H&E_0,,
313,histai_0927_slide_H&E_0,,
314,110340,,
315,histai_0386_slide_H&E_0,,
316,histai_0542_slide_H&E_0,,
317,histai_0313_slide_H&E_0,,
318,histai_0759_slide_H&E_0,,
319,histai_1128_slide_H&E_0,,
320,histai_0307_slide_H&E_0,,
321,107272,,
322,histai_1262_slide_H&E_0,,
323,histai_1244_slide_H&E_0,,
324,histai_0890_slide_H&E_0,,
325,histai_0912_slide_H&E_0,,
326,histai_0147_slide_H&E_0,,
327,histai_1389_slide_H&E_0,,
328,histai_0044_slide_H&E_0,,
329,histai_0964_slide_H&E_0,,
330,histai_1505_slide_H&E_0,,
331,histai_0722_slide_H&E_0,,
332,histai_1654_slide_H&E_0,,
333,histai_0494_slide_H&E_0,,
334,histai_1643_slide_H&E_0,,
335,histai_1691_slide_H&E_0,,
336,histai_0566_slide_H&E_0,,
337,B25-151245,,
338,histai_1383_slide_H&E_0,,
339,histai_1511_slide_H&E_0,,
340,histai_0267_slide_H&E_0,,
341,histai_1380_slide_H&E_0,,
342,histai_0937_slide_H&E_0,,
343,histai_1479_slide_H&E_0,,
344,B25-150766,,
345,histai_0514_slide_H&E_0,,
346,histai_0517_slide_H&E_0,,
347,histai_0133_slide_H&E_0,,
348,histai_0325_slide_H&E_0,,
349,histai_0584_slide_H&E_0,,
350,histai_0973_slide_H&E_0,,
351,histai_0834_slide_H&E_0,,
352,histai_0246_slide_H&E_0,,
353,histai_0346_slide_H&E_0,,
354,histai_1155_slide_H&E_0,,
355,histai_0861_slide_H&E_0,,
356,histai_0949_slide_H&E_0,,
357,histai_1667_slide_H&E_0,,
358,histai_1144_slide_H&E_0,,
359,histai_1142_slide_H&E_0,,
360,histai_0827_slide_H&E_0,,
361,histai_1067_slide_H&E_0,,
362,histai_0067_slide_H&E_0,,
363,histai_1249_slide_H&E_0,,
364,histai_0191_slide_H&E_0,,
365,138974,,
366,histai_0236_slide_H&E_0,,
367,histai_0102_slide_H&E_0,,
368,histai_0818_slide_H&E_0,,
369,histai_1284_slide_H&E_0,,
370,histai_0256_slide_H&E_0,,
371,histai_0017_slide_H&E_0,,
372,histai_1377_slide_H&E_0,,
373,histai_0275_slide_H&E_0,,
374,histai_1078_slide_H&E_0,,
375,histai_0909_slide_H&E_0,,
376,145917,,
377,histai_0572_slide_H&E_0,,
378,histai_1311_slide_H&E_0,,
379,histai_1326_slide_H&E_0,,
380,histai_0538_slide_H&E_0,,
381,histai_0806_slide_H&E_0,,
382,histai_0647_slide_H&E_0,,
383,histai_0477_slide_H&E_0,,
384,histai_1496_slide_H&E_0,,
385,histai_0316_slide_H&E_0,,
386,histai_1432_slide_H&E_0,,
387,histai_1609_slide_H&E_0,,
388,histai_0160_slide_H&E_0,,
389,histai_1379_slide_H&E_0,,
390,histai_1651_slide_H&E_0,,
391,histai_0090_slide_H&E_0,,
392,histai_1387_slide_H&E_0,,
393,histai_0612_slide_H&E_0,,
394,histai_1014_slide_H&E_0,,
395,histai_0482_slide_H&E_0,,
396,histai_1575_slide_H&E_0,,
397,histai_0430_slide_H&E_0,,
398,OT_1814_AP_494_49890_MxBr_59,,
399,AP_494_OT_1808_49890_MxBr_59_HE,,
400,histai_0888_slide_H&E_0,,
401,histai_1221_slide_H&E_0,,
402,histai_1393_slide_H&E_0,,
403,histai_0999_slide_H&E_0,,
404,histai_0158_slide_H&E_0,,
405,histai_0366_slide_H&E_0,,
406,histai_0402_slide_H&E_0,,
407,130301,,
408,histai_0774_slide_H&E_0,,
409,histai_0233_slide_H&E_0,,
410,histai_0473_slide_H&E_0,,
411,histai_0463_slide_H&E_0,,
412,histai_1054_slide_H&E_0,,
413,histai_0098_slide_H&E_0,,
414,histai_1043_slide_H&E_0,,
415,histai_1464_slide_H&E_0,,
416,histai_0980_slide_H&E_0,,
417,histai_0659_slide_H&E_0,,
418,histai_0438_slide_H&E_0,,
419,histai_1334_slide_H&E_0,,
420,histai_1188_slide_H&E_0,,
421,histai_1685_slide_H&E_0,,
422,histai_0588_slide_H&E_0,,
423,histai_0617_slide_H&E_0,,
424,histai_0450_slide_H&E_0,,
425,histai_0880_slide_H&E_0,,
426,histai_1444_slide_H&E_0,,
427,histai_0778_slide_H&E_0,,
428,histai_1561_slide_H&E_0,,
429,histai_1197_slide_H&E_0,,
430,histai_1126_slide_H&E_0,,
431,histai_0576_slide_H&E_0,,
432,113566-2,,
433,histai_0469_slide_H&E_0,,
434,histai_1342_slide_H&E_0,,
435,histai_1554_slide_H&E_0,,
436,histai_1070_slide_H&E_0,,
437,histai_0747_slide_H&E_0,,
438,histai_0502_slide_H&E_0,,
439,histai_1074_slide_H&E_0,,
440,AP473_OT1760_13341_MxBr_17_HE,,
441,histai_0123_slide_H&E_0,,
442,histai_0392_slide_H&E_0,,
443,histai_0162_slide_H&E_0,,
444,histai_0746_slide_H&E_0,,
445,histai_0962_slide_H&E_0,,
446,histai_1101_slide_H&E_0,,
447,106580,,
448,AP473_OT1760_14782_MxBr_42_HE,,
449,histai_0347_slide_H&E_0,,
450,histai_0489_slide_H&E_0,,
451,histai_1169_slide_H&E_0,,
452,histai_0525_slide_H&E_0,,
453,histai_0738_slide_H&E_0,,
454,histai_1226_slide_H&E_0,,
455,histai_1686_slide_H&E_0,,
456,histai_1481_slide_H&E_0,,
457,histai_0530_slide_H&E_0,,
458,histai_0731_slide_H&E_0,,
459,histai_0795_slide_H&E_0,,
460,histai_0254_slide_H&E_0,,
461,histai_0700_slide_H&E_0,,
462,histai_0939_slide_H&E_0,,
463,histai_1047_slide_H&E_0,,
464,histai_0337_slide_H&E_0,,
465,histai_1633_slide_H&E_0,,
466,histai_1254_slide_H&E_0,,
467,histai_0387_slide_H&E_0,,
468,histai_1083_slide_H&E_0,,
469,histai_0984_slide_H&E_0,,
470,histai_1309_slide_H&E_0,,
471,histai_0060_slide_H&E_0,,
472,histai_0035_slide_H&E_0,,
473,histai_1619_slide_H&E_0,,
474,histai_0207_slide_H&E_0,,
475,histai_1390_slide_H&E_0,,
476,histai_1526_slide_H&E_0,,
477,histai_0243_slide_H&E_0,,
478,histai_1579_slide_H&E_0,,
479,112348,,
480,histai_1413_slide_H&E_0,,
481,histai_1131_slide_H&E_0,,
482,histai_0628_slide_H&E_0,,
483,histai_1670_slide_H&E_0,,
484,histai_0344_slide_H&E_0,,
485,histai_0328_slide_H&E_0,,
486,histai_0172_slide_H&E_0,,
487,histai_0143_slide_H&E_0,,
488,histai_1105_slide_H&E_0,,
489,histai_0905_slide_H&E_0,,
490,histai_0771_slide_H&E_0,,
491,histai_0726_slide_H&E_0,,
492,histai_0499_slide_H&E_0,,
493,127903,,
494,histai_0713_slide_H&E_0,,
495,histai_0291_slide_H&E_0,,
496,histai_1125_slide_H&E_0,,
497,histai_0082_slide_H&E_0,,
498,histai_1148_slide_H&E_0,,
499,histai_1607_slide_H&E_0,,
500,histai_1140_slide_H&E_0,,
501,histai_1637_slide_H&E_0,,
502,AP_494_OT_1814_25102_MxBr_52_HE,,
503,histai_1172_slide_H&E_0,,
504,histai_1614_slide_H&E_0,,
505,histai_1549_slide_H&E_0,,
506,histai_0535_slide_H&E_0,,
507,histai_1182_slide_H&E_0,,
508,histai_0679_slide_H&E_0,,
509,histai_0389_slide_H&E_0,,
510,histai_0317_slide_H&E_0,,
511,histai_1622_slide_H&E_0,,
512,histai_0403_slide_H&E_0,,
513,histai_1392_slide_H&E_0,,
514,histai_0101_slide_H&E_0,,
515,histai_0072_slide_H&E_0,,
516,histai_0586_slide_H&E_0,,
517,histai_0309_slide_H&E_0,,
518,histai_0194_slide_H&E_0,,
519,histai_1024_slide_H&E_0,,
520,144317,,
521,histai_0633_slide_H&E_0,,
522,histai_1365_slide_H&E_0,,
523,histai_0651_slide_H&E_0,,
524,histai_1011_slide_H&E_0,,
525,histai_1485_slide_H&E_0,,
526,histai_0942_slide_H&E_0,,
527,histai_1546_slide_H&E_0,,
528,histai_1672_slide_H&E_0,,
529,108240,,
530,159188,,
531,histai_1523_slide_H&E_0,,
532,histai_1037_slide_H&E_0,,
533,histai_0320_slide_H&E_0,,
534,histai_0804_slide_H&E_0,,
535,histai_1044_slide_H&E_0,,
536,histai_0548_slide_H&E_0,,
537,histai_1395_slide_H&E_0,,
538,histai_1258_slide_H&E_0,,
539,119287,,
540,histai_1259_slide_H&E_0,,
541,histai_0223_slide_H&E_0,,
542,histai_1035_slide_H&E_0,,
543,histai_0362_slide_H&E_0,,
544,histai_0432_slide_H&E_0,,
545,histai_0523_slide_H&E_0,,
546,histai_0474_slide_H&E_0,,
547,histai_0782_slide_H&E_0,,
548,149618-2,,
549,histai_0221_slide_H&E_0,,
550,histai_0652_slide_H&E_0,,
551,histai_1499_slide_H&E_0,,
552,histai_1402_slide_H&E_0,,
553,histai_1333_slide_H&E_0,,
554,histai_1180_slide_H&E_0,,
555,histai_1570_slide_H&E_0,,
556,145913,,
557,histai_0453_slide_H&E_0,,
558,histai_1385_slide_H&E_0,,
559,histai_0227_slide_H&E_0,,
560,histai_1596_slide_H&E_0,,
561,histai_1260_slide_H&E_0,,
562,histai_0352_slide_H&E_0,,
563,histai_0664_slide_H&E_0,,
564,histai_1624_slide_H&E_0,,
565,132896,,
566,histai_0648_slide_H&E_0,,
567,histai_1229_slide_H&E_0,,
568,histai_1683_slide_H&E_0,,
569,histai_0625_slide_H&E_0,,
570,histai_1315_slide_H&E_0,,
571,histai_0283_slide_H&E_0,,
572,histai_0099_slide_H&E_0,,
573,histai_0830_slide_H&E_0,,
574,histai_0904_slide_H&E_0,,
575,histai_1171_slide_H&E_0,,
576,histai_0918_slide_H&E_0,,
577,131055,,
578,histai_0334_slide_H&E_0,,
579,histai_0495_slide_H&E_0,,
580,histai_0225_slide_H&E_0,,
581,histai_1627_slide_H&E_0,,
582,histai_0492_slide_H&E_0,,
583,histai_1453_slide_H&E_0,,
584,histai_1294_slide_H&E_0,,
585,histai_1688_slide_H&E_0,,
586,histai_0603_slide_H&E_0,,
587,histai_1003_slide_H&E_0,,
588,histai_1655_slide_H&E_0,,
589,histai_1214_slide_H&E_0,,
590,histai_1314_slide_H&E_0,,
591,histai_1312_slide_H&E_0,,
592,histai_1460_slide_H&E_0,,
593,histai_0055_slide_H&E_0,,
594,histai_0376_slide_H&E_0,,
595,113555,,
596,histai_1684_slide_H&E_0,,
597,histai_1068_slide_H&E_0,,
598,histai_1337_slide_H&E_0,,
599,histai_0219_slide_H&E_0,,
600,histai_0606_slide_H&E_0,,
601,histai_0736_slide_H&E_0,,
602,histai_1250_slide_H&E_0,,
603,histai_1345_slide_H&E_0,,
604,histai_1060_slide_H&E_0,,
605,129440,,
606,histai_0456_slide_H&E_0,,
607,histai_1581_slide_H&E_0,,
608,histai_1551_slide_H&E_0,,
609,histai_1305_slide_H&E_0,,
610,histai_0992_slide_H&E_0,,
611,131461-2,,
612,histai_0298_slide_H&E_0,,
613,histai_1497_slide_H&E_0,,
614,histai_1587_slide_H&E_0,,
615,histai_0954_slide_H&E_0,,
616,histai_1591_slide_H&E_0,,
617,105701,,
618,histai_1056_slide_H&E_0,,
619,histai_1528_slide_H&E_0,,
620,histai_0157_slide_H&E_0,,
621,histai_1094_slide_H&E_0,,
622,histai_0839_slide_H&E_0,,
623,histai_0703_slide_H&E_0,,
624,histai_0693_slide_H&E_0,,
625,histai_0411_slide_H&E_0,,
626,124727,,
627,histai_0550_slide_H&E_0,,
628,histai_0873_slide_H&E_0,,
629,histai_1476_slide_H&E_0,,
630,histai_1100_slide_H&E_0,,
631,histai_0187_slide_H&E_0,,
632,histai_1375_slide_H&E_0,,
633,histai_0526_slide_H&E_0,,
634,histai_1111_slide_H&E_0,,
635,histai_0968_slide_H&E_0,,
636,histai_1366_slide_H&E_0,,
637,109356,,
638,histai_1178_slide_H&E_0,,
639,histai_1418_slide_H&E_0,,
640,histai_0262_slide_H&E_0,,
641,histai_1634_slide_H&E_0,,
642,histai_0190_slide_H&E_0,,
643,histai_0186_slide_H&E_0,,
644,histai_1394_slide_H&E_0,,
645,histai_1061_slide_H&E_0,,
646,B25-158735,,
647,histai_0237_slide_H&E_0,,
648,histai_0686_slide_H&E_0,,
649,histai_1113_slide_H&E_0,,
650,histai_1242_slide_H&E_0,,
651,histai_1407_slide_H&E_0,,
652,histai_0416_slide_H&E_0,,
653,histai_0621_slide_H&E_0,,
654,histai_0382_slide_H&E_0,,
655,histai_0669_slide_H&E_0,,
656,142430,,
657,histai_0555_slide_H&E_0,,
658,histai_1166_slide_H&E_0,,
659,histai_1573_slide_H&E_0,,
660,histai_0209_slide_H&E_0,,
661,histai_1175_slide_H&E_0,,
662,histai_0252_slide_H&E_0,,
663,histai_0378_slide_H&E_0,,
664,histai_0783_slide_H&E_0,,
665,106961,,
666,histai_0518_slide_H&E_0,,
667,histai_0257_slide_H&E_0,,
668,histai_0371_slide_H&E_0,,
669,histai_0471_slide_H&E_0,,
670,histai_0793_slide_H&E_0,,
671,histai_0930_slide_H&E_0,,
672,102737-1,,
673,histai_1251_slide_H&E_0,,
674,histai_0556_slide_H&E_0,,
675,histai_1288_slide_H&E_0,,
676,histai_0277_slide_H&E_0,,
677,histai_0273_slide_H&E_0,,
678,histai_0852_slide_H&E_0,,
679,107780,,
680,histai_0658_slide_H&E_0,,
681,histai_0544_slide_H&E_0,,
682,histai_1562_slide_H&E_0,,
683,histai_0599_slide_H&E_0,,
684,histai_0836_slide_H&E_0,,
685,histai_1253_slide_H&E_0,,
686,histai_1463_slide_H&E_0,,
687,120361,,
688,histai_1434_slide_H&E_0,,
689,histai_1193_slide_H&E_0,,
690,histai_1648_slide_H&E_0,,
691,histai_0226_slide_H&E_0,,
692,histai_0965_slide_H&E_0,,
693,histai_0081_slide_H&E_0,,
694,histai_1452_slide_H&E_0,,
695,histai_0591_slide_H&E_0,,
696,histai_0129_slide_H&E_0,,
697,143091,,
698,histai_0636_slide_H&E_0,,
699,histai_1406_slide_H&E_0,,
700,histai_0952_slide_H&E_0,,
701,histai_0832_slide_H&E_0,,
702,histai_0765_slide_H&E_0,,
703,histai_0730_slide_H&E_0,,
704,histai_1514_slide_H&E_0,,
705,histai_1170_slide_H&E_0,,
706,histai_1589_slide_H&E_0,,
707,histai_1423_slide_H&E_0,,
708,histai_1028_slide_H&E_0,,
709,histai_1236_slide_H&E_0,,
710,histai_0182_slide_H&E_0,,
711,histai_1316_slide_H&E_0,,
712,histai_1626_slide_H&E_0,,
713,histai_1136_slide_H&E_0,,
714,histai_0467_slide_H&E_0,,
715,116736,,
716,histai_1297_slide_H&E_0,,
717,histai_0363_slide_H&E_0,,
718,histai_1652_slide_H&E_0,,
719,histai_1289_slide_H&E_0,,
720,histai_0439_slide_H&E_0,,
721,141358,,
722,histai_0593_slide_H&E_0,,
723,histai_1466_slide_H&E_0,,
724,histai_0920_slide_H&E_0,,
725,histai_0510_slide_H&E_0,,
726,histai_1545_slide_H&E_0,,
727,histai_0580_slide_H&E_0,,
728,histai_1378_slide_H&E_0,,
729,histai_0407_slide_H&E_0,,
730,histai_0274_slide_H&E_0,,
731,histai_1086_slide_H&E_0,,
732,histai_1139_slide_H&E_0,,
733,histai_1031_slide_H&E_0,,
734,histai_0650_slide_H&E_0,,
735,histai_1048_slide_H&E_0,,
736,139955,,
737,histai_1445_slide_H&E_0,,
738,histai_1332_slide_H&E_0,,
739,histai_0553_slide_H&E_0,,
740,histai_0877_slide_H&E_0,,
741,histai_1665_slide_H&E_0,,
742,histai_0694_slide_H&E_0,,
743,histai_1116_slide_H&E_0,,
744,110616,,
745,histai_1224_slide_H&E_0,,
746,histai_1501_slide_H&E_0,,
747,histai_0717_slide_H&E_0,,
748,histai_1477_slide_H&E_0,,
749,histai_0373_slide_H&E_0,,
750,histai_0712_slide_H&E_0,,
751,110962,,
752,histai_1286_slide_H&E_0,,
753,histai_0925_slide_H&E_0,,
754,histai_0720_slide_H&E_0,,
755,histai_1356_slide_H&E_0,,
756,histai_0437_slide_H&E_0,,
757,histai_1617_slide_H&E_0,,
758,126212,,
759,histai_1023_slide_H&E_0,,
760,histai_0966_slide_H&E_0,,
761,histai_1540_slide_H&E_0,,
762,histai_1029_slide_H&E_0,,
763,histai_1341_slide_H&E_0,,
764,histai_1492_slide_H&E_0,,
765,histai_0957_slide_H&E_0,,
766,histai_0549_slide_H&E_0,,
767,histai_0666_slide_H&E_0,,
768,histai_0413_slide_H&E_0,,
769,histai_0947_slide_H&E_0,,
770,histai_0581_slide_H&E_0,,
771,histai_1293_slide_H&E_0,,
772,histai_1228_slide_H&E_0,,
773,histai_0177_slide_H&E_0,,
774,histai_0840_slide_H&E_0,,
775,B25-161643_2,,
776,144822,,
777,histai_1290_slide_H&E_0,,
778,histai_0899_slide_H&E_0,,
779,histai_1336_slide_H&E_0,,
780,histai_0379_slide_H&E_0,,
781,histai_1371_slide_H&E_0,,
782,histai_1190_slide_H&E_0,,
783,histai_0831_slide_H&E_0,,
784,histai_0390_slide_H&E_0,,
785,histai_0780_slide_H&E_0,,
786,histai_1457_slide_H&E_0,,
787,histai_0493_slide_H&E_0,,
788,histai_0096_slide_H&E_0,,
789,histai_0516_slide_H&E_0,,
790,histai_0288_slide_H&E_0,,
791,histai_0500_slide_H&E_0,,
792,histai_0709_slide_H&E_0,,
793,histai_1321_slide_H&E_0,,
794,histai_0285_slide_H&E_0,,
795,histai_1674_slide_H&E_0,,
796,histai_1036_slide_H&E_0,,
797,histai_1486_slide_H&E_0,,
798,histai_1625_slide_H&E_0,,
799,histai_0201_slide_H&E_0,,
800,110998,,
801,histai_0311_slide_H&E_0,,
802,histai_0455_slide_H&E_0,,
803,histai_1451_slide_H&E_0,,
804,histai_0491_slide_H&E_0,,
805,histai_1306_slide_H&E_0,,
806,135242,,
807,histai_1455_slide_H&E_0,,
808,histai_0979_slide_H&E_0,,
809,histai_1689_slide_H&E_0,,
810,histai_1133_slide_H&E_0,,
811,histai_1663_slide_H&E_0,,
812,histai_0286_slide_H&E_0,,
813,histai_1628_slide_H&E_0,,
814,histai_0075_slide_H&E_0,,
815,histai_0065_slide_H&E_0,,
816,histai_1055_slide_H&E_0,,
817,106148,,
818,histai_0763_slide_H&E_0,,
819,histai_0531_slide_H&E_0,,
820,histai_1109_slide_H&E_0,,
821,histai_0094_slide_H&E_0,,
822,histai_1323_slide_H&E_0,,
823,histai_0397_slide_H&E_0,,
824,histai_0750_slide_H&E_0,,
825,histai_0604_slide_H&E_0,,
826,histai_1447_slide_H&E_0,,
827,histai_1147_slide_H&E_0,,
828,histai_1518_slide_H&E_0,,
829,histai_0903_slide_H&E_0,,
830,histai_0356_slide_H&E_0,,
831,OT_1788_AP_487_14321_MxBr_33_HE,,
832,histai_0865_slide_H&E_0,,
833,histai_1076_slide_H&E_0,,
834,histai_1563_slide_H&E_0,,
835,histai_1129_slide_H&E_0,,
836,histai_0721_slide_H&E_0,,
837,histai_0353_slide_H&E_0,,
838,histai_0745_slide_H&E_0,,
839,histai_0292_slide_H&E_0,,
840,histai_0944_slide_H&E_0,,
841,histai_1632_slide_H&E_0,,
842,histai_0567_slide_H&E_0,,
843,histai_0490_slide_H&E_0,,
844,histai_0665_slide_H&E_0,,
845,histai_0399_slide_H&E_0,,
846,131307,,
847,histai_0860_slide_H&E_0,,
848,histai_0762_slide_H&E_0,,
849,histai_1185_slide_H&E_0,,
850,histai_0112_slide_H&E_0,,
851,histai_1090_slide_H&E_0,,
852,133746,,
853,histai_1231_slide_H&E_0,,
854,histai_0128_slide_H&E_0,,
855,histai_0033_slide_H&E_0,,
856,histai_0501_slide_H&E_0,,
857,histai_0864_slide_H&E_0,,
858,histai_1373_slide_H&E_0,,
859,histai_1057_slide_H&E_0,,
860,120330,,
861,120330_2,,
862,histai_0168_slide_H&E_0,,
863,histai_0294_slide_H&E_0,,
864,histai_1515_slide_H&E_0,,
865,histai_1519_slide_H&E_0,,
866,histai_0287_slide_H&E_0,,
867,histai_1482_slide_H&E_0,,
868,histai_1506_slide_H&E_0,,
869,histai_1104_slide_H&E_0,,
870,AP_494_OT_1808_15-0019_MxBr_96_HE,,
871,histai_0900_slide_H&E_0,,
872,histai_1015_slide_H&E_0,,
873,histai_1264_slide_H&E_0,,
874,histai_0824_slide_H&E_0,,
875,histai_0582_slide_H&E_0,,
876,histai_1064_slide_H&E_0,,
877,histai_1599_slide_H&E_0,,
878,histai_1273_slide_H&E_0,,
879,histai_1629_slide_H&E_0,,
880,histai_1110_slide_H&E_0,,
881,histai_0798_slide_H&E_0,,
882,histai_1621_slide_H&E_0,,
883,histai_1535_slide_H&E_0,,
884,histai_0948_slide_H&E_0,,
885,histai_0280_slide_H&E_0,,
886,histai_0926_slide_H&E_0,,
887,110257,,
888,histai_0179_slide_H&E_0,,
889,histai_0180_slide_H&E_0,,
890,histai_1027_slide_H&E_0,,
891,histai_0141_slide_H&E_0,,
892,histai_1050_slide_H&E_0,,
893,histai_1537_slide_H&E_0,,
894,OT_1788_AP_487_14239_MxBr_32_HE,,
895,histai_0264_slide_H&E_0,,
896,histai_1045_slide_H&E_0,,
897,histai_0348_slide_H&E_0,,
898,histai_1658_slide_H&E_0,,
899,histai_0484_slide_H&E_0,,
900,histai_0994_slide_H&E_0,,
901,histai_0472_slide_H&E_0,,
902,histai_1484_slide_H&E_0,,
903,histai_1682_slide_H&E_0,,
904,histai_0869_slide_H&E_0,,
905,histai_1008_slide_H&E_0,,
906,histai_1344_slide_H&E_0,,
907,histai_1446_slide_H&E_0,,
908,histai_0989_slide_H&E_0,,
909,histai_1063_slide_H&E_0,,
910,histai_1006_slide_H&E_0,,
911,histai_1382_slide_H&E_0,,
912,histai_1601_slide_H&E_0,,
913,111940-2,,
914,histai_0938_slide_H&E_0,,
915,histai_1401_slide_H&E_0,,
916,histai_0991_slide_H&E_0,,
917,histai_1509_slide_H&E_0,,
918,histai_0478_slide_H&E_0,,
919,histai_1493_slide_H&E_0,,
920,histai_0064_slide_H&E_0,,
921,histai_1348_slide_H&E_0,,
922,130519,,
923,histai_1678_slide_H&E_0,,
924,histai_0426_slide_H&E_0,,
925,histai_0192_slide_H&E_0,,
926,histai_1478_slide_H&E_0,,
927,histai_1559_slide_H&E_0,,
928,histai_1372_slide_H&E_0,,
929,histai_0057_slide_H&E_0,,
930,B25-150006,,
931,histai_0178_slide_H&E_0,,
932,histai_0845_slide_H&E_0,,
933,histai_0953_slide_H&E_0,,
934,histai_0733_slide_H&E_0,,
935,histai_0813_slide_H&E_0,,
936,histai_0364_slide_H&E_0,,
937,histai_0142_slide_H&E_0,,
938,103762,,
939,histai_0232_slide_H&E_0,,
940,histai_0029_slide_H&E_0,,
941,histai_0776_slide_H&E_0,,
942,histai_0314_slide_H&E_0,,
943,histai_0779_slide_H&E_0,,
944,histai_0963_slide_H&E_0,,
945,histai_0503_slide_H&E_0,,
946,histai_1548_slide_H&E_0,,
947,137973-2,,
948,histai_0529_slide_H&E_0,,
949,histai_1215_slide_H&E_0,,
950,histai_0189_slide_H&E_0,,
951,histai_0329_slide_H&E_0,,
952,histai_0417_slide_H&E_0,,
953,histai_0321_slide_H&E_0,,
954,histai_1521_slide_H&E_0,,
955,histai_1529_slide_H&E_0,,
956,129741,,
957,histai_1618_slide_H&E_0,,
958,histai_0308_slide_H&E_0,,
959,histai_0683_slide_H&E_0,,
960,histai_1319_slide_H&E_0,,
961,histai_0012_slide_H&E_0,,
962,histai_0842_slide_H&E_0,,
963,histai_0103_slide_H&E_0,,
964,histai_1586_slide_H&E_0,,
965,124870,,
966,histai_0967_slide_H&E_0,,
967,histai_0200_slide_H&E_0,,
968,histai_1362_slide_H&E_0,,
969,histai_0629_slide_H&E_0,,
970,histai_0193_slide_H&E_0,,
971,histai_0743_slide_H&E_0,,
972,histai_1093_slide_H&E_0,,
973,histai_1420_slide_H&E_0,,
974,histai_0725_slide_H&E_0,,
975,histai_0338_slide_H&E_0,,
976,histai_0511_slide_H&E_0,,
977,histai_1397_slide_H&E_0,,
978,histai_0414_slide_H&E_0,,
979,histai_0214_slide_H&E_0,,
980,histai_0249_slide_H&E_0,,
981,111286,,
982,histai_1025_slide_H&E_0,,
983,histai_0210_slide_H&E_0,,
984,histai_0885_slide_H&E_0,,
985,histai_1656_slide_H&E_0,,
986,histai_0663_slide_H&E_0,,
987,histai_1235_slide_H&E_0,,
988,histai_1184_slide_H&E_0,,
989,histai_0174_slide_H&E_0,,
990,histai_0206_slide_H&E_0,,
991,histai_1157_slide_H&E_0,,
992,histai_1213_slide_H&E_0,,
993,histai_1225_slide_H&E_0,,
994,histai_0646_slide_H&E_0,,
995,histai_1335_slide_H&E_0,,
996,histai_1154_slide_H&E_0,,
997,histai_0660_slide_H&E_0,,
998,histai_0451_slide_H&E_0,,
999,histai_0312_slide_H&E_0,,
1000,histai_1687_slide_H&E_0,,
1001,histai_0241_slide_H&E_0,,
1002,histai_1103_slide_H&E_0,,
1003,138529,,
1004,histai_0497_slide_H&E_0,,
1005,histai_1588_slide_H&E_0,,
1006,histai_1512_slide_H&E_0,,
1007,histai_1205_slide_H&E_0,,
1008,histai_0748_slide_H&E_0,,
1009,histai_1298_slide_H&E_0,,
1010,histai_0156_slide_H&E_0,,
1011,histai_0374_slide_H&E_0,,
1012,histai_1233_slide_H&E_0,,
1013,histai_0775_slide_H&E_0,,
1014,histai_0381_slide_H&E_0,,
1015,histai_0833_slide_H&E_0,,
1016,histai_0224_slide_H&E_0,,
1017,histai_0519_slide_H&E_0,,
1018,histai_0368_slide_H&E_0,,
1019,histai_0105_slide_H&E_0,,
1020,histai_1597_slide_H&E_0,,
1021,histai_1566_slide_H&E_0,,
1022,histai_0634_slide_H&E_0,,
1023,histai_0611_slide_H&E_0,,
1024,histai_0898_slide_H&E_0,,
1025,histai_0349_slide_H&E_0,,
1026,histai_0327_slide_H&E_0,,
1027,histai_0626_slide_H&E_0,,
1028,histai_0457_slide_H&E_0,,
1029,histai_0476_slide_H&E_0,,
1030,histai_0941_slide_H&E_0,,
1031,histai_1217_slide_H&E_0,,
1032,histai_0244_slide_H&E_0,,
1033,histai_0632_slide_H&E_0,,
1034,histai_0396_slide_H&E_0,,
1035,histai_1010_slide_H&E_0,,
1036,histai_1152_slide_H&E_0,,
1037,histai_1282_slide_H&E_0,,
1038,histai_0234_slide_H&E_0,,
1039,histai_0956_slide_H&E_0,,
1040,histai_0668_slide_H&E_0,,
1041,histai_1640_slide_H&E_0,,
1042,histai_1353_slide_H&E_0,,
1043,histai_1049_slide_H&E_0,,
1044,histai_0710_slide_H&E_0,,
1045,histai_0351_slide_H&E_0,,
1046,120411,,
1047,histai_1369_slide_H&E_0,,
1048,histai_0436_slide_H&E_0,,
1049,histai_1355_slide_H&E_0,,
1050,histai_0361_slide_H&E_0,,
1051,histai_0537_slide_H&E_0,,
1052,histai_1181_slide_H&E_0,,
1053,histai_0893_slide_H&E_0,,
1054,133808-1,,
1055,histai_0997_slide_H&E_0,,
1056,histai_1370_slide_H&E_0,,
1057,histai_1384_slide_H&E_0,,
1058,histai_0823_slide_H&E_0,,
1059,histai_1671_slide_H&E_0,,
1060,histai_0006_slide_H&E_0,,
1061,histai_0408_slide_H&E_0,,
1062,histai_1073_slide_H&E_0,,
1063,histai_1000_slide_H&E_0,,
1064,histai_1271_slide_H&E_0,,
1065,107072-2,,
1066,histai_0551_slide_H&E_0,,
1067,histai_1300_slide_H&E_0,,
1068,histai_1099_slide_H&E_0,,
1069,histai_0568_slide_H&E_0,,
1070,histai_0951_slide_H&E_0,,
1071,histai_0301_slide_H&E_0,,
1072,histai_0170_slide_H&E_0,,
1073,histai_1653_slide_H&E_0,,
1074,histai_1324_slide_H&E_0,,
1075,histai_1513_slide_H&E_0,,
1076,histai_0391_slide_H&E_0,,
1077,histai_0735_slide_H&E_0,,
1078,histai_1065_slide_H&E_0,,
1079,histai_1098_slide_H&E_0,,
1080,histai_0431_slide_H&E_0,,
1081,histai_0718_slide_H&E_0,,
1082,117527,,
1083,histai_0240_slide_H&E_0,,
1084,histai_1567_slide_H&E_0,,
1085,histai_1557_slide_H&E_0,,
1086,histai_1403_slide_H&E_0,,
1087,histai_0811_slide_H&E_0,,
1088,histai_1325_slide_H&E_0,,
1089,histai_0814_slide_H&E_0,,
1090,histai_0623_slide_H&E_0,,
1091,histai_1016_slide_H&E_0,,
1092,histai_0428_slide_H&E_0,,
1093,histai_1092_slide_H&E_0,,
1094,histai_1680_slide_H&E_0,,
1095,histai_0335_slide_H&E_0,,
1096,histai_1281_slide_H&E_0,,
1097,115505,,
1098,histai_0268_slide_H&E_0,,
1099,histai_1550_slide_H&E_0,,
1100,histai_0682_slide_H&E_0,,
1101,histai_1021_slide_H&E_0,,
1102,histai_0741_slide_H&E_0,,
1103,histai_0528_slide_H&E_0,,
1104,histai_0691_slide_H&E_0,,
1105,histai_0506_slide_H&E_0,,
1106,histai_0279_slide_H&E_0,,
1107,110704-1,,
1108,histai_1565_slide_H&E_0,,
1109,histai_1313_slide_H&E_0,,
1110,histai_0787_slide_H&E_0,,
1111,histai_1600_slide_H&E_0,,
1112,histai_1091_slide_H&E_0,,
1113,histai_0924_slide_H&E_0,,
1114,142541-2,,
1115,histai_1040_slide_H&E_0,,
1116,histai_0250_slide_H&E_0,,
1117,histai_1458_slide_H&E_0,,
1118,histai_1143_slide_H&E_0,,
1119,histai_1256_slide_H&E_0,,
1120,histai_0266_slide_H&E_0,,
1121,histai_0855_slide_H&E_0,,
1122,histai_0195_slide_H&E_0,,
1123,histai_0887_slide_H&E_0,,
1124,histai_0600_slide_H&E_0,,
1125,histai_0800_slide_H&E_0,,
1126,histai_0689_slide_H&E_0,,
1127,histai_1310_slide_H&E_0,,
1128,histai_0971_slide_H&E_0,,
1129,133681,,
1130,histai_1034_slide_H&E_0,,
1131,histai_1613_slide_H&E_0,,
1132,histai_1386_slide_H&E_0,,
1133,histai_0401_slide_H&E_0,,
1134,histai_1120_slide_H&E_0,,
1135,125145,,
1136,histai_0931_slide_H&E_0,,
1137,histai_0803_slide_H&E_0,,
1138,histai_0595_slide_H&E_0,,
1139,histai_1431_slide_H&E_0,,
1140,histai_0895_slide_H&E_0,,
1141,histai_1198_slide_H&E_0,,
1142,histai_0891_slide_H&E_0,,
1143,histai_1179_slide_H&E_0,,
1144,144672,,
1145,histai_1174_slide_H&E_0,,
1146,histai_0204_slide_H&E_0,,
1147,histai_0433_slide_H&E_0,,
1148,histai_0587_slide_H&E_0,,
1149,histai_0323_slide_H&E_0,,
1150,histai_0185_slide_H&E_0,,
1151,histai_0773_slide_H&E_0,,
1152,histai_1357_slide_H&E_0,,
1153,histai_1449_slide_H&E_0,,
1154,histai_0554_slide_H&E_0,,
1155,histai_1062_slide_H&E_0,,
1156,histai_1421_slide_H&E_0,,
1157,histai_0972_slide_H&E_0,,
1158,histai_0496_slide_H&E_0,,
1159,histai_1517_slide_H&E_0,,
1160,histai_0770_slide_H&E_0,,
1161,histai_0570_slide_H&E_0,,
1162,histai_0810_slide_H&E_0,,
1163,histai_0002_slide_H&E_0,,
1164,histai_0394_slide_H&E_0,,
1165,histai_0083_slide_H&E_0,,
1166,histai_0114_slide_H&E_0,,
1167,histai_0881_slide_H&E_0,,
1168,149635,,
1169,histai_1004_slide_H&E_0,,
1170,histai_1472_slide_H&E_0,,
1171,histai_1491_slide_H&E_0,,
1172,histai_1681_slide_H&E_0,,
1173,histai_1666_slide_H&E_0,,
1174,histai_0863_slide_H&E_0,,
1175,histai_1176_slide_H&E_0,,
1176,134757,,
1177,histai_1277_slide_H&E_0,,
1178,histai_1219_slide_H&E_0,,
1179,histai_1192_slide_H&E_0,,
1180,histai_0637_slide_H&E_0,,
1181,histai_1046_slide_H&E_0,,
1182,histai_0358_slide_H&E_0,,
1183,histai_1307_slide_H&E_0,,
1184,161463,,
1185,histai_1095_slide_H&E_0,,
1186,histai_1107_slide_H&E_0,,
1187,histai_0176_slide_H&E_0,,
1188,histai_1150_slide_H&E_0,,
1189,histai_0678_slide_H&E_0,,
1190,histai_0536_slide_H&E_0,,
1191,histai_0255_slide_H&E_0,,
1192,histai_0754_slide_H&E_0,,
1193,histai_0884_slide_H&E_0,,
1194,AP656_OT2122_Br0266_HE,,
1195,histai_1013_slide_H&E_0,,
1196,histai_1002_slide_H&E_0,,
1197,histai_0284_slide_H&E_0,,
1198,histai_0326_slide_H&E_0,,
1199,histai_1009_slide_H&E_0,,
1200,histai_1276_slide_H&E_0,,
1201,histai_0118_slide_H&E_0,,
1202,histai_1106_slide_H&E_0,,
1203,145450,,
1204,histai_0701_slide_H&E_0,,
1205,histai_0398_slide_H&E_0,,
1206,histai_1677_slide_H&E_0,,
1207,histai_1642_slide_H&E_0,,
1208,histai_0697_slide_H&E_0,,
1209,histai_1603_slide_H&E_0,,
1210,histai_0454_slide_H&E_0,,
1211,histai_0772_slide_H&E_0,,
1212,103368,,
1213,histai_0465_slide_H&E_0,,
1214,histai_1507_slide_H&E_0,,
1215,histai_0565_slide_H&E_0,,
1216,histai_0729_slide_H&E_0,,
1217,histai_0766_slide_H&E_0,,
1218,histai_1123_slide_H&E_0,,
1219,histai_0153_slide_H&E_0,,
1220,histai_0662_slide_H&E_0,,
1221,histai_0786_slide_H&E_0,,
1222,histai_0306_slide_H&E_0,,
1223,147343,,
1224,histai_1252_slide_H&E_0,,
1225,histai_0459_slide_H&E_0,,
1226,histai_0744_slide_H&E_0,,
1227,histai_1212_slide_H&E_0,,
1228,histai_1661_slide_H&E_0,,
1229,histai_0638_slide_H&E_0,,
1230,histai_0434_slide_H&E_0,,
1231,142696,,
1232,histai_0620_slide_H&E_0,,
1233,histai_1202_slide_H&E_0,,
1234,histai_1173_slide_H&E_0,,
1235,histai_0707_slide_H&E_0,,
1236,histai_0297_slide_H&E_0,,
1237,histai_0136_slide_H&E_0,,
1238,histai_1268_slide_H&E_0,,
1239,histai_0488_slide_H&E_0,,
1240,histai_0859_slide_H&E_0,,
1241,142887-1,,
1242,histai_1456_slide_H&E_0,,
1243,histai_0159_slide_H&E_0,,
1244,histai_0561_slide_H&E_0,,
1245,histai_0339_slide_H&E_0,,
1246,histai_1038_slide_H&E_0,,
1247,histai_0866_slide_H&E_0,,
1248,histai_1350_slide_H&E_0,,
1249,histai_0100_slide_H&E_0,,
1250,histai_1490_slide_H&E_0,,
1251,110614,,
1252,histai_1543_slide_H&E_0,,
1253,histai_0688_slide_H&E_0,,
1254,histai_1592_slide_H&E_0,,
1255,histai_1560_slide_H&E_0,,
1256,histai_1659_slide_H&E_0,,
1257,histai_0676_slide_H&E_0,,
1258,histai_1351_slide_H&E_0,,
1259,histai_0480_slide_H&E_0,,
1260,histai_0670_slide_H&E_0,,
1261,histai_0841_slide_H&E_0,,
1262,histai_1135_slide_H&E_0,,
1263,133738_PK,,
1264,histai_1162_slide_H&E_0,,
1265,histai_0520_slide_H&E_0,,
1266,histai_1454_slide_H&E_0,,
1267,histai_0917_slide_H&E_0,,
1268,histai_1269_slide_H&E_0,,
1269,histai_1261_slide_H&E_0,,
1270,histai_1568_slide_H&E_0,,
1271,109914,,
1272,histai_1017_slide_H&E_0,,
1273,histai_0977_slide_H&E_0,,
1274,histai_1553_slide_H&E_0,,
1275,histai_0805_slide_H&E_0,,
1276,histai_1347_slide_H&E_0,,
1277,histai_0764_slide_H&E_0,,
1278,117516,,
1279,histai_1291_slide_H&E_0,,
1280,histai_0040_slide_H&E_0,,
1281,histai_1183_slide_H&E_0,,
1282,histai_0058_slide_H&E_0,,
1283,histai_1304_slide_H&E_0,,
1284,histai_0131_slide_H&E_0,,
1285,histai_0594_slide_H&E_0,,
1286,histai_1211_slide_H&E_0,,
1287,histai_0871_slide_H&E_0,,
1288,112810,,
1289,histai_0767_slide_H&E_0,,
1290,histai_1201_slide_H&E_0,,
1291,histai_1363_slide_H&E_0,,
1292,histai_1368_slide_H&E_0,,
1293,histai_0799_slide_H&E_0,,
1294,histai_0541_slide_H&E_0,,
1295,histai_1531_slide_H&E_0,,
1296,OT_1814_AP_494_49827_MxBr_58_BR0300,,
1297,AP_494_OT_1808_49827_MxBr_58_HE,,
1298,histai_0008_slide_H&E_0,,
1299,histai_0699_slide_H&E_0,,
1300,histai_0756_slide_H&E_0,,
1301,histai_0521_slide_H&E_0,,
1302,histai_0911_slide_H&E_0,,
1303,histai_1580_slide_H&E_0,,
1304,histai_1381_slide_H&E_0,,
1305,124374,,
1306,histai_0657_slide_H&E_0,,
1307,histai_1308_slide_H&E_0,,
1308,histai_1053_slide_H&E_0,,
1309,histai_0479_slide_H&E_0,,
1310,histai_0577_slide_H&E_0,,
1311,histai_1077_slide_H&E_0,,
1312,histai_0175_slide_H&E_0,,
1313,histai_1072_slide_H&E_0,,
1314,histai_0870_slide_H&E_0,,
1315,histai_1414_slide_H&E_0,,
1316,histai_1146_slide_H&E_0,,
1317,histai_0534_slide_H&E_0,,
1318,histai_0761_slide_H&E_0,,
1319,histai_1296_slide_H&E_0,,
1320,histai_1411_slide_H&E_0,,
1321,histai_1151_slide_H&E_0,,
1322,histai_0310_slide_H&E_0,,
1323,histai_0145_slide_H&E_0,,
1324,histai_1159_slide_H&E_0,,
1325,histai_1069_slide_H&E_0,,
1326,histai_0847_slide_H&E_0,,
1327,histai_0435_slide_H&E_0,,
1328,histai_1149_slide_H&E_0,,
1329,117956-2,,
1330,histai_1237_slide_H&E_0,,
1331,histai_0573_slide_H&E_0,,
1332,histai_0809_slide_H&E_0,,
1333,histai_0014_slide_H&E_0,,
1334,histai_0769_slide_H&E_0,,
1335,histai_1007_slide_H&E_0,,
1336,histai_0181_slide_H&E_0,,
1337,107748,,
1338,135492,,
1339,histai_0740_slide_H&E_0,,
1340,histai_1450_slide_H&E_0,,
1341,histai_1058_slide_H&E_0,,
1342,histai_1616_slide_H&E_0,,
1343,histai_0370_slide_H&E_0,,
1344,histai_0468_slide_H&E_0,,
1345,histai_0596_slide_H&E_0,,
1346,histai_1088_slide_H&E_0,,
1347,histai_0000_slide_H&E_0,,
1348,histai_0781_slide_H&E_0,,
1349,histai_1199_slide_H&E_0,,
1350,histai_1245_slide_H&E_0,,
1351,histai_1430_slide_H&E_0,,
1352,histai_0940_slide_H&E_0,,
1353,histai_1525_slide_H&E_0,,
1354,histai_1240_slide_H&E_0,,
1355,111284,,
1356,histai_0808_slide_H&E_0,,
1357,histai_1317_slide_H&E_0,,
1358,histai_1052_slide_H&E_0,,
1359,histai_1081_slide_H&E_0,,
1360,histai_0296_slide_H&E_0,,
1361,histai_0758_slide_H&E_0,,
1362,135299,,
1363,histai_1412_slide_H&E_0,,
1364,histai_1265_slide_H&E_0,,
1365,histai_1675_slide_H&E_0,,
1366,histai_0988_slide_H&E_0,,
1367,histai_1121_slide_H&E_0,,
1368,histai_1471_slide_H&E_0,,
1369,127318,,
1370,histai_0365_slide_H&E_0,,
1371,histai_0835_slide_H&E_0,,
1372,histai_1118_slide_H&E_0,,
1373,histai_0032_slide_H&E_0,,
1374,histai_0166_slide_H&E_0,,
1375,134888-2,,
1376,histai_0796_slide_H&E_0,,
1377,histai_1615_slide_H&E_0,,
1378,histai_0601_slide_H&E_0,,
1379,histai_0205_slide_H&E_0,,
1380,histai_0540_slide_H&E_0,,
1381,histai_0616_slide_H&E_0,,
1382,histai_0217_slide_H&E_0,,
1383,histai_0933_slide_H&E_0,,
1384,histai_1388_slide_H&E_0,,
1385,149977,,
1386,histai_0271_slide_H&E_0,,
1387,histai_0742_slide_H&E_0,,
1388,histai_0135_slide_H&E_0,,
1389,histai_0828_slide_H&E_0,,
1390,histai_0087_slide_H&E_0,,
1391,histai_0897_slide_H&E_0,,
1392,histai_1283_slide_H&E_0,,
1393,118203,,
1394,histai_0850_slide_H&E_0,,
1395,histai_1473_slide_H&E_0,,
1396,histai_0711_slide_H&E_0,,
1397,histai_0789_slide_H&E_0,,
1398,histai_1161_slide_H&E_0,,
1399,histai_0470_slide_H&E_0,,
1400,histai_0167_slide_H&E_0,,
1401,histai_1358_slide_H&E_0,,
1402,histai_0203_slide_H&E_0,,
1403,histai_0910_slide_H&E_0,,
1404,histai_0990_slide_H&E_0,,
1405,histai_0641_slide_H&E_0,,
1406,histai_0440_slide_H&E_0,,
1407,histai_0322_slide_H&E_0,,
1408,119377-2,,
1409,histai_0921_slide_H&E_0,,
1410,histai_0619_slide_H&E_0,,
1411,histai_0681_slide_H&E_0,,
1412,histai_0820_slide_H&E_0,,
1413,histai_0406_slide_H&E_0,,
1414,histai_0504_slide_H&E_0,,
1415,histai_1374_slide_H&E_0,,
1416,histai_0155_slide_H&E_0,,
1417,139301,,
1418,131194,,
1419,histai_1164_slide_H&E_0,,
1420,histai_0211_slide_H&E_0,,
1421,histai_0448_slide_H&E_0,,
1422,histai_0816_slide_H&E_0,,
1423,histai_1124_slide_H&E_0,,
1424,histai_1429_slide_H&E_0,,
1425,histai_0627_slide_H&E_0,,
1426,histai_0981_slide_H&E_0,,
1427,histai_1422_slide_H&E_0,,
1428,histai_1130_slide_H&E_0,,
1429,histai_0812_slide_H&E_0,,
1430,histai_0728_slide_H&E_0,,
1431,histai_0132_slide_H&E_0,,
1432,histai_0978_slide_H&E_0,,
1433,histai_1280_slide_H&E_0,,
1434,histai_0777_slide_H&E_0,,
1435,histai_0749_slide_H&E_0,,
1436,histai_0293_slide_H&E_0,,
1437,139394,,
1438,histai_0119_slide_H&E_0,,
1439,histai_0355_slide_H&E_0,,
1440,histai_0507_slide_H&E_0,,
1441,histai_0552_slide_H&E_0,,
1442,histai_1295_slide_H&E_0,,
1443,histai_0955_slide_H&E_0,,
1444,histai_0719_slide_H&E_0,,
1445,histai_0151_slide_H&E_0,,
1446,147414,,
1447,histai_0165_slide_H&E_0,,
1448,histai_0923_slide_H&E_0,,
1449,histai_0854_slide_H&E_0,,
1450,histai_1391_slide_H&E_0,,
1451,histai_0021_slide_H&E_0,,
1452,histai_1442_slide_H&E_0,,
1453,126881,,
1454,histai_0278_slide_H&E_0,,
1455,histai_0261_slide_H&E_0,,
1456,histai_1141_slide_H&E_0,,
1457,histai_0872_slide_H&E_0,,
1458,histai_0410_slide_H&E_0,,
1459,histai_1461_slide_H&E_0,,
1460,histai_1248_slide_H&E_0,,
1461,histai_0171_slide_H&E_0,,
1462,histai_1338_slide_H&E_0,,
1463,histai_0421_slide_H&E_0,,
1464,137877-2,,
1465,histai_0140_slide_H&E_0,,
1466,histai_0675_slide_H&E_0,,
1467,141758,,
1468,115523-2,,
1469,115888-2,,
1470,155525,,
1471,107359-2,,
1472,103214,,
1473,155553,,
1474,137092,,
1475,122909,,
1476,153228,,
1477,147774,,
1478,141825,,
1479,AP473_OT1760_1199_1_1-6_MxBr_02_HE,,
1480,141827,,
1481,121206,,
1482,144995,,
1483,156214,,
1484,110675,,
1485,106611-1,,
1486,109909,,
1487,133677-2,,
1488,141419,,
1489,148713,,
1490,130981-2,,
1491,115516,,
1492,121186-2,,
1493,110948,,
1494,AP_494_OT_1808_14-2443_MxBr_84_HE_Br0326,,
1495,AP_494_OT_1808_14-2443_MxBr_84_HE,,
1496,103370,,
1497,152293,,
1498,128696,,
1499,107047,,
1500,124806-1,,
1501,119325,,
1502,107072-1,,
1503,142446,,
1504,107359-1,,
1505,148150,,
1506,128405,,
1507,OT_1788_AP_487_13845_MxBr_26_HE,,
1508,133003,,
1509,110624,,
1510,144820,,
1511,B25-151249,,
1512,149771,,
1513,Copy_of_AP_494_OT_1808_14-2724_MxBr_90_HE,,
1514,116425-1,,
1515,125746,,
1516,150986-2,,
1517,128766,,
1518,129150,,
1519,149564,,
1520,129739,,
1521,124731,,
1522,116778,,
1523,107753-2,,
1524,128771,,
1525,124804-1,,
1526,117954,,
1527,130778,,
1528,136829-2,,
1529,118923,,
1530,140456,,
1531,124886,,
1532,120063-2,,
1533,140569,,
1534,133738-1,,
1535,AP_494_OT_1808_14-2538_MxBr_88_HE,,
1536,137630,,
1537,139398,,
1538,129743,,
1539,131791,,
1540,121723,,
1541,105405-1,,
1542,120417-2,,
1543,136775,,
1544,141756,,
1545,136809-2,,
1546,113142,,
1547,AP656_OT2122_Br0247_HE,,
1548,103751,,
1549,120409,,
1550,156561,,
1551,147784,,
1552,B25-161152_2,,
1553,B25-161152,,
1554,162836,,
1555,127715,,
1556,119377-1,,
1557,111456,,
1558,148771,,
1559,135295,,
1560,112825,,
1561,AP473_OT1760_14143_MxBr_31_HE,,
1562,117825,,
1563,B25-150234,,
1564,111938,,
1565,135353,,
1566,115523-1,,
1567,135132-1,,
1568,134845,,
1569,126896,,
1570,128194,,
1571,135924,,
1572,109985,,
1573,B25-162428,,
1574,126507,,
1575,137969,,
1576,115999,,
1577,159322,,
1578,153253-2,,
1579,120812,,
1580,AP_494_OT_1808_14-2715_MxBr_89_HE,,
1581,B25-160810,,
1582,110960,,
1583,135146,,
1584,120213,,
1585,120213_3,,
1586,120213_2,,
1587,B25-150410,,
1588,120417-1,,
1589,B25-159565,,
1590,128605,,
1591,152303,,
1592,112787,,
1593,127633,,
1594,133013,,
1595,128774-1,,
1596,148365,,
1597,120103-2,,
1598,150986-3,,
1599,112185,,
1600,106146,,
1601,106217,,
1602,117610,,
1603,139772,,
1604,142536,,
1605,135132-2,,
1606,143868,,
1607,AP_494_OT_1808_50417_MxBr_60__HE,,
1608,OT_1814_AP_494_50417_MxBr_60,,
1609,143872,,
1610,157135,,
1611,108233,,
1612,104516,,
1613,138131,,
1614,AP_494_OT_1814_46875_MxBr_55_HE,,
1615,OT1808_AP_494_46875_MxBr_55,,
1616,111568,,
1617,141760,,
1618,116344,,
1619,109197,,
1620,102737-2,,
1621,OT_1788_AP_487_13132_MxBr_15_HE,,
1622,136893,,
1623,145445,,
1624,137536,,
1625,128763,,
1626,AP_494_OT_1808_14-2524_MxBr_87_HE,,
1627,155793-1,,
1628,116350,,
1629,157376,,
1630,120407,,
1631,133738-2,,
1632,139390,,
1633,142541-1,,
1634,107344,,
1635,AP473_OT1760_12330_MxBr_07_HE,,
1636,129749,,
1637,120103-1,,
1638,116350-1,,
1639,115716,,
1640,117413,,
1641,104609,,
1642,132844,,
1643,110609,,
1644,TCGA-A8-A08A-01Z-00-DX1.3BB777A0-8652-4483-8DD6-8EB88AB0A8EF,,
1645,TCGA-D8-A1JU-01Z-00-DX1.355D93B4-E69E-417C-B3D1-3E1AAF1E02FE,,
1646,TCGA-E9-A245-01Z-00-DX1.648850D5-EB80-4FBE-8507-32313FAD1060,,
1647,121186-1,,
1648,TCGA-E2-A106-01Z-00-DX1.A8D49C06-3C93-48A6-87F8-86D646BEA28C,,
1649,TCGA-AR-A24L-01Z-00-DX1.218A0AE1-D070-4A16-A277-31185F10724D,,
1650,TCGA-D8-A143-01Z-00-DX1.4697FB2F-91D5-4506-AF23-7DE304D44A3F,,
1651,TCGA-E2-A15L-01Z-00-DX1.626032DC-D396-48E7-B888-DFEBCF7102FF,,
1652,TCGA-D8-A1JT-01Z-00-DX1.F278C419-E405-4BDA-BA50-BFBA08801168,,
1653,131844,,
1654,TCGA-A8-A07O-01Z-00-DX1.3D657129-F2A7-4BC1-A910-805FBDCE2212,,
1655,TCGA-A8-A08X-01Z-00-DX1.01FB49CC-6B8E-4317-8C42-6B6D81187A40,,
1656,TCGA-A8-A08Z-01Z-00-DX1.D0AADCA6-C27C-4FB8-89C1-94B5901146E7,,
1657,TCGA-AC-A4ZE-01Z-00-DX1.A9BB4DBC-4314-4A77-AA1C-0882DBC370F1,,
1658,TCGA-E2-A159-01Z-00-DX1.C8DC3356-CAE9-4E7A-AEFF-ABB4BE38192B,,
1659,TCGA-E9-A1R0-01Z-00-DX1.187C58EA-132E-4B3C-BAD0-7F59101D5C4D,,
1660,TCGA-D8-A142-01Z-00-DX1.F6D58989-9120-40C9-918D-6B1650C1A8E8,,
1661,TCGA-B6-A0RM-01Z-00-DX1.31DE3E32-7996-4D30-BB5F-72C94409C940,,
1662,133223,,
1663,TCGA-E9-A1R2-01Z-00-DX1.5529C856-4F4F-4F17-94A2-5CEF94A940EB,,
1664,TCGA-E9-A24A-01Z-00-DX1.F0342837-5750-4172-B60D-5F902E2A02FD,,
1665,TCGA-GM-A2DI-01Z-00-DX1.5E9715EA-9D2B-49D0-8F1D-972CF24B1960,,
1666,TCGA-AN-A0AK-01Z-00-DX1.4B410152-8588-4000-870A-B31B21161015,,
1667,TCGA-BH-A18S-01Z-00-DX1.B36FC684-0010-4ABB-9E25-303C8DF1C4E2,,
1668,120063,,
1669,TCGA-A7-A13H-01Z-00-DX2.6C937651-4D3E-475D-99F6-4A9FD25CD48B,,
1670,TCGA-A2-A04Q-01Z-00-DX1.DF7ED6B6-7701-486D-9007-F26B6F0682C4,,
1671,TCGA-E9-A1R6-01Z-00-DX1.59770592-498A-47EA-AE32-42AC1D8E99BE,,
1672,TCGA-AN-A0FZ-01Z-00-DX1.9555AF11-3A0D-4FE3-AE91-09DA77B175CA,,
1673,TCGA-GM-A3NW-01Z-00-DX1.3B0324F0-4007-4390-AF26-3789A50684E5,,
1674,TCGA-A2-A04R-01Z-00-DX1.BE3661A3-A2A0-4248-B7D5-D8986E529B6C,,
1675,TCGA-A8-A06Q-01Z-00-DX1.622AC6E4-DB1A-4C8D-8185-52D4FD1F30B4,,
1676,TCGA-BH-A0DV-01Z-00-DX1.2F0B5FB3-40F0-4D27-BFAC-390FB9A42B39,,
1677,TCGA-A2-A0YD-01Z-00-DX1.B81FF541-F154-4C49-950B-B6CB723369E2,,
1678,TCGA-AO-A03U-01Z-00-DX1.AE2B55F3-8BA1-4546-82B7-4D2292BE1C78,,
1679,TCGA-D8-A73U-01Z-00-DX1.6ECEF7C0-00CC-4AC2-87BD-DBFB6E0DC042,,
1680,TCGA-S3-AA15-01Z-00-DX2.915A4F90-25CB-4535-99C7-D0D0CFC90412,,
1681,TCGA-A7-A3IZ-01Z-00-DX1.7437130B-DF49-40C8-ABCD-FF9364B9B1B0,,
1682,TCGA-A2-A0YG-01Z-00-DX1.89A39319-F880-47DE-B311-DA1F6A64B6F3,,
1683,TCGA-A2-A4RW-01Z-00-DX1.4AF8656E-2478-4895-8C59-B0C969F3E474,,
1684,140454,,
1685,TCGA-D8-A3Z6-01Z-00-DX3.66566DB7-661D-4002-90C1-B15BF3425903,,
1686,TCGA-B6-A0IK-01Z-00-DX1.1640DB44-4AC0-4A34-9E21-4673C4289A99,,
1687,TCGA-B6-A0IA-01Z-00-DX1.8A868F0A-6CE2-46A7-AF0C-C5FC5D657D86,,
1688,TCGA-LL-A440-01Z-00-DX1.6E031FD6-236C-49FA-B920-4CB120C59037,,
1689,TCGA-LL-A441-01Z-00-DX1.33B13078-BB14-4C42-88A6-7460AD2BCD00,,
1690,TCGA-OL-A66K-01Z-00-DX1.C1DC85F1-4FAE-4411-9886-11DCB5E70CC3,,
1691,TCGA-LL-A73Z-01Z-00-DX1.C010142E-29C0-411D-9E0E-4B7D8A4C09BF,,
1692,141560,,
1693,TCGA-BH-A0DG-01Z-00-DX1.D3C4F57F-608F-46AA-A978-B558117C9DFB,,
1694,TCGA-A2-A0SY-01Z-00-DX1.279A5479-E183-4F79-AF40-50BF1834BA4A,,
1695,TCGA-A8-A06R-01Z-00-DX1.41476D0D-BA72-4FB8-B143-9EB679F26D28,,
1696,TCGA-AC-A62X-01Z-00-DX1.36FDC9AA-4EBE-40E6-92C2-8471049171A4,,
1697,TCGA-EW-A1OV-01Z-00-DX1.93698123-5B34-4163-848B-2D75A5F7B001,,
1698,TCGA-E2-A10C-01Z-00-DX1.29A2B20B-29C6-4491-ADAB-0584C772EF25,,
1699,TCGA-AO-A1KS-01Z-00-DX1.349F9BCA-C9F0-43B4-BA6A-D20039E1C720,,
1700,TCGA-AR-A1AS-01Z-00-DX1.72979519-0A90-42AD-9F23-1991F75C8CE7,,
1701,TCGA-BH-A1FR-01Z-00-DX1.03E51FCD-DDF2-4924-827D-85A02280C9C7,,
1702,TCGA-AN-A0FD-01Z-00-DX1.8970DBBA-7D43-4C2E-B14A-6D21F1EF3425,,
1703,TCGA-AR-A0TZ-01Z-00-DX1.2D58BE38-03F6-4310-8E06-F1A523FB0904,,
1704,TCGA-AR-A0U3-01Z-00-DX1.9BB87F9D-459F-4A18-B591-29822EA5AE18,,
1705,TCGA-BH-A0E6-01Z-00-DX1.44DFEFB4-FA05-4246-8D6B-55BA8C3275DB,,
1706,TCGA-AC-A6IV-01Z-00-DX1.DA4F4B9F-9070-4B3A-996F-311E0A989FFB,,
1707,TCGA-AR-A24P-01Z-00-DX1.08BE8830-C55E-4E2B-9378-371A670C75FD,,
1708,TCGA-LL-A6FR-01Z-00-DX1.107010FD-8EDD-406D-B4DE-DEC9E85576FF,,
1709,TCGA-E2-A14X-01Z-00-DX1.24ADDA43-F127-4A6B-9AAD-2FAD982A853D,,
1710,TCGA-A8-A07P-01Z-00-DX1.2C7C75EF-EEE2-4A42-994C-A1A40850C87A,,
1711,TCGA-EW-A1PG-01Z-00-DX1.A31B2048-D04D-467C-A9E4-6A63942A58C6,,
1712,TCGA-A2-A0CR-01Z-00-DX1.F7D36CA5-A4C6-443A-AEED-5B23CD924FA3,,
1713,AP_494_OT_1808_15-0559_MxBr_107_HE,,
1714,110950,,
1715,TCGA-BH-A1F0-01Z-00-DX1.E1557A67-230A-4337-AEC8-158258A917FF,,
1716,TCGA-D8-A1XV-01Z-00-DX2.D1988E01-5FDC-4F50-8183-F0CCE74D0CB2,,
1717,TCGA-A8-A09D-01Z-00-DX1.66312A8A-88BA-4B58-96DF-1A7AC39F9E4A,,
1718,TCGA-D8-A73X-01Z-00-DX1.5F0DF75C-594C-42DF-BE3F-E00E5E01DCD6,,
1719,TCGA-AN-A0FK-01Z-00-DX1.8966A1D5-CE3A-4B08-A1F6-E613BEB1ABD1,,
1720,AP_494_OT_1808_14-2998_MxBr_95_HE,,
1721,TCGA-A8-A09R-01Z-00-DX1.392580F3-0CE5-4EDB-91CF-814AAD0DB649,,
1722,TCGA-AC-A2BM-01Z-00-DX1.162A9FA9-6E61-48BF-B0A5-C6C7640ABD9B,,
1723,TCGA-AN-A0FX-01Z-00-DX1.C9656600-F823-4044-972B-7059B39FC539,,
1724,TCGA-E2-A573-01Z-00-DX1.D6633BC2-524D-4153-952F-6B1D8D067370,,
1725,TCGA-AR-A24Z-01Z-00-DX1.C88AFF18-A8E4-426A-BEA3-70566DE39C46,,
1726,TCGA-BH-A0BO-01Z-00-DX1.1A704471-FEB3-40F9-9838-3E347A18285F,,
1727,TCGA-AC-A2QJ-01Z-00-DX1.48C303BB-5A23-4037-BD28-77629A8CD9DA,,
1728,TCGA-A2-A1FZ-01Z-00-DX1.0BAAEF41-DCA4-4677-9A27-09E990033FA6,,
1729,TCGA-E9-A3HO-01Z-00-DX1.8C897764-4CD4-40DE-9F8B-7F1BE5FF89C7,,
1730,TCGA-W8-A86G-01Z-00-DX2.DEC2CC1C-3662-43C6-A5CB-EC94B343FA3D,,
1731,TCGA-AN-A0FY-01Z-00-DX1.25F5E2A1-F92C-4FE1-BD90-0CDDE50DC066,,
1732,TCGA-AR-A1AP-01Z-00-DX1.F163EED5-0385-41AA-BA35-54E4910CD99E,,
1733,TCGA-D8-A140-01Z-00-DX2.0C0A62BB-1FB8-47D8-8FAF-112D221F18BE,,
1734,116350-2,,
1735,TCGA-A8-A07F-01Z-00-DX1.E6FE5B3A-A412-4E7B-A710-7DFD3596F4E3,,
1736,TCGA-EW-A1PE-01Z-00-DX1.8EF56824-0B37-4AD1-AF3E-7988FCBEF773,,
1737,TCGA-AR-A0TW-01Z-00-DX1.0C1EAE07-6BA6-4908-89E1-0133F3640174,,
1738,TCGA-OL-A5RU-01Z-00-DX1.A48CAF2D-9310-4611-B27D-400F3A324607,,
1739,TCGA-B6-A0RT-01Z-00-DX1.6C2BA663-D61B-404B-B62C-B81747B6A3AC,,
1740,TCGA-E9-A5UP-01Z-00-DX1.135466CC-601C-48B2-935D-42F8D7C4CDF7,,
1741,TCGA-AN-A0G0-01Z-00-DX1.BE0BB5DF-DEDA-48D8-B5D8-2735C767F28F,,
1742,TCGA-S3-AA0Z-01Z-00-DX1.4D96156A-4067-41F2-90B8-41EF7ED794CF,,
1743,147339,,
1744,TCGA-AC-A23H-01Z-00-DX1.8E0AE339-1047-4CA5-BFC5-37A3B10FD8B5,,
1745,TCGA-A2-A0CL-01Z-00-DX1.5342E971-DCD2-42C4-B4FF-E6942A95829E,,
1746,TCGA-EW-A423-01Z-00-DX2.5EF1CF39-600A-4ED3-A5A2-AF4435A5F8B5,,
1747,TCGA-B6-A1KI-01Z-00-DX1.EFAA08A8-02EC-4A9B-AC6B-79BF2DC5A2AA,,
1748,102376,,
1749,TCGA-AO-A1KP-01Z-00-DX1.612442AB-24E2-489B-9838-7CEE82BCD605,,
1750,TCGA-B6-A0IC-01Z-00-DX1.60ED7BBF-A448-4E4E-80F9-91527A697588,,
1751,TCGA-E2-A150-01Z-00-DX1.55643D23-83E6-4058-8EA5-18AAA8547839,,
1752,TCGA-E9-A1RG-01Z-00-DX1.044C235A-75AE-4C7D-AC7F-56C8E64354AA,,
1753,TCGA-B6-A0WY-01Z-00-DX1.FA103E02-3BDC-47DC-BA6E-59FCC58866D1,,
1754,TCGA-D8-A145-01Z-00-DX1.34D4EC27-7FD7-4BE2-95A4-CA521CB5590E,,
1755,TCGA-LD-A74U-01Z-00-DX1.F3C1EBBB-4AED-49A9-A8D2-B6145E162BE4,,
1756,TCGA-E2-A15P-01Z-00-DX1.4C7F95DC-B319-4A78-8F34-8CB9166EA6A8,,
1757,TCGA-EW-A6SD-01Z-00-DX1.32D8240E-2076-492B-BB95-300A9FCA96E7,,
1758,TCGA-A8-A07R-01Z-00-DX1.D716752E-86AF-468B-A905-A7894B978F22,,
1759,116352,,
1760,TCGA-D8-A13Y-01Z-00-DX1.02321E77-A11E-41A5-95FE-BB897EA5CE58,,
1761,TCGA-A8-A09A-01Z-00-DX1.78773A6C-BA8A-46BE-AC2A-9C6FDAB45622,,
1762,TCGA-BH-A2L8-01Z-00-DX1.ACA51CA9-3C38-48A6-B4A9-C12FFAB9AB56,,
1763,TCGA-EW-A1PB-01Z-00-DX1.B2E9B88F-C371-4821-9B7B-8A63BB120D95,,
1764,111940-1,,
1765,TCGA-D8-A27E-01Z-00-DX1.7950998F-7E23-4C70-A926-1ADAA5A20BED,,
1766,TCGA-BH-A1FJ-01Z-00-DX1.BCED4CEF-2B33-45BA-ABC7-29BEE818F4A3,,
1767,TCGA-A8-A09C-01Z-00-DX1.19E0C0E9-0ED6-4E3A-95FE-A5778F5DDBCD,,
1768,TCGA-A2-A4S3-01Z-00-DX1.50699E65-E536-4C9B-93A7-4C9894624A29,,
1769,TCGA-A2-A0ET-01Z-00-DX1.41E86BB9-EA52-4615-94E7-0F09DDB094F4,,
1770,148716,,
1771,TCGA-E9-A229-01Z-00-DX1.5B448B88-DA0C-44FF-87B3-20649A4A26FE,,
1772,TCGA-A7-A0CG-01Z-00-DX2.81138E90-373A-4C12-B9CA-6EEF5F84A5B5,,
1773,TCGA-3C-AALJ-01Z-00-DX1.777C0957-255A-42F0-9EEB-A3606BCF0C96,,
1774,TCGA-BH-A1FC-01Z-00-DX1.B816A21B-1559-42F5-902A-A1532E59C015,,
1775,TCGA-AN-A0FF-01Z-00-DX1.A23982C3-E0EB-4DB2-84EE-26E0005E3F66,,
1776,TCGA-E9-A6HE-01Z-00-DX1.97514DBA-9BC0-4554-9A43-99C48C6B953A,,
1777,142887-2,,
1778,121745,,
1779,TCGA-E9-A54Y-01Z-00-DX1.5FD70369-6514-4E5E-8BEF-65DAC5671E1A,,
1780,TCGA-A8-A097-01Z-00-DX1.4D06990E-E759-40F0-9106-59408CF350E5,,
1781,TCGA-A8-A08L-01Z-00-DX1.0FC652B1-336D-4198-93FE-58D2214866D3,,
1782,TCGA-A2-A25A-01Z-00-DX1.6D311E39-9F96-4775-B9DA-8D034D1AD1DC,,
1783,TCGA-E9-A5FK-01Z-00-DX1.3F002C99-B4CA-4068-A816-EAC370A2E8C4,,
1784,TCGA-D8-A13Z-01Z-00-DX1.517140BB-D34C-42F8-952C-340EF16D382F,,
1785,TCGA-A8-A08C-01Z-00-DX1.0602211C-1098-4711-AA41-8F56B11DB36F,,
1786,TCGA-D8-A27T-01Z-00-DX2.7CCFE3AA-955B-4D77-9EDB-7B36D5A01168,,
1787,TCGA-E9-A3QA-01Z-00-DX1.9D664AF3-9ABD-4EED-B826-4C4FBFC33F3E,,
1788,TCGA-A7-A4SA-01Z-00-DX1.B48FFD3E-9B45-4CEA-ACEE-5B08058CCF5F,,
1789,TCGA-D8-A1J8-01Z-00-DX2.5DCB3447-548D-442C-86B1-CEF79B8689DF,,
1790,TCGA-LL-A9Q3-01Z-00-DX1.94FA76F5-008A-401B-BFDC-817804BAE5F6,,
1791,128423,,
1792,TCGA-D8-A3Z5-01Z-00-DX1.4DBF937F-623C-4212-8493-ECE3C8F555E3,,
1793,TCGA-D8-A1JD-01Z-00-DX2.C6A7667E-25C9-48BD-A4E7-F4BB740FE589,,
1794,TCGA-AR-A24T-01Z-00-DX1.3B325D54-38EC-4E16-BDE1-628894CC15AA,,
1795,TCGA-BH-A0B0-01Z-00-DX1.316D35DB-7F13-4AE5-82A7-5716D2519669,,
1796,TCGA-AC-A3OD-01Z-00-DX1.E19B311B-BAB1-4CE8-9421-B49D5BE4537E,,
1797,TCGA-AO-A03T-01Z-00-DX1.8B75E203-6DC8-4AC9-A256-6FCB818DA0DD,,
1798,TCGA-A7-A13F-01Z-00-DX2.8CC23BAD-B3CC-4BBC-832A-A3879D6EF62D,,
1799,149618-1,,
1800,TCGA-B6-A0IQ-01Z-00-DX1.662EA039-825E-41FF-91D6-021EB0E099BD,,
1801,TCGA-A8-A06X-01Z-00-DX1.21F19EDD-ABCB-4398-B210-D795BB7A34E3,,
1802,TCGA-E2-A1BC-01Z-00-DX1.FD19F2F8-497F-4D7D-97C6-271DC6B75173,,
1803,TCGA-D8-A1XV-01Z-00-DX1.D0D78B02-2A0D-4107-8083-D2FE1D3F1207,,
1804,TCGA-A7-A13F-01Z-00-DX1.AB4ADDD3-8E1C-4AB9-813E-D137A2CFB950,,
1805,TCGA-B6-A0X1-01Z-00-DX1.2A41630E-A8BF-4966-99F5-D5D8036B1759,,
1806,B25-150336,,
1807,TCGA-E9-A5UO-01Z-00-DX1.96BFEB0C-86DB-4D3B-9364-C708937219B2,,
1808,TCGA-E2-A14U-01Z-00-DX1.F788A244-6C96-4CDC-AD9A-157DE951A723,,
1809,TCGA-BH-A0GZ-01Z-00-DX1.9AD4F493-A0A9-499D-B667-B33333FC1A51,,
1810,TCGA-AO-A0JE-01Z-00-DX1.82D33053-E305-47D8-9B02-B55511EBB06D,,
1811,TCGA-B6-A0RG-01Z-00-DX1.C83D21A0-EC61-459C-9776-EA3D91469E72,,
1812,148709,,
1813,TCGA-LL-A7T0-01Z-00-DX1.B03BBA63-ACF4-4BCA-9F2B-F631F0C6A25C,,
1814,TCGA-D8-A1Y3-01Z-00-DX2.B9BD14AF-52A6-4241-B3B3-03F8F5DFC8DA,,
1815,TCGA-BH-A0C1-01Z-00-DX1.21FE357E-B182-4397-BFEF-7E96E994236A,,
1816,TCGA-A8-A084-01Z-00-DX1.2B52D1B8-5AD4-4BD6-ADF7-9D65B8EE2621,,
1817,TCGA-A2-A0YF-01Z-00-DX1.6166E995-0669-43D6-B9C7-FE39BCE529CF,,
1818,TCGA-BH-A18T-01Z-00-DX1.90123A74-F631-4538-AB2E-4076486ADF88,,
1819,107415,,
1820,TCGA-AO-A0J4-01Z-00-DX1.2EFC978E-8DF5-4254-9598-C0910B17C5C8,,
1821,TCGA-A8-A07W-01Z-00-DX1.5970CF33-D675-4AF4-800F-7182AA1A44A6,,
1822,TCGA-EW-A1P3-01Z-00-DX1.EF69B964-57D6-4F8E-A183-A3022AF6E835,,
1823,TCGA-EW-A2FW-01Z-00-DX1.4F948681-81F3-46C5-A4E8-FDE8A4116F7A,,
1824,TCGA-D8-A1XZ-01Z-00-DX2.73D59546-C003-4DED-80D5-866E7055EC79,,
1825,TCGA-E9-A1N4-01Z-00-DX1.71c8d4a5-ec99-4012-9fe2-ddb3349ad5bc,,
1826,TCGA-E9-A2JS-01Z-00-DX1.445BA2F8-3A4A-49D2-8D41-4ACFD32F2074,,
1827,128291_(2),,
1828,128291,,
1829,TCGA-AO-A03M-01Z-00-DX1.9998A9A0-D0A6-48FC-80FB-AE597CB9E8AA,,
1830,TCGA-A2-A3XT-01Z-00-DX1.336D6C78-576A-481B-8C83-F3A0FC4B182C,,
1831,TCGA-A8-A0A7-01Z-00-DX1.A0FD4EEF-B536-47C1-BDA1-7AC71BA3E978,,
1832,TCGA-BH-A0HF-01Z-00-DX1.1EB2F7CE-54F4-4E41-A3CF-78209770B7CE,,
1833,TCGA-BH-A0B5-01Z-00-DX1.742DB0E8-8EB1-47C8-B698-8E2438FB6299,,
1834,TCGA-E9-A1N9-01Z-00-DX1.982C83A6-0E06-47B3-A7C7-1773A2CD1771,,
1835,TCGA-AO-A03L-01Z-00-DX1.DE6561A9-E6B8-4BF0-AAA8-F91C87A66037,,
1836,TCGA-E9-A1NH-01Z-00-DX1.20FF11B7-DAF0-41C2-B7C5-449BA5268EC0,,
1837,120465,,
1838,TCGA-E2-A15T-01Z-00-DX1.23913E37-53A8-4E11-9B64-CDD016F6D87A,,
1839,TCGA-A7-A26J-01Z-00-DX1.86A92FBD-F346-4206-A1BE-0CBA1596135F,,
1840,TCGA-E2-A1LK-01Z-00-DX1.5EBAA1F4-F1B4-4938-A51F-0246621BB0ED,,
1841,TCGA-D8-A3Z6-01Z-00-DX1.4076A770-5901-4325-85C3-AF7B192272F5,,
1842,TCGA-PE-A5DC-01Z-00-DX1.8E6953AD-C14A-43F5-B062-E31AB13C7BDF,,
1843,TCGA-GI-A2C8-01Z-00-DX1.09BD8AC9-645A-4C8B-9B36-77D833BDBA09,,
1844,TCGA-A2-A3XS-01Z-00-DX1.867925C0-91D8-40A0-9FEA-25A635AC31E7,,
1845,116852,,
1846,TCGA-B6-A0I1-01Z-00-DX1.86BEC5E4-A2D1-4039-8D08-0598FA8BCC2B,,
1847,TCGA-AR-A250-01Z-00-DX1.572A2F73-6BF5-4932-BFEF-4B8904755ACF,,
1848,TCGA-A7-A56D-01Z-00-DX1.87D9CCF4-04EE-46D2-B7FC-A83561D7752C,,
1849,TCGA-PL-A8LZ-01A-02-DX2.E2697718-12E1-4D7C-9ED8-0A71C6D855B8,,
1850,122906,,
1851,129500,,
1852,TCGA-E9-A22A-01Z-00-DX1.d986c9eb-2c54-4663-a54b-04c0756db6db,,
1853,TCGA-A7-A26I-01Z-00-DX1.0077D012-BC14-4E96-84F7-A1A6A3A778DF,,
1854,TCGA-A2-A0EO-01Z-00-DX1.D7A09E23-2CAB-4B3B-814C-BF0BA75B7589,,
1855,TCGA-D8-A73W-01Z-00-DX1.2A4B8A37-BE62-42C8-A109-800A7970FF0F,,
1856,TCGA-AQ-A04J-01Z-00-DX1.6A4E16D4-2696-4E5F-BCA8-708556FC3A8C,,
1857,TCGA-A2-A3XX-01Z-00-DX1.03C6D70F-2833-4E97-91B7-DE70CD083D92,,
1858,TCGA-AR-A1AW-01Z-00-DX1.E527CA46-D83F-4055-8C7E-AEFEF13C1E29,,
1859,TCGA-D8-A1XS-01Z-00-DX2.ED8BBDB4-CEA6-4E47-8214-4666F3CC6E44,,
1860,TCGA-AR-A1AM-01Z-00-DX1.B3F006D9-9386-41E5-B0B1-B0832EE104A0,,
1861,TCGA-AC-A2QI-01Z-00-DX1.977549F4-D866-4465-85FB-5C916282A488,,
1862,TCGA-E2-A1B1-01Z-00-DX1.7C8DF153-B09B-44C7-87B8-14591E319354,,
1863,TCGA-D8-A27M-01Z-00-DX1.3020D223-2400-4A2D-8BFE-08A5B78FE13B,,
1864,TCGA-E2-A1IG-01Z-00-DX1.C894EEA1-708A-4043-8C60-3BCA98AA751E,,
1865,TCGA-AR-A24U-01Z-00-DX1.220FD0D0-0DB6-4E3C-92A0-66CD6509F0AD,,
1866,TCGA-LL-A6FQ-01Z-00-DX1.D4FEEC16-FC67-4C4A-A4B1-F8BA34ECBCBD,,
1867,TCGA-AN-A0XS-01Z-00-DX1.B4D4B73E-2912-4B2E-B18A-FBC35F8160D3,,
1868,TCGA-BH-A0BL-01Z-00-DX1.D5A413B0-2141-4A6F-A671-6C5EA8641D25,,
1869,TCGA-AR-A24V-01Z-00-DX1.E749C2FE-E26B-4306-80B4-8269EEB23270,,
1870,TCGA-E9-A1R3-01Z-00-DX1.779642c7-b3b0-4ff2-af97-201d4bcfc197,,
1871,TCGA-PL-A8LY-01A-01-DX1.32047D5E-8A42-480A-B2B8-A56B47B949FD,,
1872,TCGA-D8-A1XR-01Z-00-DX1.7F443346-C564-47B6-9736-6944230CAF46,,
1873,133221,,
1874,TCGA-A8-A06P-01Z-00-DX1.37660D0F-1595-43C5-9D30-58D6CB93B52C,,
1875,TCGA-BH-A0B3-01Z-00-DX1.90CB0ED5-FBB7-4ABF-93A0-DD88D60D3D55,,
1876,TCGA-BH-A18R-01Z-00-DX1.07E6FA7F-5072-4327-9982-A40F010B7532,,
1877,TCGA-BH-A1EX-01Z-00-DX1.16B6A817-6729-446E-9FCF-A4A333C5295D,,
1878,TCGA-A2-A3KD-01Z-00-DX1.E400D529-A0D1-4C78-AD5C-33EB0508B128,,
1879,TCGA-E9-A22D-01Z-00-DX1.b2867437-0add-4b7d-8002-fb09ed961942,,
1880,TCGA-A2-A1G4-01Z-00-DX1.0274DF5B-5920-419A-B778-2F04D9C602F2,,
1881,TCGA-E2-A15M-01Z-00-DX1.6E4671E5-18EA-4464-BE7C-C94767136E5C,,
1882,TCGA-D8-A1JD-01Z-00-DX1.6D215B14-DD90-4635-8645-AF06EBD9BA3F,,
1883,TCGA-E9-A54X-01Z-00-DX1.9BF3DE15-FA5A-459D-9B2E-8EB92F34228D,,
1884,TCGA-E9-A1RC-01Z-00-DX1.8e1008da-b17b-4096-a070-f536fe8ce52d,,
1885,TCGA-S3-AA11-01Z-00-DX1.36B83B37-2928-4DB7-A04A-8D511F1183FD,,
1886,TCGA-A7-A0CH-01Z-00-DX2.81DDF423-FCA8-46CA-83A4-2E80B611844D,,
1887,TCGA-AR-A2LJ-01Z-00-DX1.9D6257FA-2767-4640-9252-9BE18BD9D158,,
1888,TCGA-A8-A09X-01Z-00-DX1.17B5BE28-944F-427B-8F90-44885C3EDD36,,
1889,TCGA-AC-A3TM-01Z-00-DX1.4421EE37-A2CC-4638-AC44-9C26CB09FDC1,,
1890,TCGA-E2-A1L9-01Z-00-DX1.F2CC1036-8EEE-4664-962E-541B8ACB10DE,,
1891,TCGA-AR-A1AI-01Z-00-DX1.5EF2A589-4284-45CF-BF0C-169E3A85530C,,
1892,TCGA-AN-A0AM-01Z-00-DX1.169CE39A-DD54-46D8-8D03-60B69A473CDB,,
1893,TCGA-AO-A12D-01Z-00-DX1.BA006BAD-5C6E-4099-BC99-3888E69F506E,,
1894,110308,,
1895,TCGA-A1-A0SP-01Z-00-DX1.20D689C6-EFA5-4694-BE76-24475A89ACC0,,
1896,TCGA-AR-A0TR-01Z-00-DX1.BBCE653F-7DD0-4830-BAD3-C06207A93853,,
1897,TCGA-Z7-A8R5-01Z-00-DX1.3BDB407F-514C-4131-B058-FA1E69154276,,
1898,TCGA-A8-A08T-01Z-00-DX1.ABA1ABF2-DDB1-4E31-89DC-0F7821311D11,,
1899,TCGA-D8-A27I-01Z-00-DX1.ACAE0048-7AF0-41C9-992B-6ACDABF80B1C,,
1900,127960,,
1901,TCGA-D8-A1JJ-01Z-00-DX2.7D20F308-7DC6-4367-9459-3AC4C654E7F7,,
1902,TCGA-AR-A2LN-01Z-00-DX1.3EF43524-28B8-4326-9356-6BCBC63A1DA8,,
1903,TCGA-AR-A1AQ-01Z-00-DX1.09D5D7FC-0FA8-4176-94B2-995F44D8ED4C,,
1904,TCGA-E9-A2JT-01Z-00-DX1.49C2B936-3B1A-4014-8B43-26D483DEF53A,,
1905,TCGA-E2-A1LE-01Z-00-DX1.22856B2A-FBAA-4530-AEEC-E8F77BDA7F7F,,
1906,110618,,
1907,TCGA-AR-A1AK-01Z-00-DX1.0AFFA0B5-D1A6-43E9-892A-7CB16A79E5F9,,
1908,TCGA-D8-A1JN-01Z-00-DX1.3B02989C-CEA0-4EDD-A6DC-21C3A957C640,,
1909,TCGA-EW-A1P5-01Z-00-DX1.B0D59A56-116E-48B3-BC90-237EA4B3F95B,,
1910,TCGA-PL-A8LV-01A-01-DX1.88F3D934-96C2-4652-9450-90F2E302FF6D,,
1911,TCGA-A7-A13H-01Z-00-DX1.FCB33A3C-6209-474C-83C1-02551F242937,,
1912,TCGA-A8-A082-01Z-00-DX1.5F82E38D-0DFD-4C2C-BC05-8F0EFEFC507C,,
1913,TCGA-E9-A1NF-01Z-00-DX1.08779060-F710-45CB-A016-56D3C5B745E0,,
1914,139402-2,,
1915,TCGA-B6-A2IU-01Z-00-DX1.3C7DF701-4ED9-4989-AA63-A6B7B105F6EE,,
1916,TCGA-A1-A0SJ-01Z-00-DX1.C196FA66-C376-4016-86BC-3D8E745B3A51,,
1917,TCGA-D8-A1XK-01Z-00-DX1.41EB1BBC-F230-4E3F-8C4E-CE331CAF1935,,
1918,TCGA-D8-A1Y3-01Z-00-DX1.8AA5F695-A06C-4DEA-AD71-16254A48B218,,
1919,TCGA-E9-A22B-01Z-00-DX1.01692f98-bd7c-4b02-990c-53560276baa0,,
1920,TCGA-4H-AAAK-01Z-00-DX1.ABF1B042-1970-4E28-8671-43AAD393D2F9,,
1921,TCGA-BH-A0HN-01Z-00-DX1.4997F641-C593-41F6-82ED-6A0E4EFA55F3,,
1922,TCGA-A7-A5ZW-01Z-00-DX1.5F571EE3-A1A3-4604-BE89-1A46E0EC508B,,
1923,TCGA-B6-A1KF-01Z-00-DX1.2E08E830-4216-4CD0-9646-1F489300E11D,,
1924,TCGA-AN-A0FW-01Z-00-DX1.5EEDFC71-6ABE-4189-8C45-2127403A8F04,,
1925,TCGA-D8-A1XJ-01Z-00-DX1.660DDF8D-6816-4EBE-AF37-6F7A374F4E9E,,
1926,TCGA-D8-A73W-01Z-00-DX2.EBBBBA5A-AB7C-49EC-9F7F-14248C928F3A,,
1927,TCGA-BH-A0BD-01Z-00-DX1.CD4A6FC2-BA8C-4E30-972A-E6CD1BEAD8AD,,
1928,TCGA-BH-A1F6-01Z-00-DX1.E83F0DC0-EA2C-4641-81B0-8702B9C5D579,,
1929,TCGA-A2-A0YE-01Z-00-DX1.8A2E3094-5755-42BC-969D-7F0A2ECA0F39,,
1930,TCGA-E2-A14S-01Z-00-DX1.5C332E99-7296-473A-9917-7EFC38A8251D,,
1931,TCGA-BH-A0HA-01Z-00-DX1.5A2F5C86-E1E7-445D-A4E3-29980FA37708,,
1932,112344,,
1933,TCGA-LD-A66U-01Z-00-DX1.AEC25C62-0519-47ED-A85B-2A964BA2BA87,,
1934,TCGA-D8-A140-01Z-00-DX1.5B9382C0-332C-4FBF-82CD-B9453D02B815,,
1935,TCGA-A2-A0CU-01Z-00-DX1.5B77D21C-A497-478B-9752-3730322AD9ED,,
1936,TCGA-D8-A1Y1-01Z-00-DX1.477390C8-2141-4ADD-813E-25220D2A71FC,,
1937,TCGA-E9-A5FL-01Z-00-DX1.FB810D6A-303E-45DF-BEF1-D9CE83B4417E,,
1938,TCGA-D8-A1JE-01Z-00-DX1.714805A1-E337-46DA-88D9-6CE4B4E3C2D0,,
1939,TCGA-JL-A3YX-01Z-00-DX1.0FE8F389-F79A-4CF8-A83C-420380A02552,,
1940,TCGA-AR-A0TV-01Z-00-DX1.29AE9996-E73A-41F8-BCC9-23DEDCA5A7AC,,
1941,TCGA-D8-A4Z1-01Z-00-DX1.D39D38B5-FC9F-4298-8720-016407DC6591,,
1942,TCGA-EW-A1OX-01Z-00-DX1.9B19CBEE-E592-4A4D-839F-CECDCA20F4B1,,
1943,TCGA-E9-A1RI-01Z-00-DX1.3259644B-0888-4B18-B16F-397D55167EAD,,
1944,TCGA-EW-A1J1-01Z-00-DX1.FFC2D5DB-E6D0-4143-A1E7-0A2027846C8C,,
1945,TCGA-AN-A0AL-01Z-00-DX1.D9E446A3-175F-4242-AFC1-78FFE3FC9AC4,,
1946,TCGA-EW-A1IX-01Z-00-DX1.72AE0E0F-B213-454F-8275-76A7C43FAB86,,
1947,TCGA-AC-A2FF-01Z-00-DX1.012DAC86-E05C-44FA-81C2-FE4C754F409C,,
1948,TCGA-A7-A5ZV-01Z-00-DX1.21F2EA4A-4F31-43D6-A036-E20E326AF37E,,
1949,TCGA-D8-A1JT-01Z-00-DX2.8DB9BB5B-17F3-4D80-835D-872BA275FD3B,,
1950,TCGA-A2-A04P-01Z-00-DX1.5B481E02-D269-4732-8FDD-6494E6EE2B71,,
1951,TCGA-E2-A15I-01Z-00-DX1.DFF60A40-B03D-438F-A233-06132A213619,,
1952,TCGA-B6-A0I9-01Z-00-DX1.78E1D43A-507E-482E-B988-AF13B12B4497,,
1953,TCGA-A2-A0D0-01Z-00-DX1.4FF6B8E5-703B-400F-920A-104F56E0F874,,
1954,TCGA-AR-A24M-01Z-00-DX1.D81F1BDF-00DD-42A3-AFFE-55655A877213,,
1955,132937,,
1956,TCGA-B6-A0X5-01Z-00-DX1.02A9FF1E-EA20-4F2D-A2BB-427A287DE3FD,,
1957,TCGA-EW-A6SA-01Z-00-DX1.DE032DD7-169D-4AA2-A4E0-1EFC158431FA,,
1958,TCGA-AR-A2LE-01Z-00-DX1.E8E1FC5C-9A4A-463F-81D7-E9A8AF43EAD9,,
1959,TCGA-E2-A108-01Z-00-DX1.B110ED43-08A4-476A-A658-1CA75F7C0DDE,,
1960,TCGA-AR-A255-01Z-00-DX1.E67C081D-50C9-451C-814B-F097B2671300,,
1961,TCGA-D8-A1XL-01Z-00-DX2.FDE2C80D-5DC4-4743-A180-C5AFC5BB0BE2,,
1962,TCGA-A2-A25D-01Z-00-DX1.41DADDB8-3E3F-4F8F-8BE7-C43F8FBCFD2B,,
1963,TCGA-LL-A5YN-01Z-00-DX1.F221939B-3680-4B95-93A9-BE8599550E87,,
1964,TCGA-B6-A0WW-01Z-00-DX1.64048633-1D1A-4074-8C50-7641159355DB,,
1965,154144,,
1966,TCGA-D8-A1XG-01Z-00-DX1.0A58EF43-B97E-4111-8DC3-2F8D9BDBE7D6,,
1967,TCGA-BH-A0C3-01Z-00-DX1.14D3210D-0CBE-4DCA-A986-A26AE5382502,,
1968,TCGA-E9-A1RD-01Z-00-DX1.34083668-cbd2-4610-b857-d50ee9f3e5bd,,
1969,TCGA-A8-A09Q-01Z-00-DX1.C7240AFB-5971-4577-812C-A255C249001A,,
1970,TCGA-EW-A1PH-01Z-00-DX1.77e0f907-fe59-4dc2-b582-6f10330a9c01,,
1971,TCGA-A7-A426-01Z-00-DX1.3058E873-9442-4872-80DA-E8A5B35054D2,,
1972,123253,,
1973,TCGA-E9-A22G-01Z-00-DX1.2b47e321-7910-40ec-ad1c-c4e08ed26334,,
1974,TCGA-OL-A6VQ-01Z-00-DX1.E3B81163-0239-47C3-B53F-064405B58685,,
1975,TCGA-GM-A3XL-01Z-00-DX1.CCE8AA1D-9194-4E49-9546-DBF25A35847C,,
1976,TCGA-D8-A1JE-01Z-00-DX2.CCF3DFEF-E851-425A-BCD0-0F7B377A00BC,,
1977,136767,,
1978,TCGA-AR-A1AU-01Z-00-DX1.F06647D1-E5A3-46FE-8537-01A10A08A4EC,,
1979,TCGA-B6-A0WT-01Z-00-DX1.7ED21DA2-A3D8-4DCA-9742-963879A658D8,,
1980,TCGA-LL-A6FP-01Z-00-DX1.6261398A-7288-4924-BBE2-FC1949256E40,,
1981,TCGA-D8-A73U-01Z-00-DX2.91F571C8-303C-463D-952C-263FAA5097DF,,
1982,TCGA-E2-A1AZ-01Z-00-DX1.FE769F5F-385B-4DCF-819A-735C98D84FA8,,
1983,TCGA-D8-A1XL-01Z-00-DX1.FDF07020-8F40-4C00-9023-E5F40E0D8A7C,,
1984,TCGA-A2-A1G1-01Z-00-DX1.E52A474F-DE13-41CF-94D4-D00BAC46ECF4,,
1985,TCGA-D8-A13Y-01Z-00-DX2.0043D2BB-B04D-4A44-AAB1-1CAAD97AC246,,
1986,B25-158771_2,,
1987,B25-158771,,
1988,TCGA-E2-A1B0-01Z-00-DX1.4C50EC91-A62A-450E-88C0-7DCAB8E9724C,,
1989,TCGA-B6-A1KC-01Z-00-DX1.4DD3E48B-F434-499F-9FF1-0FFD2883A375,,
1990,TCGA-BH-A0BF-01Z-00-DX1.934DF984-9054-4B20-B85B-9CF94B8DC3D4,,
1991,TCGA-AC-A3EH-01Z-00-DX1.30160436-4DE9-4F99-87E2-214E3CA47289,,
1992,TCGA-E2-A155-01Z-00-DX1.A5AF232A-61BB-4FDC-ABF9-2FE9BA461BDC,,
1993,TCGA-S3-A6ZF-01Z-00-DX1.E50205A0-63CA-49DE-8831-2A8916DEF403,,
1994,TCGA-BH-A0E2-01Z-00-DX1.5F6FA19C-D59F-45BE-80CE-F738CAB1EF0B,,
1995,TCGA-EW-A1P8-01Z-00-DX1.E9852193-8CDD-49EF-B49B-DA6931198F0D,,
1996,TCGA-BH-A0BW-01Z-00-DX1.39B0C363-46A2-4FFB-B1C5-C054A86F4A25,,
1997,TCGA-EW-A1OY-01Z-00-DX1.42AF5C9A-A90F-4A58-B5D4-B615F8CD4333,,
1998,TCGA-AO-A0JA-01Z-00-DX1.E3DDBAAF-6FFA-40BE-83FF-942857CFED5D,,
1999,TCGA-E2-A15S-01Z-00-DX1.77CFA95F-F1AE-41BD-BAF8-BCA6F0DFA3A3,,
2000,TCGA-B6-A0RO-01Z-00-DX1.3ADBFF05-92CE-41B5-BD49-CB3CE5B74CC9,,
2001,TCGA-BH-A0B7-01Z-00-DX1.6950CDDF-8A81-4B10-BFFF-BE0E33A2C6CC,,
2002,TCGA-BH-A0HQ-01Z-00-DX1.0921FCEF-20A2-4D4B-A198-91AF9F6C814C,,
2003,TCGA-UU-A93S-01Z-00-DX1.C4809779-DF5F-4F5D-A78C-B7F95F2D050F,,
2004,TCGA-AR-A0TQ-01Z-00-DX1.2BEA298C-6B3D-4133-ADBC-769E62CEFFA0,,
2005,TCGA-A7-A13D-01Z-00-DX1.D206783C-FA6A-4B6A-B3AA-4132A2C9626B,,
2006,TCGA-OK-A5Q2-01Z-00-DX4.83B45D6C-E350-4436-812F-4155D9F7D331,,
2007,154402,,
2008,TCGA-E2-A14Q-01Z-00-DX1.C19BA7FD-D986-4E3B-9A79-F3531A78F05D,,
2009,TCGA-AO-A0JC-01Z-00-DX1.C8DD421B-9799-4FE7-9224-5EAC6ED1028E,,
2010,TCGA-A7-A0CD-01Z-00-DX1.F045B9C8-049C-41BF-8432-EF89F236D34D,,
2011,TCGA-OL-A5S0-01Z-00-DX1.49A7AC9D-C186-406C-BA67-2D73DE82E13B,,
2012,TCGA-BH-A0DL-01Z-00-DX1.553F0021-1FC2-4675-810D-BBD9785D065E,,
2013,TCGA-E2-A14Y-01Z-00-DX1.804A22A3-FD8D-4C8A-A766-48D28434DE22,,
2014,TCGA-A2-A0ST-01Z-00-DX1.AE05A5DB-4861-40DE-B0F5-7955FC903A96,,
2015,118925,,
2016,TCGA-A8-A08H-01Z-00-DX1.6AA6A530-3BD3-4582-9D6B-8AE3B4A73948,,
2017,TCGA-BH-A0GY-01Z-00-DX1.E1AEAA36-94FA-41ED-851F-7BB11DD3C06D,,
2018,145814,,
2019,TCGA-D8-A27R-01Z-00-DX1.F6E2FD1C-0666-4788-8D95-A76D15907270,,
2020,TCGA-A7-A2KD-01Z-00-DX1.BFF2DFC8-1D95-4DC2-98FC-5BD7D7C6CDF5,,
2021,TCGA-D8-A27V-01Z-00-DX2.81E4FFDF-7123-4AC3-BE24-A82564A6C34C,,
2022,TCGA-BH-A0HO-01Z-00-DX1.D3D66547-F5D4-40F5-B737-2FECEEB35ACB,,
2023,155981,,
2024,TCGA-PE-A5DE-01Z-00-DX1.88B354F2-5485-44AA-A057-89E40B988F69,,
2025,TCGA-A1-A0SM-01Z-00-DX1.AD503DBD-4D93-4476-B467-F091254FDF78,,
2026,TCGA-BH-A0C7-01Z-00-DX1.C70D358E-C48F-4F69-86CE-3218E9C95837,,
2027,TCGA-A2-A0YK-01Z-00-DX1.FB23FC30-B3B2-452A-A6B0-94129B333207,,
2028,TCGA-AR-A1AY-01Z-00-DX1.6AC0BE3B-FFC5-4EDA-9E40-B18CAAC52B81,,
2029,TCGA-B6-A0IN-01Z-00-DX1.5C1CBEF7-0C4A-4B22-A85B-6F6FD9435573,,
2030,TCGA-AO-A0JJ-01Z-00-DX1.D5B636F5-1B47-4033-9938-9DC8CD48CEE9,,
2031,TCGA-OL-A66J-01Z-00-DX1.661F7F70-E4D4-4875-B8C4-556F7927F3BA,,
2032,TCGA-AO-A0JG-01Z-00-DX1.FA785D56-B4FF-4CC3-A631-5C748E8E0558,,
2033,TCGA-A7-A0CD-01Z-00-DX2.609CED8D-5947-4753-A75B-73A8343B47EC,,
2034,TCGA-BH-A0BR-01Z-00-DX1.F7912887-8AE9-4391-9B83-9AC7B4FF38EF,,
2035,TCGA-EW-A2FR-01Z-00-DX1.FF521BBF-F5BA-4B03-9CA1-101A337F4B45,,
2036,TCGA-EW-A1J6-01Z-00-DX1.F668E978-13B6-4284-9522-37C65C57A21A,,
2037,TCGA-BH-A0RX-01Z-00-DX1.B4ABAFB9-6696-4F22-9468-DA56E1AD32D3,,
2038,TCGA-B6-A0RV-01Z-00-DX1.C46C2937-868D-47B7-B9B9-E51F5433BE97,,
2039,TCGA-E2-A2P5-01Z-00-DX1.375B5E5D-D8D0-425C-9163-6DF26E31BBE1,,
2040,TCGA-AO-A0J6-01Z-00-DX1.D0C003CE-E112-4375-953D-78404C9D62DA,,
2041,TCGA-AQ-A7U7-01Z-00-DX1.AB5629A1-399E-402B-AD3D-DAF9F97D8300,,
2042,TCGA-AQ-A04H-01Z-00-DX1.5AC1E459-EF27-401D-98FD-0AC16559AF17,,
2043,TCGA-A2-A0CT-01Z-00-DX1.A8564130-49CF-4F5B-B5AB-F4D1A10479FF,,
2044,TCGA-3C-AALK-01Z-00-DX1.4E6EB156-BB19-410F-878F-FC0EA7BD0B53,,
2045,TCGA-S3-AA12-01Z-00-DX1.2A991B9F-E7E6-410B-B0BF-635E3CC40C7E,,
2046,TCGA-BH-A0BV-01Z-00-DX1.3C9CD4F7-A001-430D-AA8D-80CAD61C344E,,
2047,TCGA-LD-A7W5-01Z-00-DX1.C9920081-C2FE-461E-AEF8-625D4A95BE2F,,
2048,TCGA-A1-A0SD-01Z-00-DX1.DB17BFA9-D951-42A8-91D2-F4C2EBC6EB9F,,
2049,TCGA-D8-A141-01Z-00-DX2.DBD0D81E-28FC-4466-BDE3-94753BD6CBEB,,
2050,TCGA-A7-A0D9-01Z-00-DX1.FBC3B90F-C58B-4476-8354-0AF9248324E3,,
2051,TCGA-E2-A1IU-01Z-00-DX1.E2F24814-24BA-4158-8841-F27A8E100589,,
2052,TCGA-BH-A0DO-01Z-00-DX1.1684557E-A5D4-4828-B2D5-FA899993A019,,
2053,TCGA-AC-A2FB-01Z-00-DX1.A4D93E32-BBD7-45E4-8ACF-3724B059ECBC,,
2054,TCGA-B6-A0I2-01Z-00-DX1.885D2034-73B7-48AE-8343-631F89061C38,,
2055,TCGA-AO-A12B-01Z-00-DX1.B215230B-5FF7-4B0A-9C1E-5F1658534B11,,
2056,histai_1483_slide_H&E_0,,
2057,histai_1610_slide_H&E_0,,
2058,histai_0299_slide_H&E_0,,
2059,histai_1582_slide_H&E_0,,
2060,histai_0483_slide_H&E_0,,
2061,128250,,
2062,histai_1645_slide_H&E_0,,
2063,histai_1558_slide_H&E_0,,
2064,125797,,
2065,Copy_of_AP_500_OT_1831_Br0310.1_56296-1_HE_(2),,
2066,Copy_of_OT_1814_AP_494_56296_MxBr_68,,
2067,Copy_of_AP_500_OT_1831_Br0310.1_56296-1_HE,,
2068,Copy_of_AP_494_OT_1808_56296_MxBr_68_HE,,
2069,histai_1593_slide_H&E_0,,
2070,histai_1578_slide_H&E_0,,
2071,histai_1602_slide_H&E_0,,
2072,132144,,
2073,histai_1583_slide_H&E_0,,
2074,histai_1679_slide_H&E_0,,
2075,histai_0975_slide_H&E_0,,
2076,histai_0412_slide_H&E_0,,
2077,109124,,
2078,histai_0751_slide_H&E_0,,
2079,117226,,
2080,histai_1555_slide_H&E_0,,
2081,histai_0461_slide_H&E_0,,
2082,109523,,
2083,histai_1102_slide_H&E_0,,
2084,histai_0932_slide_H&E_0,,
2085,154404,,
2086,histai_0791_slide_H&E_0,,
2087,histai_0198_slide_H&E_0,,
2088,histai_1167_slide_H&E_0,,
2089,155957-2,,
2090,145083,,
2091,137971,,
2092,146356,,
2093,129146,,
2094,149622,,
2095,histai_1115_slide_H&E_0,,
2096,histai_0945_slide_H&E_0,,
2097,107753-1,,
2098,histai_1604_slide_H&E_0,,
2099,histai_1552_slide_H&E_0,,
2100,histai_1230_slide_H&E_0,,
2101,histai_0976_slide_H&E_0,,
2102,histai_0672_slide_H&E_0,,
2103,154773,,
2104,108129-1,,
2105,histai_1620_slide_H&E_0,,
2106,149225,,
2107,histai_1676_slide_H&E_0,,
2108,histai_1487_slide_H&E_0,,
2109,histai_0420_slide_H&E_0,,
2110,1578281-1,,
2111,histai_1085_slide_H&E_0,,
2112,histai_0357_slide_H&E_0,,
2113,155956-B,,
2114,155956-A,,
2115,histai_1623_slide_H&E_0,,
2116,131309,,
2117,AP473_OT1760_14411_MxBr_35_HE,,
2118,132208,,
2119,144313,,
2120,154400-2,,
2121,149567-2,,
2122,148781,,
2123,B25-152248,,
2124,AP656_OT2122_Br0269_HE,,
2125,126161,,
2126,OT_1788_AP_487__12073_1R1_MxBr_06_HE,,
2127,154400-1,,
2128,157828-2,,
2129,149567-1,,
2130,146358,,
2131,AP_494_OT_1808_56377_MxBr_99_HE,,
2132,AP_494_OT_1808_15-0141_MxBr_99_HE,,
2133,143870,,
2134,B25-150012_2,,
2135,B25-150012,,
2136,109609,,
2137,145799,,
2138,105044,,
2139,134522,,
2140,134522_2,,
2141,114357,,
2142,158901,,
2143,AP473_OT1760_12865_MxBr_12_HE,,
2144,105046,,
2145,TCGA-OK-A5Q2-01Z-00-DX3.5F9215C3-E407-46F8-968E-503D7D14605C,,
2146,TCGA-D8-A1JB-01Z-00-DX1.6CF48257-066C-4B8C-91AA-30A6B4AD4307,,
2147,TCGA-BH-A0HP-01Z-00-DX1.F1FF6E88-B2D1-40AA-8373-1714D82E666F,,
2148,TCGA-EW-A1J3-01Z-00-DX1.F736F6F4-0859-439A-A417-98B520C8D65A,,
2149,TCGA-AO-A12A-01Z-00-DX1.4E9609A7-9AAD-40A8-8344-8369DF998006,,
2150,TCGA-A7-A0CE-01Z-00-DX1.E67322FB-ED25-4B85-B3B0-2B8BD277BB4A,,
2151,TCGA-A2-A0YT-01Z-00-DX1.63CA3E36-B3E4-4D3F-9F80-2703970DBE5B,,
2152,TCGA-3C-AALI-01Z-00-DX1.F6E9A5DF-D8FB-45CF-B4BD-C6B76294C291,,
2153,TCGA-BH-A0C0-01Z-00-DX1.2D32D35A-EB7E-4D0E-BE5F-E56F7B930463,,
2154,TCGA-LD-A7W6-01Z-00-DX1.3E125146-B447-4973-AE09-6D374970B46C,,
2155,TCGA-BH-A0W7-01Z-00-DX1.93F11232-A1FB-4682-B744-3531D4DF11AF,,
2156,TCGA-BH-A18F-01Z-00-DX1.81A81589-2D77-4CD6-BD34-76E292AA031D,,
2157,TCGA-GM-A3NY-01Z-00-DX1.BEED8B8F-5A1B-4CE2-BB5D-A7ED40551AE4,,
2158,TCGA-A2-A3XW-01Z-00-DX1.45F5F36F-5503-4A38-AF37-E526915A8DBE,,
2159,TCGA-E2-A1IN-01Z-00-DX1.F63F004F-847D-41B0-BAEF-3189D4965838,,
2160,TCGA-D8-A1XB-01Z-00-DX1.DA8E2FA4-DBBA-4157-8052-B90FB3BB58F1,,
2161,TCGA-AQ-A0Y5-01Z-00-DX1.f68f5b49-30fa-4fb6-bec6-5da9f6809d02,,
2162,TCGA-EW-A1PD-01Z-00-DX1.6F6A0122-A50B-4D00-9A3F-7A2502D44E38,,
2163,TCGA-A8-A06U-01Z-00-DX1.56070AB9-A73E-44B8-8051-D93E8F881BBE,,
2164,TCGA-BH-A0DK-01Z-00-DX1.0CFED53C-BAD9-4E35-B12F-57E64F3FEF1C,,
2165,TCGA-BH-A42T-01Z-00-DX1.6E4609B9-BE7E-4CA9-A1C0-A77A7DEFBB2B,,
2166,TCGA-BH-A0W5-01Z-00-DX1.84EA3913-667B-4694-A0F0-E629CAC615C8,,
2167,TCGA-OK-A5Q2-01Z-00-DX2.C828A160-87DF-4625-A8C5-2057F61D54F4,,
2168,TCGA-A8-A06Y-01Z-00-DX1.3BC58446-524E-43F3-AAE6-FBC4AA543E66,,
2169,TCGA-AO-A0JF-01Z-00-DX1.3277D13C-F257-4D4C-AB5C-BEBA2E1A63D8,,
2170,TCGA-D8-A1JG-01Z-00-DX1.BA6D5CC7-3A9B-4D17-A86A-B159D345A216,,
2171,TCGA-A2-A4S2-01Z-00-DX1.D779B63B-8817-43F1-A8F4-236C82DB78F8,,
2172,TCGA-AR-A2LL-01Z-00-DX1.F0AF890C-2B34-4758-A929-58AAFF593EC5,,
2173,TCGA-E2-A572-01Z-00-DX1.7DDF1C25-58E2-4AF9-B831-598222A4E85D,,
2174,TCGA-BH-A1FL-01Z-00-DX1.D3E9F46E-9A28-4AAE-8C87-D6F1851227A3,,
2175,TCGA-BH-A0DQ-01Z-00-DX1.5A98747C-52D9-45AD-BC84-934A96F069EB,,
2176,TCGA-BH-A0H0-01Z-00-DX1.B3B394DD-1F4E-42CA-BB51-C002E423B3D0,,
2177,TCGA-E2-A9RU-01Z-00-DX1.A06BE284-B9DC-4B45-A202-A9D027AEEDD9,,
2178,TCGA-E2-A158-01Z-00-DX1.994C60FE-E651-4224-95E7-4669834F2338,,
2179,TCGA-EW-A1P1-01Z-00-DX1.4B670029-4B3B-4D76-8EA4-F4F29EEF9E37,,
2180,TCGA-A2-A0EM-01Z-00-DX1.305CF011-7451-4880-9A5D-AB4432CF53A5,,
2181,TCGA-D8-A1XD-01Z-00-DX1.E500D561-1F49-4F08-99AE-E8345F21B406,,
2182,TCGA-BH-A18I-01Z-00-DX1.EE699DE3-EBF4-4AB4-8319-9911F027FA18,,
2183,TCGA-E2-A576-01Z-00-DX1.2E045763-7EB0-48F5-8C47-E4B84287D739,,
2184,TCGA-A7-A26F-01Z-00-DX1.7ADE881D-325D-48ED-BA2D-30F589CA8EF2,,
2185,TCGA-S3-AA10-01Z-00-DX1.C0468882-0DD8-4FC5-8C2F-E18BE8000F69,,
2186,TCGA-A2-A04Y-01Z-00-DX1.4DC97AD6-4806-4A3A-A998-FD36F93590A4,,
2187,TCGA-BH-A0BS-01Z-00-DX1.FEE32127-4D0B-4560-A39C-4EAA5B189B70,,
2188,TCGA-AR-A1AL-01Z-00-DX1.0970370F-6D4B-449A-AF33-76355DD99F91,,
2189,TCGA-A7-A4SE-01Z-00-DX1.16BC8401-E40E-4A1A-9BD9-12735C9AE3F6,,
2190,TCGA-E2-A109-01Z-00-DX1.FCF5E9FC-F9FE-4F5F-96DD-5628E2609BEF,,
2191,TCGA-A2-A3XV-01Z-00-DX1.4B58B7CD-B3F6-4C31-863F-924D291EF17C,,
2192,TCGA-BH-A1ET-01Z-00-DX1.05C126CD-CC10-44BF-9A68-6CDDE97272B2,,
2193,TCGA-A2-A0SW-01Z-00-DX1.E1EA0407-B831-4D75-826E-80B82B821797,,
2194,TCGA-BH-A0HW-01Z-00-DX1.44DCCE00-133F-4469-A4DA-5057C011B4AC,,
2195,TCGA-GM-A2DN-01Z-00-DX1.593003B0-BA87-486B-B472-D6B85867D54D,,
2196,TCGA-BH-A0W4-01Z-00-DX1.23E017DC-15CB-4838-AC91-CFB11B932AB0,,
2197,TCGA-A7-A5ZX-01Z-00-DX1.A4C651F0-DB8E-4534-84A2-AD875F62209F,,
2198,TCGA-A7-A5ZX-01Z-00-DX2.02F586FE-4775-480B-8035-D6AD3386F45D,,
2199,TCGA-BH-A0DX-01Z-00-DX1.45C27E71-9A0A-400E-93A9-5CE7780F3C5E,,
2200,TCGA-AR-A0U0-01Z-00-DX1.C8BECD9F-68D9-47B1-B31E-C1C6CAE456B6,,
2201,TCGA-GM-A2DM-01Z-00-DX1.652038F4-C370-40EB-A545-51062783C74C,,
2202,TCGA-BH-A0WA-01Z-00-DX1.C0EB7B73-5529-49EC-B660-3F849B041963,,
2203,TCGA-D8-A27N-01Z-00-DX2.EB803DEC-438B-43A9-B906-FD7C3B9A0138,,
2204,TCGA-BH-A1F2-01Z-00-DX1.17E2FD6F-0DCF-425B-864B-21ADCDAE734B,,
2205,121633-2,,
2206,TCGA-A2-A25F-01Z-00-DX1.87499CD4-E41C-46B1-AAF3-5CE881F2B8BC,,
2207,TCGA-EW-A3U0-01Z-00-DX1.526F60F9-D1EB-4613-B428-18A1FC0BAAE2,,
2208,TCGA-D8-A1JH-01Z-00-DX1.4A4F2502-612C-421D-9F64-444BF2C85620,,
2209,TCGA-A7-A13D-01Z-00-DX2.8165A362-6A08-4BFD-9428-7EEB6C59D7F1,,
2210,TCGA-BH-A18U-01Z-00-DX1.63940315-59BC-462B-87A8-2BBB33C9503E,,
2211,TCGA-EW-A1J5-01Z-00-DX1.FFE303B1-7F36-4276-B931-C2A6B2CBD1F2,,
2212,TCGA-LD-A9QF-01Z-00-DX1.092108DF-1A60-459E-ACE6-5A71826A98D1,,
2213,TCGA-D8-A1XB-01Z-00-DX2.B262C269-F22B-4306-8195-079C0874EF8E,,
2214,TCGA-A7-A13E-01Z-00-DX2.1E1262AE-A32D-4814-94A5-D951CA8BA35D,,
2215,TCGA-OL-A5RV-01Z-00-DX1.920AC243-1DAC-4854-BEB6-1CBCC950F26B,,
2216,TCGA-A7-A0D9-01Z-00-DX2.66CD9ED8-223B-4AC8-AA1A-2481FB0C47B3,,
2217,TCGA-D8-A27N-01Z-00-DX1.85613A4F-1FFB-4091-B925-8E8A7C7A6D95,,
2218,TCGA-D8-A1XF-01Z-00-DX2.1460E522-5B87-4690-8B6B-3183C5D282D6,,
2219,TCGA-AO-A0J9-01Z-00-DX1.E37C342B-9B6A-4BEE-B064-A82C3579CC66,,
2220,TCGA-EW-A1IY-01Z-00-DX1.3FD00274-C2CD-491A-915B-23FD535A4723,,
2221,TCGA-D8-A27R-01Z-00-DX2.31F47D8F-DFD7-42AE-BBBA-7DBBA12FA97D,,
2222,TCGA-B6-A0X7-01Z-00-DX1.A2AA8FE9-CF43-434A-AE72-7277D124BD0A,,
2223,TCGA-BH-A0E7-01Z-00-DX1.7FEE54C4-3795-403C-85B9-FF932BE56788,,
2224,TCGA-AO-A128-01Z-00-DX1.4E6BFFBC-87AD-4ED4-959D-FEB5545400BE,,
2225,TCGA-BH-A0HX-01Z-00-DX1.44EBA39E-383D-4820-915E-4E5FDA1D43DA,,
2226,TCGA-3C-AALI-01Z-00-DX2.CF4496E0-AB52-4F3E-BDF5-C34833B91B7C,,
2227,TCGA-BH-A0BG-01Z-00-DX1.0838FB7F-8C85-4687-9F70-D136A1063383,,
2228,TCGA-A7-A0CE-01Z-00-DX2.5AD1DB65-10E7-4996-AB5E-13D7851EC5FA,,
2229,TCGA-BH-A0HY-01Z-00-DX1.D7A1BF42-F268-4220-B71B-354CE2AF32D8,,
2230,TCGA-B6-A0RN-01Z-00-DX1.0D02A3FB-D694-4A5B-80C1-CF1469E29BFD,,
2231,TCGA-BH-A1F5-01Z-00-DX1.9A1AA3BB-80B1-473D-B075-8D65A94C4E0B,,
2232,124733,,
2233,TCGA-E2-A107-01Z-00-DX1.3BFCCC24-7286-488D-A9E9-98E498AD0767,,
2234,TCGA-AC-A5XS-01Z-00-DX1.E5F2481E-9314-4B20-84B7-370EF82AF4BB,,
2235,149875,,
2236,TCGA-BH-A0E9-01Z-00-DX1.5FC4A5E1-3984-4869-9FFB-C0C7F9EAF5FE,,
2237,TCGA-A2-A0CQ-01Z-00-DX1.4E5FB4E5-A08C-4C87-A3BE-0640A95AE649,,
2238,TCGA-BH-A0H5-01Z-00-DX1.28F24D4D-EE80-4EDA-BC30-A194E22FD61C,,
2239,TCGA-B6-A0IP-01Z-00-DX1.3723A250-AA4B-4AFE-A692-C1311E9BA268,,
2240,TCGA-A2-A4S1-01Z-00-DX1.C69B14F6-5021-4FD8-8F2D-70227A5DA2B1,,
2241,TCGA-A2-A0CY-01Z-00-DX1.8815F011-317B-4BB7-A48F-64EABD0E558B,,
2242,TCGA-AO-A0JD-01Z-00-DX1.52E3DCE8-32E3-45C0-AB54-7FA0A2F3F722,,
2243,TCGA-AO-A12E-01Z-00-DX1.F2797928-26EC-4B28-BC50-432EB380624B,,
2244,TCGA-GM-A2DH-01Z-00-DX1.5790F15F-2A0F-4929-8FE4-18A557007989,,
2245,TCGA-BH-A0AV-01Z-00-DX1.5A686DA4-A29D-4BA7-9BCA-B707F8755E83,,
2246,TCGA-AO-A0JL-01Z-00-DX1.473CC200-221A-4777-B19E-ADC41D10FC94,,
2247,TCGA-D8-A141-01Z-00-DX1.10F6EEB2-C920-43FF-B5A7-B5A651CBDBE3,,
2248,TCGA-D8-A27V-01Z-00-DX1.F937C53B-0B55-4271-843E-2C28F72CF28E,,
2249,TCGA-BH-A0DS-01Z-00-DX1.38E82A1F-21B9-4B97-A304-15B886EA68A0,,
