ckpt,rol,split_129741,universo,n_universo,n_clases,cabeza,es_cabeza_verdadera,es_cabeza_predicha,pred,grupo,n_parches,grupo_de_interes,auc_ranking,percentil_mediano,percentil_medio,p_permutacion,p_traslacion,n_traslaciones,auc_nula_media
seba_privado_s0,primario,val,lamina,4799,4,no_identificado,False,False,score_2,Nucleos alto grado,13,True,0.7980809412067248,89.62067528136724,79.73354282232981,,,,
seba_privado_s0,primario,val,lamina,4799,4,no_identificado,False,False,score_2,Mitosis,28,True,0.9163323052968829,92.6948728636932,91.39894598940035,,,,
seba_privado_s0,primario,val,lamina,4799,4,no_identificado,False,False,score_2,Immune cells,23,False,0.38619729080183524,36.39016256773656,38.67191039744821,,,,
seba_privado_s0,primario,val,lamina,4799,4,no_identificado,False,False,score_2,Tumor,48,False,0.8747807479127201,93.78907878282618,87.1109490065305,,,,
seba_privado_s0,primario,val,lamina,4799,4,no_identificado,False,False,score_2,necrosis,18,False,0.886146552325176,87.66152563568153,88.47783798805057,,,,
seba_privado_s0,primario,val,lamina,4799,4,no_identificado,False,False,score_2,Stroma,12,False,0.5676136759278602,42.194664443518135,56.745866333194385,,,,
seba_privado_s0,primario,val,lamina,4799,4,no_identificado,False,False,score_2,Tejido Adiposo,27,False,0.16538604824438857,17.611504793664025,16.71992960029642,,,,
seba_privado_s0,primario,val,region_anotada,2496,4,no_identificado,False,False,score_2,Nucleos alto grado,13,True,0.8064376219833328,90.38076152304609,80.49637737012488,,,,
seba_privado_s0,primario,val,region_anotada,2496,4,no_identificado,False,False,score_2,Mitosis,28,True,0.9228554063440612,93.22645290581163,91.82794159748066,,,,
seba_privado_s0,primario,val,region_anotada,2496,4,no_identificado,False,False,score_2,Immune cells,23,False,0.39459202869248755,37.4749498997996,39.55214777380849,,,,
seba_privado_s0,primario,val,region_anotada,2496,4,no_identificado,False,False,score_2,Tumor,48,False,0.8830848311546841,93.96793587174349,87.58684034736139,,,,
seba_privado_s0,primario,val,region_anotada,2496,4,no_identificado,False,False,score_2,necrosis,18,False,0.892812303829253,88.37675350701403,89.01358272099755,,,,
seba_privado_s0,primario,val,region_anotada,2496,4,no_identificado,False,False,score_2,Stroma,12,False,0.5772946859903382,43.12625250501002,57.69539078156313,,,,
seba_privado_s0,primario,val,region_anotada,2496,4,no_identificado,False,False,score_2,Tejido Adiposo,27,False,0.16715419348064142,17.75551102204409,17.062272693535217,,,,
seba_privado_s0,primario,val,lamina,4799,4,score_1,False,False,score_2,Nucleos alto grado,13,True,0.8189752161753834,88.51604835348061,81.81774457305929,,,,
seba_privado_s0,primario,val,lamina,4799,4,score_1,False,False,score_2,Mitosis,28,True,0.9132182531365093,93.1117132138391,91.08929315786341,,,,
seba_privado_s0,primario,val,lamina,4799,4,score_1,False,False,score_2,Immune cells,23,False,0.4229662806787561,40.05835764902042,42.33194990666401,,,,
seba_privado_s0,primario,val,lamina,4799,4,score_1,False,False,score_2,Tumor,48,False,0.8503955307654529,88.9328887036265,84.69631443657079,,,,
seba_privado_s0,primario,val,lamina,4799,4,score_1,False,False,score_2,necrosis,18,False,0.8618606056380581,88.17215506461025,86.05784817748136,,,,
seba_privado_s0,primario,val,lamina,4799,4,score_1,False,False,score_2,Stroma,12,False,0.5437121370378107,45.716965402250935,54.36119216340142,,,,
seba_privado_s0,primario,val,lamina,4799,4,score_1,False,False,score_2,Tejido Adiposo,27,False,0.1168234454068486,12.546894539391413,11.889985024624458,,,,
seba_privado_s0,primario,val,region_anotada,2496,4,score_1,False,False,score_2,Nucleos alto grado,13,True,0.8275659097245888,89.37875751503006,82.59904424233082,,,,
seba_privado_s0,primario,val,region_anotada,2496,4,score_1,False,False,score_2,Mitosis,28,True,0.921813498495022,93.70741482965931,91.72487832808474,,,,
seba_privado_s0,primario,val,region_anotada,2496,4,score_1,False,False,score_2,Immune cells,23,False,0.4334991824750787,41.28256513026052,43.408556242920625,,,,
seba_privado_s0,primario,val,region_anotada,2496,4,score_1,False,False,score_2,Tumor,48,False,0.8617323665577342,89.6993987975952,85.49181696726787,,,,
seba_privado_s0,primario,val,region_anotada,2496,4,score_1,False,False,score_2,necrosis,18,False,0.8709532777329387,88.95791583166333,86.8425740369628,,,,
seba_privado_s0,primario,val,region_anotada,2496,4,score_1,False,False,score_2,Stroma,12,False,0.5533078368223295,46.69338677354709,55.30728122912492,,,,
seba_privado_s0,primario,val,region_anotada,2496,4,score_1,False,False,score_2,Tejido Adiposo,27,False,0.11690142957862683,12.745490981963927,12.089363913011208,,,,
seba_privado_s0,primario,val,lamina,4799,4,score_2,False,True,score_2,Nucleos alto grado,13,True,0.8134944871259121,87.74489370571071,81.27104242152178,0.0004997501249375312,0.07446276861569215,2000.0,0.5419150642414821
seba_privado_s0,primario,val,lamina,4799,4,score_2,False,True,score_2,Mitosis,28,True,0.9232191514207863,93.83076281784076,92.08375513606859,0.0004997501249375312,0.002127659574468085,469.0,0.7327068446970494
seba_privado_s0,primario,val,lamina,4799,4,score_2,False,True,score_2,Immune cells,23,False,0.4176043259777147,40.10004168403501,41.79821302354242,,,,
seba_privado_s0,primario,val,lamina,4799,4,score_2,False,True,score_2,Tumor,48,False,0.8692775205219954,92.18424343476448,86.56601709045435,0.0004997501249375312,0.06935483870967742,619.0,0.7338718740951755
seba_privado_s0,primario,val,lamina,4799,4,score_2,False,True,score_2,necrosis,18,False,0.8971391387203979,91.86119216340143,89.57320179704506,,,,
seba_privado_s0,primario,val,lamina,4799,4,score_2,False,True,score_2,Stroma,12,False,0.5793990669173456,47.80116715298041,57.92170348756426,,,,
seba_privado_s0,primario,val,lamina,4799,4,score_2,False,True,score_2,Tejido Adiposo,27,False,0.11736673807084537,13.630679449770739,11.944019884828556,,,,
seba_privado_s0,primario,val,region_anotada,2496,4,score_2,False,True,score_2,Nucleos alto grado,13,True,0.8215558102791288,88.37675350701403,82.00092492677663,0.0004997501249375312,0.0734632683658171,2000.0,0.5356549507196335
seba_privado_s0,primario,val,region_anotada,2496,4,score_2,False,True,score_2,Mitosis,28,True,0.929902755267423,94.38877755511022,92.52505010020039,0.0004997501249375312,0.0007535795026375283,1326.0,0.7434738854600003
seba_privado_s0,primario,val,region_anotada,2496,4,score_2,False,True,score_2,Immune cells,23,False,0.4291214683802458,42.08416833667334,42.97464494205803,,,,
seba_privado_s0,primario,val,region_anotada,2496,4,score_2,False,True,score_2,Tumor,48,False,0.8780467047930284,92.74549098196393,87.09251837007348,0.0004997501249375312,0.0633116883116883,1847.0,0.7295570073101559
seba_privado_s0,primario,val,region_anotada,2496,4,score_2,False,True,score_2,necrosis,18,False,0.903237377813649,92.48496993987976,90.04898686261411,,,,
seba_privado_s0,primario,val,region_anotada,2496,4,score_2,False,True,score_2,Stroma,12,False,0.591183574879227,48.97795591182364,59.07815631262525,,,,
seba_privado_s0,primario,val,region_anotada,2496,4,score_2,False,True,score_2,Tejido Adiposo,27,False,0.1211166614163779,14.228456913827655,12.506494470422329,,,,
seba_privado_s0,primario,val,lamina,4799,4,score_3,True,False,score_2,Nucleos alto grado,13,True,0.8355138384390369,88.70362651104627,83.46747042036746,0.0004997501249375312,0.044977511244377814,2000.0,0.5975334724304332
seba_privado_s0,primario,val,lamina,4799,4,score_3,True,False,score_2,Mitosis,28,True,0.8403149983531455,86.72363484785328,83.83999285416544,0.0004997501249375312,0.0022371364653243847,446.0,0.7187878443882466
seba_privado_s0,primario,val,lamina,4799,4,score_3,True,False,score_2,Immune cells,23,False,0.3271156507173549,31.700708628595248,32.79083676169419,,,,
seba_privado_s0,primario,val,lamina,4799,4,score_3,True,False,score_2,Tumor,48,False,0.8203338770785098,84.33722384326802,81.71959670696124,0.0004997501249375312,0.0017241379310344827,579.0,0.692437592393235
seba_privado_s0,primario,val,lamina,4799,4,score_3,True,False,score_2,necrosis,18,False,0.6914755165121197,66.86119216340141,69.07970913806678,,,,
seba_privado_s0,primario,val,lamina,4799,4,score_3,True,False,score_2,Stroma,12,False,0.6072696887403384,56.419341392246764,60.70237598999582,,,,
seba_privado_s0,primario,val,lamina,4799,4,score_3,True,False,score_2,Tejido Adiposo,27,False,0.1773928161187172,15.047936640266778,17.914100010806973,,,,
seba_privado_s0,primario,val,region_anotada,2496,4,score_3,True,False,score_2,Nucleos alto grado,13,True,0.8498714334396976,90.3006012024048,84.81886850624325,0.0004997501249375312,0.015492253873063468,2000.0,0.6164681708522491
seba_privado_s0,primario,val,region_anotada,2496,4,score_3,True,False,score_2,Mitosis,28,True,0.8549722157906923,88.37675350701403,85.11308330947611,0.0004997501249375312,0.0007698229407236335,1298.0,0.7287479699491979
seba_privado_s0,primario,val,region_anotada,2496,4,score_3,True,False,score_2,Immune cells,23,False,0.34103975105047557,33.3066132264529,34.24414045482269,,,,
seba_privado_s0,primario,val,region_anotada,2496,4,score_3,True,False,score_2,Tumor,48,False,0.837265114379085,86.11222444889779,83.09118236472945,0.0004997501249375312,0.000552791597567717,1808.0,0.7049173302189655
seba_privado_s0,primario,val,region_anotada,2496,4,score_3,True,False,score_2,necrosis,18,False,0.7081651869787463,68.37675350701403,70.6746826987308,,,,
seba_privado_s0,primario,val,region_anotada,2496,4,score_3,True,False,score_2,Stroma,12,False,0.6227858293075684,58.256513026052104,62.22444889779559,,,,
seba_privado_s0,primario,val,region_anotada,2496,4,score_3,True,False,score_2,Tejido Adiposo,27,False,0.191575536654516,16.793587174348698,19.47895791583166,,,,
seba_combined_s0,primario,val,lamina,4799,4,no_identificado,False,False,score_3,Nucleos alto grado,13,True,0.8188144909833167,82.57607336390163,81.80171225189984,,,,
seba_combined_s0,primario,val,lamina,4799,4,no_identificado,False,False,score_3,Mitosis,28,True,0.7559885618468725,73.85368903709879,75.45480259631988,,,,
seba_combined_s0,primario,val,lamina,4799,4,no_identificado,False,False,score_3,Immune cells,23,False,0.3411077124754206,27.448937057107127,34.183627235986016,,,,
seba_combined_s0,primario,val,lamina,4799,4,no_identificado,False,False,score_3,Tumor,48,False,0.7716993790780888,76.53709879116299,76.90378803668195,,,,
seba_combined_s0,primario,val,lamina,4799,4,no_identificado,False,False,score_3,necrosis,18,False,0.6210927514002185,62.578157565652354,62.06637024686212,,,,
seba_combined_s0,primario,val,lamina,4799,4,no_identificado,False,False,score_3,Stroma,12,False,0.49651834830443564,52.699041267194666,49.652633041545094,,,,
seba_combined_s0,primario,val,lamina,4799,4,no_identificado,False,False,score_3,Tejido Adiposo,27,False,0.4994101393933749,51.792413505627344,49.941333580349834,,,,
seba_combined_s0,primario,val,region_anotada,2496,4,no_identificado,False,False,score_3,Nucleos alto grado,13,True,0.8287741255924904,83.44689378757515,82.71928472329273,,,,
seba_combined_s0,primario,val,region_anotada,2496,4,no_identificado,False,False,score_3,Mitosis,28,True,0.7698975457281778,75.31062124248497,76.6976810764386,,,,
seba_combined_s0,primario,val,region_anotada,2496,4,no_identificado,False,False,score_3,Immune cells,23,False,0.3613635964064066,30.220440881763526,36.25860416485144,,,,
seba_combined_s0,primario,val,region_anotada,2496,4,no_identificado,False,False,score_3,Tumor,48,False,0.7860115400326797,77.84569138276552,78.062374749499,,,,
seba_combined_s0,primario,val,region_anotada,2496,4,no_identificado,False,False,score_3,necrosis,18,False,0.6412877768809973,64.52905811623248,64.0325094633712,,,,
seba_combined_s0,primario,val,region_anotada,2496,4,no_identificado,False,False,score_3,Stroma,12,False,0.5132179280730005,55.21042084168337,51.31596526386105,,,,
seba_combined_s0,primario,val,region_anotada,2496,4,no_identificado,False,False,score_3,Tejido Adiposo,27,False,0.5252838906139837,54.388777555110224,52.50204111927559,,,,
seba_combined_s0,primario,val,lamina,4799,4,score_1,False,False,score_3,Nucleos alto grado,13,True,0.7368446430293484,79.1162984576907,73.62522846057652,,,,
seba_combined_s0,primario,val,lamina,4799,4,score_1,False,False,score_3,Mitosis,28,True,0.8508024672874809,88.73488953730721,84.88283808729828,,,,
seba_combined_s0,primario,val,lamina,4799,4,score_1,False,False,score_3,Immune cells,23,False,0.32607785303328235,32.74280950395998,32.68753284883194,,,,
seba_combined_s0,primario,val,lamina,4799,4,score_1,False,False,score_3,Tumor,48,False,0.7420586893987231,76.72988745310545,73.96875434208698,,,,
seba_combined_s0,primario,val,lamina,4799,4,score_1,False,False,score_3,necrosis,18,False,0.894757024332427,96.68611921634013,89.3358343754342,,,,
seba_combined_s0,primario,val,lamina,4799,4,score_1,False,False,score_3,Stroma,12,False,0.369333611865469,31.21092121717382,36.96331804918716,,,,
seba_combined_s0,primario,val,lamina,4799,4,score_1,False,False,score_3,Tejido Adiposo,27,False,0.15178044767315513,16.131721550646102,15.366742315470951,,,,
seba_combined_s0,primario,val,region_anotada,2496,4,score_1,False,False,score_3,Nucleos alto grado,13,True,0.7525326063384863,81.00200400801603,75.1318020656698,,,,
seba_combined_s0,primario,val,region_anotada,2496,4,score_1,False,False,score_3,Mitosis,28,True,0.8659122482056032,90.24048096192385,86.19524763813342,,,,
seba_combined_s0,primario,val,region_anotada,2496,4,score_1,False,False,score_3,Immune cells,23,False,0.32955923978972906,33.3066132264529,33.1062124248497,,,,
seba_combined_s0,primario,val,region_anotada,2496,4,score_1,False,False,score_3,Tumor,48,False,0.7582720588235294,78.39679358717436,75.34068136272545,,,,
seba_combined_s0,primario,val,region_anotada,2496,4,score_1,False,False,score_3,necrosis,18,False,0.9044704510806205,97.35470941883767,90.1714540191494,,,,
seba_combined_s0,primario,val,region_anotada,2496,4,score_1,False,False,score_3,Stroma,12,False,0.3757716049382716,31.88376753507014,37.631930527722105,,,,
seba_combined_s0,primario,val,region_anotada,2496,4,score_1,False,False,score_3,Tejido Adiposo,27,False,0.1491232017760977,15.951903807615231,15.277963334075558,,,,
seba_combined_s0,primario,val,lamina,4799,4,score_2,False,False,score_3,Nucleos alto grado,13,True,0.6915522839049792,72.94706127553147,69.1073203578414,,,,
seba_combined_s0,primario,val,lamina,4799,4,score_2,False,False,score_3,Mitosis,28,True,0.7664161451627391,79.0954564401834,76.49169296730781,,,,
seba_combined_s0,primario,val,lamina,4799,4,score_2,False,False,score_3,Immune cells,23,False,0.35191355327361445,33.70154230929554,35.259256574297254,,,,
seba_combined_s0,primario,val,lamina,4799,4,score_2,False,False,score_3,Tumor,48,False,0.6844217006945906,68.77865777407253,68.26151521467278,,,,
seba_combined_s0,primario,val,lamina,4799,4,score_2,False,False,score_3,necrosis,18,False,0.8845662227799856,95.84201750729471,88.32036496688437,,,,
seba_combined_s0,primario,val,lamina,4799,4,score_2,False,False,score_3,Stroma,12,False,0.3616217533597939,30.85660691954981,36.19390023620953,,,,
seba_combined_s0,primario,val,lamina,4799,4,score_2,False,False,score_3,Tejido Adiposo,27,False,0.09469591133463724,9.253855773238849,9.689222361169005,,,,
seba_combined_s0,primario,val,region_anotada,2496,4,score_2,False,False,score_3,Nucleos alto grado,13,True,0.7039871123640757,74.10821643286573,70.30060120240479,,,,
seba_combined_s0,primario,val,region_anotada,2496,4,score_2,False,False,score_3,Mitosis,28,True,0.7807941653160454,80.6813627254509,77.7755511022044,,,,
seba_combined_s0,primario,val,region_anotada,2496,4,score_2,False,False,score_3,Immune cells,23,False,0.3571441129415074,34.02805611222445,35.84037640498388,,,,
seba_combined_s0,primario,val,region_anotada,2496,4,score_2,False,False,score_3,Tumor,48,False,0.6977634803921569,70.04008016032064,69.40380761523046,,,,
seba_combined_s0,primario,val,region_anotada,2496,4,score_2,False,False,score_3,necrosis,18,False,0.8942247332077841,96.47294589178357,89.1538632821198,,,,
seba_combined_s0,primario,val,region_anotada,2496,4,score_2,False,False,score_3,Stroma,12,False,0.36701556629092863,31.382765531062127,36.760187040748164,,,,
seba_combined_s0,primario,val,region_anotada,2496,4,score_2,False,False,score_3,Tejido Adiposo,27,False,0.09287010785593208,9.258517034068136,9.711274400653158,,,,
seba_combined_s0,primario,val,lamina,4799,4,score_3,True,True,score_3,Nucleos alto grado,13,True,0.7660644829470571,82.72196748645268,76.53990444736588,0.0009995002498750624,0.09495252373813093,2000.0,0.4888602355139669
seba_combined_s0,primario,val,lamina,4799,4,score_3,True,True,score_3,Mitosis,28,True,0.8779830523699733,90.86077532305127,87.58560114333353,0.0004997501249375312,0.002178649237472767,458.0,0.6565789577829672
seba_combined_s0,primario,val,lamina,4799,4,score_3,True,True,score_3,Immune cells,23,False,0.30694232029713786,27.136306794497706,30.78275368360005,,,,
seba_combined_s0,primario,val,lamina,4799,4,score_3,True,True,score_3,Tumor,48,False,0.7821423559952291,79.87703209670696,77.93785605113241,0.0004997501249375312,0.04707792207792208,615.0,0.6379052218205346
seba_combined_s0,primario,val,lamina,4799,4,score_3,True,True,score_3,necrosis,18,False,0.8998814752841107,97.03001250521051,89.84646380436294,,,,
seba_combined_s0,primario,val,lamina,4799,4,score_3,True,True,score_3,Stroma,12,False,0.40371492235916717,35.22300958732805,40.393566763929414,,,,
seba_combined_s0,primario,val,lamina,4799,4,score_3,True,True,score_3,Tejido Adiposo,27,False,0.1292493247648319,12.588578574406002,13.125839470149602,,,,
seba_combined_s0,primario,val,region_anotada,2496,4,score_3,True,True,score_3,Nucleos alto grado,13,True,0.7828619226122246,84.88977955911824,78.15014644673964,0.0004997501249375312,0.09245377311344327,2000.0,0.4926489044813955
seba_combined_s0,primario,val,region_anotada,2496,4,score_3,True,True,score_3,Mitosis,28,True,0.8914679323917574,92.1442885771543,88.72316060692815,0.0004997501249375312,0.0007616146230007616,1312.0,0.6792463535068607
seba_combined_s0,primario,val,region_anotada,2496,4,score_3,True,True,score_3,Immune cells,23,False,0.31273404947344363,27.895791583166332,31.4385292323778,,,,
seba_combined_s0,primario,val,region_anotada,2496,4,score_3,True,True,score_3,Tumor,48,False,0.7999472358387799,81.96392785571143,79.42969271877088,0.0004997501249375312,0.03427959292983396,1866.0,0.6548702627015002
seba_combined_s0,primario,val,region_anotada,2496,4,score_3,True,True,score_3,necrosis,18,False,0.9101425881086898,97.5751503006012,90.73480293921176,,,,
seba_combined_s0,primario,val,region_anotada,2496,4,score_3,True,True,score_3,Stroma,12,False,0.413479602791197,36.35270541082164,41.38610554442218,,,,
seba_combined_s0,primario,val,region_anotada,2496,4,score_3,True,True,score_3,Tejido Adiposo,27,False,0.12743200876048183,12.705410821643287,13.13144808134788,,,,
seba_5fold_f0,primario,val,lamina,4799,4,no_identificado,False,False,score_2,Nucleos alto grado,13,True,0.8385033270114758,84.55606502709462,83.76567159393336,,,,
seba_5fold_f0,primario,val,lamina,4799,4,no_identificado,False,False,score_2,Mitosis,28,True,0.8803934485133396,90.38140892038349,87.82528434466742,,,,
seba_5fold_f0,primario,val,lamina,4799,4,no_identificado,False,False,score_2,Immune cells,23,False,0.3905851722380016,37.95331388078366,39.108686590427176,,,,
seba_5fold_f0,primario,val,lamina,4799,4,no_identificado,False,False,score_2,Tumor,48,False,0.8357714165438855,84.73322217590663,83.24822842851188,,,,
seba_5fold_f0,primario,val,lamina,4799,4,no_identificado,False,False,score_2,necrosis,18,False,0.6726045225313161,68.5077115464777,67.19929600296419,,,,
seba_5fold_f0,primario,val,lamina,4799,4,no_identificado,False,False,score_2,Stroma,12,False,0.607113014414038,64.8082534389329,60.68674447686536,,,,
seba_5fold_f0,primario,val,lamina,4799,4,no_identificado,False,False,score_2,Tejido Adiposo,27,False,0.2796172115115954,27.90746144226761,28.081144921495067,,,,
seba_5fold_f0,primario,val,region_anotada,2496,4,no_identificado,False,False,score_2,Nucleos alto grado,13,True,0.8505839710028191,86.2124248496994,84.88977955911824,,,,
seba_5fold_f0,primario,val,region_anotada,2496,4,no_identificado,False,False,score_2,Mitosis,28,True,0.8924664274137531,91.02204408817636,88.82192957343258,,,,
seba_5fold_f0,primario,val,region_anotada,2496,4,no_identificado,False,False,score_2,Immune cells,23,False,0.40791856396912746,40.80160320641283,40.87305044872353,,,,
seba_5fold_f0,primario,val,region_anotada,2496,4,no_identificado,False,False,score_2,Tumor,48,False,0.8514688861655774,86.35270541082164,84.48480293921176,,,,
seba_5fold_f0,primario,val,region_anotada,2496,4,no_identificado,False,False,score_2,necrosis,18,False,0.6909245807550892,69.77955911823648,68.96236918281006,,,,
seba_5fold_f0,primario,val,region_anotada,2496,4,no_identificado,False,False,score_2,Stroma,12,False,0.623389694041868,66.0120240480962,62.284569138276545,,,,
seba_5fold_f0,primario,val,region_anotada,2496,4,no_identificado,False,False,score_2,Tejido Adiposo,27,False,0.2985014175779668,30.180360721442884,30.06012024048096,,,,
seba_5fold_f0,primario,val,lamina,4799,4,score_1,False,False,score_2,Nucleos alto grado,13,True,0.8765630524928477,90.89203834931222,87.56212524449292,,,,
seba_5fold_f0,primario,val,lamina,4799,4,score_1,False,False,score_2,Mitosis,28,True,0.866267928257029,86.7965819091288,86.42068123622938,,,,
seba_5fold_f0,primario,val,lamina,4799,4,score_1,False,False,score_2,Immune cells,23,False,0.42710836792658946,35.72321800750313,42.744259383438745,,,,
seba_5fold_f0,primario,val,lamina,4799,4,score_1,False,False,score_2,Tumor,48,False,0.795301866273767,80.05418924551897,79.2409163540364,,,,
seba_5fold_f0,primario,val,lamina,4799,4,score_1,False,False,score_2,necrosis,18,False,0.6378605126774965,63.70362651104627,63.73720531703025,,,,
seba_5fold_f0,primario,val,lamina,4799,4,score_1,False,False,score_2,Stroma,12,False,0.7064967620639231,69.26844518549396,70.60233430596081,,,,
seba_5fold_f0,primario,val,lamina,4799,4,score_1,False,False,score_2,Tejido Adiposo,27,False,0.19191425289497377,19.362234264276783,19.35837463140506,,,,
seba_5fold_f0,primario,val,region_anotada,2496,4,score_1,False,False,score_2,Nucleos alto grado,13,True,0.891942129557917,92.18436873747495,89.00570371512255,,,,
seba_5fold_f0,primario,val,region_anotada,2496,4,score_1,False,False,score_2,Mitosis,28,True,0.8815408659411901,88.29659318637275,87.74119667907243,,,,
seba_5fold_f0,primario,val,region_anotada,2496,4,score_1,False,False,score_2,Immune cells,23,False,0.44547196680673007,37.99599198396793,44.59527751154483,,,,
seba_5fold_f0,primario,val,region_anotada,2496,4,score_1,False,False,score_2,Tumor,48,False,0.8133765659041394,81.98396793587175,80.74732798931196,,,,
seba_5fold_f0,primario,val,region_anotada,2496,4,score_1,False,False,score_2,necrosis,18,False,0.6551430364989687,64.86973947895791,65.40859496771321,,,,
seba_5fold_f0,primario,val,region_anotada,2496,4,score_1,False,False,score_2,Stroma,12,False,0.7213499731615673,70.44088176352706,72.03740814963261,,,,
seba_5fold_f0,primario,val,region_anotada,2496,4,score_1,False,False,score_2,Tejido Adiposo,27,False,0.20308116946432053,21.122244488977955,20.617531359014325,,,,
seba_5fold_f0,primario,val,lamina,4799,4,score_2,False,True,score_2,Nucleos alto grado,13,True,0.8639782699540326,88.12005002084202,86.30679449770739,0.0004997501249375312,0.03798100949525238,2000.0,0.5702366586968751
seba_5fold_f0,primario,val,lamina,4799,4,score_2,False,True,score_2,Mitosis,28,True,0.910426086175405,93.50771154647771,90.81164771035552,0.0004997501249375312,0.0022727272727272726,439.0,0.7231025981185621
seba_5fold_f0,primario,val,lamina,4799,4,score_2,False,True,score_2,Immune cells,23,False,0.4576414682106183,48.97874114214256,45.78356924080686,,,,
seba_5fold_f0,primario,val,lamina,4799,4,score_2,False,True,score_2,Tumor,48,False,0.8197265487967446,84.0662776156732,81.65945880227872,0.0004997501249375312,0.03459637561779242,606.0,0.7005555319078536
seba_5fold_f0,primario,val,lamina,4799,4,score_2,False,True,score_2,necrosis,18,False,0.6780891956587418,70.33138807836599,67.74582001759991,,,,
seba_5fold_f0,primario,val,lamina,4799,4,score_2,False,True,score_2,Stroma,12,False,0.6041013856973748,66.72571904960401,60.38627205780187,,,,
seba_5fold_f0,primario,val,lamina,4799,4,score_2,False,True,score_2,Tejido Adiposo,27,False,0.2417264288597063,25.03126302626094,24.312599385546445,,,,
seba_5fold_f0,primario,val,region_anotada,2496,4,score_2,False,True,score_2,Nucleos alto grado,13,True,0.8849096936088479,90.70140280561122,88.30584245413905,0.0004997501249375312,0.01649175412293853,2000.0,0.5450403394939506
seba_5fold_f0,primario,val,region_anotada,2496,4,score_2,False,True,score_2,Mitosis,28,True,0.9267336188932623,94.82965931863728,92.21156598912111,0.0004997501249375312,0.0007633587786259542,1309.0,0.7360613603945733
seba_5fold_f0,primario,val,region_anotada,2496,4,score_2,False,True,score_2,Immune cells,23,False,0.4733205576750646,51.342685370741485,47.355580726670745,,,,
seba_5fold_f0,primario,val,region_anotada,2496,4,score_2,False,True,score_2,Tumor,48,False,0.8438010620915033,86.8937875751503,83.73246492985972,0.0004997501249375312,0.018232044198895028,1809.0,0.7156395299352405
seba_5fold_f0,primario,val,region_anotada,2496,4,score_2,False,True,score_2,necrosis,18,False,0.6974262397991211,72.1442885771543,69.60810509908707,,,,
seba_5fold_f0,primario,val,region_anotada,2496,4,score_2,False,True,score_2,Stroma,12,False,0.6222155126140634,68.31663326653306,62.16766867067468,,,,
seba_5fold_f0,primario,val,region_anotada,2496,4,score_2,False,True,score_2,Tejido Adiposo,27,False,0.2522238723129772,26.2124248496994,25.480590811252135,,,,
seba_5fold_f0,primario,val,lamina,4799,4,score_3,True,False,score_2,Nucleos alto grado,13,True,0.8127069336847857,84.55606502709462,81.19248404784042,0.0004997501249375312,0.12393803098450774,2000.0,0.5845209866418709
seba_5fold_f0,primario,val,lamina,4799,4,score_3,True,False,score_2,Mitosis,28,True,0.9256969188849298,95.89412255106294,92.33013755731555,0.0004997501249375312,0.0024630541871921183,405.0,0.7530424640127272
seba_5fold_f0,primario,val,lamina,4799,4,score_3,True,False,score_2,Immune cells,23,False,0.35673840215570607,29.658190912880368,35.739529151639275,,,,
seba_5fold_f0,primario,val,lamina,4799,4,score_3,True,False,score_2,Tumor,48,False,0.8766838560303094,88.79741558982909,87.29939558149228,0.0004997501249375312,0.03231597845601436,556.0,0.737702630900048
seba_5fold_f0,primario,val,lamina,4799,4,score_3,True,False,score_2,necrosis,18,False,0.7355853029352297,81.63818257607338,73.47505905238295,,,,
seba_5fold_f0,primario,val,lamina,4799,4,score_3,True,False,score_2,Stroma,12,False,0.6340435902792285,65.70446019174656,63.373627900514094,,,,
seba_5fold_f0,primario,val,lamina,4799,4,score_3,True,False,score_2,Tejido Adiposo,27,False,0.2835444413399149,28.449353897457275,28.47173976811326,,,,
seba_5fold_f0,primario,val,region_anotada,2496,4,score_3,True,False,score_2,Nucleos alto grado,13,True,0.8282164874996127,86.09218436873748,82.66378911669493,0.0004997501249375312,0.09295352323838081,2000.0,0.5849944011885804
seba_5fold_f0,primario,val,region_anotada,2496,4,score_3,True,False,score_2,Mitosis,28,True,0.9364436212086131,96.71342685370742,93.17205840251935,0.0004997501249375312,0.000774593338497289,1290.0,0.7694742747182926
seba_5fold_f0,primario,val,region_anotada,2496,4,score_3,True,False,score_2,Immune cells,23,False,0.3755516095571301,31.82364729458918,37.664895007406116,,,,
seba_5fold_f0,primario,val,region_anotada,2496,4,score_3,True,False,score_2,Tumor,48,False,0.8934589460784313,90.14028056112224,88.60470941883767,0.0004997501249375312,0.020763187429854096,1781.0,0.7503056120702214
seba_5fold_f0,primario,val,region_anotada,2496,4,score_3,True,False,score_2,necrosis,18,False,0.7527576002152273,83.36673346693387,75.10354041416166,,,,
seba_5fold_f0,primario,val,region_anotada,2496,4,score_3,True,False,score_2,Stroma,12,False,0.6563003220611916,67.89579158316633,65.56112224448897,,,,
seba_5fold_f0,primario,val,region_anotada,2496,4,score_3,True,False,score_2,Tejido Adiposo,27,False,0.30198160898849435,30.220440881763526,30.404512729162022,,,,
seba_5fold_f2,primario,val,lamina,4799,4,no_identificado,False,False,score_2,Nucleos alto grado,13,True,0.9008647015333183,92.01750729470612,89.98621220380285,,,,
seba_5fold_f2,primario,val,lamina,4799,4,no_identificado,False,False,score_2,Mitosis,28,True,0.8910605743030812,91.05877448937056,88.8859941642351,,,,
seba_5fold_f2,primario,val,lamina,4799,4,no_identificado,False,False,score_2,Immune cells,23,False,0.3504569951205302,29.512296790329305,35.114268626420426,,,,
seba_5fold_f2,primario,val,lamina,4799,4,no_identificado,False,False,score_2,Tumor,48,False,0.8063960218901284,81.5131304710296,80.33946436015006,,,,
seba_5fold_f2,primario,val,lamina,4799,4,no_identificado,False,False,score_2,necrosis,18,False,0.6159915405889052,61.19216340141726,61.55805659765643,,,,
seba_5fold_f2,primario,val,lamina,4799,4,no_identificado,False,False,score_2,Stroma,12,False,0.5187835108975698,52.740725302209256,51.87404474086426,,,,
seba_5fold_f2,primario,val,lamina,4799,4,no_identificado,False,False,score_2,Tejido Adiposo,27,False,0.0380692930986309,3.4597749062109213,4.05724607475337,,,,
seba_5fold_f2,primario,val,region_anotada,2496,4,no_identificado,False,False,score_2,Nucleos alto grado,13,True,0.9101273273645404,93.1062124248497,90.8154771080623,,,,
seba_5fold_f2,primario,val,region_anotada,2496,4,no_identificado,False,False,score_2,Mitosis,28,True,0.9022053716137995,92.12424849699399,89.78528485542515,,,,
seba_5fold_f2,primario,val,region_anotada,2496,4,no_identificado,False,False,score_2,Immune cells,23,False,0.3660226093988994,30.781563126252504,36.72039731637187,,,,
seba_5fold_f2,primario,val,region_anotada,2496,4,no_identificado,False,False,score_2,Tumor,48,False,0.821291190087146,82.625250501002,81.52388109552437,,,,
seba_5fold_f2,primario,val,region_anotada,2496,4,no_identificado,False,False,score_2,necrosis,18,False,0.6344946641556811,63.126252505010015,63.3578267646404,,,,
seba_5fold_f2,primario,val,region_anotada,2496,4,no_identificado,False,False,score_2,Stroma,12,False,0.532776435856146,54.92985971943888,53.26319305277221,,,,
seba_5fold_f2,primario,val,region_anotada,2496,4,no_identificado,False,False,score_2,Tejido Adiposo,27,False,0.038612123666801675,3.6072144288577155,4.342017368069472,,,,
seba_5fold_f2,primario,val,lamina,4799,4,score_1,False,False,score_2,Nucleos alto grado,13,True,0.9069561863126426,94.39349729053772,90.59383717574632,,,,
seba_5fold_f2,primario,val,lamina,4799,4,score_1,False,False,score_2,Mitosis,28,True,0.9134278528011498,92.1217173822426,91.11013517537069,,,,
seba_5fold_f2,primario,val,lamina,4799,4,score_1,False,False,score_2,Immune cells,23,False,0.3970759595076833,35.410587744893704,39.7547891331533,,,,
seba_5fold_f2,primario,val,lamina,4799,4,score_1,False,False,score_2,Tumor,48,False,0.8119606398652915,82.51354731137974,80.89047519799917,,,,
seba_5fold_f2,primario,val,lamina,4799,4,score_1,False,False,score_2,necrosis,18,False,0.5848148922819494,54.3351396415173,58.451438099208,,,,
seba_5fold_f2,primario,val,lamina,4799,4,score_1,False,False,score_2,Stroma,12,False,0.5567509226376993,58.72238432680284,55.662081422815056,,,,
seba_5fold_f2,primario,val,lamina,4799,4,score_1,False,False,score_2,Tejido Adiposo,27,False,0.05666542485486325,5.356398499374739,5.906782146882188,,,,
seba_5fold_f2,primario,val,region_anotada,2496,4,score_1,False,False,score_2,Nucleos alto grado,13,True,0.9154868490349763,95.11022044088176,91.34885154925236,,,,
seba_5fold_f2,primario,val,region_anotada,2496,4,score_1,False,False,score_2,Mitosis,28,True,0.9231158833063209,92.86573146292585,91.85370741482964,,,,
seba_5fold_f2,primario,val,region_anotada,2496,4,score_1,False,False,score_2,Immune cells,23,False,0.41463457515075863,37.274549098196395,41.53872963317941,,,,
seba_5fold_f2,primario,val,region_anotada,2496,4,score_1,False,False,score_2,Tumor,48,False,0.8267463235294118,83.54709418837675,82.05911823647295,,,,
seba_5fold_f2,primario,val,region_anotada,2496,4,score_1,False,False,score_2,necrosis,18,False,0.6036229934535019,55.99198396793587,60.29169450011133,,,,
seba_5fold_f2,primario,val,region_anotada,2496,4,score_1,False,False,score_2,Stroma,12,False,0.5725979602791197,60.521042084168336,57.22778891115564,,,,
seba_5fold_f2,primario,val,region_anotada,2496,4,score_1,False,False,score_2,Tejido Adiposo,27,False,0.05947827130492177,5.531062124248497,6.4068878497736215,,,,
seba_5fold_f2,primario,val,lamina,4799,4,score_2,False,True,score_2,Nucleos alto grado,13,True,0.884502876980938,94.03918299291371,88.3541219097701,0.0004997501249375312,0.02448775612193903,2000.0,0.5254434355624009
seba_5fold_f2,primario,val,lamina,4799,4,score_2,False,True,score_2,Mitosis,28,True,0.904886666467048,93.19508128386829,90.26082296194842,0.0004997501249375312,0.002331002331002331,428.0,0.710753895708455
seba_5fold_f2,primario,val,lamina,4799,4,score_2,False,True,score_2,Immune cells,23,False,0.33843128686912827,24.551896623593162,33.91721188176232,,,,
seba_5fold_f2,primario,val,lamina,4799,4,score_2,False,True,score_2,Tumor,48,False,0.8118159334876868,82.26344310129221,80.87614631096291,0.0004997501249375312,0.14052287581699346,611.0,0.6630618938513668
seba_5fold_f2,primario,val,lamina,4799,4,score_2,False,True,score_2,necrosis,18,False,0.7966022914778406,82.86786160900374,79.55513871520542,,,,
seba_5fold_f2,primario,val,lamina,4799,4,score_2,False,True,score_2,Stroma,12,False,0.4806420165726621,45.0500208420175,48.0686397109907,,,,
seba_5fold_f2,primario,val,lamina,4799,4,score_2,False,True,score_2,Tejido Adiposo,27,False,0.012682003042438918,1.271363067944977,1.532274250073333,,,,
seba_5fold_f2,primario,val,region_anotada,2496,4,score_2,False,True,score_2,Nucleos alto grado,13,True,0.8960004956783048,94.82965931863727,89.40958840758441,0.0004997501249375312,0.01199400299850075,2000.0,0.5317867206607931
seba_5fold_f2,primario,val,region_anotada,2496,4,score_2,False,True,score_2,Mitosis,28,True,0.9162421856911322,93.88777555110221,91.17377612367594,0.0004997501249375312,0.0007698229407236335,1298.0,0.717101809230887
seba_5fold_f2,primario,val,region_anotada,2496,4,score_2,False,True,score_2,Immune cells,23,False,0.3521510575080434,25.89178356713427,35.34547355580727,,,,
seba_5fold_f2,primario,val,region_anotada,2496,4,score_2,False,True,score_2,Tumor,48,False,0.8295802696078431,83.52705410821643,82.33717434869739,0.0004997501249375312,0.11433351924149471,1792.0,0.6923605595905411
seba_5fold_f2,primario,val,region_anotada,2496,4,score_2,False,True,score_2,necrosis,18,False,0.8112725316115147,84.04809619238478,80.91516366065464,,,,
seba_5fold_f2,primario,val,region_anotada,2496,4,score_2,False,True,score_2,Stroma,12,False,0.49245169082125606,47.73547094188376,49.24849699398798,,,,
seba_5fold_f2,primario,val,region_anotada,2496,4,score_2,False,True,score_2,Tejido Adiposo,27,False,0.011610638585122181,1.5230460921843687,1.6700066800267197,,,,
seba_5fold_f2,primario,val,lamina,4799,4,score_3,True,False,score_2,Nucleos alto grado,13,True,0.8978912854800861,92.12171738224261,89.6896142623529,0.0004997501249375312,0.04297851074462768,2000.0,0.5860021240436809
seba_5fold_f2,primario,val,lamina,4799,4,score_3,True,False,score_2,Mitosis,28,True,0.9165269335569063,91.24635264693623,91.41829929137141,0.0004997501249375312,0.0022172949002217295,450.0,0.728668708699804
seba_5fold_f2,primario,val,lamina,4799,4,score_3,True,False,score_2,Immune cells,23,False,0.2980573155633239,22.551062942892873,29.89832720155137,,,,
seba_5fold_f2,primario,val,lamina,4799,4,score_3,True,False,score_2,Tumor,48,False,0.8267864660071564,83.28470195914966,82.35853480616923,0.0004997501249375312,0.022690437601296597,616.0,0.6832365045374246
seba_5fold_f2,primario,val,lamina,4799,4,score_3,True,False,score_2,necrosis,18,False,0.6669804085616677,67.05919132972072,66.63887730999028,,,,
seba_5fold_f2,primario,val,lamina,4799,4,score_3,True,False,score_2,Stroma,12,False,0.5014797019706149,49.52063359733222,50.14763095734333,,,,
seba_5fold_f2,primario,val,lamina,4799,4,score_3,True,False,score_2,Tejido Adiposo,27,False,0.027482847474465246,1.9591496456857023,3.004338227347814,,,,
seba_5fold_f2,primario,val,region_anotada,2496,4,score_3,True,False,score_2,Nucleos alto grado,13,True,0.9079587347811271,93.14629258517034,90.5996608601819,0.0004997501249375312,0.020989505247376312,2000.0,0.5536399096929229
seba_5fold_f2,primario,val,region_anotada,2496,4,score_3,True,False,score_2,Mitosis,28,True,0.9272690437601296,92.28456913827657,92.26452905811622,0.0004997501249375312,0.000777000777000777,1286.0,0.7359423594922021
seba_5fold_f2,primario,val,region_anotada,2496,4,score_3,True,False,score_2,Immune cells,23,False,0.31204838341039753,23.80761523046092,31.370567221399316,,,,
seba_5fold_f2,primario,val,region_anotada,2496,4,score_3,True,False,score_2,Tumor,48,False,0.8420138888888888,84.30861723446894,83.55711422845691,0.0004997501249375312,0.02125215393452039,1740.0,0.6999817422618105
seba_5fold_f2,primario,val,region_anotada,2496,4,score_3,True,False,score_2,necrosis,18,False,0.6837054972648193,68.77755511022045,68.24537964818528,,,,
seba_5fold_f2,primario,val,region_anotada,2496,4,score_3,True,False,score_2,Stroma,12,False,0.5155327428878154,51.58316633266533,51.546426185704746,,,,
seba_5fold_f2,primario,val,region_anotada,2496,4,score_3,True,False,score_2,Tejido Adiposo,27,False,0.02718149498222402,2.0841683366733466,3.21086617679804,,,,
seba_5fold_f1,control_interno,train,lamina,4799,4,no_identificado,False,False,score_3,Nucleos alto grado,13,True,0.8778327815101739,86.86952897040433,87.68878058165261,,,,
seba_5fold_f1,control_interno,train,lamina,4799,4,no_identificado,False,False,score_3,Mitosis,28,True,0.9343878192652034,94.46644435181327,93.19433692610016,,,,
seba_5fold_f1,control_interno,train,lamina,4799,4,no_identificado,False,False,score_3,Immune cells,23,False,0.4498488820916175,39.91246352646936,45.0078837196658,,,,
seba_5fold_f1,control_interno,train,lamina,4799,4,no_identificado,False,False,score_3,Tumor,48,False,0.8353066021188522,83.87869945810755,83.2022023065166,,,,
seba_5fold_f1,control_interno,train,lamina,4799,4,no_identificado,False,False,score_3,necrosis,18,False,0.7409189151502475,79.05377240516881,74.00653049881896,,,,
seba_5fold_f1,control_interno,train,lamina,4799,4,no_identificado,False,False,score_3,Stroma,12,False,0.7047211196991853,68.49729053772406,70.42517715714881,,,,
seba_5fold_f1,control_interno,train,lamina,4799,4,no_identificado,False,False,score_3,Tejido Adiposo,27,False,0.059995032752786316,4.168403501458942,6.237938647275871,,,,
seba_5fold_f1,control_interno,train,region_anotada,2496,4,no_identificado,False,False,score_3,Nucleos alto grado,13,True,0.8930264258496236,88.2565130260521,89.11361183906274,,,,
seba_5fold_f1,control_interno,train,region_anotada,2496,4,no_identificado,False,False,score_3,Mitosis,28,True,0.9481650845103033,95.79158316633266,94.33152018322359,,,,
seba_5fold_f1,control_interno,train,region_anotada,2496,4,no_identificado,False,False,score_3,Immune cells,23,False,0.472529404525396,42.565130260521045,47.277163021695564,,,,
seba_5fold_f1,control_interno,train,region_anotada,2496,4,no_identificado,False,False,score_3,Tumor,48,False,0.8547623910675382,85.57114228456913,84.80794923179693,,,,
seba_5fold_f1,control_interno,train,region_anotada,2496,4,no_identificado,False,False,score_3,necrosis,18,False,0.760469913012286,80.64128256513027,75.86951681140057,,,,
seba_5fold_f1,control_interno,train,region_anotada,2496,4,no_identificado,False,False,score_3,Stroma,12,False,0.7242351046698873,70.66132264529058,72.3246492985972,,,,
seba_5fold_f1,control_interno,train,region_anotada,2496,4,no_identificado,False,False,score_3,Tejido Adiposo,27,False,0.06510358069693833,4.569138276553106,6.96355674311586,,,,
seba_5fold_f1,control_interno,train,lamina,4799,4,score_1,False,False,score_3,Nucleos alto grado,13,True,0.8603940981709474,91.64235097957483,85.94927373585149,,,,
seba_5fold_f1,control_interno,train,lamina,4799,4,score_1,False,False,score_3,Mitosis,28,True,0.9122825403479354,94.2997082117549,90.99624843684867,,,,
seba_5fold_f1,control_interno,train,lamina,4799,4,score_1,False,False,score_3,Immune cells,23,False,0.5965333915956594,56.544393497290535,59.609076245537096,,,,
seba_5fold_f1,control_interno,train,lamina,4799,4,score_1,False,False,score_3,Tumor,48,False,0.7591208868308427,74.10379324718633,75.65826038627206,,,,
seba_5fold_f1,control_interno,train,lamina,4799,4,score_1,False,False,score_3,necrosis,18,False,0.7548048990215901,84.71238015839933,75.39020888333101,,,,
seba_5fold_f1,control_interno,train,lamina,4799,4,score_1,False,False,score_3,Stroma,12,False,0.8598635192535339,88.58899541475614,85.90384882589967,,,,
seba_5fold_f1,control_interno,train,lamina,4799,4,score_1,False,False,score_3,Tejido Adiposo,27,False,0.251583310049362,25.9899958315965,25.292946134963646,,,,
seba_5fold_f1,control_interno,train,region_anotada,2496,4,score_1,False,False,score_3,Nucleos alto grado,13,True,0.878372935964559,93.18637274549098,87.65531062124249,,,,
seba_5fold_f1,control_interno,train,region_anotada,2496,4,score_1,False,False,score_3,Mitosis,28,True,0.9275439916647372,95.57114228456913,92.29172630976238,,,,
seba_5fold_f1,control_interno,train,region_anotada,2496,4,score_1,False,False,score_3,Immune cells,23,False,0.6192091984739535,59.15831663326653,61.81580552409165,,,,
seba_5fold_f1,control_interno,train,region_anotada,2496,4,score_1,False,False,score_3,Tumor,48,False,0.7841605392156863,76.75350701402806,77.88076152304609,,,,
seba_5fold_f1,control_interno,train,region_anotada,2496,4,score_1,False,False,score_3,necrosis,18,False,0.7752667922159447,86.47294589178357,77.3391226898241,,,,
seba_5fold_f1,control_interno,train,region_anotada,2496,4,score_1,False,False,score_3,Stroma,12,False,0.8787909286097692,90.1002004008016,87.71209084836339,,,,
seba_5fold_f1,control_interno,train,region_anotada,2496,4,score_1,False,False,score_3,Tejido Adiposo,27,False,0.271049907744926,28.296593186372746,27.34357604097083,,,,
seba_5fold_f1,control_interno,train,lamina,4799,4,score_2,False,False,score_3,Nucleos alto grado,13,True,0.8843903693464914,94.4977073780742,88.34289928495849,,,,
seba_5fold_f1,control_interno,train,lamina,4799,4,score_2,False,False,score_3,Mitosis,28,True,0.940009581698955,95.33138807836599,93.75334960995653,,,,
seba_5fold_f1,control_interno,train,lamina,4799,4,score_2,False,False,score_3,Immune cells,23,False,0.5601376447454665,61.00458524385161,55.98618989796475,,,,
seba_5fold_f1,control_interno,train,lamina,4799,4,score_2,False,False,score_3,Tumor,48,False,0.8271372693468042,83.23259691538141,82.39327150201473,,,,
seba_5fold_f1,control_interno,train,lamina,4799,4,score_2,False,False,score_3,necrosis,18,False,0.8027493086058239,82.44060025010421,80.16766245194756,,,,
seba_5fold_f1,control_interno,train,lamina,4799,4,score_2,False,False,score_3,Stroma,12,False,0.7590522944084673,83.0345977490621,75.8458385438377,,,,
seba_5fold_f1,control_interno,train,lamina,4799,4,score_2,False,False,score_3,Tejido Adiposo,27,False,0.08076433516500574,9.48311796581909,8.303614160221079,,,,
seba_5fold_f1,control_interno,train,region_anotada,2496,4,score_2,False,False,score_3,Nucleos alto grado,13,True,0.8994702438117662,95.59118236472946,89.75489440419301,,,,
seba_5fold_f1,control_interno,train,region_anotada,2496,4,score_2,False,False,score_3,Mitosis,28,True,0.9532009724473258,96.51302605210421,94.82965931863728,,,,
seba_5fold_f1,control_interno,train,region_anotada,2496,4,score_2,False,False,score_3,Immune cells,23,False,0.5765924154784718,63.52705410821643,57.591705149429295,,,,
seba_5fold_f1,control_interno,train,region_anotada,2496,4,score_2,False,False,score_3,Tumor,48,False,0.8488051470588235,85.27054108216433,84.22344689378758,,,,
seba_5fold_f1,control_interno,train,region_anotada,2496,4,score_2,False,False,score_3,necrosis,18,False,0.8234687471975608,84.52905811623246,82.12647517256735,,,,
seba_5fold_f1,control_interno,train,region_anotada,2496,4,score_2,False,False,score_3,Stroma,12,False,0.7761674718196457,85.03006012024048,77.49498997995993,,,,
seba_5fold_f1,control_interno,train,region_anotada,2496,4,score_2,False,False,score_3,Tejido Adiposo,27,False,0.07759926795973779,9.418837675350701,8.200103911526757,,,,
seba_5fold_f1,control_interno,train,lamina,4799,4,score_3,True,True,score_3,Nucleos alto grado,13,True,0.8782667395287538,90.01667361400584,87.73206784878315,0.0004997501249375312,0.047476261869065464,2000.0,0.6510877535578684
seba_5fold_f1,control_interno,train,lamina,4799,4,score_3,True,True,score_3,Mitosis,28,True,0.9506243075725365,96.11296373488953,94.80884892514737,0.0004997501249375312,0.0022026431718061676,453.0,0.793398925408998
seba_5fold_f1,control_interno,train,lamina,4799,4,score_3,True,True,score_3,Immune cells,23,False,0.4420562959726167,41.704877032096704,44.23219819852475,,,,
seba_5fold_f1,control_interno,train,lamina,4799,4,score_3,True,True,score_3,Tumor,48,False,0.8456509155967165,84.22259274697791,84.22650062526053,0.0004997501249375312,0.3383838383838384,593.0,0.7841291384507482
seba_5fold_f1,control_interno,train,lamina,4799,4,score_3,True,True,score_3,necrosis,18,False,0.7659950266099608,81.2526052521884,76.50525681997128,,,,
seba_5fold_f1,control_interno,train,lamina,4799,4,score_3,True,True,score_3,Stroma,12,False,0.8077954181463687,84.17048770320966,80.70897596220648,,,,
seba_5fold_f1,control_interno,train,lamina,4799,4,score_3,True,True,score_3,Tejido Adiposo,27,False,0.19683493216603024,18.570237598999583,19.84777607953931,,,,
seba_5fold_f1,control_interno,train,region_anotada,2496,4,score_3,True,True,score_3,Nucleos alto grado,13,True,0.891136652312649,91.38276553106212,88.92554339448127,0.0004997501249375312,0.02948525737131434,2000.0,0.6507578930135051
seba_5fold_f1,control_interno,train,region_anotada,2496,4,score_3,True,True,score_3,Mitosis,28,True,0.9602193794859921,96.87374749498998,95.52390495276266,0.0004997501249375312,0.0007513148009015778,1330.0,0.8087865668991085
seba_5fold_f1,control_interno,train,region_anotada,2496,4,score_3,True,True,score_3,Immune cells,23,False,0.46400253169007893,44.32865731462926,46.431994423629874,,,,
seba_5fold_f1,control_interno,train,region_anotada,2496,4,score_3,True,True,score_3,Tumor,48,False,0.8628727532679739,85.5511022044088,85.60370741482966,0.0004997501249375312,0.30951072017592085,1818.0,0.7922627749120404
seba_5fold_f1,control_interno,train,region_anotada,2496,4,score_3,True,True,score_3,necrosis,18,False,0.7833602367500673,82.625250501002,78.14295257181028,,,,
seba_5fold_f1,control_interno,train,region_anotada,2496,4,score_3,True,True,score_3,Stroma,12,False,0.8239398819108964,85.57114228456913,82.25116900467602,,,,
seba_5fold_f1,control_interno,train,region_anotada,2496,4,score_3,True,True,score_3,Tejido Adiposo,27,False,0.2193720654636005,20.681362725450903,22.229644474133448,,,,
seba_5fold_f3,control_interno,train,lamina,4799,4,no_identificado,False,False,score_3,Nucleos alto grado,13,True,0.7971005175351185,81.8466027511463,79.63574566325714,,,,
seba_5fold_f3,control_interno,train,lamina,4799,4,no_identificado,False,False,score_3,Mitosis,28,True,0.7571189028954697,73.95789912463526,75.56720061930567,,,,
seba_5fold_f3,control_interno,train,lamina,4799,4,no_identificado,False,False,score_3,Immune cells,23,False,0.7188478625009104,74.8020008336807,71.78443916849413,,,,
seba_5fold_f3,control_interno,train,lamina,4799,4,no_identificado,False,False,score_3,Tumor,48,False,0.7980162071142918,77.93872446852856,79.5096915381409,,,,
seba_5fold_f3,control_interno,train,lamina,4799,4,no_identificado,False,False,score_3,necrosis,18,False,0.5936112854121639,59.60817007086286,59.3279607243759,,,,
seba_5fold_f3,control_interno,train,lamina,4799,4,no_identificado,False,False,score_3,Stroma,12,False,0.7908223661304923,81.58607753230513,79.01556203973878,,,,
seba_5fold_f3,control_interno,train,lamina,4799,4,no_identificado,False,False,score_3,Tejido Adiposo,27,False,0.18590698829592375,18.007503126302627,18.76090346286261,,,,
seba_5fold_f3,control_interno,train,region_anotada,2496,4,no_identificado,False,False,score_3,Nucleos alto grado,13,True,0.8183958610861551,83.76753507014028,81.68644982272237,,,,
seba_5fold_f3,control_interno,train,region_anotada,2496,4,no_identificado,False,False,score_3,Mitosis,28,True,0.7811559388747396,76.43286573146293,77.81133695963355,,,,
seba_5fold_f3,control_interno,train,region_anotada,2496,4,no_identificado,False,False,score_3,Immune cells,23,False,0.7424884403734243,77.27454909819639,74.03502657488892,,,,
seba_5fold_f3,control_interno,train,region_anotada,2496,4,no_identificado,False,False,score_3,Tumor,48,False,0.8214954384531591,80.3006012024048,81.5439211756847,,,,
seba_5fold_f3,control_interno,train,region_anotada,2496,4,no_identificado,False,False,score_3,necrosis,18,False,0.6209981167608286,62.44488977955912,62.017368069472276,,,,
seba_5fold_f3,control_interno,train,region_anotada,2496,4,no_identificado,False,False,score_3,Stroma,12,False,0.8104871175523349,83.64729458917836,80.9118236472946,,,,
seba_5fold_f3,control_interno,train,region_anotada,2496,4,no_identificado,False,False,score_3,Tejido Adiposo,27,False,0.20201611088609875,19.559118236472944,20.512135381874852,,,,
seba_5fold_f3,control_interno,train,lamina,4799,4,score_1,False,False,score_3,Nucleos alto grado,13,True,0.7781027998328458,76.96957065443935,77.74072530220926,,,,
seba_5fold_f3,control_interno,train,lamina,4799,4,score_1,False,False,score_3,Mitosis,28,True,0.9278677725544211,94.6957065443935,92.54600131006966,,,,
seba_5fold_f3,control_interno,train,lamina,4799,4,score_1,False,False,score_3,Immune cells,23,False,0.5811758065690773,61.48395164651938,58.08035957011074,,,,
seba_5fold_f3,control_interno,train,lamina,4799,4,score_1,False,False,score_3,Tumor,48,False,0.8819239809162983,89.90204251771571,87.81827497568433,,,,
seba_5fold_f3,control_interno,train,lamina,4799,4,score_1,False,False,score_3,necrosis,18,False,0.749250505473053,81.6902876198416,74.83673752952619,,,,
seba_5fold_f3,control_interno,train,lamina,4799,4,score_1,False,False,score_3,Stroma,12,False,0.7526634635471068,80.13755731554815,75.20842017507294,,,,
seba_5fold_f3,control_interno,train,lamina,4799,4,score_1,False,False,score_3,Tejido Adiposo,27,False,0.17664772903666448,17.257190496040018,17.839995059669928,,,,
seba_5fold_f3,control_interno,train,region_anotada,2496,4,score_1,False,False,score_3,Nucleos alto grado,13,True,0.7981659902723133,79.63927855711422,79.673192538924,,,,
seba_5fold_f3,control_interno,train,region_anotada,2496,4,score_1,False,False,score_3,Mitosis,28,True,0.9408862005093772,95.57114228456913,93.61150873174923,,,,
seba_5fold_f3,control_interno,train,region_anotada,2496,4,score_1,False,False,score_3,Immune cells,23,False,0.6027180505986393,63.967935871743485,60.18123202927594,,,,
seba_5fold_f3,control_interno,train,region_anotada,2496,4,score_1,False,False,score_3,Tumor,48,False,0.8999183006535948,91.44288577154308,89.23847695390782,,,,
seba_5fold_f3,control_interno,train,region_anotada,2496,4,score_1,False,False,score_3,necrosis,18,False,0.7693256210205363,83.62725450901803,76.74905366288132,,,,
seba_5fold_f3,control_interno,train,region_anotada,2496,4,score_1,False,False,score_3,Stroma,12,False,0.7700617283950617,82.18436873747495,76.8871075484302,,,,
seba_5fold_f3,control_interno,train,region_anotada,2496,4,score_1,False,False,score_3,Tejido Adiposo,27,False,0.17940986754271485,17.595190380761522,18.27506865583018,,,,
seba_5fold_f3,control_interno,train,lamina,4799,4,score_2,False,False,score_3,Nucleos alto grado,13,True,0.745813108746665,78.92872030012505,74.51983198127424,,,,
seba_5fold_f3,control_interno,train,lamina,4799,4,score_2,False,False,score_3,Mitosis,28,True,0.9157184777075785,92.90329303876615,91.33790865241471,,,,
seba_5fold_f3,control_interno,train,lamina,4799,4,score_2,False,False,score_3,Immune cells,23,False,0.6848008156725657,67.54897874114214,68.39534588687313,,,,
seba_5fold_f3,control_interno,train,lamina,4799,4,score_2,False,False,score_3,Tumor,48,False,0.8095357117799762,85.08753647353063,80.65035778796721,,,,
seba_5fold_f3,control_interno,train,lamina,4799,4,score_2,False,False,score_3,necrosis,18,False,0.8091984475586232,84.42059191329722,80.81029132508915,,,,
seba_5fold_f3,control_interno,train,lamina,4799,4,score_2,False,False,score_3,Stroma,12,False,0.8511767982731008,88.82867861609003,85.03716826455468,,,,
seba_5fold_f3,control_interno,train,lamina,4799,4,score_2,False,False,score_3,Tejido Adiposo,27,False,0.03310980720871752,2.396832013338891,3.5639849937473946,,,,
seba_5fold_f3,control_interno,train,region_anotada,2496,4,score_2,False,False,score_3,Nucleos alto grado,13,True,0.7679296136807212,81.1623246492986,76.66409742562047,,,,
seba_5fold_f3,control_interno,train,region_anotada,2496,4,score_2,False,False,score_3,Mitosis,28,True,0.9327535309099328,94.32865731462925,92.80704265674207,,,,
seba_5fold_f3,control_interno,train,region_anotada,2496,4,score_2,False,False,score_3,Immune cells,23,False,0.705462472968934,70.34068136272545,70.36507798205106,,,,
seba_5fold_f3,control_interno,train,region_anotada,2496,4,score_2,False,False,score_3,Tumor,48,False,0.8330524918300654,87.23446893787575,82.67785571142285,,,,
seba_5fold_f3,control_interno,train,region_anotada,2496,4,score_2,False,False,score_3,necrosis,18,False,0.8313828356201237,86.61322645290582,82.91249164996661,,,,
seba_5fold_f3,control_interno,train,region_anotada,2496,4,score_2,False,False,score_3,Stroma,12,False,0.8677871712292002,90.62124248496994,86.61656646626585,,,,
seba_5fold_f3,control_interno,train,region_anotada,2496,4,score_2,False,False,score_3,Tejido Adiposo,27,False,0.028681577486761773,1.9238476953907815,3.359311215022638,,,,
seba_5fold_f3,control_interno,train,lamina,4799,4,score_3,True,True,score_3,Nucleos alto grado,13,True,0.7616606126844322,78.47019591496456,76.10061884759675,0.0004997501249375312,0.1584207896051974,2000.0,0.5377159491985194
seba_5fold_f3,control_interno,train,lamina,4799,4,score_3,True,True,score_3,Mitosis,28,True,0.9438347755786448,95.38349312213421,94.13371642946466,0.0004997501249375312,0.0024330900243309003,410.0,0.7464411746180195
seba_5fold_f3,control_interno,train,lamina,4799,4,score_3,True,True,score_3,Immune cells,23,False,0.21016313451314544,11.192163401417258,21.149210721858747,,,,
seba_5fold_f3,control_interno,train,lamina,4799,4,score_3,True,True,score_3,Tumor,48,False,0.8851206763488388,90.78782826177574,88.13481311657635,0.0004997501249375312,0.14130434782608695,643.0,0.744552134410063
seba_5fold_f3,control_interno,train,lamina,4799,4,score_3,True,True,score_3,necrosis,18,False,0.8140323967556764,88.12005002084202,81.29197350747998,,,,
seba_5fold_f3,control_interno,train,lamina,4799,4,score_3,True,True,score_3,Stroma,12,False,0.6488928347608105,65.13130471029595,64.85514797832431,,,,
seba_5fold_f3,control_interno,train,lamina,4799,4,score_3,True,True,score_3,Tejido Adiposo,27,False,0.25391170718077677,25.323051271363067,25.524524107266913,,,,
seba_5fold_f3,control_interno,train,region_anotada,2496,4,score_3,True,True,score_3,Nucleos alto grado,13,True,0.7772545617893987,80.36072144288578,77.5921072915061,0.0004997501249375312,0.10794602698650675,2000.0,0.5277339692403493
seba_5fold_f3,control_interno,train,region_anotada,2496,4,score_3,True,True,score_3,Mitosis,28,True,0.953244385274369,96.11222444889779,94.83395362152878,0.0004997501249375312,0.0007955449482895784,1256.0,0.7579431914785287
seba_5fold_f3,control_interno,train,region_anotada,2496,4,score_3,True,True,score_3,Immune cells,23,False,0.21515849434765028,11.663326653306614,21.767012285440444,,,,
seba_5fold_f3,control_interno,train,region_anotada,2496,4,score_3,True,True,score_3,Tumor,48,False,0.899552355664488,91.84368737474949,89.20257181028724,0.0004997501249375312,0.12479108635097493,1794.0,0.7479402958814273
seba_5fold_f3,control_interno,train,region_anotada,2496,4,score_3,True,True,score_3,necrosis,18,False,0.8279750695004933,88.97795591182364,82.57403696281452,,,,
seba_5fold_f3,control_interno,train,region_anotada,2496,4,score_3,True,True,score_3,Stroma,12,False,0.6634460547504025,66.99398797595191,66.27254509018037,,,,
seba_5fold_f3,control_interno,train,region_anotada,2496,4,score_3,True,True,score_3,Tejido Adiposo,27,False,0.26174939621679194,26.452905811623246,26.42321680397833,,,,
seba_5fold_f4,control_interno,train,lamina,4799,4,no_identificado,False,False,score_3,Nucleos alto grado,13,True,0.8868012472274904,89.18299291371405,88.58338410235034,,,,
seba_5fold_f4,control_interno,train,lamina,4799,4,no_identificado,False,False,score_3,Mitosis,28,True,0.9035616971584274,93.73697373905794,90.12907163699161,,,,
seba_5fold_f4,control_interno,train,lamina,4799,4,no_identificado,False,False,score_3,Immune cells,23,False,0.4693303473891195,40.1417257190496,46.94709752251844,,,,
seba_5fold_f4,control_interno,train,lamina,4799,4,no_identificado,False,False,score_3,Tumor,48,False,0.8253569423980917,81.94039182992914,82.21698277059886,,,,
seba_5fold_f4,control_interno,train,lamina,4799,4,no_identificado,False,False,score_3,necrosis,18,False,0.8001347928141486,84.38932888703627,79.9071372331064,,,,
seba_5fold_f4,control_interno,train,lamina,4799,4,no_identificado,False,False,score_3,Stroma,12,False,0.6349662279785531,59.17048770320967,63.46568014450465,,,,
seba_5fold_f4,control_interno,train,lamina,4799,4,no_identificado,False,False,score_3,Tejido Adiposo,27,False,0.07152835987706063,6.711129637348895,7.385021536751425,,,,
seba_5fold_f4,control_interno,train,region_anotada,2496,4,no_identificado,False,False,score_3,Nucleos alto grado,13,True,0.893491124260355,89.61923847695391,89.15985817789425,,,,
seba_5fold_f4,control_interno,train,region_anotada,2496,4,no_identificado,False,False,score_3,Mitosis,28,True,0.9108589951377634,94.18837675350701,90.64128256513025,,,,
seba_5fold_f4,control_interno,train,region_anotada,2496,4,no_identificado,False,False,score_3,Immune cells,23,False,0.4879656815344855,42.16432865731463,48.80717957654439,,,,
seba_5fold_f4,control_interno,train,region_anotada,2496,4,no_identificado,False,False,score_3,Tumor,48,False,0.8375544662309368,82.88577154308618,83.11957247828991,,,,
seba_5fold_f4,control_interno,train,region_anotada,2496,4,no_identificado,False,False,score_3,necrosis,18,False,0.8097480046632589,85.17034068136272,80.76374972166556,,,,
seba_5fold_f4,control_interno,train,region_anotada,2496,4,no_identificado,False,False,score_3,Stroma,12,False,0.6499932903918412,60.881763527054105,64.93319973279894,,,,
seba_5fold_f4,control_interno,train,region_anotada,2496,4,no_identificado,False,False,score_3,Tejido Adiposo,27,False,0.07791428528569071,7.5350701402805615,8.231277369553922,,,,
seba_5fold_f4,control_interno,train,lamina,4799,4,score_1,False,False,score_3,Nucleos alto grado,13,True,0.8527596515477835,85.70237598999583,85.18773848077724,,,,
seba_5fold_f4,control_interno,train,lamina,4799,4,score_1,False,False,score_3,Mitosis,28,True,0.8850869838608258,90.35014589412255,88.2919966652772,,,,
seba_5fold_f4,control_interno,train,lamina,4799,4,score_1,False,False,score_3,Immune cells,23,False,0.42697181559973785,34.20175072947061,42.730666763325296,,,,
seba_5fold_f4,control_interno,train,lamina,4799,4,score_1,False,False,score_3,Tumor,48,False,0.7900222760120676,80.75239683201335,78.71812908156176,,,,
seba_5fold_f4,control_interno,train,lamina,4799,4,score_1,False,False,score_3,necrosis,18,False,0.7926630876850497,86.7965819091288,79.16261405215135,,,,
seba_5fold_f4,control_interno,train,lamina,4799,4,score_1,False,False,score_3,Stroma,12,False,0.6457419399763248,65.85035431429762,64.5407808809226,,,,
seba_5fold_f4,control_interno,train,lamina,4799,4,score_1,False,False,score_3,Tejido Adiposo,27,False,0.09004687839557915,9.649854105877449,9.226838343136802,,,,
seba_5fold_f4,control_interno,train,region_anotada,2496,4,score_1,False,False,score_3,Nucleos alto grado,13,True,0.868986028067784,87.21442885771543,86.72113457684598,,,,
seba_5fold_f4,control_interno,train,region_anotada,2496,4,score_1,False,False,score_3,Mitosis,28,True,0.899701898587636,91.68336673346693,89.53764672201544,,,,
seba_5fold_f4,control_interno,train,region_anotada,2496,4,score_1,False,False,score_3,Immune cells,23,False,0.4490761089329981,36.47294589178357,44.95251372309837,,,,
seba_5fold_f4,control_interno,train,region_anotada,2496,4,score_1,False,False,score_3,Tumor,48,False,0.8091469226579521,82.34468937875752,80.33233132932531,,,,
seba_5fold_f4,control_interno,train,region_anotada,2496,4,score_1,False,False,score_3,necrosis,18,False,0.8067886288225271,88.19639278557113,80.46982854598085,,,,
seba_5fold_f4,control_interno,train,region_anotada,2496,4,score_1,False,False,score_3,Stroma,12,False,0.6662640901771336,67.97595190380761,66.55310621242485,,,,
seba_5fold_f4,control_interno,train,region_anotada,2496,4,score_1,False,False,score_3,Tejido Adiposo,27,False,0.10134557400657036,11.142284569138276,10.549988866622131,,,,
seba_5fold_f4,control_interno,train,lamina,4799,4,score_2,False,False,score_3,Nucleos alto grado,13,True,0.768153910443923,78.03251354731138,76.74832462243886,,,,
seba_5fold_f4,control_interno,train,lamina,4799,4,score_2,False,False,score_3,Mitosis,28,True,0.8170793783872803,85.32721967486452,81.52950634192818,,,,
seba_5fold_f4,control_interno,train,lamina,4799,4,score_2,False,False,score_3,Immune cells,23,False,0.5846988566018498,64.81867444768653,58.43104916903781,,,,
seba_5fold_f4,control_interno,train,lamina,4799,4,score_2,False,False,score_3,Tumor,48,False,0.7088463832175682,72.13422259274698,70.6800576629151,,,,
seba_5fold_f4,control_interno,train,lamina,4799,4,score_2,False,False,score_3,necrosis,18,False,0.82356085430756,86.72363484785328,82.24144319392337,,,,
seba_5fold_f4,control_interno,train,lamina,4799,4,score_2,False,False,score_3,Stroma,12,False,0.7090731843186407,69.1017090454356,70.85938585521744,,,,
seba_5fold_f4,control_interno,train,lamina,4799,4,score_2,False,False,score_3,Tejido Adiposo,27,False,0.03746390984446307,4.168403501458942,3.9970358019545182,,,,
seba_5fold_f4,control_interno,train,region_anotada,2496,4,score_2,False,False,score_3,Nucleos alto grado,13,True,0.7831097617646148,79.67935871743487,78.1748111607831,,,,
seba_5fold_f4,control_interno,train,region_anotada,2496,4,score_2,False,False,score_3,Mitosis,28,True,0.8313411669367909,86.51302605210421,82.77555110220443,,,,
seba_5fold_f4,control_interno,train,region_anotada,2496,4,score_2,False,False,score_3,Immune cells,23,False,0.5958965523303855,66.6132264529058,59.50509715082338,,,,
seba_5fold_f4,control_interno,train,region_anotada,2496,4,score_2,False,False,score_3,Tumor,48,False,0.7265029275599129,73.76753507014027,72.22361389445558,,,,
seba_5fold_f4,control_interno,train,region_anotada,2496,4,score_2,False,False,score_3,necrosis,18,False,0.83454398708636,87.73547094188376,83.22645290581163,,,,
seba_5fold_f4,control_interno,train,region_anotada,2496,4,score_2,False,False,score_3,Stroma,12,False,0.7247047772410091,70.76152304609218,72.37140948563794,,,,
seba_5fold_f4,control_interno,train,region_anotada,2496,4,score_2,False,False,score_3,Tejido Adiposo,27,False,0.036121986709269006,4.168336673346693,4.095598604616641,,,,
seba_5fold_f4,control_interno,train,lamina,4799,4,score_3,True,True,score_3,Nucleos alto grado,13,True,0.8756308463788615,90.74614422676115,87.46913778176804,0.0004997501249375312,0.0399800099950025,2000.0,0.5857211024190727
seba_5fold_f4,control_interno,train,lamina,4799,4,score_3,True,True,score_3,Mitosis,28,True,0.9423301494146181,96.30054189245519,93.98410051807302,0.0004997501249375312,0.0025252525252525255,395.0,0.7638868099347116
seba_5fold_f4,control_interno,train,lamina,4799,4,score_3,True,True,score_3,Immune cells,23,False,0.4753386497705921,44.893705710712794,47.54517280751037,,,,
seba_5fold_f4,control_interno,train,lamina,4799,4,score_3,True,True,score_3,Tumor,48,False,0.8530397109380481,87.97415589829096,84.95814228150618,0.0004997501249375312,0.03767123287671233,583.0,0.7505514311052737
seba_5fold_f4,control_interno,train,lamina,4799,4,score_3,True,True,score_3,necrosis,18,False,0.8222361663064445,86.34847853272197,82.10944374971054,,,,
seba_5fold_f4,control_interno,train,lamina,4799,4,score_3,True,True,score_3,Stroma,12,False,0.6667014831836223,63.07836598582743,66.63192997082118,,,,
seba_5fold_f4,control_interno,train,lamina,4799,4,score_3,True,True,score_3,Tejido Adiposo,27,False,0.07824190493930645,7.815756565235515,8.052738023559199,,,,
seba_5fold_f4,control_interno,train,region_anotada,2496,4,score_3,True,True,score_3,Nucleos alto grado,13,True,0.8852504724433843,91.86372745490982,88.33975643594883,0.0004997501249375312,0.02848575712143928,2000.0,0.5923466191723107
seba_5fold_f4,control_interno,train,region_anotada,2496,4,score_3,True,True,score_3,Mitosis,28,True,0.9495253530909933,96.65330661322645,94.46607500715716,0.0004997501249375312,0.0007704160246533128,1297.0,0.7727938073140389
seba_5fold_f4,control_interno,train,region_anotada,2496,4,score_3,True,True,score_3,Immune cells,23,False,0.49659804145642505,47.13426853707415,49.66280386860677,,,,
seba_5fold_f4,control_interno,train,region_anotada,2496,4,score_3,True,True,score_3,Tumor,48,False,0.8669747412854031,89.05811623246493,86.0061790247161,0.0004997501249375312,0.0405780989438577,1798.0,0.751263728919813
seba_5fold_f4,control_interno,train,region_anotada,2496,4,score_3,True,True,score_3,necrosis,18,False,0.833826562640122,87.45490981963928,83.15519928746382,,,,
seba_5fold_f4,control_interno,train,region_anotada,2496,4,score_3,True,True,score_3,Stroma,12,False,0.6845477724100912,64.9498997995992,68.37341349365396,,,,
seba_5fold_f4,control_interno,train,region_anotada,2496,4,score_3,True,True,score_3,Tejido Adiposo,27,False,0.09022996264794564,9.37875751503006,9.450011133377867,,,,
tier0_f0,corroboracion,train,lamina,4799,3,score_1,False,False,score_3,Nucleos alto grado,13,True,0.8098620977852069,83.34722801167153,80.90871196331804,,,,
tier0_f0,corroboracion,train,lamina,4799,3,score_1,False,False,score_3,Mitosis,28,True,0.936700901278558,96.58190912880366,93.4243434764485,,,,
tier0_f0,corroboracion,train,lamina,4799,3,score_1,False,False,score_3,Immune cells,23,False,0.29104762945160584,27.511463109629013,29.200572702394112,,,,
tier0_f0,corroboracion,train,lamina,4799,3,score_1,False,False,score_3,Tumor,48,False,0.8666991159755841,88.27636515214672,86.31070237598999,,,,
tier0_f0,corroboracion,train,lamina,4799,3,score_1,False,False,score_3,necrosis,18,False,0.8441283785354063,91.34014172571905,84.29090824880738,,,,
tier0_f0,corroboracion,train,lamina,4799,3,score_1,False,False,score_3,Stroma,12,False,0.5584917484854816,52.29262192580242,55.83576490204252,,,,
tier0_f0,corroboracion,train,lamina,4799,3,score_1,False,False,score_3,Tejido Adiposo,27,False,0.3125097016547142,33.368070029178824,31.35256974356599,,,,
tier0_f0,corroboracion,train,region_anotada,2496,3,score_1,False,False,score_3,Nucleos alto grado,13,True,0.8217726695374702,84.60921843687375,82.02250655156467,,,,
tier0_f0,corroboracion,train,region_anotada,2496,3,score_1,False,False,score_3,Mitosis,28,True,0.9441421625376244,97.01402805611224,93.93358144861149,,,,
tier0_f0,corroboracion,train,region_anotada,2496,3,score_1,False,False,score_3,Immune cells,23,False,0.30160516183477204,29.09819639278557,30.335453515727114,,,,
tier0_f0,corroboracion,train,region_anotada,2496,3,score_1,False,False,score_3,Tumor,48,False,0.8790594362745098,89.4188376753507,87.19188376753506,,,,
tier0_f0,corroboracion,train,region_anotada,2496,3,score_1,False,False,score_3,necrosis,18,False,0.8528158909514841,92.22444889779558,85.04119349810733,,,,
tier0_f0,corroboracion,train,region_anotada,2496,3,score_1,False,False,score_3,Stroma,12,False,0.5722624798711755,54.06813627254509,57.194388777555105,,,,
tier0_f0,corroboracion,train,region_anotada,2496,3,score_1,False,False,score_3,Tejido Adiposo,27,False,0.3265829620629135,34.9498997995992,32.839011356045425,,,,
tier0_f0,corroboracion,train,lamina,4799,3,score_2,False,False,score_3,Nucleos alto grado,13,True,0.8161625253142177,85.88995414756148,81.53717895276878,,,,
tier0_f0,corroboracion,train,lamina,4799,3,score_2,False,False,score_3,Mitosis,28,True,0.9410575800221577,97.32180075031263,93.85755969749299,,,,
tier0_f0,corroboracion,train,lamina,4799,3,score_2,False,False,score_3,Immune cells,23,False,0.4374135168596606,42.20508545227178,43.770049114667344,,,,
tier0_f0,corroboracion,train,lamina,4799,3,score_2,False,False,score_3,Tumor,48,False,0.8691459692696274,90.32930387661526,86.55299082951228,,,,
tier0_f0,corroboracion,train,lamina,4799,3,score_2,False,False,score_3,necrosis,18,False,0.8753979874038439,92.43434764485202,87.40678986614793,,,,
tier0_f0,corroboracion,train,lamina,4799,3,score_2,False,False,score_3,Stroma,12,False,0.641511733166214,61.76531888286786,64.11873002639989,,,,
tier0_f0,corroboracion,train,lamina,4799,3,score_2,False,False,score_3,Tejido Adiposo,27,False,0.18825090807488126,20.75864943726553,18.994025288314578,,,,
tier0_f0,corroboracion,train,region_anotada,2496,3,score_2,False,False,score_3,Nucleos alto grado,13,True,0.8266674927971747,87.01402805611222,82.50963465392323,,,,
tier0_f0,corroboracion,train,region_anotada,2496,3,score_2,False,False,score_3,Mitosis,28,True,0.9472244732576985,97.55511022044088,94.23847695390783,,,,
tier0_f0,corroboracion,train,region_anotada,2496,3,score_2,False,False,score_3,Immune cells,23,False,0.4531021994057561,44.168336673346694,45.35157271063867,,,,
tier0_f0,corroboracion,train,region_anotada,2496,3,score_2,False,False,score_3,Tumor,48,False,0.8803955610021786,90.96192384769539,87.32297929191715,,,,
tier0_f0,corroboracion,train,region_anotada,2496,3,score_2,False,False,score_3,necrosis,18,False,0.8832615908887095,92.90581162324649,88.06501892674237,,,,
tier0_f0,corroboracion,train,region_anotada,2496,3,score_2,False,False,score_3,Stroma,12,False,0.6561996779388084,62.90581162324649,65.55110220440882,,,,
tier0_f0,corroboracion,train,region_anotada,2496,3,score_2,False,False,score_3,Tejido Adiposo,27,False,0.19574576601713095,21.56312625250501,19.891635122096044,,,,
tier0_f0,corroboracion,train,lamina,4799,3,score_3,True,True,score_3,Nucleos alto grado,13,True,0.8545276286605162,88.45352230095874,85.36409401353127,0.0004997501249375312,0.07546226886556721,2000.0,0.5821370208645597
tier0_f0,corroboracion,train,lamina,4799,3,score_3,True,True,score_3,Mitosis,28,True,0.935637931550738,96.2380158399333,93.31864467337581,0.0004997501249375312,0.002331002331002331,428.0,0.7434596383120674
tier0_f0,corroboracion,train,lamina,4799,3,score_3,True,True,score_3,Immune cells,23,False,0.3923330420217027,40.641934139224674,39.28267212787937,,,,
tier0_f0,corroboracion,train,lamina,4799,3,score_3,True,True,score_3,Tumor,48,False,0.8539035641619308,87.31763234681117,85.04368139502571,0.0004997501249375312,0.021172638436482084,613.0,0.716661402576262
tier0_f0,corroboracion,train,lamina,4799,3,score_3,True,True,score_3,necrosis,18,False,0.7840409956076134,83.97248853689037,78.30345977490622,,,,
tier0_f0,corroboracion,train,lamina,4799,3,score_3,True,True,score_3,Stroma,12,False,0.5940568205556717,52.490621092121714,59.384118382659445,,,,
tier0_f0,corroboracion,train,lamina,4799,3,score_3,True,True,score_3,Tejido Adiposo,27,False,0.052373412809288755,2.959566486035848,5.479906751269818,,,,
tier0_f0,corroboracion,train,region_anotada,2496,3,score_3,True,True,score_3,Nucleos alto grado,13,True,0.8661978376033954,89.49899799599199,86.44365654385696,0.0004997501249375312,0.06646676661669165,2000.0,0.5776447071090061
tier0_f0,corroboracion,train,region_anotada,2496,3,score_3,True,True,score_3,Mitosis,28,True,0.9446197036351007,96.81362725450902,93.98081878041798,0.0004997501249375312,0.0007621951219512195,1311.0,0.7617955228670038
tier0_f0,corroboracion,train,region_anotada,2496,3,score_3,True,True,score_3,Immune cells,23,False,0.4120853038907154,42.64529058116233,41.28605036159275,,,,
tier0_f0,corroboracion,train,region_anotada,2496,3,score_3,True,True,score_3,Tumor,48,False,0.8692299836601307,88.49699398797596,86.22745490981963,0.0004997501249375312,0.02716763005780347,1729.0,0.7385224760578142
tier0_f0,corroboracion,train,region_anotada,2496,3,score_3,True,True,score_3,necrosis,18,False,0.7980450183840014,85.15030060120242,79.60142507236695,,,,
tier0_f0,corroboracion,train,region_anotada,2496,3,score_3,True,True,score_3,Stroma,12,False,0.611983360171766,54.368737474949896,61.14896459585839,,,,
tier0_f0,corroboracion,train,region_anotada,2496,3,score_3,True,True,score_3,Tejido Adiposo,27,False,0.05395796768822285,3.2064128256513027,5.860610109107102,,,,
tier0_f1,corroboracion,train,lamina,4799,3,score_1,False,False,score_3,Nucleos alto grado,13,True,0.8666463081423382,89.78741142142559,86.57293102895437,,,,
tier0_f1,corroboracion,train,lamina,4799,3,score_1,False,False,score_3,Mitosis,28,True,0.9424873491630985,96.56106711129638,93.99973203120348,,,,
tier0_f1,corroboracion,train,lamina,4799,3,score_1,False,False,score_3,Immune cells,23,False,0.38292913844585247,31.909128803668196,38.34659368939956,,,,
tier0_f1,corroboracion,train,lamina,4799,3,score_1,False,False,score_3,Tumor,48,False,0.8679795481652985,87.51563151313047,86.43749131582604,,,,
tier0_f1,corroboracion,train,lamina,4799,3,score_1,False,False,score_3,necrosis,18,False,0.7956262055822817,81.85702375989996,79.45787596683803,,,,
tier0_f1,corroboracion,train,lamina,4799,3,score_1,False,False,score_3,Stroma,12,False,0.6262272822226864,61.92163401417257,62.59378907878283,,,,
tier0_f1,corroboracion,train,lamina,4799,3,score_1,False,False,score_3,Tejido Adiposo,27,False,0.07284778491819564,6.5027094622759485,7.516249054389947,,,,
tier0_f1,corroboracion,train,region_anotada,2496,3,score_1,False,False,score_3,Nucleos alto grado,13,True,0.8761733634870968,90.78156312625251,87.43641128410667,,,,
tier0_f1,corroboracion,train,region_anotada,2496,3,score_1,False,False,score_3,Mitosis,28,True,0.9491780504746469,96.81362725450902,94.4317205840252,,,,
tier0_f1,corroboracion,train,region_anotada,2496,3,score_1,False,False,score_3,Immune cells,23,False,0.4014838516851562,34.30861723446894,40.235253114925506,,,,
tier0_f1,corroboracion,train,region_anotada,2496,3,score_1,False,False,score_3,Tumor,48,False,0.8800721677559913,88.63727454909821,87.29124916499667,,,,
tier0_f1,corroboracion,train,region_anotada,2496,3,score_1,False,False,score_3,necrosis,18,False,0.8073939556990405,83.12625250501003,80.5299487864618,,,,
tier0_f1,corroboracion,train,region_anotada,2496,3,score_1,False,False,score_3,Stroma,12,False,0.6432501341921631,63.02605210420842,64.2618570474282,,,,
tier0_f1,corroboracion,train,region_anotada,2496,3,score_1,False,False,score_3,Tejido Adiposo,27,False,0.08002940161708894,7.374749498997996,8.440584873450605,,,,
tier0_f1,corroboracion,train,lamina,4799,3,score_2,False,False,score_3,Nucleos alto grado,13,True,0.8532418271239834,88.1825760733639,85.23583544425561,,,,
tier0_f1,corroboracion,train,lamina,4799,3,score_2,False,False,score_3,Mitosis,28,True,0.9456388298350151,97.36348478532722,94.31310665158102,,,,
tier0_f1,corroboracion,train,lamina,4799,3,score_2,False,False,score_3,Immune cells,23,False,0.358249581239531,29.949979157982494,35.88995414756149,,,,
tier0_f1,corroboracion,train,lamina,4799,3,score_2,False,False,score_3,Tumor,48,False,0.8795297481232022,89.09962484368486,87.58119702653885,,,,
tier0_f1,corroboracion,train,lamina,4799,3,score_2,False,False,score_3,necrosis,18,False,0.8186455646192103,83.57649020425177,81.75165578250196,,,,
tier0_f1,corroboracion,train,lamina,4799,3,score_2,False,False,score_3,Stroma,12,False,0.6159390014622937,61.056690287619844,61.56731971654856,,,,
tier0_f1,corroboracion,train,lamina,4799,3,score_2,False,False,score_3,Tejido Adiposo,27,False,0.13263326192915464,12.734472696957065,13.462399456563693,,,,
tier0_f1,corroboracion,train,region_anotada,2496,3,score_2,False,False,score_3,Nucleos alto grado,13,True,0.8630998481985191,89.21843687374749,86.13534761831353,,,,
tier0_f1,corroboracion,train,region_anotada,2496,3,score_2,False,False,score_3,Mitosis,28,True,0.951580226904376,97.39478957915831,94.66933867735472,,,,
tier0_f1,corroboracion,train,region_anotada,2496,3,score_2,False,False,score_3,Immune cells,23,False,0.37307266302150177,31.9438877755511,37.41918619848393,,,,
tier0_f1,corroboracion,train,region_anotada,2496,3,score_2,False,False,score_3,Tumor,48,False,0.8898760893246187,89.95991983967936,88.25317301269206,,,,
tier0_f1,corroboracion,train,region_anotada,2496,3,score_2,False,False,score_3,necrosis,18,False,0.8288942695722357,84.76953907815631,82.66533066132266,,,,
tier0_f1,corroboracion,train,region_anotada,2496,3,score_2,False,False,score_3,Stroma,12,False,0.6314412238325282,62.14428857715431,63.08617234468938,,,,
tier0_f1,corroboracion,train,region_anotada,2496,3,score_2,False,False,score_3,Tejido Adiposo,27,False,0.14070773892564092,14.06813627254509,14.445186669635564,,,,
tier0_f1,corroboracion,train,lamina,4799,3,score_3,True,True,score_3,Nucleos alto grado,13,True,0.8645729531646791,89.59983326385994,86.36611408599737,0.0004997501249375312,0.07496251874062969,2000.0,0.5837729659844745
tier0_f1,corroboracion,train,lamina,4799,3,score_3,True,True,score_3,Mitosis,28,True,0.9406308949905681,96.22759483117966,93.81513130471032,0.0004997501249375312,0.002364066193853428,422.0,0.7502332659479545
tier0_f1,corroboracion,train,lamina,4799,3,score_3,True,True,score_3,Immune cells,23,False,0.3714496395018571,29.887453105460608,37.20390742519528,,,,
tier0_f1,corroboracion,train,lamina,4799,3,score_3,True,True,score_3,Tumor,48,False,0.8658045674594822,87.07794914547728,86.222123801584,0.0004997501249375312,0.043689320388349516,617.0,0.7391764020210226
tier0_f1,corroboracion,train,lamina,4799,3,score_3,True,True,score_3,necrosis,18,False,0.7859118269074346,81.55481450604418,78.48988004261035,,,,
tier0_f1,corroboracion,train,lamina,4799,3,score_3,True,True,score_3,Stroma,12,False,0.60789638604554,60.04585243851605,60.76490204251772,,,,
tier0_f1,corroboracion,train,lamina,4799,3,score_3,True,True,score_3,Tejido Adiposo,27,False,0.02638850082270032,2.292621925802418,2.895496580365276,,,,
tier0_f1,corroboracion,train,region_anotada,2496,3,score_3,True,True,score_3,Nucleos alto grado,13,True,0.8744694693144149,90.66132264529058,87.2668413750578,0.0004997501249375312,0.063968015992004,2000.0,0.5855408929966099
tier0_f1,corroboracion,train,region_anotada,2496,3,score_3,True,True,score_3,Mitosis,28,True,0.9479769622597823,96.57314629258516,94.31291153736045,0.0004997501249375312,0.0007855459544383347,1272.0,0.7616198054372498
tier0_f1,corroboracion,train,region_anotada,2496,3,score_3,True,True,score_3,Immune cells,23,False,0.38896605073928864,32.26452905811623,38.994510760651735,,,,
tier0_f1,corroboracion,train,region_anotada,2496,3,score_3,True,True,score_3,Tumor,48,False,0.8785658360566448,88.27655310621242,87.14345357381431,0.0004997501249375312,0.042708333333333334,1919.0,0.7445607611844388
tier0_f1,corroboracion,train,region_anotada,2496,3,score_3,True,True,score_3,necrosis,18,False,0.7984709891489552,82.82565130260521,79.64373190826096,,,,
tier0_f1,corroboracion,train,region_anotada,2496,3,score_3,True,True,score_3,Stroma,12,False,0.6255367686527107,61.62324649298597,62.49832999331998,,,,
tier0_f1,corroboracion,train,region_anotada,2496,3,score_3,True,True,score_3,Tejido Adiposo,27,False,0.02694148178149798,2.565130260521042,3.187114970682105,,,,
tier0_f2,corroboracion,train,lamina,4799,3,score_1,False,False,score_3,Nucleos alto grado,13,True,0.8519720981066572,88.82867861609003,85.10918010709591,,,,
tier0_f2,corroboracion,train,lamina,4799,3,score_1,False,False,score_3,Mitosis,28,True,0.9444036889540977,95.4877032096707,94.19028761984158,,,,
tier0_f2,corroboracion,train,lamina,4799,3,score_1,False,False,score_3,Immune cells,23,False,0.44824666812322483,38.34931221342226,44.848396977001286,,,,
tier0_f2,corroboracion,train,lamina,4799,3,score_1,False,False,score_3,Tumor,48,False,0.8548112678032694,88.98499374739475,85.13356259552592,,,,
tier0_f2,corroboracion,train,lamina,4799,3,score_1,False,False,score_3,necrosis,18,False,0.8477654605033814,90.48561900791996,84.65332777546199,,,,
tier0_f2,corroboracion,train,lamina,4799,3,score_1,False,False,score_3,Stroma,12,False,0.6513299909477056,59.42059191329721,65.09830484924272,,,,
tier0_f2,corroboracion,train,lamina,4799,3,score_1,False,False,score_3,Tejido Adiposo,27,False,0.07823414361553506,6.9820758649437265,8.051966096984854,,,,
tier0_f2,corroboracion,train,region_anotada,2496,3,score_1,False,False,score_3,Nucleos alto grado,13,True,0.8624492704234952,89.85971943887776,86.07060274394942,,,,
tier0_f2,corroboracion,train,region_anotada,2496,3,score_1,False,False,score_3,Mitosis,28,True,0.9525497800416763,95.99198396793587,94.7652447752648,,,,
tier0_f2,corroboracion,train,region_anotada,2496,3,score_1,False,False,score_3,Immune cells,23,False,0.466147435784736,40.521042084168336,46.64459353489588,,,,
tier0_f2,corroboracion,train,region_anotada,2496,3,score_1,False,False,score_3,Tumor,48,False,0.8670513344226579,89.97995991983967,86.01369405477622,,,,
tier0_f2,corroboracion,train,region_anotada,2496,3,score_1,False,False,score_3,necrosis,18,False,0.8566496278360685,91.22244488977955,85.42195502115342,,,,
tier0_f2,corroboracion,train,region_anotada,2496,3,score_1,False,False,score_3,Stroma,12,False,0.6647879763821792,60.54108216432866,66.40614562458249,,,,
tier0_f2,corroboracion,train,region_anotada,2496,3,score_1,False,False,score_3,Tejido Adiposo,27,False,0.08607473411037607,8.016032064128256,9.038818377495732,,,,
tier0_f2,corroboracion,train,lamina,4799,3,score_2,False,False,score_3,Nucleos alto grado,13,True,0.858610048539008,89.59983326385994,85.77131497098149,,,,
tier0_f2,corroboracion,train,lamina,4799,3,score_2,False,False,score_3,Mitosis,28,True,0.9435428331886098,95.73780741975824,94.10468647650808,,,,
tier0_f2,corroboracion,train,lamina,4799,3,score_2,False,False,score_3,Immune cells,23,False,0.464705775253077,36.056690287619844,46.4867607880095,,,,
tier0_f2,corroboracion,train,lamina,4799,3,score_2,False,False,score_3,Tumor,48,False,0.8455675998035501,86.33805752396832,84.21825065999722,,,,
tier0_f2,corroboracion,train,lamina,4799,3,score_2,False,False,score_3,necrosis,18,False,0.8605475377071278,90.07919966652773,85.92700662313001,,,,
tier0_f2,corroboracion,train,lamina,4799,3,score_2,False,False,score_3,Stroma,12,False,0.7145393774806769,73.64526886202584,71.40475197999166,,,,
tier0_f2,corroboracion,train,lamina,4799,3,score_2,False,False,score_3,Tejido Adiposo,27,False,0.0864456241656577,8.357649020425177,8.868664412641069,,,,
tier0_f2,corroboracion,train,region_anotada,2496,3,score_2,False,False,score_3,Nucleos alto grado,13,True,0.86833545029276,90.54108216432866,86.65638970248187,,,,
tier0_f2,corroboracion,train,region_anotada,2496,3,score_2,False,False,score_3,Mitosis,28,True,0.9511316276915953,96.25250501002003,94.62496421414255,,,,
tier0_f2,corroboracion,train,region_anotada,2496,3,score_2,False,False,score_3,Immune cells,23,False,0.48198807995921167,37.91583166332666,48.21469025006535,,,,
tier0_f2,corroboracion,train,region_anotada,2496,3,score_2,False,False,score_3,Tumor,48,False,0.8589154411764706,87.59519038076152,85.21543086172345,,,,
tier0_f2,corroboracion,train,region_anotada,2496,3,score_2,False,False,score_3,necrosis,18,False,0.8703255313424805,90.90180360721443,86.78022712090849,,,,
tier0_f2,corroboracion,train,region_anotada,2496,3,score_2,False,False,score_3,Stroma,12,False,0.7285292538915727,74.90981963927857,72.75217100868403,,,,
tier0_f2,corroboracion,train,region_anotada,2496,3,score_2,False,False,score_3,Tejido Adiposo,27,False,0.09051497832380781,8.857715430861724,9.47821569064054,,,,
tier0_f2,corroboracion,train,lamina,4799,3,score_3,True,True,score_3,Nucleos alto grado,13,True,0.8720948921533961,89.82909545644019,87.11642671625997,0.0004997501249375312,0.06796601699150424,2000.0,0.5717739203900492
tier0_f2,corroboracion,train,lamina,4799,3,score_3,True,True,score_3,Mitosis,28,True,0.9459232865227416,95.90454355981659,94.34139224676947,0.0004997501249375312,0.0022988505747126436,434.0,0.7525018254784784
tier0_f2,corroboracion,train,lamina,4799,3,score_3,True,True,score_3,Immune cells,23,False,0.44861080766149586,37.97415589829095,44.8846439639705,,,,
tier0_f2,corroboracion,train,lamina,4799,3,score_3,True,True,score_3,Tumor,48,False,0.8517066582473866,88.9328887036265,84.82614283729332,0.0004997501249375312,0.09021406727828746,653.0,0.7408472791787707
tier0_f2,corroboracion,train,lamina,4799,3,score_3,True,True,score_3,necrosis,18,False,0.813858095702898,87.09879116298458,81.27460515955721,,,,
tier0_f2,corroboracion,train,lamina,4799,3,score_3,True,True,score_3,Stroma,12,False,0.5982522108488267,58.128386827844935,59.80269556759762,,,,
tier0_f2,corroboracion,train,lamina,4799,3,score_3,True,True,score_3,Tejido Adiposo,27,False,0.020513178727763808,1.5006252605252188,2.3111481635866795,,,,
tier0_f2,corroboracion,train,region_anotada,2496,3,score_3,True,True,score_3,Nucleos alto grado,13,True,0.880200749713436,90.78156312625251,87.83721288731307,0.0004997501249375312,0.054972513743128434,2000.0,0.5779444989939184
tier0_f2,corroboracion,train,region_anotada,2496,3,score_3,True,True,score_3,Mitosis,28,True,0.9526800185228063,96.35270541082164,94.7781276839393,0.0004997501249375312,0.0007692307692307692,1299.0,0.7636284460644526
tier0_f2,corroboracion,train,region_anotada,2496,3,score_3,True,True,score_3,Immune cells,23,False,0.46611227342252853,40.16032064128257,46.64110830356365,,,,
tier0_f2,corroboracion,train,region_anotada,2496,3,score_3,True,True,score_3,Tumor,48,False,0.8632557189542484,89.83967935871743,85.64128256513027,0.0004997501249375312,0.07294658242389432,1740.0,0.746459169892988
tier0_f2,corroboracion,train,region_anotada,2496,3,score_3,True,True,score_3,necrosis,18,False,0.8238498789346247,88.31663326653307,82.16432865731463,,,,
tier0_f2,corroboracion,train,region_anotada,2496,3,score_3,True,True,score_3,Stroma,12,False,0.6133252818035426,59.57915831663327,61.28256513026054,,,,
tier0_f2,corroboracion,train,region_anotada,2496,3,score_3,True,True,score_3,Tejido Adiposo,27,False,0.021421178164799062,1.6833667334669338,2.640837230015587,,,,
tier0_f3,corroboracion,train,lamina,4799,3,score_1,False,False,score_3,Nucleos alto grado,13,True,0.839628403355942,88.68278449353897,83.87789784204958,,,,
tier0_f3,corroboracion,train,lamina,4799,3,score_1,False,False,score_3,Mitosis,28,True,0.9247237775848131,94.39349729053772,92.23337104746024,,,,
tier0_f3,corroboracion,train,lamina,4799,3,score_1,False,False,score_3,Immune cells,23,False,0.3049031388828199,24.322634431012922,30.579770556572477,,,,
tier0_f3,corroboracion,train,lamina,4799,3,score_1,False,False,score_3,Tumor,48,False,0.8449405388339297,85.26469362234263,84.1561588161734,,,,
tier0_f3,corroboracion,train,lamina,4799,3,score_1,False,False,score_3,necrosis,18,False,0.8601640753910154,91.25677365568987,85.88879625769998,,,,
tier0_f3,corroboracion,train,lamina,4799,3,score_1,False,False,score_3,Stroma,12,False,0.42834760810528516,43.54939558149229,42.85118799499792,,,,
tier0_f3,corroboracion,train,lamina,4799,3,score_1,False,False,score_3,Tejido Adiposo,27,False,0.3138601719909348,32.430179241350565,31.48688496750189,,,,
tier0_f3,corroboracion,train,region_anotada,2496,3,score_1,False,False,score_3,Nucleos alto grado,13,True,0.8506459307909167,89.6993987975952,84.89594573762912,,,,
tier0_f3,corroboracion,train,region_anotada,2496,3,score_1,False,False,score_3,Mitosis,28,True,0.9341572123176661,95.17034068136272,92.94589178356715,,,,
tier0_f3,corroboracion,train,region_anotada,2496,3,score_1,False,False,score_3,Immune cells,23,False,0.3088661896306194,24.809619238476955,31.055153785832534,,,,
tier0_f3,corroboracion,train,region_anotada,2496,3,score_1,False,False,score_3,Tumor,48,False,0.8588218273420479,86.312625250501,85.20624582498328,,,,
tier0_f3,corroboracion,train,region_anotada,2496,3,score_1,False,False,score_3,necrosis,18,False,0.8707963411353242,92.40480961923848,86.82698730794922,,,,
tier0_f3,corroboracion,train,region_anotada,2496,3,score_1,False,False,score_3,Stroma,12,False,0.4341451959205582,44.96993987975952,43.443553774215104,,,,
tier0_f3,corroboracion,train,region_anotada,2496,3,score_1,False,False,score_3,Tejido Adiposo,27,False,0.322907759926796,33.50701402805611,32.475321012395156,,,,
tier0_f3,corroboracion,train,lamina,4799,3,score_2,False,False,score_3,Nucleos alto grado,13,True,0.8164036131023177,84.2434347644852,81.56122743450797,,,,
tier0_f3,corroboracion,train,lamina,4799,3,score_2,False,False,score_3,Mitosis,28,True,0.9211605832859239,95.81075448103377,91.87905674983628,,,,
tier0_f3,corroboracion,train,lamina,4799,3,score_2,False,False,score_3,Immune cells,23,False,0.3768662151336392,29.345560650270947,37.74308135636225,,,,
tier0_f3,corroboracion,train,lamina,4799,3,score_2,False,False,score_3,Tumor,48,False,0.8582579106153091,87.588578574406,85.47485063220786,,,,
tier0_f3,corroboracion,train,lamina,4799,3,score_2,False,False,score_3,necrosis,18,False,0.888017383624997,95.13338891204668,88.66425825575472,,,,
tier0_f3,corroboracion,train,lamina,4799,3,score_2,False,False,score_3,Stroma,12,False,0.5412923891093935,64.50604418507712,54.11977212727526,,,,
tier0_f3,corroboracion,train,lamina,4799,3,score_2,False,False,score_3,Tejido Adiposo,27,False,0.2903744062587315,30.721133805752398,29.1510351535362,,,,
tier0_f3,corroboracion,train,region_anotada,2496,3,score_2,False,False,score_3,Nucleos alto grado,13,True,0.8197899563183494,84.76953907815631,81.8251888392169,,,,
tier0_f3,corroboracion,train,region_anotada,2496,3,score_2,False,False,score_3,Mitosis,28,True,0.9248234545033572,95.77154308617234,92.02261666189521,,,,
tier0_f3,corroboracion,train,region_anotada,2496,3,score_2,False,False,score_3,Immune cells,23,False,0.3807908015260465,30.060120240480963,38.18419447590834,,,,
tier0_f3,corroboracion,train,region_anotada,2496,3,score_2,False,False,score_3,Tumor,48,False,0.8639025054466231,88.37675350701403,85.70474281897127,,,,
tier0_f3,corroboracion,train,region_anotada,2496,3,score_2,False,False,score_3,necrosis,18,False,0.8912429378531074,95.17034068136272,88.85771543086172,,,,
tier0_f3,corroboracion,train,region_anotada,2496,3,score_2,False,False,score_3,Stroma,12,False,0.5455917874396136,64.76953907815631,54.53907815631262,,,,
tier0_f3,corroboracion,train,region_anotada,2496,3,score_2,False,False,score_3,Tejido Adiposo,27,False,0.29826140437724075,31.663326653306612,30.036369034365023,,,,
tier0_f3,corroboracion,train,lamina,4799,3,score_3,True,True,score_3,Nucleos alto grado,13,True,0.8949821595036807,94.74781158816174,89.39942924936673,0.0004997501249375312,0.03948025987006497,2000.0,0.5719007233188196
tier0_f3,corroboracion,train,lamina,4799,3,score_3,True,True,score_3,Mitosis,28,True,0.8720094619277181,91.21508962067529,86.99160364437564,0.0004997501249375312,0.0022271714922048997,448.0,0.7071843003900528
tier0_f3,corroboracion,train,lamina,4799,3,score_3,True,True,score_3,Immune cells,23,False,0.3579309591435438,31.117132138390996,35.858238033963424,,,,
tier0_f3,corroboracion,train,lamina,4799,3,score_3,True,True,score_3,Tumor,48,False,0.8055365537079913,81.4922884535223,80.25435945532861,0.0004997501249375312,0.014729950900163666,610.0,0.6531716453508016
tier0_f3,corroboracion,train,lamina,4799,3,score_3,True,True,score_3,necrosis,18,False,0.6846312951730228,71.16506877865777,68.39771200963364,,,,
tier0_f3,corroboracion,train,lamina,4799,3,score_3,True,True,score_3,Stroma,12,False,0.49049509087110926,53.03251354731138,49.0516882034181,,,,
tier0_f3,corroboracion,train,lamina,4799,3,score_3,True,True,score_3,Tejido Adiposo,27,False,0.2069324143925988,21.863276365152146,20.85205255276118,,,,
tier0_f3,corroboracion,train,region_anotada,2496,3,score_3,True,True,score_3,Nucleos alto grado,13,True,0.9045509464357632,95.47094188376754,90.26052104208416,0.0004997501249375312,0.01999000499750125,2000.0,0.5733454223525289
tier0_f3,corroboracion,train,region_anotada,2496,3,score_3,True,True,score_3,Mitosis,28,True,0.8829445473489234,92.16432865731463,87.88004580589752,0.0004997501249375312,0.00078064012490242,1280.0,0.7179464118125103
tier0_f3,corroboracion,train,region_anotada,2496,3,score_3,True,True,score_3,Immune cells,23,False,0.36588195995006945,32.38476953907816,36.70645639104295,,,,
tier0_f3,corroboracion,train,region_anotada,2496,3,score_3,True,True,score_3,Tumor,48,False,0.8204997276688453,82.84569138276552,81.44622578490313,0.0004997501249375312,0.015376166941241077,1820.0,0.6807444788711662
tier0_f3,corroboracion,train,region_anotada,2496,3,score_3,True,True,score_3,necrosis,18,False,0.6991525423728814,72.56513026052104,69.77955911823648,,,,
tier0_f3,corroboracion,train,region_anotada,2496,3,score_3,True,True,score_3,Stroma,12,False,0.49798711755233493,54.30861723446894,49.799599198396784,,,,
tier0_f3,corroboracion,train,region_anotada,2496,3,score_3,True,True,score_3,Tejido Adiposo,27,False,0.20686137737575566,21.92384769539078,20.99161285534031,,,,
tier0_f4,corroboracion,train,lamina,4799,3,score_1,False,False,score_3,Nucleos alto grado,13,True,0.8431965026198206,87.16131721550646,84.23381537178952,,,,
tier0_f4,corroboracion,train,lamina,4799,3,score_1,False,False,score_3,Mitosis,28,True,0.9474428840913854,95.862859524802,94.49249687369738,,,,
tier0_f4,corroboracion,train,lamina,4799,3,score_1,False,False,score_3,Immune cells,23,False,0.45053164372587573,40.87119633180492,45.07584682023308,,,,
tier0_f4,corroboracion,train,lamina,4799,3,score_1,False,False,score_3,Tumor,48,False,0.8539781098716059,89.00583576490203,85.05106294289287,,,,
tier0_f4,corroboracion,train,lamina,4799,3,score_1,False,False,score_3,necrosis,18,False,0.8119640242627065,88.56815339724885,81.08586911213007,,,,
tier0_f4,corroboracion,train,lamina,4799,3,score_1,False,False,score_3,Stroma,12,False,0.5750644105563679,55.762817840766985,57.4892316242879,,,,
tier0_f4,corroboracion,train,lamina,4799,3,score_1,False,False,score_3,Tejido Adiposo,27,False,0.12104560553848065,11.775739891621509,12.309913081067728,,,,
tier0_f4,corroboracion,train,region_anotada,2496,3,score_1,False,False,score_3,Nucleos alto grado,13,True,0.8515443477183308,88.09619238476954,84.9853553260367,,,,
tier0_f4,corroboracion,train,region_anotada,2496,3,score_1,False,False,score_3,Mitosis,28,True,0.9533167399861079,96.09218436873746,94.84111079301458,,,,
tier0_f4,corroboracion,train,region_anotada,2496,3,score_1,False,False,score_3,Immune cells,23,False,0.4645123859420876,42.84569138276553,46.48253027794719,,,,
tier0_f4,corroboracion,train,region_anotada,2496,3,score_1,False,False,score_3,Tumor,48,False,0.8644726988017429,89.77955911823648,85.76068804275218,,,,
tier0_f4,corroboracion,train,region_anotada,2496,3,score_1,False,False,score_3,necrosis,18,False,0.8210026006636176,89.37875751503006,81.88154085949677,,,,
tier0_f4,corroboracion,train,region_anotada,2496,3,score_1,False,False,score_3,Stroma,12,False,0.586352657004831,56.85370741482966,58.59719438877755,,,,
tier0_f4,corroboracion,train,region_anotada,2496,3,score_1,False,False,score_3,Tejido Adiposo,27,False,0.12093665151583337,11.863727454909819,12.488681065835374,,,,
tier0_f4,corroboracion,train,lamina,4799,3,score_2,False,False,score_3,Nucleos alto grado,13,True,0.8459609759233663,87.11963318049187,84.50957129573219,,,,
tier0_f4,corroboracion,train,lamina,4799,3,score_2,False,False,score_3,Mitosis,28,True,0.9230432374165344,93.32013338891204,92.06626272851783,,,,
tier0_f4,corroboracion,train,lamina,4799,3,score_2,False,False,score_3,Immune cells,23,False,0.5528730609569588,47.72822009170488,55.26306250792904,,,,
tier0_f4,corroboracion,train,lamina,4799,3,score_2,False,False,score_3,Tumor,48,False,0.8688390163474357,88.80783659858274,86.52259622064749,,,,
tier0_f4,corroboracion,train,lamina,4799,3,score_2,False,False,score_3,necrosis,18,False,0.7950800622835762,83.99333055439766,79.40345514334678,,,,
tier0_f4,corroboracion,train,lamina,4799,3,score_2,False,False,score_3,Stroma,12,False,0.625391685815751,67.36140058357648,62.510421008753646,,,,
tier0_f4,corroboracion,train,lamina,4799,3,score_2,False,False,score_3,Tejido Adiposo,27,False,0.08962776691192449,7.0862859524802,9.185154308122211,,,,
tier0_f4,corroboracion,train,region_anotada,2496,3,score_2,False,False,score_3,Nucleos alto grado,13,True,0.8562223117196939,88.13627254509018,85.45090180360722,,,,
tier0_f4,corroboracion,train,region_anotada,2496,3,score_2,False,False,score_3,Mitosis,28,True,0.9322108705718917,93.94789579158316,92.75336387059835,,,,
tier0_f4,corroboracion,train,region_anotada,2496,3,score_2,False,False,score_3,Immune cells,23,False,0.5634768543750769,49.17835671342685,56.29171386250763,,,,
tier0_f4,corroboracion,train,region_anotada,2496,3,score_2,False,False,score_3,Tumor,48,False,0.8808210784313726,89.93987975951904,87.36472945891784,,,,
tier0_f4,corroboracion,train,region_anotada,2496,3,score_2,False,False,score_3,necrosis,18,False,0.8054882970137207,84.80961923847696,80.34068136272545,,,,
tier0_f4,corroboracion,train,region_anotada,2496,3,score_2,False,False,score_3,Stroma,12,False,0.6363727858293076,68.45691382765531,63.577154308617246,,,,
tier0_f4,corroboracion,train,region_anotada,2496,3,score_2,False,False,score_3,Tejido Adiposo,27,False,0.08604473246028532,6.813627254509018,9.03584947673124,,,,
tier0_f4,corroboracion,train,lamina,4799,3,score_3,True,True,score_3,Nucleos alto grado,13,True,0.8476164454016523,88.49520633597332,84.67470420367461,0.0004997501249375312,0.08045977011494253,2000.0,0.5547023385343651
tier0_f4,corroboracion,train,lamina,4799,3,score_3,True,True,score_3,Mitosis,28,True,0.9477872263975806,96.46727803251355,94.52673733103077,0.0004997501249375312,0.002320185614849188,430.0,0.7282566087424207
tier0_f4,corroboracion,train,lamina,4799,3,score_3,True,True,score_3,Immune cells,23,False,0.4153284538635205,38.182576073363904,41.57166935498487,,,,
tier0_f4,corroboracion,train,lamina,4799,3,score_3,True,True,score_3,Tumor,48,False,0.8506498631866976,87.44268445185494,84.72149854105878,0.0004997501249375312,0.07585139318885449,645.0,0.7306446001002198
tier0_f4,corroboracion,train,lamina,4799,3,score_3,True,True,score_3,necrosis,18,False,0.7943363777917218,86.56731971654855,79.3293501922097,,,,
tier0_f4,corroboracion,train,lamina,4799,3,score_3,True,True,score_3,Stroma,12,False,0.563235498920688,54.616506877865774,56.30905238293733,,,,
tier0_f4,corroboracion,train,lamina,4799,3,score_3,True,True,score_3,Tejido Adiposo,27,False,0.12604389804725094,11.275531471446437,12.807033794945424,,,,
tier0_f4,corroboracion,train,region_anotada,2496,3,score_3,True,True,score_3,Nucleos alto grado,13,True,0.8558815328851576,89.4188376753507,85.41698782179743,0.0004997501249375312,0.053973013493253376,2000.0,0.5419877197728733
tier0_f4,corroboracion,train,region_anotada,2496,3,score_3,True,True,score_3,Mitosis,28,True,0.9538811067376708,96.91382765531063,94.89693673060408,0.0004997501249375312,0.0007639419404125286,1308.0,0.7444019259505482
tier0_f4,corroboracion,train,region_anotada,2496,3,score_3,True,True,score_3,Immune cells,23,False,0.42662494066351375,40.20040080160321,42.72719351746973,,,,
tier0_f4,corroboracion,train,region_anotada,2496,3,score_3,True,True,score_3,Tumor,48,False,0.861817470043573,88.41683366733467,85.500167000668,0.0004997501249375312,0.07490431930016403,1828.0,0.7260330694438342
tier0_f4,corroboracion,train,region_anotada,2496,3,score_3,True,True,score_3,necrosis,18,False,0.8044794188861986,87.51503006012024,80.24048096192385,,,,
tier0_f4,corroboracion,train,region_anotada,2496,3,score_3,True,True,score_3,Stroma,12,False,0.5735205314009661,55.69138276553106,57.31963927855711,,,,
tier0_f4,corroboracion,train,region_anotada,2496,3,score_3,True,True,score_3,Tejido Adiposo,27,False,0.12359179754886519,10.94188376753507,12.75142878349291,,,,
