Job 4096 started at jue 21 may 2026 08:07:58 -04 on administrador-PowerEdge-R740xd
torch 2.8.0+cu128 cuda 12.8
Thu May 21 08:08:01 2026       
+-----------------------------------------------------------------------------------------+
| NVIDIA-SMI 570.211.01             Driver Version: 570.211.01     CUDA Version: 12.8     |
|-----------------------------------------+------------------------+----------------------+
| GPU  Name                 Persistence-M | Bus-Id          Disp.A | Volatile Uncorr. ECC |
| Fan  Temp   Perf          Pwr:Usage/Cap |           Memory-Usage | GPU-Util  Compute M. |
|                                         |                        |               MIG M. |
|=========================================+========================+======================|
|   0  NVIDIA RTX A6000               Off |   00000000:3B:00.0 Off |                  Off |
| 55%   79C    P0            281W /  300W |    1612MiB /  49140MiB |    100%      Default |
|                                         |                        |                  N/A |
+-----------------------------------------+------------------------+----------------------+
                                                                                         
+-----------------------------------------------------------------------------------------+
| Processes:                                                                              |
|  GPU   GI   CI              PID   Type   Process name                        GPU Memory |
|        ID   ID                                                               Usage      |
|=========================================================================================|
|    0   N/A  N/A            1756      G   /usr/lib/xorg/Xorg                        4MiB |
|    0   N/A  N/A           62434      C   python                                  602MiB |

Load Dataset

============================================================
AUTO-GENERATED LABEL DICTIONARY
============================================================
CSV Path: environ/csv/dataset_microcalcificaciones_label.csv
Label Column: label
Number of Classes: 8

Label Mapping (alphabetically sorted):
  'en_carcinoma_invasivo': 0
  'en_carcinoma_invasivo-en_cdis': 1
  'en_carcinoma_invasivo-en_cdis-en_tejido_no_neoplasico': 2
  'en_carcinoma_invasivo-en_tejido_no_neoplasico': 3
  'en_cdis': 4
  'en_cdis-en_tejido_no_neoplasico': 5
  'en_tejido_no_neoplasico': 6
  'no_identificado': 7
============================================================

NOTE: Task 'microcalcificaciones_pth' had no label_dict defined. Using auto-generated mapping.

label column: label
label dictionary: {'en_carcinoma_invasivo': 0, 'en_carcinoma_invasivo-en_cdis': 1, 'en_carcinoma_invasivo-en_cdis-en_tejido_no_neoplasico': 2, 'en_carcinoma_invasivo-en_tejido_no_neoplasico': 3, 'en_cdis': 4, 'en_cdis-en_tejido_no_neoplasico': 5, 'en_tejido_no_neoplasico': 6, 'no_identificado': 7}
number of classes: 8
slide-level counts:  
 label
6     161
7    2739
0      38
4      89
5      15
1      11
3      13
2       6
Name: count, dtype: int64
Patient-LVL; Number of samples registered in class 0: 38
Slide-LVL; Number of samples registered in class 0: 38
Patient-LVL; Number of samples registered in class 1: 11
Slide-LVL; Number of samples registered in class 1: 11
Patient-LVL; Number of samples registered in class 2: 6
Slide-LVL; Number of samples registered in class 2: 6
Patient-LVL; Number of samples registered in class 3: 13
Slide-LVL; Number of samples registered in class 3: 13
Patient-LVL; Number of samples registered in class 4: 85
Slide-LVL; Number of samples registered in class 4: 89
Patient-LVL; Number of samples registered in class 5: 14
Slide-LVL; Number of samples registered in class 5: 15
Patient-LVL; Number of samples registered in class 6: 156
Slide-LVL; Number of samples registered in class 6: 161
Patient-LVL; Number of samples registered in class 7: 2530
Slide-LVL; Number of samples registered in class 7: 2739
split_dir:  /media/administrador/Storage1/sdonoso/clam_environ/environ/splits/microcalcificaciones_pth_100
################# Settings ###################
num_splits:  1
k_start:  -1
k_end:  -1
task:  microcalcificaciones_pth
max_epochs:  200
results_dir:  /media/administrador/Storage1/sdonoso/clam_testing2/oncomets-ernesto/results/baseline_microcalc_pth_B8
lr:  0.0002
experiment:  baseline_microcalc_pth_B8_20260521_0808
reg:  1e-05
label_frac:  1.0
bag_loss:  ce
seed:  1
model_type:  clam_mb
model_size:  small
use_drop_out:  0.25
weighted_sample:  True
opt:  adam
bag_weight:  0.7
inst_loss:  svm
B:  8
split_dir:  /media/administrador/Storage1/sdonoso/clam_environ/environ/splits/microcalcificaciones_pth_100

Training Fold 0!

Init train/val/test splits... 
Done!
Training on 2438 samples
Validating on 319 samples
Testing on 315 samples

Init loss function... Done!

Init Model... Setting tau to 1.0
Done!
CLAM_MB(
  (attention_net): Sequential(
    (0): Linear(in_features=512, out_features=512, bias=True)
    (1): ReLU()
    (2): Dropout(p=0.25, inplace=False)
    (3): Attn_Net_Gated(
      (attention_a): Sequential(
        (0): Linear(in_features=512, out_features=256, bias=True)
        (1): Tanh()
        (2): Dropout(p=0.25, inplace=False)
      )
      (attention_b): Sequential(
        (0): Linear(in_features=512, out_features=256, bias=True)
        (1): Sigmoid()
        (2): Dropout(p=0.25, inplace=False)
      )
      (attention_c): Linear(in_features=256, out_features=8, bias=True)
    )
  )
  (classifiers): ModuleList(
    (0-7): 8 x Linear(in_features=512, out_features=1, bias=True)
  )
  (instance_classifiers): ModuleList(
    (0-7): 8 x Linear(in_features=512, out_features=2, bias=True)
  )
  (instance_loss_fn): SmoothTop1SVM()
)
Total number of parameters: 539680
Total number of trainable parameters: 539680

Init optimizer ... Done!

Init Loaders... Done!

Setup EarlyStopping... Done!


batch 19, loss: 1.8055, instance_loss: 1.2099, weighted_loss: 1.6268, label: 7, bag_size: 1881
batch 39, loss: 1.9449, instance_loss: 1.2131, weighted_loss: 1.7253, label: 3, bag_size: 48697
batch 59, loss: 1.5908, instance_loss: 0.7770, weighted_loss: 1.3467, label: 2, bag_size: 18291
batch 79, loss: 2.0281, instance_loss: 1.1079, weighted_loss: 1.7520, label: 3, bag_size: 44290
batch 99, loss: 2.4939, instance_loss: 1.3371, weighted_loss: 2.1469, label: 5, bag_size: 19119
batch 119, loss: 1.2738, instance_loss: 1.2811, weighted_loss: 1.2760, label: 3, bag_size: 44290
batch 139, loss: 0.6569, instance_loss: 0.6662, weighted_loss: 0.6597, label: 3, bag_size: 82568
batch 159, loss: 1.5557, instance_loss: 0.4772, weighted_loss: 1.2322, label: 3, bag_size: 34611
batch 179, loss: 2.2051, instance_loss: 1.4945, weighted_loss: 1.9919, label: 5, bag_size: 6337
batch 199, loss: 0.7434, instance_loss: 0.0641, weighted_loss: 0.5396, label: 2, bag_size: 17241
batch 219, loss: 1.5366, instance_loss: 0.2613, weighted_loss: 1.1540, label: 0, bag_size: 71179
batch 239, loss: 1.6272, instance_loss: 0.2256, weighted_loss: 1.2067, label: 0, bag_size: 8469
batch 259, loss: 2.0554, instance_loss: 0.7621, weighted_loss: 1.6674, label: 4, bag_size: 7000
batch 279, loss: 2.0807, instance_loss: 0.1926, weighted_loss: 1.5143, label: 0, bag_size: 100791
batch 299, loss: 1.4239, instance_loss: 0.3705, weighted_loss: 1.1079, label: 5, bag_size: 74305
batch 319, loss: 2.8542, instance_loss: 0.0951, weighted_loss: 2.0265, label: 7, bag_size: 50382
batch 339, loss: 1.3480, instance_loss: 0.2181, weighted_loss: 1.0090, label: 4, bag_size: 22520
batch 359, loss: 1.9232, instance_loss: 0.2517, weighted_loss: 1.4217, label: 6, bag_size: 3457
batch 379, loss: 1.4086, instance_loss: 0.0956, weighted_loss: 1.0147, label: 7, bag_size: 2854
batch 399, loss: 3.3772, instance_loss: 0.1348, weighted_loss: 2.4045, label: 4, bag_size: 2776
batch 419, loss: 3.6330, instance_loss: 0.0433, weighted_loss: 2.5561, label: 7, bag_size: 28548
batch 439, loss: 1.1360, instance_loss: 0.0579, weighted_loss: 0.8126, label: 7, bag_size: 9594
batch 459, loss: 1.0914, instance_loss: 0.1291, weighted_loss: 0.8027, label: 5, bag_size: 52677
batch 479, loss: 0.6588, instance_loss: 0.0733, weighted_loss: 0.4832, label: 5, bag_size: 40909
batch 499, loss: 3.0152, instance_loss: 0.2171, weighted_loss: 2.1758, label: 1, bag_size: 3832
batch 519, loss: 2.3008, instance_loss: 0.0418, weighted_loss: 1.6231, label: 3, bag_size: 15813
batch 539, loss: 0.4699, instance_loss: 0.0104, weighted_loss: 0.3321, label: 2, bag_size: 17241
batch 559, loss: 2.3557, instance_loss: 0.0501, weighted_loss: 1.6640, label: 7, bag_size: 4262
batch 579, loss: 1.0459, instance_loss: 0.2459, weighted_loss: 0.8059, label: 4, bag_size: 9933
batch 599, loss: 1.4882, instance_loss: 0.1723, weighted_loss: 1.0934, label: 0, bag_size: 7715
batch 619, loss: 2.0195, instance_loss: 0.0667, weighted_loss: 1.4337, label: 4, bag_size: 111735
batch 639, loss: 1.2070, instance_loss: 0.0600, weighted_loss: 0.8629, label: 1, bag_size: 39579
batch 659, loss: 1.7140, instance_loss: 0.1061, weighted_loss: 1.2316, label: 4, bag_size: 5383
batch 679, loss: 0.2446, instance_loss: 0.0149, weighted_loss: 0.1757, label: 2, bag_size: 18291
batch 699, loss: 2.1568, instance_loss: 0.1512, weighted_loss: 1.5551, label: 7, bag_size: 10370
batch 719, loss: 1.8730, instance_loss: 0.0345, weighted_loss: 1.3215, label: 0, bag_size: 4855
batch 739, loss: 1.4700, instance_loss: 0.0875, weighted_loss: 1.0553, label: 4, bag_size: 2776
batch 759, loss: 0.8993, instance_loss: 0.0051, weighted_loss: 0.6310, label: 2, bag_size: 55669
batch 779, loss: 3.0291, instance_loss: 0.1622, weighted_loss: 2.1691, label: 7, bag_size: 9502
batch 799, loss: 0.6967, instance_loss: 0.0360, weighted_loss: 0.4985, label: 3, bag_size: 48697
batch 839, loss: 0.4565, instance_loss: 0.0103, weighted_loss: 0.3226, label: 2, bag_size: 55669
batch 859, loss: 1.0895, instance_loss: 0.0205, weighted_loss: 0.7688, label: 4, bag_size: 44358
batch 879, loss: 1.6774, instance_loss: 0.0347, weighted_loss: 1.1846, label: 4, bag_size: 25699
batch 899, loss: 0.5046, instance_loss: 0.0197, weighted_loss: 0.3591, label: 5, bag_size: 52677
batch 919, loss: 0.2301, instance_loss: 0.0033, weighted_loss: 0.1620, label: 2, bag_size: 17241
batch 939, loss: 0.0865, instance_loss: 0.0435, weighted_loss: 0.0736, label: 1, bag_size: 26832
batch 959, loss: 3.8123, instance_loss: 0.0423, weighted_loss: 2.6813, label: 4, bag_size: 57334
batch 979, loss: 0.4903, instance_loss: 0.0106, weighted_loss: 0.3464, label: 5, bag_size: 5565
batch 999, loss: 1.2820, instance_loss: 0.0709, weighted_loss: 0.9187, label: 0, bag_size: 71179
batch 1019, loss: 0.2269, instance_loss: 0.0110, weighted_loss: 0.1621, label: 2, bag_size: 18291
batch 1039, loss: 0.9147, instance_loss: 0.0166, weighted_loss: 0.6453, label: 3, bag_size: 48697
batch 1059, loss: 0.2595, instance_loss: 0.0024, weighted_loss: 0.1823, label: 2, bag_size: 17241
batch 1079, loss: 0.1932, instance_loss: 0.0112, weighted_loss: 0.1386, label: 5, bag_size: 5179
batch 1099, loss: 0.9510, instance_loss: 0.0162, weighted_loss: 0.6705, label: 1, bag_size: 51943
batch 1119, loss: 0.9750, instance_loss: 0.0114, weighted_loss: 0.6859, label: 0, bag_size: 62970
batch 1139, loss: 2.5132, instance_loss: 0.0115, weighted_loss: 1.7627, label: 4, bag_size: 54366
batch 1159, loss: 0.1038, instance_loss: 0.0019, weighted_loss: 0.0732, label: 2, bag_size: 17241
batch 1179, loss: 0.6408, instance_loss: 0.0483, weighted_loss: 0.4630, label: 1, bag_size: 51943
batch 1199, loss: 3.6227, instance_loss: 0.0121, weighted_loss: 2.5395, label: 0, bag_size: 11173
batch 1219, loss: 0.4491, instance_loss: 0.1073, weighted_loss: 0.3466, label: 6, bag_size: 7344
batch 1239, loss: 1.4073, instance_loss: 0.0227, weighted_loss: 0.9919, label: 0, bag_size: 2957
batch 1259, loss: 0.3567, instance_loss: 0.0410, weighted_loss: 0.2620, label: 7, bag_size: 2164
batch 1279, loss: 1.2376, instance_loss: 0.0116, weighted_loss: 0.8698, label: 5, bag_size: 19119
batch 1299, loss: 1.1198, instance_loss: 0.0347, weighted_loss: 0.7943, label: 0, bag_size: 7987
batch 1319, loss: 1.0661, instance_loss: 0.0276, weighted_loss: 0.7545, label: 4, bag_size: 71756
batch 1339, loss: 0.3644, instance_loss: 0.0837, weighted_loss: 0.2802, label: 7, bag_size: 1339
batch 1359, loss: 1.0395, instance_loss: 0.1031, weighted_loss: 0.7586, label: 0, bag_size: 7715
batch 1379, loss: 2.7778, instance_loss: 0.0279, weighted_loss: 1.9528, label: 6, bag_size: 27148
batch 1399, loss: 0.1980, instance_loss: 0.0740, weighted_loss: 0.1608, label: 1, bag_size: 39579
batch 1419, loss: 0.6818, instance_loss: 0.0419, weighted_loss: 0.4898, label: 3, bag_size: 45816
batch 1439, loss: 0.6471, instance_loss: 0.0341, weighted_loss: 0.4632, label: 6, bag_size: 7174
batch 1459, loss: 0.9506, instance_loss: 0.0542, weighted_loss: 0.6816, label: 3, bag_size: 40779
batch 1479, loss: 0.3234, instance_loss: 0.1089, weighted_loss: 0.2591, label: 0, bag_size: 2212
batch 1499, loss: 0.3614, instance_loss: 0.0101, weighted_loss: 0.2560, label: 3, bag_size: 74422
batch 1519, loss: 0.9575, instance_loss: 0.0950, weighted_loss: 0.6988, label: 4, bag_size: 1742
batch 1539, loss: 0.7004, instance_loss: 0.0232, weighted_loss: 0.4973, label: 4, bag_size: 2776
batch 1559, loss: 0.2084, instance_loss: 0.0046, weighted_loss: 0.1473, label: 2, bag_size: 18291
batch 1579, loss: 0.9347, instance_loss: 0.1207, weighted_loss: 0.6905, label: 6, bag_size: 2508
batch 1599, loss: 0.2221, instance_loss: 0.0063, weighted_loss: 0.1574, label: 5, bag_size: 40909
batch 1619, loss: 2.0788, instance_loss: 0.0114, weighted_loss: 1.4586, label: 6, bag_size: 9685
batch 1639, loss: 0.3269, instance_loss: 0.0872, weighted_loss: 0.2550, label: 6, bag_size: 2940
batch 1659, loss: 0.0810, instance_loss: 0.0013, weighted_loss: 0.0571, label: 2, bag_size: 17241
batch 1679, loss: 0.8764, instance_loss: 0.0163, weighted_loss: 0.6184, label: 0, bag_size: 8203
batch 1699, loss: 0.2168, instance_loss: 0.0500, weighted_loss: 0.1667, label: 6, bag_size: 8449
Warning: Feature file not found, skipping: /media/administrador/Storage1/sdonoso/clam_environ/environ/features/pt_files/150012-2-3.pt
Warning: Feature file not found, skipping: /media/administrador/Storage1/sdonoso/clam_environ/environ/features/pt_files/150012-2-3.pt
Warning: Feature file not found, skipping: /media/administrador/Storage1/sdonoso/clam_environ/environ/features/pt_files/histai_0109_slide_H&E_0.pt
Warning: Feature file not found, skipping: /media/administrador/Storage1/sdonoso/clam_environ/environ/features/pt_files/150012-2-3.pt
Warning: Feature file not found, skipping: /media/administrador/Storage1/sdonoso/clam_environ/environ/features/pt_files/histai_0074_slide_H&E_1.pt
Warning: Feature file not found, skipping: /media/administrador/Storage1/sdonoso/clam_environ/environ/features/pt_files/histai_0007_slide_H&E_0.pt
Warning: Feature file not found, skipping: /media/administrador/Storage1/sdonoso/clam_environ/environ/features/pt_files/150012-2-3.pt
Warning: Feature file not found, skipping: /media/administrador/Storage1/sdonoso/clam_environ/environ/features/pt_files/150012-2-3.pt
Warning: Feature file not found, skipping: /media/administrador/Storage1/sdonoso/clam_environ/environ/features/pt_files/histai_0010_slide_H&E_0.pt
Warning: Feature file not found, skipping: /media/administrador/Storage1/sdonoso/clam_environ/environ/features/pt_files/150012-2-3.pt
Warning: Feature file not found, skipping: /media/administrador/Storage1/sdonoso/clam_environ/environ/features/pt_files/150012-2-3.pt
Warning: Feature file not found, skipping: /media/administrador/Storage1/sdonoso/clam_environ/environ/features/pt_files/150012-2-3.pt
Warning: Feature file not found, skipping: /media/administrador/Storage1/sdonoso/clam_environ/environ/features/pt_files/150012-2-3.pt
Warning: Feature file not found, skipping: /media/administrador/Storage1/sdonoso/clam_environ/environ/features/pt_files/150012-2-3.pt
Warning: Feature file not found, skipping: /media/administrador/Storage1/sdonoso/clam_environ/environ/features/pt_files/histai_0034_slide_H&E_1.pt
Warning: Feature file not found, skipping: /media/administrador/Storage1/sdonoso/clam_environ/environ/features/pt_files/150012-2-3.pt
Warning: Feature file not found, skipping: /media/administrador/Storage1/sdonoso/clam_environ/environ/features/pt_files/150012-2-3.pt
Warning: Feature file not found, skipping: /media/administrador/Storage1/sdonoso/clam_environ/environ/features/pt_files/150012-2-3.pt
Warning: Feature file not found, skipping: /media/administrador/Storage1/sdonoso/clam_environ/environ/features/pt_files/150012-2-3.pt
Warning: Feature file not found, skipping: /media/administrador/Storage1/sdonoso/clam_environ/environ/features/pt_files/150012-2-3.pt
Warning: Feature file not found, skipping: /media/administrador/Storage1/sdonoso/clam_environ/environ/features/pt_files/150012-2-3.pt
Warning: Feature file not found, skipping: /media/administrador/Storage1/sdonoso/clam_environ/environ/features/pt_files/150012-2-3.pt
Warning: Feature file not found, skipping: /media/administrador/Storage1/sdonoso/clam_environ/environ/features/pt_files/histai_0074_slide_H&E_1.pt
Warning: Feature file not found, skipping: /media/administrador/Storage1/sdonoso/clam_environ/environ/features/pt_files/150012-2-3.pt
Warning: Feature file not found, skipping: /media/administrador/Storage1/sdonoso/clam_environ/environ/features/pt_files/150012-2-3.pt
Warning: Feature file not found, skipping: /media/administrador/Storage1/sdonoso/clam_environ/environ/features/pt_files/150012-2-3.pt
Warning: Feature file not found, skipping: /media/administrador/Storage1/sdonoso/clam_environ/environ/features/pt_files/histai_0007_slide_H&E_4.pt
Warning: Feature file not found, skipping: /media/administrador/Storage1/sdonoso/clam_environ/environ/features/pt_files/150012-2-3.pt
Warning: Feature file not found, skipping: /media/administrador/Storage1/sdonoso/clam_environ/environ/features/pt_files/150012-2-3.pt
Warning: Feature file not found, skipping: /media/administrador/Storage1/sdonoso/clam_environ/environ/features/pt_files/150012-2-3.pt
Warning: Feature file not found, skipping: /media/administrador/Storage1/sdonoso/clam_environ/environ/features/pt_files/150012-2-3.pt
Warning: Feature file not found, skipping: /media/administrador/Storage1/sdonoso/clam_environ/environ/features/pt_files/histai_0117_slide_H&E_0.pt
Warning: Feature file not found, skipping: /media/administrador/Storage1/sdonoso/clam_environ/environ/features/pt_files/150012-2-3.pt
Warning: Feature file not found, skipping: /media/administrador/Storage1/sdonoso/clam_environ/environ/features/pt_files/150012-2-3.pt
Warning: Feature file not found, skipping: /media/administrador/Storage1/sdonoso/clam_environ/environ/features/pt_files/histai_0115_slide_H&E_6.pt
Warning: Feature file not found, skipping: /media/administrador/Storage1/sdonoso/clam_environ/environ/features/pt_files/histai_0095_slide_H&E_2.pt
Warning: Feature file not found, skipping: /media/administrador/Storage1/sdonoso/clam_environ/environ/features/pt_files/histai_0030_slide_H&E_4.pt
Warning: Feature file not found, skipping: /media/administrador/Storage1/sdonoso/clam_environ/environ/features/pt_files/150012-2-3.pt
Warning: Feature file not found, skipping: /media/administrador/Storage1/sdonoso/clam_environ/environ/features/pt_files/150012-2-3.pt
Warning: Feature file not found, skipping: /media/administrador/Storage1/sdonoso/clam_environ/environ/features/pt_files/150012-2-3.pt
Warning: Feature file not found, skipping: /media/administrador/Storage1/sdonoso/clam_environ/environ/features/pt_files/150012-2-3.pt
Warning: Feature file not found, skipping: /media/administrador/Storage1/sdonoso/clam_environ/environ/features/pt_files/150012-2-3.pt
batch 1719, loss: 0.0167, instance_loss: 0.0192, weighted_loss: 0.0174, label: 1, bag_size: 26832
batch 1739, loss: 0.3865, instance_loss: 0.0056, weighted_loss: 0.2722, label: 3, bag_size: 34611
batch 1759, loss: 0.1911, instance_loss: 0.0037, weighted_loss: 0.1349, label: 1, bag_size: 23247
batch 1779, loss: 1.0190, instance_loss: 0.1541, weighted_loss: 0.7595, label: 4, bag_size: 1742
batch 1799, loss: 3.5788, instance_loss: 0.0047, weighted_loss: 2.5066, label: 0, bag_size: 11173
batch 1819, loss: 0.9220, instance_loss: 0.0232, weighted_loss: 0.6524, label: 6, bag_size: 10676
batch 1839, loss: 1.8574, instance_loss: 3.6647, weighted_loss: 2.3996, label: 7, bag_size: 179
batch 1859, loss: 0.0230, instance_loss: 0.0140, weighted_loss: 0.0203, label: 1, bag_size: 10314
batch 1879, loss: 0.2754, instance_loss: 0.1233, weighted_loss: 0.2298, label: 3, bag_size: 44290
batch 1899, loss: 0.4362, instance_loss: 0.0935, weighted_loss: 0.3334, label: 0, bag_size: 7715
batch 1919, loss: 0.5573, instance_loss: 0.0180, weighted_loss: 0.3956, label: 5, bag_size: 42075
batch 1939, loss: 2.1064, instance_loss: 0.0360, weighted_loss: 1.4853, label: 6, bag_size: 5420
batch 1959, loss: 1.2872, instance_loss: 0.0414, weighted_loss: 0.9135, label: 4, bag_size: 2688
batch 1979, loss: 4.1937, instance_loss: 0.0315, weighted_loss: 2.9450, label: 7, bag_size: 24724
batch 1999, loss: 0.0238, instance_loss: 0.0042, weighted_loss: 0.0179, label: 2, bag_size: 55669
batch 2019, loss: 1.0318, instance_loss: 0.0054, weighted_loss: 0.7239, label: 0, bag_size: 3320
batch 2039, loss: 0.0135, instance_loss: 0.0006, weighted_loss: 0.0096, label: 2, bag_size: 17241
batch 2059, loss: 0.5236, instance_loss: 0.0206, weighted_loss: 0.3727, label: 6, bag_size: 1792
batch 2079, loss: 0.1659, instance_loss: 0.0079, weighted_loss: 0.1185, label: 1, bag_size: 23247
batch 2099, loss: 0.0649, instance_loss: 0.1281, weighted_loss: 0.0839, label: 1, bag_size: 11584
batch 2119, loss: 0.8184, instance_loss: 0.0050, weighted_loss: 0.5744, label: 5, bag_size: 40909
batch 2139, loss: 0.2184, instance_loss: 0.0057, weighted_loss: 0.1546, label: 5, bag_size: 5179
batch 2159, loss: 0.0063, instance_loss: 0.0195, weighted_loss: 0.0102, label: 1, bag_size: 11584
batch 2179, loss: 0.0282, instance_loss: 0.0055, weighted_loss: 0.0214, label: 1, bag_size: 47248
batch 2199, loss: 0.0434, instance_loss: 0.0032, weighted_loss: 0.0313, label: 2, bag_size: 27600
batch 2219, loss: 0.0439, instance_loss: 0.0067, weighted_loss: 0.0327, label: 3, bag_size: 45816
batch 2239, loss: 2.0958, instance_loss: 0.0147, weighted_loss: 1.4715, label: 6, bag_size: 47864
batch 2259, loss: 0.0672, instance_loss: 0.0105, weighted_loss: 0.0502, label: 1, bag_size: 23247
batch 2279, loss: 2.8364, instance_loss: 0.0167, weighted_loss: 1.9905, label: 7, bag_size: 28165
batch 2299, loss: 0.0431, instance_loss: 0.0417, weighted_loss: 0.0427, label: 7, bag_size: 8170
batch 2319, loss: 1.1226, instance_loss: 0.0080, weighted_loss: 0.7882, label: 4, bag_size: 55714
batch 2339, loss: 0.5435, instance_loss: 0.0227, weighted_loss: 0.3873, label: 3, bag_size: 94662
batch 2379, loss: 1.7387, instance_loss: 0.0048, weighted_loss: 1.2185, label: 7, bag_size: 3639
batch 2399, loss: 1.3234, instance_loss: 0.0112, weighted_loss: 0.9297, label: 7, bag_size: 45467
batch 2419, loss: 1.0690, instance_loss: 0.0080, weighted_loss: 0.7507, label: 3, bag_size: 34611


class 0 clustering acc 0.9814273789649416: correct 18812/19168
class 1 clustering acc 0.9732888146911519: correct 18656/19168
Epoch: 0, train_loss: 1.2197, train_clustering_loss:  0.1469, train_error: 0.4349
class 0: acc 0.40540540540540543, correct 120/296
class 1: acc 0.7850162866449512, correct 241/307
class 2: acc 0.8625, correct 276/320
class 3: acc 0.6972789115646258, correct 205/294
class 4: acc 0.309375, correct 99/320
class 5: acc 0.698961937716263, correct 202/289
class 6: acc 0.32247557003257327, correct 99/307
class 7: acc 0.42585551330798477, correct 112/263
Warning: Feature file not found, skipping: /media/administrador/Storage1/sdonoso/clam_environ/environ/features/pt_files/histai_0126_slide_H&E_2.pt
Warning: Feature file not found, skipping: /media/administrador/Storage1/sdonoso/clam_environ/environ/features/pt_files/histai_0063_slide_H&E_4.pt
Warning: Feature file not found, skipping: /media/administrador/Storage1/sdonoso/clam_environ/environ/features/pt_files/histai_0088_slide_H&E_0.pt
Warning: Feature file not found, skipping: /media/administrador/Storage1/sdonoso/clam_environ/environ/features/pt_files/histai_0046_slide_H&E_4.pt
Warning: Feature file not found, skipping: /media/administrador/Storage1/sdonoso/clam_environ/environ/features/pt_files/histai_0046_slide_H&E_2.pt
Warning: Feature file not found, skipping: /media/administrador/Storage1/sdonoso/clam_environ/environ/features/pt_files/histai_0038_slide_H&E_4.pt
Warning: Feature file not found, skipping: /media/administrador/Storage1/sdonoso/clam_environ/environ/features/pt_files/histai_0063_slide_H&E_1.pt
Warning: Feature file not found, skipping: /media/administrador/Storage1/sdonoso/clam_environ/environ/features/pt_files/histai_0088_slide_H&E_3.pt
Warning: Feature file not found, skipping: /media/administrador/Storage1/sdonoso/clam_environ/environ/features/pt_files/histai_0046_slide_H&E_6.pt
Warning: Feature file not found, skipping: /media/administrador/Storage1/sdonoso/clam_environ/environ/features/pt_files/histai_0046_slide_H&E_0.pt
Warning: Feature file not found, skipping: /media/administrador/Storage1/sdonoso/clam_environ/environ/features/pt_files/histai_0038_slide_H&E_3.pt
Warning: Feature file not found, skipping: /media/administrador/Storage1/sdonoso/clam_environ/environ/features/pt_files/histai_0126_slide_H&E_0.pt
Warning: Feature file not found, skipping: /media/administrador/Storage1/sdonoso/clam_environ/environ/features/pt_files/histai_0063_slide_H&E_6.pt
Warning: Feature file not found, skipping: /media/administrador/Storage1/sdonoso/clam_environ/environ/features/pt_files/histai_0063_slide_H&E_3.pt
Warning: Feature file not found, skipping: /media/administrador/Storage1/sdonoso/clam_environ/environ/features/pt_files/histai_0088_slide_H&E_1.pt
Warning: Feature file not found, skipping: /media/administrador/Storage1/sdonoso/clam_environ/environ/features/pt_files/histai_0046_slide_H&E_3.pt
Warning: Feature file not found, skipping: /media/administrador/Storage1/sdonoso/clam_environ/environ/features/pt_files/histai_0046_slide_H&E_1.pt
Warning: Feature file not found, skipping: /media/administrador/Storage1/sdonoso/clam_environ/environ/features/pt_files/histai_0126_slide_H&E_1.pt
Warning: Feature file not found, skipping: /media/administrador/Storage1/sdonoso/clam_environ/environ/features/pt_files/histai_0063_slide_H&E_7.pt
Warning: Feature file not found, skipping: /media/administrador/Storage1/sdonoso/clam_environ/environ/features/pt_files/histai_0088_slide_H&E_2.pt
Warning: Feature file not found, skipping: /media/administrador/Storage1/sdonoso/clam_environ/environ/features/pt_files/histai_0046_slide_H&E_7.pt
Warning: Feature file not found, skipping: /media/administrador/Storage1/sdonoso/clam_environ/environ/features/pt_files/histai_0046_slide_H&E_5.pt
Warning: Feature file not found, skipping: /media/administrador/Storage1/sdonoso/clam_environ/environ/features/pt_files/histai_0003_slide_H&E_1.pt
Warning: Feature file not found, skipping: /media/administrador/Storage1/sdonoso/clam_environ/environ/features/pt_files/histai_0038_slide_H&E_2.pt

Val Set, val_loss: 1.1550, val_error: 0.4000, auc: 0.6223
class 0 clustering acc 0.9995762711864407: correct 2359/2360
class 1 clustering acc 0.9775423728813559: correct 2307/2360
class 0: acc 0.0, correct 0/4
class 1: acc 0.0, correct 0/1
class 2: acc 0.0, correct 0/1
class 3: acc 0.0, correct 0/1
class 4: acc 0.0, correct 0/8
class 5: acc 1.0, correct 1/1
class 6: acc 0.0625, correct 1/16
class 7: acc 0.6653992395437263, correct 175/263
Validation loss decreased (inf --> 1.155010).  Saving model ...


batch 19, loss: 1.0314, instance_loss: 0.0020, weighted_loss: 0.7226, label: 0, bag_size: 63464
batch 39, loss: 1.5921, instance_loss: 0.0067, weighted_loss: 1.1165, label: 6, bag_size: 1199
batch 59, loss: 0.0133, instance_loss: 0.0037, weighted_loss: 0.0104, label: 2, bag_size: 55669
batch 79, loss: 0.9886, instance_loss: 0.0077, weighted_loss: 0.6943, label: 4, bag_size: 634
batch 99, loss: 0.2066, instance_loss: 0.0634, weighted_loss: 0.1637, label: 5, bag_size: 4549
batch 119, loss: 1.0157, instance_loss: 0.0463, weighted_loss: 0.7249, label: 6, bag_size: 29131
batch 139, loss: 0.2978, instance_loss: 0.0031, weighted_loss: 0.2094, label: 3, bag_size: 48697
batch 159, loss: 0.1341, instance_loss: 0.0057, weighted_loss: 0.0956, label: 5, bag_size: 52677
batch 179, loss: 0.1670, instance_loss: 0.0341, weighted_loss: 0.1271, label: 7, bag_size: 1848
batch 199, loss: 1.4811, instance_loss: 0.0005, weighted_loss: 1.0369, label: 4, bag_size: 31677
batch 219, loss: 0.3492, instance_loss: 0.0048, weighted_loss: 0.2459, label: 5, bag_size: 63349
batch 239, loss: 0.8762, instance_loss: 0.0028, weighted_loss: 0.6142, label: 4, bag_size: 72397
batch 259, loss: 0.2534, instance_loss: 0.0054, weighted_loss: 0.1790, label: 5, bag_size: 40909
batch 279, loss: 0.0138, instance_loss: 0.0057, weighted_loss: 0.0113, label: 2, bag_size: 17241
batch 299, loss: 1.6839, instance_loss: 0.0080, weighted_loss: 1.1811, label: 7, bag_size: 11612
batch 319, loss: 2.9136, instance_loss: 0.0044, weighted_loss: 2.0408, label: 4, bag_size: 82359
batch 339, loss: 0.3463, instance_loss: 0.0592, weighted_loss: 0.2602, label: 6, bag_size: 16049
batch 359, loss: 0.5496, instance_loss: 0.0087, weighted_loss: 0.3873, label: 0, bag_size: 4034
batch 379, loss: 2.2866, instance_loss: 0.0014, weighted_loss: 1.6010, label: 6, bag_size: 6050
batch 399, loss: 1.6720, instance_loss: 0.0110, weighted_loss: 1.1737, label: 7, bag_size: 18715
batch 419, loss: 0.0537, instance_loss: 0.0053, weighted_loss: 0.0392, label: 3, bag_size: 15813
batch 439, loss: 0.0365, instance_loss: 0.0090, weighted_loss: 0.0283, label: 5, bag_size: 5565
batch 459, loss: 1.7257, instance_loss: 0.1098, weighted_loss: 1.2410, label: 6, bag_size: 12147
batch 479, loss: 1.7397, instance_loss: 0.0034, weighted_loss: 1.2188, label: 4, bag_size: 14107
batch 499, loss: 0.0246, instance_loss: 0.0280, weighted_loss: 0.0256, label: 2, bag_size: 27600
batch 519, loss: 0.7380, instance_loss: 0.0061, weighted_loss: 0.5184, label: 7, bag_size: 7740
batch 539, loss: 0.4005, instance_loss: 0.0048, weighted_loss: 0.2818, label: 5, bag_size: 6337
batch 559, loss: 0.2288, instance_loss: 0.0032, weighted_loss: 0.1611, label: 3, bag_size: 94662
batch 579, loss: 3.7314, instance_loss: 0.0168, weighted_loss: 2.6170, label: 7, bag_size: 16172
batch 599, loss: 1.7689, instance_loss: 0.0044, weighted_loss: 1.2395, label: 4, bag_size: 48622
batch 619, loss: 2.2526, instance_loss: 0.0045, weighted_loss: 1.5782, label: 6, bag_size: 22084
batch 639, loss: 2.9465, instance_loss: 0.0129, weighted_loss: 2.0664, label: 7, bag_size: 60625
batch 659, loss: 0.0057, instance_loss: 0.0020, weighted_loss: 0.0046, label: 3, bag_size: 45816
batch 679, loss: 0.6478, instance_loss: 0.0354, weighted_loss: 0.4641, label: 3, bag_size: 40779
batch 699, loss: 0.4539, instance_loss: 0.0053, weighted_loss: 0.3193, label: 7, bag_size: 7605
batch 719, loss: 1.7556, instance_loss: 0.0061, weighted_loss: 1.2308, label: 7, bag_size: 65228
batch 739, loss: 1.6763, instance_loss: 0.0976, weighted_loss: 1.2027, label: 4, bag_size: 6808
batch 759, loss: 1.8589, instance_loss: 0.0055, weighted_loss: 1.3029, label: 4, bag_size: 75076
batch 779, loss: 0.0779, instance_loss: 0.0537, weighted_loss: 0.0706, label: 7, bag_size: 6428
batch 799, loss: 2.6561, instance_loss: 0.0143, weighted_loss: 1.8635, label: 4, bag_size: 45670
batch 819, loss: 0.0576, instance_loss: 0.0056, weighted_loss: 0.0420, label: 0, bag_size: 31191
batch 839, loss: 0.0362, instance_loss: 0.0045, weighted_loss: 0.0267, label: 1, bag_size: 47248
batch 859, loss: 0.0025, instance_loss: 0.0007, weighted_loss: 0.0020, label: 2, bag_size: 17241
batch 879, loss: 0.0589, instance_loss: 0.0064, weighted_loss: 0.0431, label: 1, bag_size: 51943
batch 899, loss: 2.3152, instance_loss: 0.1625, weighted_loss: 1.6694, label: 6, bag_size: 1321
batch 939, loss: 0.8500, instance_loss: 0.0078, weighted_loss: 0.5974, label: 0, bag_size: 60895
batch 959, loss: 0.1382, instance_loss: 0.0183, weighted_loss: 0.1022, label: 3, bag_size: 34611
batch 979, loss: 0.0100, instance_loss: 0.0005, weighted_loss: 0.0072, label: 2, bag_size: 17241
batch 999, loss: 0.4093, instance_loss: 0.0192, weighted_loss: 0.2923, label: 4, bag_size: 7000
batch 1019, loss: 1.1860, instance_loss: 0.0130, weighted_loss: 0.8341, label: 6, bag_size: 2582
batch 1039, loss: 0.0746, instance_loss: 0.0130, weighted_loss: 0.0562, label: 3, bag_size: 40779
batch 1059, loss: 0.1460, instance_loss: 0.0091, weighted_loss: 0.1049, label: 3, bag_size: 40779
batch 1079, loss: 0.0714, instance_loss: 0.0023, weighted_loss: 0.0506, label: 5, bag_size: 19119
batch 1099, loss: 0.6591, instance_loss: 0.0033, weighted_loss: 0.4624, label: 4, bag_size: 31387
batch 1119, loss: 0.0342, instance_loss: 0.0052, weighted_loss: 0.0255, label: 2, bag_size: 27600
batch 1159, loss: 0.0052, instance_loss: 0.0000, weighted_loss: 0.0037, label: 2, bag_size: 17241
batch 1179, loss: 0.6042, instance_loss: 0.0041, weighted_loss: 0.4242, label: 0, bag_size: 62970
batch 1199, loss: 0.0031, instance_loss: 0.0811, weighted_loss: 0.0265, label: 1, bag_size: 3832
batch 1219, loss: 0.0026, instance_loss: 0.0000, weighted_loss: 0.0018, label: 2, bag_size: 55669
batch 1239, loss: 0.0070, instance_loss: 0.0006, weighted_loss: 0.0051, label: 2, bag_size: 17241
batch 1259, loss: 0.7331, instance_loss: 0.1528, weighted_loss: 0.5590, label: 7, bag_size: 8779
batch 1279, loss: 0.8597, instance_loss: 0.0048, weighted_loss: 0.6032, label: 5, bag_size: 19119
batch 1299, loss: 1.4696, instance_loss: 0.0130, weighted_loss: 1.0326, label: 0, bag_size: 8469
batch 1319, loss: 0.0132, instance_loss: 0.0606, weighted_loss: 0.0274, label: 7, bag_size: 841
batch 1339, loss: 0.0195, instance_loss: 0.0016, weighted_loss: 0.0141, label: 2, bag_size: 18291
batch 1359, loss: 0.0763, instance_loss: 0.0097, weighted_loss: 0.0563, label: 0, bag_size: 18834
batch 1379, loss: 0.8475, instance_loss: 0.0393, weighted_loss: 0.6051, label: 4, bag_size: 46892
batch 1399, loss: 0.0468, instance_loss: 0.0078, weighted_loss: 0.0351, label: 5, bag_size: 5179
batch 1419, loss: 0.0140, instance_loss: 0.0013, weighted_loss: 0.0102, label: 2, bag_size: 17241
batch 1439, loss: 0.0411, instance_loss: 0.0003, weighted_loss: 0.0289, label: 5, bag_size: 5179
batch 1459, loss: 0.5526, instance_loss: 0.0381, weighted_loss: 0.3982, label: 3, bag_size: 40462
batch 1479, loss: 0.4534, instance_loss: 0.0076, weighted_loss: 0.3197, label: 0, bag_size: 8203
batch 1499, loss: 2.1961, instance_loss: 0.0044, weighted_loss: 1.5386, label: 4, bag_size: 41745
batch 1519, loss: 0.5066, instance_loss: 0.2091, weighted_loss: 0.4173, label: 7, bag_size: 350
batch 1539, loss: 0.4578, instance_loss: 0.0054, weighted_loss: 0.3221, label: 5, bag_size: 6337
batch 1559, loss: 0.0798, instance_loss: 0.0083, weighted_loss: 0.0583, label: 5, bag_size: 52677
batch 1579, loss: 0.3243, instance_loss: 0.0030, weighted_loss: 0.2279, label: 6, bag_size: 23425
batch 1599, loss: 0.1766, instance_loss: 0.0033, weighted_loss: 0.1246, label: 3, bag_size: 47490
batch 1619, loss: 0.1588, instance_loss: 0.0116, weighted_loss: 0.1146, label: 3, bag_size: 48697
batch 1639, loss: 0.0508, instance_loss: 0.0061, weighted_loss: 0.0374, label: 5, bag_size: 6337
batch 1659, loss: 1.2239, instance_loss: 0.0087, weighted_loss: 0.8593, label: 7, bag_size: 14153
batch 1679, loss: 1.6653, instance_loss: 0.0108, weighted_loss: 1.1689, label: 7, bag_size: 6654
batch 1699, loss: 0.0099, instance_loss: 0.0037, weighted_loss: 0.0080, label: 2, bag_size: 18291
batch 1719, loss: 0.0207, instance_loss: 0.0290, weighted_loss: 0.0232, label: 1, bag_size: 11584
Warning: Feature file not found, skipping: /media/administrador/Storage1/sdonoso/clam_environ/environ/features/pt_files/150012-2-3.pt
Warning: Feature file not found, skipping: /media/administrador/Storage1/sdonoso/clam_environ/environ/features/pt_files/150012-2-3.pt
Warning: Feature file not found, skipping: /media/administrador/Storage1/sdonoso/clam_environ/environ/features/pt_files/150012-2-3.pt
Warning: Feature file not found, skipping: /media/administrador/Storage1/sdonoso/clam_environ/environ/features/pt_files/150012-2-3.pt
Warning: Feature file not found, skipping: /media/administrador/Storage1/sdonoso/clam_environ/environ/features/pt_files/150012-2-3.pt
Warning: Feature file not found, skipping: /media/administrador/Storage1/sdonoso/clam_environ/environ/features/pt_files/150012-2-3.pt
Warning: Feature file not found, skipping: /media/administrador/Storage1/sdonoso/clam_environ/environ/features/pt_files/150012-2-3.pt
Warning: Feature file not found, skipping: /media/administrador/Storage1/sdonoso/clam_environ/environ/features/pt_files/150012-2-3.pt
Warning: Feature file not found, skipping: /media/administrador/Storage1/sdonoso/clam_environ/environ/features/pt_files/150012-2-3.pt
Warning: Feature file not found, skipping: /media/administrador/Storage1/sdonoso/clam_environ/environ/features/pt_files/150012-2-3.pt
Warning: Feature file not found, skipping: /media/administrador/Storage1/sdonoso/clam_environ/environ/features/pt_files/150012-2-3.pt
Warning: Feature file not found, skipping: /media/administrador/Storage1/sdonoso/clam_environ/environ/features/pt_files/150012-2-3.pt
Warning: Feature file not found, skipping: /media/administrador/Storage1/sdonoso/clam_environ/environ/features/pt_files/histai_0030_slide_H&E_9.pt
Warning: Feature file not found, skipping: /media/administrador/Storage1/sdonoso/clam_environ/environ/features/pt_files/150012-2-3.pt
Warning: Feature file not found, skipping: /media/administrador/Storage1/sdonoso/clam_environ/environ/features/pt_files/150012-2-3.pt
Warning: Feature file not found, skipping: /media/administrador/Storage1/sdonoso/clam_environ/environ/features/pt_files/150012-2-3.pt
Warning: Feature file not found, skipping: /media/administrador/Storage1/sdonoso/clam_environ/environ/features/pt_files/150012-2-3.pt
Warning: Feature file not found, skipping: /media/administrador/Storage1/sdonoso/clam_environ/environ/features/pt_files/150012-2-3.pt
Warning: Feature file not found, skipping: /media/administrador/Storage1/sdonoso/clam_environ/environ/features/pt_files/150012-2-3.pt
Warning: Feature file not found, skipping: /media/administrador/Storage1/sdonoso/clam_environ/environ/features/pt_files/histai_0030_slide_H&E_1.pt
Warning: Feature file not found, skipping: /media/administrador/Storage1/sdonoso/clam_environ/environ/features/pt_files/150012-2-3.pt
Warning: Feature file not found, skipping: /media/administrador/Storage1/sdonoso/clam_environ/environ/features/pt_files/150012-2-3.pt
Warning: Feature file not found, skipping: /media/administrador/Storage1/sdonoso/clam_environ/environ/features/pt_files/histai_0084_slide_H&E_1.pt
Warning: Feature file not found, skipping: /media/administrador/Storage1/sdonoso/clam_environ/environ/features/pt_files/150012-2-3.pt
Warning: Feature file not found, skipping: /media/administrador/Storage1/sdonoso/clam_environ/environ/features/pt_files/histai_0054_slide_H&E_1.pt
Warning: Feature file not found, skipping: /media/administrador/Storage1/sdonoso/clam_environ/environ/features/pt_files/histai_0084_slide_H&E_0.pt
Warning: Feature file not found, skipping: /media/administrador/Storage1/sdonoso/clam_environ/environ/features/pt_files/150012-2-3.pt
Warning: Feature file not found, skipping: /media/administrador/Storage1/sdonoso/clam_environ/environ/features/pt_files/150012-2-3.pt
Warning: Feature file not found, skipping: /media/administrador/Storage1/sdonoso/clam_environ/environ/features/pt_files/histai_0070_slide_H&E_2.pt
Warning: Feature file not found, skipping: /media/administrador/Storage1/sdonoso/clam_environ/environ/features/pt_files/150012-2-3.pt
Warning: Feature file not found, skipping: /media/administrador/Storage1/sdonoso/clam_environ/environ/features/pt_files/150012-2-3.pt
Warning: Feature file not found, skipping: /media/administrador/Storage1/sdonoso/clam_environ/environ/features/pt_files/150012-2-3.pt
Warning: Feature file not found, skipping: /media/administrador/Storage1/sdonoso/clam_environ/environ/features/pt_files/150012-2-3.pt
Warning: Feature file not found, skipping: /media/administrador/Storage1/sdonoso/clam_environ/environ/features/pt_files/150012-2-3.pt
Warning: Feature file not found, skipping: /media/administrador/Storage1/sdonoso/clam_environ/environ/features/pt_files/150012-2-3.pt
Warning: Feature file not found, skipping: /media/administrador/Storage1/sdonoso/clam_environ/environ/features/pt_files/150012-2-3.pt
Warning: Feature file not found, skipping: /media/administrador/Storage1/sdonoso/clam_environ/environ/features/pt_files/150012-2-3.pt
Warning: Feature file not found, skipping: /media/administrador/Storage1/sdonoso/clam_environ/environ/features/pt_files/150012-2-3.pt
Warning: Feature file not found, skipping: /media/administrador/Storage1/sdonoso/clam_environ/environ/features/pt_files/150012-2-3.pt
Warning: Feature file not found, skipping: /media/administrador/Storage1/sdonoso/clam_environ/environ/features/pt_files/150012-2-3.pt
Warning: Feature file not found, skipping: /media/administrador/Storage1/sdonoso/clam_environ/environ/features/pt_files/150012-2-3.pt
Warning: Feature file not found, skipping: /media/administrador/Storage1/sdonoso/clam_environ/environ/features/pt_files/histai_0054_slide_H&E_1.pt
Warning: Feature file not found, skipping: /media/administrador/Storage1/sdonoso/clam_environ/environ/features/pt_files/150012-2-3.pt
batch 1739, loss: 0.1228, instance_loss: 0.0042, weighted_loss: 0.0872, label: 0, bag_size: 8203
batch 1759, loss: 1.9957, instance_loss: 0.0010, weighted_loss: 1.3973, label: 6, bag_size: 53018
batch 1779, loss: 0.1536, instance_loss: 0.0103, weighted_loss: 0.1106, label: 6, bag_size: 3077
batch 1799, loss: 1.3510, instance_loss: 0.0054, weighted_loss: 0.9473, label: 4, bag_size: 2688
batch 1819, loss: 2.6835, instance_loss: 0.0193, weighted_loss: 1.8842, label: 7, bag_size: 43116
batch 1839, loss: 0.4327, instance_loss: 0.1258, weighted_loss: 0.3406, label: 6, bag_size: 4392
batch 1859, loss: 1.8368, instance_loss: 0.0096, weighted_loss: 1.2886, label: 4, bag_size: 30374
batch 1879, loss: 0.1471, instance_loss: 0.0033, weighted_loss: 0.1040, label: 3, bag_size: 44290
batch 1899, loss: 3.3120, instance_loss: 0.0254, weighted_loss: 2.3261, label: 4, bag_size: 1615
batch 1919, loss: 1.4624, instance_loss: 0.0012, weighted_loss: 1.0240, label: 0, bag_size: 60895
batch 1939, loss: 0.0315, instance_loss: 0.0114, weighted_loss: 0.0255, label: 3, bag_size: 44290
batch 1959, loss: 0.7523, instance_loss: 0.0000, weighted_loss: 0.5266, label: 0, bag_size: 11173
batch 1979, loss: 0.0049, instance_loss: 0.0008, weighted_loss: 0.0037, label: 2, bag_size: 17241
batch 1999, loss: 1.4443, instance_loss: 0.0014, weighted_loss: 1.0114, label: 0, bag_size: 76990
batch 2019, loss: 1.2441, instance_loss: 0.0005, weighted_loss: 0.8710, label: 4, bag_size: 111735
batch 2039, loss: 1.6907, instance_loss: 0.0135, weighted_loss: 1.1875, label: 7, bag_size: 9508
batch 2059, loss: 1.0142, instance_loss: 0.0678, weighted_loss: 0.7303, label: 7, bag_size: 3052
batch 2079, loss: 0.0090, instance_loss: 0.0020, weighted_loss: 0.0069, label: 2, bag_size: 27600
batch 2099, loss: 0.3162, instance_loss: 0.0354, weighted_loss: 0.2320, label: 0, bag_size: 3320
batch 2119, loss: 0.1098, instance_loss: 0.0086, weighted_loss: 0.0794, label: 3, bag_size: 15813
batch 2139, loss: 0.2668, instance_loss: 0.0090, weighted_loss: 0.1894, label: 4, bag_size: 2213
batch 2159, loss: 1.2516, instance_loss: 0.0008, weighted_loss: 0.8764, label: 6, bag_size: 13888
batch 2179, loss: 1.2201, instance_loss: 0.0000, weighted_loss: 0.8541, label: 6, bag_size: 71557
batch 2199, loss: 0.3285, instance_loss: 0.0051, weighted_loss: 0.2315, label: 7, bag_size: 12252
batch 2219, loss: 0.1373, instance_loss: 0.0038, weighted_loss: 0.0973, label: 5, bag_size: 19119
batch 2239, loss: 0.0761, instance_loss: 0.0013, weighted_loss: 0.0537, label: 5, bag_size: 22096
batch 2259, loss: 4.0318, instance_loss: 0.0144, weighted_loss: 2.8266, label: 7, bag_size: 69380
batch 2279, loss: 1.9863, instance_loss: 0.0000, weighted_loss: 1.3904, label: 6, bag_size: 16627
batch 2299, loss: 0.9100, instance_loss: 0.0005, weighted_loss: 0.6372, label: 6, bag_size: 22084
batch 2319, loss: 0.0056, instance_loss: 0.0037, weighted_loss: 0.0051, label: 5, bag_size: 5565
batch 2339, loss: 0.1099, instance_loss: 0.0022, weighted_loss: 0.0776, label: 5, bag_size: 19119
batch 2359, loss: 0.2609, instance_loss: 0.1630, weighted_loss: 0.2315, label: 7, bag_size: 2317
batch 2379, loss: 0.4330, instance_loss: 0.0087, weighted_loss: 0.3057, label: 6, bag_size: 4216
batch 2399, loss: 0.0526, instance_loss: 0.0029, weighted_loss: 0.0377, label: 7, bag_size: 14399
batch 2419, loss: 0.0117, instance_loss: 0.0000, weighted_loss: 0.0082, label: 3, bag_size: 45816


class 0 clustering acc 0.9996868475991649: correct 19154/19160
class 1 clustering acc 0.9931628392484343: correct 19029/19160
Epoch: 1, train_loss: 0.6078, train_clustering_loss:  0.0280, train_error: 0.2167
class 0: acc 0.7770034843205574, correct 223/287
class 1: acc 0.9842271293375394, correct 312/317
class 2: acc 0.9927536231884058, correct 274/276
class 3: acc 0.9684542586750788, correct 307/317
class 4: acc 0.558303886925795, correct 158/283
class 5: acc 0.9545454545454546, correct 273/286
class 6: acc 0.5316455696202531, correct 168/316
class 7: acc 0.5143769968051118, correct 161/313
Warning: Feature file not found, skipping: /media/administrador/Storage1/sdonoso/clam_environ/environ/features/pt_files/histai_0126_slide_H&E_0.pt
Warning: Feature file not found, skipping: /media/administrador/Storage1/sdonoso/clam_environ/environ/features/pt_files/histai_0063_slide_H&E_6.pt
Warning: Feature file not found, skipping: /media/administrador/Storage1/sdonoso/clam_environ/environ/features/pt_files/histai_0063_slide_H&E_3.pt
Warning: Feature file not found, skipping: /media/administrador/Storage1/sdonoso/clam_environ/environ/features/pt_files/histai_0088_slide_H&E_1.pt
Warning: Feature file not found, skipping: /media/administrador/Storage1/sdonoso/clam_environ/environ/features/pt_files/histai_0046_slide_H&E_3.pt
Warning: Feature file not found, skipping: /media/administrador/Storage1/sdonoso/clam_environ/environ/features/pt_files/histai_0046_slide_H&E_1.pt
Warning: Feature file not found, skipping: /media/administrador/Storage1/sdonoso/clam_environ/environ/features/pt_files/histai_0063_slide_H&E_1.pt
Warning: Feature file not found, skipping: /media/administrador/Storage1/sdonoso/clam_environ/environ/features/pt_files/histai_0088_slide_H&E_3.pt
Warning: Feature file not found, skipping: /media/administrador/Storage1/sdonoso/clam_environ/environ/features/pt_files/histai_0046_slide_H&E_6.pt
Warning: Feature file not found, skipping: /media/administrador/Storage1/sdonoso/clam_environ/environ/features/pt_files/histai_0046_slide_H&E_0.pt
Warning: Feature file not found, skipping: /media/administrador/Storage1/sdonoso/clam_environ/environ/features/pt_files/histai_0038_slide_H&E_3.pt
Warning: Feature file not found, skipping: /media/administrador/Storage1/sdonoso/clam_environ/environ/features/pt_files/histai_0126_slide_H&E_2.pt
Warning: Feature file not found, skipping: /media/administrador/Storage1/sdonoso/clam_environ/environ/features/pt_files/histai_0063_slide_H&E_4.pt
Warning: Feature file not found, skipping: /media/administrador/Storage1/sdonoso/clam_environ/environ/features/pt_files/histai_0088_slide_H&E_0.pt
Warning: Feature file not found, skipping: /media/administrador/Storage1/sdonoso/clam_environ/environ/features/pt_files/histai_0046_slide_H&E_4.pt
Warning: Feature file not found, skipping: /media/administrador/Storage1/sdonoso/clam_environ/environ/features/pt_files/histai_0046_slide_H&E_2.pt
Warning: Feature file not found, skipping: /media/administrador/Storage1/sdonoso/clam_environ/environ/features/pt_files/histai_0038_slide_H&E_4.pt
Warning: Feature file not found, skipping: /media/administrador/Storage1/sdonoso/clam_environ/environ/features/pt_files/histai_0126_slide_H&E_1.pt
Warning: Feature file not found, skipping: /media/administrador/Storage1/sdonoso/clam_environ/environ/features/pt_files/histai_0063_slide_H&E_7.pt
Warning: Feature file not found, skipping: /media/administrador/Storage1/sdonoso/clam_environ/environ/features/pt_files/histai_0088_slide_H&E_2.pt
Warning: Feature file not found, skipping: /media/administrador/Storage1/sdonoso/clam_environ/environ/features/pt_files/histai_0046_slide_H&E_7.pt
Warning: Feature file not found, skipping: /media/administrador/Storage1/sdonoso/clam_environ/environ/features/pt_files/histai_0046_slide_H&E_5.pt
Warning: Feature file not found, skipping: /media/administrador/Storage1/sdonoso/clam_environ/environ/features/pt_files/histai_0003_slide_H&E_1.pt
Warning: Feature file not found, skipping: /media/administrador/Storage1/sdonoso/clam_environ/environ/features/pt_files/histai_0038_slide_H&E_2.pt

Val Set, val_loss: 0.9545, val_error: 0.3424, auc: 0.6975
class 0 clustering acc 0.9978813559322034: correct 2355/2360
class 1 clustering acc 0.9830508474576272: correct 2320/2360
class 0: acc 0.0, correct 0/4
class 1: acc 0.0, correct 0/1
class 2: acc 0.0, correct 0/1
class 3: acc 0.0, correct 0/1
class 4: acc 0.0, correct 0/8
class 5: acc 0.0, correct 0/1
class 6: acc 0.1875, correct 3/16
class 7: acc 0.7262357414448669, correct 191/263
Validation loss decreased (1.155010 --> 0.954488).  Saving model ...


batch 19, loss: 2.5175, instance_loss: 0.1241, weighted_loss: 1.7995, label: 6, bag_size: 1321
batch 39, loss: 0.1701, instance_loss: 0.0044, weighted_loss: 0.1204, label: 6, bag_size: 9495
batch 59, loss: 0.4540, instance_loss: 0.0000, weighted_loss: 0.3178, label: 0, bag_size: 53763
batch 79, loss: 0.0091, instance_loss: 0.0027, weighted_loss: 0.0072, label: 3, bag_size: 94662
batch 99, loss: 1.3394, instance_loss: 0.0049, weighted_loss: 0.9390, label: 4, bag_size: 37650
batch 119, loss: 0.0196, instance_loss: 0.0037, weighted_loss: 0.0149, label: 3, bag_size: 94662
batch 139, loss: 0.0280, instance_loss: 0.0000, weighted_loss: 0.0196, label: 5, bag_size: 22096
batch 159, loss: 0.7883, instance_loss: 0.0017, weighted_loss: 0.5523, label: 5, bag_size: 74305
batch 179, loss: 0.0159, instance_loss: 0.0000, weighted_loss: 0.0111, label: 2, bag_size: 17241
batch 199, loss: 0.2097, instance_loss: 0.0103, weighted_loss: 0.1499, label: 6, bag_size: 2371
batch 219, loss: 1.3668, instance_loss: 0.0170, weighted_loss: 0.9619, label: 3, bag_size: 44290
batch 239, loss: 0.0325, instance_loss: 0.0000, weighted_loss: 0.0227, label: 2, bag_size: 17241
batch 259, loss: 0.2015, instance_loss: 0.0091, weighted_loss: 0.1438, label: 7, bag_size: 1173
batch 279, loss: 0.8416, instance_loss: 0.0070, weighted_loss: 0.5912, label: 6, bag_size: 4957
batch 299, loss: 0.5186, instance_loss: 0.0151, weighted_loss: 0.3676, label: 4, bag_size: 10966
batch 319, loss: 0.3438, instance_loss: 0.0458, weighted_loss: 0.2544, label: 6, bag_size: 4850
batch 339, loss: 1.0255, instance_loss: 3.3852, weighted_loss: 1.7334, label: 7, bag_size: 68
batch 359, loss: 0.0093, instance_loss: 0.0060, weighted_loss: 0.0083, label: 1, bag_size: 39579
batch 379, loss: 0.0057, instance_loss: 0.0003, weighted_loss: 0.0041, label: 2, bag_size: 18291
batch 399, loss: 0.1641, instance_loss: 0.0037, weighted_loss: 0.1160, label: 6, bag_size: 7174
batch 419, loss: 0.0384, instance_loss: 0.0833, weighted_loss: 0.0519, label: 7, bag_size: 2847
batch 439, loss: 0.0144, instance_loss: 0.0002, weighted_loss: 0.0101, label: 3, bag_size: 82568
batch 459, loss: 0.4544, instance_loss: 0.0013, weighted_loss: 0.3185, label: 0, bag_size: 29441
batch 479, loss: 0.0397, instance_loss: 0.0067, weighted_loss: 0.0298, label: 7, bag_size: 1658
batch 499, loss: 0.0023, instance_loss: 0.0019, weighted_loss: 0.0022, label: 2, bag_size: 18291
batch 519, loss: 0.0408, instance_loss: 0.0004, weighted_loss: 0.0287, label: 0, bag_size: 18834
batch 539, loss: 0.7344, instance_loss: 0.0095, weighted_loss: 0.5169, label: 7, bag_size: 1132
batch 559, loss: 0.0127, instance_loss: 0.0036, weighted_loss: 0.0100, label: 2, bag_size: 27600
batch 579, loss: 5.3888, instance_loss: 0.0179, weighted_loss: 3.7775, label: 7, bag_size: 1764
batch 599, loss: 0.0062, instance_loss: 0.0016, weighted_loss: 0.0048, label: 2, bag_size: 18291
batch 619, loss: 0.0076, instance_loss: 0.0281, weighted_loss: 0.0138, label: 7, bag_size: 1323
batch 639, loss: 0.0302, instance_loss: 0.2402, weighted_loss: 0.0932, label: 0, bag_size: 7987
batch 659, loss: 0.1613, instance_loss: 0.0031, weighted_loss: 0.1138, label: 7, bag_size: 4989
batch 679, loss: 0.1932, instance_loss: 0.0066, weighted_loss: 0.1372, label: 0, bag_size: 68174
batch 699, loss: 0.0049, instance_loss: 0.0458, weighted_loss: 0.0172, label: 1, bag_size: 23247
batch 719, loss: 0.0655, instance_loss: 0.0002, weighted_loss: 0.0459, label: 5, bag_size: 74305
batch 739, loss: 1.1114, instance_loss: 0.0068, weighted_loss: 0.7800, label: 4, bag_size: 15220
batch 759, loss: 0.1579, instance_loss: 0.0282, weighted_loss: 0.1190, label: 4, bag_size: 23894
batch 779, loss: 0.1754, instance_loss: 0.0039, weighted_loss: 0.1239, label: 0, bag_size: 76990
batch 799, loss: 0.1061, instance_loss: 0.0039, weighted_loss: 0.0755, label: 1, bag_size: 10314
batch 819, loss: 0.6344, instance_loss: 0.0909, weighted_loss: 0.4713, label: 7, bag_size: 1194
batch 839, loss: 1.0632, instance_loss: 0.0010, weighted_loss: 0.7445, label: 4, bag_size: 14791
batch 859, loss: 2.9752, instance_loss: 0.0017, weighted_loss: 2.0831, label: 6, bag_size: 53008
batch 879, loss: 0.2534, instance_loss: 0.0003, weighted_loss: 0.1774, label: 5, bag_size: 74305
batch 899, loss: 0.4432, instance_loss: 0.0059, weighted_loss: 0.3120, label: 4, bag_size: 5108
batch 919, loss: 0.0303, instance_loss: 0.0002, weighted_loss: 0.0213, label: 0, bag_size: 48169
batch 939, loss: 0.0029, instance_loss: 0.0025, weighted_loss: 0.0027, label: 1, bag_size: 47817
batch 959, loss: 0.0025, instance_loss: 0.0000, weighted_loss: 0.0017, label: 2, bag_size: 18291
batch 979, loss: 0.0809, instance_loss: 0.0116, weighted_loss: 0.0601, label: 0, bag_size: 18834
batch 999, loss: 0.2650, instance_loss: 0.0070, weighted_loss: 0.1876, label: 6, bag_size: 4392
batch 1019, loss: 0.0103, instance_loss: 0.0007, weighted_loss: 0.0074, label: 2, bag_size: 17241
batch 1039, loss: 0.0100, instance_loss: 0.0003, weighted_loss: 0.0071, label: 2, bag_size: 27600
batch 1059, loss: 0.0048, instance_loss: 0.0000, weighted_loss: 0.0033, label: 2, bag_size: 17241
batch 1079, loss: 0.4926, instance_loss: 0.0021, weighted_loss: 0.3455, label: 3, bag_size: 15813
batch 1099, loss: 0.0067, instance_loss: 0.0162, weighted_loss: 0.0096, label: 2, bag_size: 27600
batch 1119, loss: 1.7949, instance_loss: 0.0033, weighted_loss: 1.2574, label: 4, bag_size: 22520
batch 1139, loss: 0.0094, instance_loss: 0.0005, weighted_loss: 0.0067, label: 2, bag_size: 27600
batch 1159, loss: 0.0697, instance_loss: 0.0003, weighted_loss: 0.0489, label: 5, bag_size: 19119
batch 1179, loss: 0.0265, instance_loss: 0.0002, weighted_loss: 0.0186, label: 2, bag_size: 17241
batch 1199, loss: 0.8085, instance_loss: 0.0009, weighted_loss: 0.5662, label: 6, bag_size: 7851
batch 1219, loss: 1.8707, instance_loss: 0.0124, weighted_loss: 1.3132, label: 4, bag_size: 14107
batch 1239, loss: 0.4802, instance_loss: 0.0101, weighted_loss: 0.3391, label: 4, bag_size: 9595
batch 1259, loss: 0.0260, instance_loss: 0.1082, weighted_loss: 0.0507, label: 1, bag_size: 11584
batch 1279, loss: 0.0134, instance_loss: 0.0011, weighted_loss: 0.0097, label: 2, bag_size: 27600
batch 1299, loss: 0.0163, instance_loss: 0.0083, weighted_loss: 0.0139, label: 2, bag_size: 17241
batch 1319, loss: 0.0724, instance_loss: 0.0071, weighted_loss: 0.0528, label: 1, bag_size: 47248
batch 1339, loss: 0.3017, instance_loss: 0.0250, weighted_loss: 0.2187, label: 7, bag_size: 9455
batch 1359, loss: 0.0744, instance_loss: 0.0077, weighted_loss: 0.0544, label: 0, bag_size: 12632
batch 1379, loss: 0.0053, instance_loss: 0.0003, weighted_loss: 0.0038, label: 1, bag_size: 10314
batch 1399, loss: 0.7082, instance_loss: 0.1057, weighted_loss: 0.5274, label: 4, bag_size: 37650
batch 1419, loss: 0.3318, instance_loss: 0.0008, weighted_loss: 0.2325, label: 4, bag_size: 31387
batch 1439, loss: 0.8508, instance_loss: 0.0002, weighted_loss: 0.5956, label: 6, bag_size: 10308
batch 1459, loss: 0.0340, instance_loss: 0.0095, weighted_loss: 0.0266, label: 7, bag_size: 16225
batch 1479, loss: 0.0053, instance_loss: 0.0026, weighted_loss: 0.0045, label: 5, bag_size: 5565
batch 1499, loss: 1.0252, instance_loss: 0.0161, weighted_loss: 0.7225, label: 7, bag_size: 6011
batch 1519, loss: 0.0877, instance_loss: 0.0016, weighted_loss: 0.0618, label: 6, bag_size: 16606
batch 1539, loss: 0.0030, instance_loss: 0.0000, weighted_loss: 0.0021, label: 2, bag_size: 55669
batch 1559, loss: 0.0112, instance_loss: 0.0024, weighted_loss: 0.0086, label: 3, bag_size: 94662
batch 1579, loss: 0.0154, instance_loss: 0.2308, weighted_loss: 0.0800, label: 1, bag_size: 11584
batch 1599, loss: 0.7410, instance_loss: 0.0031, weighted_loss: 0.5196, label: 6, bag_size: 6394
batch 1619, loss: 0.4915, instance_loss: 0.0027, weighted_loss: 0.3448, label: 7, bag_size: 1835
batch 1639, loss: 1.1799, instance_loss: 0.0010, weighted_loss: 0.8262, label: 0, bag_size: 41037
batch 1659, loss: 0.1690, instance_loss: 0.0151, weighted_loss: 0.1228, label: 0, bag_size: 8469
batch 1679, loss: 0.1383, instance_loss: 0.0000, weighted_loss: 0.0968, label: 4, bag_size: 38607
Warning: Feature file not found, skipping: /media/administrador/Storage1/sdonoso/clam_environ/environ/features/pt_files/150012-2-3.pt
Warning: Feature file not found, skipping: /media/administrador/Storage1/sdonoso/clam_environ/environ/features/pt_files/histai_0084_slide_H&E_0.pt
Warning: Feature file not found, skipping: /media/administrador/Storage1/sdonoso/clam_environ/environ/features/pt_files/150012-2-3.pt
Warning: Feature file not found, skipping: /media/administrador/Storage1/sdonoso/clam_environ/environ/features/pt_files/150012-2-3.pt
Warning: Feature file not found, skipping: /media/administrador/Storage1/sdonoso/clam_environ/environ/features/pt_files/150012-2-3.pt
Warning: Feature file not found, skipping: /media/administrador/Storage1/sdonoso/clam_environ/environ/features/pt_files/histai_0037_slide_H&E_4.pt
Warning: Feature file not found, skipping: /media/administrador/Storage1/sdonoso/clam_environ/environ/features/pt_files/150012-2-3.pt
Warning: Feature file not found, skipping: /media/administrador/Storage1/sdonoso/clam_environ/environ/features/pt_files/150012-2-3.pt
Warning: Feature file not found, skipping: /media/administrador/Storage1/sdonoso/clam_environ/environ/features/pt_files/histai_0054_slide_H&E_0.pt
Warning: Feature file not found, skipping: /media/administrador/Storage1/sdonoso/clam_environ/environ/features/pt_files/150012-2-3.pt
Warning: Feature file not found, skipping: /media/administrador/Storage1/sdonoso/clam_environ/environ/features/pt_files/150012-2-3.pt
Warning: Feature file not found, skipping: /media/administrador/Storage1/sdonoso/clam_environ/environ/features/pt_files/histai_0034_slide_H&E_1.pt
Warning: Feature file not found, skipping: /media/administrador/Storage1/sdonoso/clam_environ/environ/features/pt_files/150012-2-3.pt
Warning: Feature file not found, skipping: /media/administrador/Storage1/sdonoso/clam_environ/environ/features/pt_files/150012-2-3.pt
Warning: Feature file not found, skipping: /media/administrador/Storage1/sdonoso/clam_environ/environ/features/pt_files/histai_0095_slide_H&E_2.pt
Warning: Feature file not found, skipping: /media/administrador/Storage1/sdonoso/clam_environ/environ/features/pt_files/histai_0030_slide_H&E_3.pt
Warning: Feature file not found, skipping: /media/administrador/Storage1/sdonoso/clam_environ/environ/features/pt_files/150012-2-3.pt
Warning: Feature file not found, skipping: /media/administrador/Storage1/sdonoso/clam_environ/environ/features/pt_files/histai_0037_slide_H&E_4.pt
Warning: Feature file not found, skipping: /media/administrador/Storage1/sdonoso/clam_environ/environ/features/pt_files/150012-2-3.pt
Warning: Feature file not found, skipping: /media/administrador/Storage1/sdonoso/clam_environ/environ/features/pt_files/histai_0109_slide_H&E_0.pt
Warning: Feature file not found, skipping: /media/administrador/Storage1/sdonoso/clam_environ/environ/features/pt_files/150012-2-3.pt
Warning: Feature file not found, skipping: /media/administrador/Storage1/sdonoso/clam_environ/environ/features/pt_files/150012-2-3.pt
Warning: Feature file not found, skipping: /media/administrador/Storage1/sdonoso/clam_environ/environ/features/pt_files/150012-2-3.pt
Warning: Feature file not found, skipping: /media/administrador/Storage1/sdonoso/clam_environ/environ/features/pt_files/histai_0109_slide_H&E_2.pt
Warning: Feature file not found, skipping: /media/administrador/Storage1/sdonoso/clam_environ/environ/features/pt_files/150012-2-3.pt
batch 1699, loss: 0.0339, instance_loss: 0.0017, weighted_loss: 0.0242, label: 5, bag_size: 6337
batch 1719, loss: 0.0083, instance_loss: 0.0014, weighted_loss: 0.0063, label: 5, bag_size: 4549
batch 1739, loss: 0.0076, instance_loss: 0.0000, weighted_loss: 0.0053, label: 2, bag_size: 17241
batch 1759, loss: 0.0030, instance_loss: 0.0025, weighted_loss: 0.0028, label: 2, bag_size: 18291
batch 1779, loss: 0.0209, instance_loss: 0.0073, weighted_loss: 0.0168, label: 5, bag_size: 40909
batch 1799, loss: 0.0712, instance_loss: 0.0168, weighted_loss: 0.0549, label: 1, bag_size: 10314
batch 1819, loss: 0.2157, instance_loss: 0.0036, weighted_loss: 0.1521, label: 3, bag_size: 47490
batch 1839, loss: 0.0169, instance_loss: 0.0000, weighted_loss: 0.0118, label: 3, bag_size: 74422
batch 1859, loss: 0.0042, instance_loss: 0.0072, weighted_loss: 0.0051, label: 5, bag_size: 52677
batch 1879, loss: 0.0483, instance_loss: 0.0150, weighted_loss: 0.0383, label: 7, bag_size: 33492
batch 1899, loss: 0.1431, instance_loss: 0.0012, weighted_loss: 0.1005, label: 0, bag_size: 29441
batch 1919, loss: 0.0026, instance_loss: 0.0036, weighted_loss: 0.0029, label: 1, bag_size: 51943
batch 1939, loss: 0.3897, instance_loss: 0.0010, weighted_loss: 0.2731, label: 6, bag_size: 28254
batch 1959, loss: 0.0938, instance_loss: 0.0142, weighted_loss: 0.0699, label: 7, bag_size: 1262
batch 1979, loss: 0.0097, instance_loss: 0.0026, weighted_loss: 0.0076, label: 1, bag_size: 3832
batch 1999, loss: 0.0029, instance_loss: 0.0010, weighted_loss: 0.0024, label: 2, bag_size: 18291
batch 2019, loss: 0.1112, instance_loss: 0.0003, weighted_loss: 0.0779, label: 6, bag_size: 5911
batch 2039, loss: 0.0005, instance_loss: 0.0000, weighted_loss: 0.0004, label: 2, bag_size: 55669
batch 2059, loss: 0.0675, instance_loss: 0.1941, weighted_loss: 0.1055, label: 1, bag_size: 11584
batch 2079, loss: 0.5182, instance_loss: 0.0014, weighted_loss: 0.3631, label: 6, bag_size: 3679
batch 2099, loss: 0.0716, instance_loss: 0.0007, weighted_loss: 0.0504, label: 5, bag_size: 42075
batch 2119, loss: 0.0104, instance_loss: 0.0000, weighted_loss: 0.0073, label: 3, bag_size: 45816
batch 2139, loss: 0.0008, instance_loss: 0.0025, weighted_loss: 0.0013, label: 2, bag_size: 18291
batch 2159, loss: 0.0054, instance_loss: 0.0011, weighted_loss: 0.0041, label: 2, bag_size: 27600
batch 2179, loss: 0.0046, instance_loss: 0.0036, weighted_loss: 0.0043, label: 0, bag_size: 31191
batch 2199, loss: 0.0094, instance_loss: 0.0159, weighted_loss: 0.0114, label: 3, bag_size: 40779
batch 2219, loss: 0.4274, instance_loss: 0.0691, weighted_loss: 0.3199, label: 7, bag_size: 4963
batch 2239, loss: 0.0012, instance_loss: 0.0000, weighted_loss: 0.0009, label: 2, bag_size: 55669
batch 2259, loss: 0.1352, instance_loss: 0.0000, weighted_loss: 0.0946, label: 6, bag_size: 10308
batch 2279, loss: 1.3294, instance_loss: 0.0010, weighted_loss: 0.9309, label: 6, bag_size: 1857
batch 2299, loss: 0.0034, instance_loss: 0.0003, weighted_loss: 0.0025, label: 2, bag_size: 17241
batch 2319, loss: 0.0012, instance_loss: 0.0000, weighted_loss: 0.0008, label: 3, bag_size: 45816
batch 2339, loss: 1.0855, instance_loss: 0.0000, weighted_loss: 0.7599, label: 6, bag_size: 71557
batch 2359, loss: 0.1473, instance_loss: 0.0015, weighted_loss: 0.1035, label: 1, bag_size: 47248
batch 2379, loss: 0.0705, instance_loss: 0.0274, weighted_loss: 0.0576, label: 5, bag_size: 42075
batch 2399, loss: 0.4172, instance_loss: 0.0025, weighted_loss: 0.2928, label: 5, bag_size: 19119
batch 2419, loss: 0.2764, instance_loss: 0.0073, weighted_loss: 0.1957, label: 6, bag_size: 875


class 0 clustering acc 0.9982905097389142: correct 19271/19304
class 1 clustering acc 0.9935764608371322: correct 19180/19304
Epoch: 2, train_loss: 0.4389, train_clustering_loss:  0.0242, train_error: 0.1492
class 0: acc 0.9146341463414634, correct 300/328
class 1: acc 0.9733333333333334, correct 292/300
class 2: acc 0.9967213114754099, correct 304/305
class 3: acc 0.9967845659163987, correct 310/311
class 4: acc 0.695364238410596, correct 210/302
class 5: acc 0.9822695035460993, correct 277/282
class 6: acc 0.6416382252559727, correct 188/293
class 7: acc 0.589041095890411, correct 172/292
Warning: Feature file not found, skipping: /media/administrador/Storage1/sdonoso/clam_environ/environ/features/pt_files/histai_0126_slide_H&E_2.pt
Warning: Feature file not found, skipping: /media/administrador/Storage1/sdonoso/clam_environ/environ/features/pt_files/histai_0063_slide_H&E_4.pt
Warning: Feature file not found, skipping: /media/administrador/Storage1/sdonoso/clam_environ/environ/features/pt_files/histai_0088_slide_H&E_0.pt
Warning: Feature file not found, skipping: /media/administrador/Storage1/sdonoso/clam_environ/environ/features/pt_files/histai_0046_slide_H&E_4.pt
Warning: Feature file not found, skipping: /media/administrador/Storage1/sdonoso/clam_environ/environ/features/pt_files/histai_0046_slide_H&E_2.pt
Warning: Feature file not found, skipping: /media/administrador/Storage1/sdonoso/clam_environ/environ/features/pt_files/histai_0038_slide_H&E_4.pt
Warning: Feature file not found, skipping: /media/administrador/Storage1/sdonoso/clam_environ/environ/features/pt_files/histai_0126_slide_H&E_0.pt
Warning: Feature file not found, skipping: /media/administrador/Storage1/sdonoso/clam_environ/environ/features/pt_files/histai_0063_slide_H&E_6.pt
Warning: Feature file not found, skipping: /media/administrador/Storage1/sdonoso/clam_environ/environ/features/pt_files/histai_0063_slide_H&E_3.pt
Warning: Feature file not found, skipping: /media/administrador/Storage1/sdonoso/clam_environ/environ/features/pt_files/histai_0088_slide_H&E_1.pt
Warning: Feature file not found, skipping: /media/administrador/Storage1/sdonoso/clam_environ/environ/features/pt_files/histai_0046_slide_H&E_3.pt
Warning: Feature file not found, skipping: /media/administrador/Storage1/sdonoso/clam_environ/environ/features/pt_files/histai_0046_slide_H&E_1.pt
Warning: Feature file not found, skipping: /media/administrador/Storage1/sdonoso/clam_environ/environ/features/pt_files/histai_0063_slide_H&E_1.pt
Warning: Feature file not found, skipping: /media/administrador/Storage1/sdonoso/clam_environ/environ/features/pt_files/histai_0088_slide_H&E_3.pt
Warning: Feature file not found, skipping: /media/administrador/Storage1/sdonoso/clam_environ/environ/features/pt_files/histai_0046_slide_H&E_6.pt
Warning: Feature file not found, skipping: /media/administrador/Storage1/sdonoso/clam_environ/environ/features/pt_files/histai_0046_slide_H&E_0.pt
Warning: Feature file not found, skipping: /media/administrador/Storage1/sdonoso/clam_environ/environ/features/pt_files/histai_0038_slide_H&E_3.pt
Warning: Feature file not found, skipping: /media/administrador/Storage1/sdonoso/clam_environ/environ/features/pt_files/histai_0126_slide_H&E_1.pt
Warning: Feature file not found, skipping: /media/administrador/Storage1/sdonoso/clam_environ/environ/features/pt_files/histai_0063_slide_H&E_7.pt
Warning: Feature file not found, skipping: /media/administrador/Storage1/sdonoso/clam_environ/environ/features/pt_files/histai_0088_slide_H&E_2.pt
Warning: Feature file not found, skipping: /media/administrador/Storage1/sdonoso/clam_environ/environ/features/pt_files/histai_0046_slide_H&E_7.pt
Warning: Feature file not found, skipping: /media/administrador/Storage1/sdonoso/clam_environ/environ/features/pt_files/histai_0046_slide_H&E_5.pt
Warning: Feature file not found, skipping: /media/administrador/Storage1/sdonoso/clam_environ/environ/features/pt_files/histai_0003_slide_H&E_1.pt
Warning: Feature file not found, skipping: /media/administrador/Storage1/sdonoso/clam_environ/environ/features/pt_files/histai_0038_slide_H&E_2.pt

Val Set, val_loss: 1.1000, val_error: 0.3763, auc: 0.6589
class 0 clustering acc 0.9987288135593221: correct 2357/2360
class 1 clustering acc 0.9877118644067797: correct 2331/2360
class 0: acc 0.0, correct 0/4
class 1: acc 0.0, correct 0/1
class 2: acc 0.0, correct 0/1
class 3: acc 0.0, correct 0/1
class 4: acc 0.125, correct 1/8
class 5: acc 1.0, correct 1/1
class 6: acc 0.25, correct 4/16
class 7: acc 0.6768060836501901, correct 178/263
EarlyStopping counter: 1 out of 20


batch 19, loss: 0.1214, instance_loss: 0.0257, weighted_loss: 0.0927, label: 0, bag_size: 68174
batch 39, loss: 0.1459, instance_loss: 0.0007, weighted_loss: 0.1024, label: 4, bag_size: 10984
batch 59, loss: 0.0018, instance_loss: 0.0000, weighted_loss: 0.0013, label: 2, bag_size: 55669
batch 79, loss: 2.3920, instance_loss: 0.0033, weighted_loss: 1.6754, label: 7, bag_size: 10531
batch 99, loss: 0.2579, instance_loss: 0.0005, weighted_loss: 0.1807, label: 3, bag_size: 44290
batch 119, loss: 0.4664, instance_loss: 0.0089, weighted_loss: 0.3292, label: 7, bag_size: 24827
batch 139, loss: 6.0974, instance_loss: 0.0007, weighted_loss: 4.2684, label: 1, bag_size: 47248
batch 159, loss: 0.0098, instance_loss: 0.0037, weighted_loss: 0.0079, label: 5, bag_size: 42075
batch 179, loss: 0.0220, instance_loss: 0.0000, weighted_loss: 0.0154, label: 5, bag_size: 4549
batch 199, loss: 0.0394, instance_loss: 0.0250, weighted_loss: 0.0351, label: 1, bag_size: 11584
batch 219, loss: 0.0019, instance_loss: 0.0005, weighted_loss: 0.0015, label: 3, bag_size: 94662
batch 239, loss: 0.1246, instance_loss: 0.0112, weighted_loss: 0.0906, label: 7, bag_size: 11412
batch 259, loss: 0.1500, instance_loss: 0.2680, weighted_loss: 0.1854, label: 0, bag_size: 7715
batch 279, loss: 0.0062, instance_loss: 0.0092, weighted_loss: 0.0071, label: 1, bag_size: 3832
batch 299, loss: 0.0227, instance_loss: 0.0005, weighted_loss: 0.0160, label: 1, bag_size: 47248
batch 319, loss: 0.6658, instance_loss: 0.0024, weighted_loss: 0.4668, label: 4, bag_size: 30374
batch 339, loss: 2.3698, instance_loss: 0.0008, weighted_loss: 1.6591, label: 7, bag_size: 23598
batch 359, loss: 0.0046, instance_loss: 0.0006, weighted_loss: 0.0034, label: 3, bag_size: 94662
batch 379, loss: 0.0541, instance_loss: 0.0170, weighted_loss: 0.0430, label: 7, bag_size: 9000
batch 399, loss: 1.4909, instance_loss: 0.0013, weighted_loss: 1.0440, label: 7, bag_size: 50176
batch 419, loss: 0.0043, instance_loss: 0.0191, weighted_loss: 0.0088, label: 1, bag_size: 11584
batch 439, loss: 0.0059, instance_loss: 0.0015, weighted_loss: 0.0046, label: 5, bag_size: 4549
batch 459, loss: 0.0238, instance_loss: 0.0039, weighted_loss: 0.0178, label: 7, bag_size: 3260
batch 479, loss: 0.0031, instance_loss: 0.0057, weighted_loss: 0.0039, label: 2, bag_size: 17241
batch 499, loss: 0.0174, instance_loss: 0.0012, weighted_loss: 0.0125, label: 0, bag_size: 48169
batch 519, loss: 0.9501, instance_loss: 0.0060, weighted_loss: 0.6669, label: 1, bag_size: 10314
batch 539, loss: 0.0157, instance_loss: 0.0006, weighted_loss: 0.0112, label: 3, bag_size: 74422
batch 559, loss: 0.1030, instance_loss: 0.0002, weighted_loss: 0.0722, label: 2, bag_size: 18291
batch 579, loss: 0.2273, instance_loss: 0.0069, weighted_loss: 0.1612, label: 7, bag_size: 12235
batch 599, loss: 0.1599, instance_loss: 0.0100, weighted_loss: 0.1149, label: 0, bag_size: 8203
batch 619, loss: 0.0292, instance_loss: 0.0028, weighted_loss: 0.0213, label: 3, bag_size: 48697
batch 639, loss: 0.4581, instance_loss: 0.0073, weighted_loss: 0.3228, label: 7, bag_size: 7534
batch 659, loss: 1.6784, instance_loss: 0.0000, weighted_loss: 1.1749, label: 6, bag_size: 79368
batch 679, loss: 0.6371, instance_loss: 0.0000, weighted_loss: 0.4460, label: 6, bag_size: 63460
batch 699, loss: 0.0213, instance_loss: 0.0004, weighted_loss: 0.0150, label: 5, bag_size: 4549
batch 719, loss: 0.1287, instance_loss: 0.1946, weighted_loss: 0.1484, label: 4, bag_size: 8350
batch 739, loss: 0.0052, instance_loss: 0.0002, weighted_loss: 0.0037, label: 2, bag_size: 17241
batch 759, loss: 0.0073, instance_loss: 0.0018, weighted_loss: 0.0056, label: 2, bag_size: 27600
batch 779, loss: 0.0059, instance_loss: 0.0007, weighted_loss: 0.0044, label: 2, bag_size: 27600
batch 799, loss: 0.0577, instance_loss: 0.0035, weighted_loss: 0.0415, label: 5, bag_size: 5565
batch 819, loss: 0.8005, instance_loss: 2.3142, weighted_loss: 1.2546, label: 4, bag_size: 494
batch 839, loss: 0.0866, instance_loss: 0.0031, weighted_loss: 0.0616, label: 0, bag_size: 68174
batch 859, loss: 0.1228, instance_loss: 0.0026, weighted_loss: 0.0868, label: 7, bag_size: 3481
batch 879, loss: 0.1497, instance_loss: 0.0026, weighted_loss: 0.1056, label: 0, bag_size: 11173
batch 899, loss: 0.2077, instance_loss: 0.0006, weighted_loss: 0.1456, label: 3, bag_size: 74422
batch 919, loss: 0.0135, instance_loss: 0.0090, weighted_loss: 0.0121, label: 1, bag_size: 47817
batch 939, loss: 0.2816, instance_loss: 0.0002, weighted_loss: 0.1972, label: 0, bag_size: 48169
batch 959, loss: 0.0031, instance_loss: 0.0037, weighted_loss: 0.0033, label: 3, bag_size: 74422
batch 979, loss: 0.0279, instance_loss: 0.0004, weighted_loss: 0.0197, label: 1, bag_size: 23247
batch 999, loss: 0.0050, instance_loss: 0.0000, weighted_loss: 0.0035, label: 2, bag_size: 55669
batch 1019, loss: 0.0028, instance_loss: 0.0004, weighted_loss: 0.0021, label: 2, bag_size: 55669
batch 1039, loss: 0.0090, instance_loss: 0.0006, weighted_loss: 0.0065, label: 5, bag_size: 52677
batch 1059, loss: 0.0186, instance_loss: 0.0052, weighted_loss: 0.0146, label: 1, bag_size: 51943
batch 1079, loss: 0.0076, instance_loss: 0.0015, weighted_loss: 0.0058, label: 2, bag_size: 55669
batch 1099, loss: 0.0129, instance_loss: 0.0007, weighted_loss: 0.0093, label: 1, bag_size: 10314
batch 1119, loss: 1.3740, instance_loss: 0.0007, weighted_loss: 0.9620, label: 6, bag_size: 13842
batch 1139, loss: 0.8910, instance_loss: 0.0048, weighted_loss: 0.6251, label: 7, bag_size: 17851
batch 1159, loss: 1.0465, instance_loss: 0.0157, weighted_loss: 0.7373, label: 7, bag_size: 4123
batch 1179, loss: 0.0559, instance_loss: 0.0036, weighted_loss: 0.0402, label: 3, bag_size: 48697
batch 1199, loss: 0.0580, instance_loss: 0.0015, weighted_loss: 0.0410, label: 6, bag_size: 4392
batch 1219, loss: 1.1399, instance_loss: 0.0091, weighted_loss: 0.8007, label: 7, bag_size: 3622
batch 1239, loss: 0.2502, instance_loss: 0.0006, weighted_loss: 0.1754, label: 6, bag_size: 23425
batch 1259, loss: 0.0065, instance_loss: 0.0006, weighted_loss: 0.0047, label: 3, bag_size: 44290
batch 1279, loss: 0.0100, instance_loss: 0.0000, weighted_loss: 0.0070, label: 5, bag_size: 22096
batch 1299, loss: 0.1065, instance_loss: 0.0156, weighted_loss: 0.0792, label: 7, bag_size: 7504
batch 1319, loss: 1.1645, instance_loss: 0.0077, weighted_loss: 0.8175, label: 6, bag_size: 875
batch 1339, loss: 0.0020, instance_loss: 0.0000, weighted_loss: 0.0014, label: 5, bag_size: 6337
batch 1359, loss: 0.0014, instance_loss: 0.0000, weighted_loss: 0.0009, label: 2, bag_size: 17241
batch 1379, loss: 0.2936, instance_loss: 0.0018, weighted_loss: 0.2061, label: 1, bag_size: 51943
batch 1399, loss: 1.3223, instance_loss: 0.0007, weighted_loss: 0.9258, label: 7, bag_size: 16252
batch 1419, loss: 0.0091, instance_loss: 0.0002, weighted_loss: 0.0065, label: 2, bag_size: 55669
batch 1439, loss: 0.0123, instance_loss: 0.0664, weighted_loss: 0.0285, label: 1, bag_size: 47817
batch 1459, loss: 0.2395, instance_loss: 0.0000, weighted_loss: 0.1677, label: 6, bag_size: 42248
batch 1479, loss: 0.0238, instance_loss: 0.0203, weighted_loss: 0.0227, label: 1, bag_size: 51943
batch 1499, loss: 0.7419, instance_loss: 0.0002, weighted_loss: 0.5194, label: 6, bag_size: 53008
batch 1519, loss: 0.1302, instance_loss: 0.1826, weighted_loss: 0.1459, label: 7, bag_size: 2524
batch 1539, loss: 0.3105, instance_loss: 0.0003, weighted_loss: 0.2174, label: 0, bag_size: 53337
batch 1559, loss: 0.0193, instance_loss: 0.0011, weighted_loss: 0.0138, label: 3, bag_size: 40779
batch 1579, loss: 0.0018, instance_loss: 0.0000, weighted_loss: 0.0013, label: 2, bag_size: 17241
batch 1599, loss: 0.0011, instance_loss: 0.0033, weighted_loss: 0.0018, label: 3, bag_size: 15813
batch 1619, loss: 0.1265, instance_loss: 0.0012, weighted_loss: 0.0889, label: 4, bag_size: 43944
batch 1639, loss: 0.5980, instance_loss: 0.0152, weighted_loss: 0.4232, label: 4, bag_size: 5108
batch 1659, loss: 0.0050, instance_loss: 0.0005, weighted_loss: 0.0037, label: 1, bag_size: 23247
batch 1679, loss: 0.1820, instance_loss: 0.0024, weighted_loss: 0.1281, label: 6, bag_size: 4850
Warning: Feature file not found, skipping: /media/administrador/Storage1/sdonoso/clam_environ/environ/features/pt_files/histai_0068_slide_H&E_1.pt
Warning: Feature file not found, skipping: /media/administrador/Storage1/sdonoso/clam_environ/environ/features/pt_files/150012-2-3.pt
Warning: Feature file not found, skipping: /media/administrador/Storage1/sdonoso/clam_environ/environ/features/pt_files/histai_0030_slide_H&E_5.pt
Warning: Feature file not found, skipping: /media/administrador/Storage1/sdonoso/clam_environ/environ/features/pt_files/150012-2-3.pt
Warning: Feature file not found, skipping: /media/administrador/Storage1/sdonoso/clam_environ/environ/features/pt_files/histai_0007_slide_H&E_3.pt
Warning: Feature file not found, skipping: /media/administrador/Storage1/sdonoso/clam_environ/environ/features/pt_files/histai_0095_slide_H&E_2.pt
Warning: Feature file not found, skipping: /media/administrador/Storage1/sdonoso/clam_environ/environ/features/pt_files/150012-2-3.pt
Warning: Feature file not found, skipping: /media/administrador/Storage1/sdonoso/clam_environ/environ/features/pt_files/150012-2-3.pt
Warning: Feature file not found, skipping: /media/administrador/Storage1/sdonoso/clam_environ/environ/features/pt_files/150012-2-3.pt
Warning: Feature file not found, skipping: /media/administrador/Storage1/sdonoso/clam_environ/environ/features/pt_files/150012-2-3.pt
Warning: Feature file not found, skipping: /media/administrador/Storage1/sdonoso/clam_environ/environ/features/pt_files/150012-2-3.pt
Warning: Feature file not found, skipping: /media/administrador/Storage1/sdonoso/clam_environ/environ/features/pt_files/150012-2-3.pt
Warning: Feature file not found, skipping: /media/administrador/Storage1/sdonoso/clam_environ/environ/features/pt_files/150012-2-3.pt
Warning: Feature file not found, skipping: /media/administrador/Storage1/sdonoso/clam_environ/environ/features/pt_files/150012-2-3.pt
Warning: Feature file not found, skipping: /media/administrador/Storage1/sdonoso/clam_environ/environ/features/pt_files/150012-2-3.pt
Warning: Feature file not found, skipping: /media/administrador/Storage1/sdonoso/clam_environ/environ/features/pt_files/150012-2-3.pt
Warning: Feature file not found, skipping: /media/administrador/Storage1/sdonoso/clam_environ/environ/features/pt_files/150012-2-3.pt
Warning: Feature file not found, skipping: /media/administrador/Storage1/sdonoso/clam_environ/environ/features/pt_files/histai_0095_slide_H&E_3.pt
Warning: Feature file not found, skipping: /media/administrador/Storage1/sdonoso/clam_environ/environ/features/pt_files/150012-2-3.pt
Warning: Feature file not found, skipping: /media/administrador/Storage1/sdonoso/clam_environ/environ/features/pt_files/150012-2-3.pt
Warning: Feature file not found, skipping: /media/administrador/Storage1/sdonoso/clam_environ/environ/features/pt_files/150012-2-3.pt
Warning: Feature file not found, skipping: /media/administrador/Storage1/sdonoso/clam_environ/environ/features/pt_files/150012-2-3.pt
Warning: Feature file not found, skipping: /media/administrador/Storage1/sdonoso/clam_environ/environ/features/pt_files/150012-2-3.pt
Warning: Feature file not found, skipping: /media/administrador/Storage1/sdonoso/clam_environ/environ/features/pt_files/150012-2-3.pt
Warning: Feature file not found, skipping: /media/administrador/Storage1/sdonoso/clam_environ/environ/features/pt_files/150012-2-3.pt
Warning: Feature file not found, skipping: /media/administrador/Storage1/sdonoso/clam_environ/environ/features/pt_files/150012-2-3.pt
Warning: Feature file not found, skipping: /media/administrador/Storage1/sdonoso/clam_environ/environ/features/pt_files/150012-2-3.pt
Warning: Feature file not found, skipping: /media/administrador/Storage1/sdonoso/clam_environ/environ/features/pt_files/150012-2-3.pt
Warning: Feature file not found, skipping: /media/administrador/Storage1/sdonoso/clam_environ/environ/features/pt_files/150012-2-3.pt
batch 1699, loss: 0.0134, instance_loss: 0.0055, weighted_loss: 0.0111, label: 1, bag_size: 39579
batch 1719, loss: 0.4485, instance_loss: 0.0094, weighted_loss: 0.3168, label: 4, bag_size: 31387
batch 1739, loss: 0.0010, instance_loss: 0.0096, weighted_loss: 0.0036, label: 2, bag_size: 27600
batch 1759, loss: 1.9152, instance_loss: 0.0005, weighted_loss: 1.3408, label: 6, bag_size: 79368
batch 1779, loss: 0.0414, instance_loss: 0.0011, weighted_loss: 0.0293, label: 5, bag_size: 63349
batch 1799, loss: 1.1936, instance_loss: 0.0018, weighted_loss: 0.8361, label: 6, bag_size: 5172
batch 1819, loss: 0.0276, instance_loss: 0.0021, weighted_loss: 0.0199, label: 5, bag_size: 63349
batch 1839, loss: 0.6738, instance_loss: 0.0403, weighted_loss: 0.4837, label: 7, bag_size: 11782
batch 1859, loss: 0.3182, instance_loss: 1.4567, weighted_loss: 0.6597, label: 7, bag_size: 11451
batch 1879, loss: 0.0001, instance_loss: 0.0015, weighted_loss: 0.0006, label: 2, bag_size: 27600
batch 1899, loss: 0.0762, instance_loss: 0.0000, weighted_loss: 0.0533, label: 6, bag_size: 3881
batch 1919, loss: 0.0125, instance_loss: 0.0000, weighted_loss: 0.0088, label: 0, bag_size: 14458
batch 1939, loss: 0.4067, instance_loss: 0.0071, weighted_loss: 0.2868, label: 4, bag_size: 10855
batch 1959, loss: 0.0142, instance_loss: 0.0000, weighted_loss: 0.0099, label: 3, bag_size: 34611
batch 1979, loss: 1.4386, instance_loss: 0.0133, weighted_loss: 1.0110, label: 4, bag_size: 1708
batch 1999, loss: 0.4034, instance_loss: 0.0012, weighted_loss: 0.2828, label: 4, bag_size: 31387
batch 2019, loss: 0.0138, instance_loss: 0.0358, weighted_loss: 0.0204, label: 1, bag_size: 47817
batch 2039, loss: 0.2550, instance_loss: 0.0002, weighted_loss: 0.1786, label: 4, bag_size: 38607
batch 2059, loss: 0.0003, instance_loss: 0.0063, weighted_loss: 0.0021, label: 2, bag_size: 18291
batch 2079, loss: 0.0105, instance_loss: 0.0050, weighted_loss: 0.0088, label: 3, bag_size: 82568
batch 2099, loss: 0.0012, instance_loss: 0.0064, weighted_loss: 0.0027, label: 3, bag_size: 15813
batch 2119, loss: 0.0676, instance_loss: 0.0181, weighted_loss: 0.0527, label: 0, bag_size: 76990
batch 2159, loss: 0.0028, instance_loss: 0.0000, weighted_loss: 0.0020, label: 2, bag_size: 17241
batch 2179, loss: 0.9936, instance_loss: 0.0005, weighted_loss: 0.6957, label: 4, bag_size: 41745
batch 2199, loss: 0.2040, instance_loss: 0.0241, weighted_loss: 0.1501, label: 4, bag_size: 2776
batch 2219, loss: 0.0004, instance_loss: 0.0011, weighted_loss: 0.0006, label: 3, bag_size: 15813
batch 2239, loss: 0.0097, instance_loss: 0.0002, weighted_loss: 0.0068, label: 0, bag_size: 14458
batch 2259, loss: 1.0965, instance_loss: 0.0410, weighted_loss: 0.7799, label: 4, bag_size: 39213
batch 2279, loss: 0.2615, instance_loss: 0.0002, weighted_loss: 0.1831, label: 4, bag_size: 14107
batch 2299, loss: 0.0066, instance_loss: 0.0005, weighted_loss: 0.0048, label: 5, bag_size: 63349
batch 2319, loss: 0.0028, instance_loss: 0.0006, weighted_loss: 0.0021, label: 1, bag_size: 47248
batch 2339, loss: 0.1507, instance_loss: 0.0066, weighted_loss: 0.1075, label: 0, bag_size: 68174
batch 2359, loss: 0.0094, instance_loss: 0.0005, weighted_loss: 0.0067, label: 3, bag_size: 82568
batch 2379, loss: 0.2269, instance_loss: 0.0167, weighted_loss: 0.1638, label: 4, bag_size: 2776
batch 2399, loss: 0.0027, instance_loss: 0.0034, weighted_loss: 0.0029, label: 1, bag_size: 11584
batch 2419, loss: 0.0158, instance_loss: 0.0023, weighted_loss: 0.0118, label: 5, bag_size: 42075


class 0 clustering acc 0.9990141137401412: correct 19253/19272
class 1 clustering acc 0.9962640099626401: correct 19200/19272
Epoch: 3, train_loss: 0.3736, train_clustering_loss:  0.0184, train_error: 0.1349
class 0: acc 0.9625850340136054, correct 283/294
class 1: acc 0.993485342019544, correct 305/307
class 2: acc 0.9870967741935484, correct 306/310
class 3: acc 0.982078853046595, correct 274/279
class 4: acc 0.7625418060200669, correct 228/299
class 5: acc 0.9865771812080537, correct 294/298
class 6: acc 0.6793103448275862, correct 197/290
class 7: acc 0.5933734939759037, correct 197/332
Warning: Feature file not found, skipping: /media/administrador/Storage1/sdonoso/clam_environ/environ/features/pt_files/histai_0063_slide_H&E_1.pt
Warning: Feature file not found, skipping: /media/administrador/Storage1/sdonoso/clam_environ/environ/features/pt_files/histai_0088_slide_H&E_3.pt
Warning: Feature file not found, skipping: /media/administrador/Storage1/sdonoso/clam_environ/environ/features/pt_files/histai_0046_slide_H&E_6.pt
Warning: Feature file not found, skipping: /media/administrador/Storage1/sdonoso/clam_environ/environ/features/pt_files/histai_0046_slide_H&E_0.pt
Warning: Feature file not found, skipping: /media/administrador/Storage1/sdonoso/clam_environ/environ/features/pt_files/histai_0038_slide_H&E_3.pt
Warning: Feature file not found, skipping: /media/administrador/Storage1/sdonoso/clam_environ/environ/features/pt_files/histai_0126_slide_H&E_2.pt
Warning: Feature file not found, skipping: /media/administrador/Storage1/sdonoso/clam_environ/environ/features/pt_files/histai_0063_slide_H&E_4.pt
Warning: Feature file not found, skipping: /media/administrador/Storage1/sdonoso/clam_environ/environ/features/pt_files/histai_0088_slide_H&E_0.pt
Warning: Feature file not found, skipping: /media/administrador/Storage1/sdonoso/clam_environ/environ/features/pt_files/histai_0046_slide_H&E_4.pt
Warning: Feature file not found, skipping: /media/administrador/Storage1/sdonoso/clam_environ/environ/features/pt_files/histai_0046_slide_H&E_2.pt
Warning: Feature file not found, skipping: /media/administrador/Storage1/sdonoso/clam_environ/environ/features/pt_files/histai_0038_slide_H&E_4.pt
Warning: Feature file not found, skipping: /media/administrador/Storage1/sdonoso/clam_environ/environ/features/pt_files/histai_0126_slide_H&E_1.pt
Warning: Feature file not found, skipping: /media/administrador/Storage1/sdonoso/clam_environ/environ/features/pt_files/histai_0063_slide_H&E_7.pt
Warning: Feature file not found, skipping: /media/administrador/Storage1/sdonoso/clam_environ/environ/features/pt_files/histai_0088_slide_H&E_2.pt
Warning: Feature file not found, skipping: /media/administrador/Storage1/sdonoso/clam_environ/environ/features/pt_files/histai_0046_slide_H&E_7.pt
Warning: Feature file not found, skipping: /media/administrador/Storage1/sdonoso/clam_environ/environ/features/pt_files/histai_0046_slide_H&E_5.pt
Warning: Feature file not found, skipping: /media/administrador/Storage1/sdonoso/clam_environ/environ/features/pt_files/histai_0003_slide_H&E_1.pt
Warning: Feature file not found, skipping: /media/administrador/Storage1/sdonoso/clam_environ/environ/features/pt_files/histai_0038_slide_H&E_2.pt
Warning: Feature file not found, skipping: /media/administrador/Storage1/sdonoso/clam_environ/environ/features/pt_files/histai_0126_slide_H&E_0.pt
Warning: Feature file not found, skipping: /media/administrador/Storage1/sdonoso/clam_environ/environ/features/pt_files/histai_0063_slide_H&E_6.pt
Warning: Feature file not found, skipping: /media/administrador/Storage1/sdonoso/clam_environ/environ/features/pt_files/histai_0063_slide_H&E_3.pt
Warning: Feature file not found, skipping: /media/administrador/Storage1/sdonoso/clam_environ/environ/features/pt_files/histai_0088_slide_H&E_1.pt
Warning: Feature file not found, skipping: /media/administrador/Storage1/sdonoso/clam_environ/environ/features/pt_files/histai_0046_slide_H&E_3.pt
Warning: Feature file not found, skipping: /media/administrador/Storage1/sdonoso/clam_environ/environ/features/pt_files/histai_0046_slide_H&E_1.pt

Val Set, val_loss: 1.4046, val_error: 0.4746, auc: 0.6779
class 0 clustering acc 0.9987288135593221: correct 2357/2360
class 1 clustering acc 0.988135593220339: correct 2332/2360
class 0: acc 0.0, correct 0/4
class 1: acc 0.0, correct 0/1
class 2: acc 0.0, correct 0/1
class 3: acc 0.0, correct 0/1
class 4: acc 0.625, correct 5/8
class 5: acc 0.0, correct 0/1
class 6: acc 0.1875, correct 3/16
class 7: acc 0.55893536121673, correct 147/263
EarlyStopping counter: 2 out of 20


batch 19, loss: 0.0248, instance_loss: 0.0000, weighted_loss: 0.0173, label: 5, bag_size: 6337
batch 39, loss: 0.0013, instance_loss: 0.0000, weighted_loss: 0.0009, label: 3, bag_size: 94662
batch 59, loss: 0.0268, instance_loss: 0.0004, weighted_loss: 0.0189, label: 5, bag_size: 6337
batch 79, loss: 0.0071, instance_loss: 0.0017, weighted_loss: 0.0055, label: 3, bag_size: 47490
batch 99, loss: 0.0012, instance_loss: 0.0008, weighted_loss: 0.0011, label: 3, bag_size: 44290
batch 119, loss: 0.0068, instance_loss: 0.0000, weighted_loss: 0.0048, label: 1, bag_size: 26832
batch 139, loss: 0.0032, instance_loss: 0.0022, weighted_loss: 0.0029, label: 1, bag_size: 23247
batch 159, loss: 0.0036, instance_loss: 0.0003, weighted_loss: 0.0026, label: 5, bag_size: 63349
batch 179, loss: 0.0035, instance_loss: 0.0007, weighted_loss: 0.0027, label: 2, bag_size: 18291
batch 199, loss: 0.0262, instance_loss: 0.0088, weighted_loss: 0.0210, label: 7, bag_size: 2757
batch 219, loss: 0.0035, instance_loss: 0.0114, weighted_loss: 0.0059, label: 1, bag_size: 10314
batch 239, loss: 0.0013, instance_loss: 0.0000, weighted_loss: 0.0009, label: 2, bag_size: 17241
batch 259, loss: 0.0005, instance_loss: 0.0036, weighted_loss: 0.0014, label: 2, bag_size: 27600
batch 279, loss: 0.2160, instance_loss: 0.0010, weighted_loss: 0.1515, label: 7, bag_size: 17115
batch 299, loss: 0.0036, instance_loss: 0.0002, weighted_loss: 0.0026, label: 3, bag_size: 45816
batch 319, loss: 0.1586, instance_loss: 0.0002, weighted_loss: 0.1111, label: 4, bag_size: 55714
batch 339, loss: 0.0109, instance_loss: 0.0025, weighted_loss: 0.0084, label: 5, bag_size: 40909
batch 359, loss: 0.0096, instance_loss: 0.0856, weighted_loss: 0.0324, label: 0, bag_size: 2212
batch 379, loss: 0.0046, instance_loss: 0.1186, weighted_loss: 0.0388, label: 1, bag_size: 11584
batch 399, loss: 0.0003, instance_loss: 0.0016, weighted_loss: 0.0007, label: 1, bag_size: 47248
batch 419, loss: 0.8183, instance_loss: 0.0000, weighted_loss: 0.5728, label: 6, bag_size: 53552
batch 439, loss: 0.2817, instance_loss: 0.0000, weighted_loss: 0.1972, label: 7, bag_size: 438
batch 459, loss: 0.0021, instance_loss: 0.0002, weighted_loss: 0.0015, label: 1, bag_size: 47817
batch 479, loss: 0.0061, instance_loss: 0.0312, weighted_loss: 0.0137, label: 0, bag_size: 2212
batch 499, loss: 0.4099, instance_loss: 0.0373, weighted_loss: 0.2981, label: 7, bag_size: 1037
batch 519, loss: 0.1592, instance_loss: 0.0013, weighted_loss: 0.1118, label: 3, bag_size: 40462
batch 539, loss: 0.4323, instance_loss: 0.1333, weighted_loss: 0.3426, label: 0, bag_size: 7715
batch 559, loss: 0.0054, instance_loss: 0.0005, weighted_loss: 0.0039, label: 0, bag_size: 71179
batch 579, loss: 0.3589, instance_loss: 0.0007, weighted_loss: 0.2514, label: 7, bag_size: 12213
batch 599, loss: 0.5518, instance_loss: 0.0002, weighted_loss: 0.3864, label: 4, bag_size: 37650
batch 639, loss: 0.0372, instance_loss: 0.0022, weighted_loss: 0.0267, label: 5, bag_size: 18304
batch 659, loss: 0.0709, instance_loss: 0.0052, weighted_loss: 0.0512, label: 6, bag_size: 2940
batch 679, loss: 0.0459, instance_loss: 0.0071, weighted_loss: 0.0342, label: 4, bag_size: 32239
batch 699, loss: 0.7150, instance_loss: 0.0012, weighted_loss: 0.5009, label: 0, bag_size: 62970
batch 719, loss: 0.0292, instance_loss: 0.0004, weighted_loss: 0.0206, label: 0, bag_size: 18834
batch 739, loss: 0.0040, instance_loss: 0.0000, weighted_loss: 0.0028, label: 5, bag_size: 52677
batch 759, loss: 0.0004, instance_loss: 0.0007, weighted_loss: 0.0005, label: 2, bag_size: 27600
batch 779, loss: 0.1163, instance_loss: 0.0033, weighted_loss: 0.0824, label: 1, bag_size: 10314
batch 799, loss: 0.4245, instance_loss: 0.0023, weighted_loss: 0.2979, label: 4, bag_size: 55956
batch 819, loss: 0.4514, instance_loss: 0.0003, weighted_loss: 0.3161, label: 6, bag_size: 9993
batch 839, loss: 0.2048, instance_loss: 0.0013, weighted_loss: 0.1438, label: 4, bag_size: 26269
batch 859, loss: 0.0005, instance_loss: 0.0007, weighted_loss: 0.0006, label: 3, bag_size: 34611
batch 879, loss: 0.4591, instance_loss: 0.0002, weighted_loss: 0.3214, label: 6, bag_size: 43209
batch 899, loss: 0.3337, instance_loss: 0.0159, weighted_loss: 0.2383, label: 7, bag_size: 41732
batch 919, loss: 0.0022, instance_loss: 0.0000, weighted_loss: 0.0015, label: 5, bag_size: 4549
batch 939, loss: 0.4387, instance_loss: 0.0000, weighted_loss: 0.3071, label: 4, bag_size: 111735
batch 959, loss: 0.0212, instance_loss: 0.0004, weighted_loss: 0.0149, label: 1, bag_size: 39579
batch 979, loss: 0.0607, instance_loss: 0.0022, weighted_loss: 0.0431, label: 5, bag_size: 19119
batch 999, loss: 0.3964, instance_loss: 0.0271, weighted_loss: 0.2856, label: 4, bag_size: 4032
batch 1019, loss: 1.5324, instance_loss: 0.0112, weighted_loss: 1.0760, label: 7, bag_size: 35025
batch 1039, loss: 0.1948, instance_loss: 0.0108, weighted_loss: 0.1396, label: 7, bag_size: 1646
batch 1059, loss: 0.0312, instance_loss: 0.0091, weighted_loss: 0.0246, label: 2, bag_size: 18291
batch 1079, loss: 0.0563, instance_loss: 0.0025, weighted_loss: 0.0402, label: 7, bag_size: 2100
batch 1099, loss: 0.0003, instance_loss: 0.0002, weighted_loss: 0.0003, label: 3, bag_size: 40462
batch 1119, loss: 0.9393, instance_loss: 0.0000, weighted_loss: 0.6575, label: 6, bag_size: 79368
batch 1139, loss: 0.0897, instance_loss: 0.0003, weighted_loss: 0.0629, label: 6, bag_size: 4392
batch 1159, loss: 0.0196, instance_loss: 0.0003, weighted_loss: 0.0138, label: 3, bag_size: 48697
batch 1179, loss: 0.0002, instance_loss: 0.0012, weighted_loss: 0.0005, label: 3, bag_size: 15813
batch 1199, loss: 0.0363, instance_loss: 0.0005, weighted_loss: 0.0256, label: 5, bag_size: 18304
batch 1219, loss: 0.0006, instance_loss: 0.0002, weighted_loss: 0.0004, label: 2, bag_size: 27600
batch 1239, loss: 0.0028, instance_loss: 0.0030, weighted_loss: 0.0029, label: 2, bag_size: 18291
batch 1259, loss: 0.0117, instance_loss: 0.0007, weighted_loss: 0.0084, label: 5, bag_size: 42075
batch 1279, loss: 0.0745, instance_loss: 0.0009, weighted_loss: 0.0524, label: 3, bag_size: 48697
batch 1299, loss: 0.6940, instance_loss: 0.0077, weighted_loss: 0.4881, label: 6, bag_size: 1792
batch 1319, loss: 0.8307, instance_loss: 0.0000, weighted_loss: 0.5815, label: 6, bag_size: 63460
batch 1339, loss: 0.0207, instance_loss: 0.0002, weighted_loss: 0.0146, label: 2, bag_size: 18291
batch 1359, loss: 0.0018, instance_loss: 0.0082, weighted_loss: 0.0037, label: 1, bag_size: 3832
batch 1379, loss: 0.0010, instance_loss: 0.0011, weighted_loss: 0.0010, label: 5, bag_size: 4549
batch 1399, loss: 0.0078, instance_loss: 0.0016, weighted_loss: 0.0060, label: 5, bag_size: 42075
batch 1419, loss: 0.0064, instance_loss: 0.0027, weighted_loss: 0.0053, label: 1, bag_size: 26832
batch 1439, loss: 0.0100, instance_loss: 0.0184, weighted_loss: 0.0125, label: 1, bag_size: 39579
batch 1459, loss: 0.0062, instance_loss: 0.0210, weighted_loss: 0.0107, label: 1, bag_size: 51943
batch 1479, loss: 0.0265, instance_loss: 0.0129, weighted_loss: 0.0224, label: 0, bag_size: 2957
batch 1499, loss: 0.0018, instance_loss: 0.0013, weighted_loss: 0.0017, label: 3, bag_size: 45816
batch 1519, loss: 1.1768, instance_loss: 0.0201, weighted_loss: 0.8298, label: 4, bag_size: 37650
batch 1539, loss: 0.0025, instance_loss: 0.0021, weighted_loss: 0.0024, label: 1, bag_size: 47817
batch 1559, loss: 0.0148, instance_loss: 0.0000, weighted_loss: 0.0104, label: 5, bag_size: 6337
batch 1579, loss: 0.0061, instance_loss: 0.0032, weighted_loss: 0.0052, label: 2, bag_size: 18291
batch 1599, loss: 0.6001, instance_loss: 0.0005, weighted_loss: 0.4202, label: 4, bag_size: 15220
batch 1619, loss: 0.0005, instance_loss: 0.0007, weighted_loss: 0.0006, label: 2, bag_size: 17241
batch 1639, loss: 0.0332, instance_loss: 0.0003, weighted_loss: 0.0234, label: 5, bag_size: 42075
batch 1659, loss: 0.0252, instance_loss: 0.0000, weighted_loss: 0.0176, label: 5, bag_size: 22096
batch 1679, loss: 0.0037, instance_loss: 0.0002, weighted_loss: 0.0027, label: 2, bag_size: 27600
batch 1699, loss: 0.1170, instance_loss: 0.0042, weighted_loss: 0.0831, label: 4, bag_size: 14107
Warning: Feature file not found, skipping: /media/administrador/Storage1/sdonoso/clam_environ/environ/features/pt_files/150012-2-3.pt
Warning: Feature file not found, skipping: /media/administrador/Storage1/sdonoso/clam_environ/environ/features/pt_files/150012-2-3.pt
Warning: Feature file not found, skipping: /media/administrador/Storage1/sdonoso/clam_environ/environ/features/pt_files/150012-2-3.pt
Warning: Feature file not found, skipping: /media/administrador/Storage1/sdonoso/clam_environ/environ/features/pt_files/150012-2-3.pt
Warning: Feature file not found, skipping: /media/administrador/Storage1/sdonoso/clam_environ/environ/features/pt_files/150012-2-3.pt
Warning: Feature file not found, skipping: /media/administrador/Storage1/sdonoso/clam_environ/environ/features/pt_files/150012-2-3.pt
Warning: Feature file not found, skipping: /media/administrador/Storage1/sdonoso/clam_environ/environ/features/pt_files/150012-2-3.pt
Warning: Feature file not found, skipping: /media/administrador/Storage1/sdonoso/clam_environ/environ/features/pt_files/histai_0109_slide_H&E_1.pt
Warning: Feature file not found, skipping: /media/administrador/Storage1/sdonoso/clam_environ/environ/features/pt_files/150012-2-3.pt
Warning: Feature file not found, skipping: /media/administrador/Storage1/sdonoso/clam_environ/environ/features/pt_files/150012-2-3.pt
Warning: Feature file not found, skipping: /media/administrador/Storage1/sdonoso/clam_environ/environ/features/pt_files/150012-2-3.pt
Warning: Feature file not found, skipping: /media/administrador/Storage1/sdonoso/clam_environ/environ/features/pt_files/150012-2-3.pt
Warning: Feature file not found, skipping: /media/administrador/Storage1/sdonoso/clam_environ/environ/features/pt_files/150012-2-3.pt
Warning: Feature file not found, skipping: /media/administrador/Storage1/sdonoso/clam_environ/environ/features/pt_files/150012-2-3.pt
Warning: Feature file not found, skipping: /media/administrador/Storage1/sdonoso/clam_environ/environ/features/pt_files/150012-2-3.pt
Warning: Feature file not found, skipping: /media/administrador/Storage1/sdonoso/clam_environ/environ/features/pt_files/150012-2-3.pt
Warning: Feature file not found, skipping: /media/administrador/Storage1/sdonoso/clam_environ/environ/features/pt_files/histai_0084_slide_H&E_0.pt
Warning: Feature file not found, skipping: /media/administrador/Storage1/sdonoso/clam_environ/environ/features/pt_files/150012-2-3.pt
Warning: Feature file not found, skipping: /media/administrador/Storage1/sdonoso/clam_environ/environ/features/pt_files/150012-2-3.pt
Warning: Feature file not found, skipping: /media/administrador/Storage1/sdonoso/clam_environ/environ/features/pt_files/150012-2-3.pt
Warning: Feature file not found, skipping: /media/administrador/Storage1/sdonoso/clam_environ/environ/features/pt_files/150012-2-3.pt
Warning: Feature file not found, skipping: /media/administrador/Storage1/sdonoso/clam_environ/environ/features/pt_files/150012-2-3.pt
Warning: Feature file not found, skipping: /media/administrador/Storage1/sdonoso/clam_environ/environ/features/pt_files/histai_0117_slide_H&E_3.pt
Warning: Feature file not found, skipping: /media/administrador/Storage1/sdonoso/clam_environ/environ/features/pt_files/150012-2-3.pt
Warning: Feature file not found, skipping: /media/administrador/Storage1/sdonoso/clam_environ/environ/features/pt_files/histai_0095_slide_H&E_3.pt
Warning: Feature file not found, skipping: /media/administrador/Storage1/sdonoso/clam_environ/environ/features/pt_files/150012-2-3.pt
Warning: Feature file not found, skipping: /media/administrador/Storage1/sdonoso/clam_environ/environ/features/pt_files/150012-2-3.pt
batch 1719, loss: 0.3633, instance_loss: 0.0046, weighted_loss: 0.2557, label: 6, bag_size: 9068
batch 1739, loss: 0.3198, instance_loss: 0.5366, weighted_loss: 0.3848, label: 7, bag_size: 44
batch 1759, loss: 0.0066, instance_loss: 0.0150, weighted_loss: 0.0092, label: 0, bag_size: 68174
batch 1779, loss: 0.0610, instance_loss: 0.0019, weighted_loss: 0.0433, label: 7, bag_size: 1835
batch 1799, loss: 0.3603, instance_loss: 0.0089, weighted_loss: 0.2549, label: 4, bag_size: 64706
batch 1819, loss: 0.0606, instance_loss: 0.0010, weighted_loss: 0.0427, label: 0, bag_size: 2957
batch 1839, loss: 0.4859, instance_loss: 0.0011, weighted_loss: 0.3405, label: 6, bag_size: 29131
batch 1859, loss: 0.0130, instance_loss: 0.0000, weighted_loss: 0.0091, label: 5, bag_size: 6337
batch 1879, loss: 0.0130, instance_loss: 0.0053, weighted_loss: 0.0107, label: 0, bag_size: 31191
batch 1899, loss: 1.6157, instance_loss: 0.0063, weighted_loss: 1.1329, label: 7, bag_size: 3641
batch 1919, loss: 0.0078, instance_loss: 0.0000, weighted_loss: 0.0054, label: 2, bag_size: 55669
batch 1939, loss: 0.0004, instance_loss: 0.0002, weighted_loss: 0.0003, label: 3, bag_size: 45816
batch 1959, loss: 0.0025, instance_loss: 0.0002, weighted_loss: 0.0018, label: 0, bag_size: 31191
batch 1979, loss: 0.1065, instance_loss: 0.0084, weighted_loss: 0.0771, label: 6, bag_size: 6484
batch 1999, loss: 0.0063, instance_loss: 0.0005, weighted_loss: 0.0046, label: 5, bag_size: 63349
batch 2019, loss: 0.0120, instance_loss: 0.0117, weighted_loss: 0.0119, label: 7, bag_size: 6381
batch 2039, loss: 0.0070, instance_loss: 0.0022, weighted_loss: 0.0056, label: 2, bag_size: 27600
batch 2059, loss: 0.0082, instance_loss: 0.0004, weighted_loss: 0.0059, label: 1, bag_size: 10314
batch 2079, loss: 0.0036, instance_loss: 0.0007, weighted_loss: 0.0028, label: 2, bag_size: 18291
batch 2099, loss: 0.1529, instance_loss: 0.0038, weighted_loss: 0.1081, label: 4, bag_size: 22520
batch 2119, loss: 0.0028, instance_loss: 0.0000, weighted_loss: 0.0020, label: 3, bag_size: 47490
batch 2139, loss: 0.0529, instance_loss: 0.0011, weighted_loss: 0.0374, label: 4, bag_size: 7143
batch 2159, loss: 0.0018, instance_loss: 0.0015, weighted_loss: 0.0017, label: 5, bag_size: 52677
batch 2179, loss: 0.0088, instance_loss: 0.0037, weighted_loss: 0.0073, label: 1, bag_size: 39579
batch 2199, loss: 0.1578, instance_loss: 0.0018, weighted_loss: 0.1110, label: 0, bag_size: 63464
batch 2219, loss: 0.0320, instance_loss: 0.0177, weighted_loss: 0.0277, label: 3, bag_size: 40779
batch 2239, loss: 0.0343, instance_loss: 0.0000, weighted_loss: 0.0240, label: 5, bag_size: 6337
batch 2259, loss: 0.0122, instance_loss: 0.0006, weighted_loss: 0.0087, label: 2, bag_size: 18291
batch 2279, loss: 0.0957, instance_loss: 0.0012, weighted_loss: 0.0673, label: 4, bag_size: 41745
batch 2299, loss: 1.4484, instance_loss: 0.0000, weighted_loss: 1.0139, label: 6, bag_size: 47864
batch 2319, loss: 0.0090, instance_loss: 0.0000, weighted_loss: 0.0063, label: 1, bag_size: 47248
batch 2339, loss: 0.0974, instance_loss: 0.0070, weighted_loss: 0.0703, label: 4, bag_size: 5108
batch 2359, loss: 0.0025, instance_loss: 0.0000, weighted_loss: 0.0018, label: 2, bag_size: 17241
batch 2379, loss: 0.3860, instance_loss: 0.0082, weighted_loss: 0.2727, label: 7, bag_size: 2500
batch 2399, loss: 0.0042, instance_loss: 0.0022, weighted_loss: 0.0036, label: 0, bag_size: 53437
batch 2419, loss: 0.0005, instance_loss: 0.0017, weighted_loss: 0.0009, label: 1, bag_size: 39579


class 0 clustering acc 0.9993260058067192: correct 19275/19288
class 1 clustering acc 0.9970447946909996: correct 19231/19288
Epoch: 4, train_loss: 0.2890, train_clustering_loss:  0.0138, train_error: 0.0995
class 0: acc 0.9775910364145658, correct 349/357
class 1: acc 0.9932203389830508, correct 293/295
class 2: acc 0.9965397923875432, correct 288/289
class 3: acc 0.9965870307167235, correct 292/293
class 4: acc 0.8473520249221184, correct 272/321
class 5: acc 0.9930795847750865, correct 287/289
class 6: acc 0.7663230240549829, correct 223/291
class 7: acc 0.605072463768116, correct 167/276
Warning: Feature file not found, skipping: /media/administrador/Storage1/sdonoso/clam_environ/environ/features/pt_files/histai_0126_slide_H&E_0.pt
Warning: Feature file not found, skipping: /media/administrador/Storage1/sdonoso/clam_environ/environ/features/pt_files/histai_0063_slide_H&E_6.pt
Warning: Feature file not found, skipping: /media/administrador/Storage1/sdonoso/clam_environ/environ/features/pt_files/histai_0063_slide_H&E_3.pt
Warning: Feature file not found, skipping: /media/administrador/Storage1/sdonoso/clam_environ/environ/features/pt_files/histai_0088_slide_H&E_1.pt
Warning: Feature file not found, skipping: /media/administrador/Storage1/sdonoso/clam_environ/environ/features/pt_files/histai_0046_slide_H&E_3.pt
Warning: Feature file not found, skipping: /media/administrador/Storage1/sdonoso/clam_environ/environ/features/pt_files/histai_0046_slide_H&E_1.pt
Warning: Feature file not found, skipping: /media/administrador/Storage1/sdonoso/clam_environ/environ/features/pt_files/histai_0126_slide_H&E_1.pt
Warning: Feature file not found, skipping: /media/administrador/Storage1/sdonoso/clam_environ/environ/features/pt_files/histai_0063_slide_H&E_7.pt
Warning: Feature file not found, skipping: /media/administrador/Storage1/sdonoso/clam_environ/environ/features/pt_files/histai_0088_slide_H&E_2.pt
Warning: Feature file not found, skipping: /media/administrador/Storage1/sdonoso/clam_environ/environ/features/pt_files/histai_0046_slide_H&E_7.pt
Warning: Feature file not found, skipping: /media/administrador/Storage1/sdonoso/clam_environ/environ/features/pt_files/histai_0046_slide_H&E_5.pt
Warning: Feature file not found, skipping: /media/administrador/Storage1/sdonoso/clam_environ/environ/features/pt_files/histai_0003_slide_H&E_1.pt
Warning: Feature file not found, skipping: /media/administrador/Storage1/sdonoso/clam_environ/environ/features/pt_files/histai_0038_slide_H&E_2.pt
Warning: Feature file not found, skipping: /media/administrador/Storage1/sdonoso/clam_environ/environ/features/pt_files/histai_0126_slide_H&E_2.pt
Warning: Feature file not found, skipping: /media/administrador/Storage1/sdonoso/clam_environ/environ/features/pt_files/histai_0063_slide_H&E_4.pt
Warning: Feature file not found, skipping: /media/administrador/Storage1/sdonoso/clam_environ/environ/features/pt_files/histai_0088_slide_H&E_0.pt
Warning: Feature file not found, skipping: /media/administrador/Storage1/sdonoso/clam_environ/environ/features/pt_files/histai_0046_slide_H&E_4.pt
Warning: Feature file not found, skipping: /media/administrador/Storage1/sdonoso/clam_environ/environ/features/pt_files/histai_0046_slide_H&E_2.pt
Warning: Feature file not found, skipping: /media/administrador/Storage1/sdonoso/clam_environ/environ/features/pt_files/histai_0038_slide_H&E_4.pt
Warning: Feature file not found, skipping: /media/administrador/Storage1/sdonoso/clam_environ/environ/features/pt_files/histai_0063_slide_H&E_1.pt
Warning: Feature file not found, skipping: /media/administrador/Storage1/sdonoso/clam_environ/environ/features/pt_files/histai_0088_slide_H&E_3.pt
Warning: Feature file not found, skipping: /media/administrador/Storage1/sdonoso/clam_environ/environ/features/pt_files/histai_0046_slide_H&E_6.pt
Warning: Feature file not found, skipping: /media/administrador/Storage1/sdonoso/clam_environ/environ/features/pt_files/histai_0046_slide_H&E_0.pt
Warning: Feature file not found, skipping: /media/administrador/Storage1/sdonoso/clam_environ/environ/features/pt_files/histai_0038_slide_H&E_3.pt

Val Set, val_loss: 1.3057, val_error: 0.3661, auc: 0.6759
class 0 clustering acc 0.9966101694915255: correct 2352/2360
class 1 clustering acc 0.9923728813559322: correct 2342/2360
class 0: acc 0.0, correct 0/4
class 1: acc 0.0, correct 0/1
class 2: acc 0.0, correct 0/1
class 3: acc 0.0, correct 0/1
class 4: acc 0.25, correct 2/8
class 5: acc 0.0, correct 0/1
class 6: acc 0.3125, correct 5/16
class 7: acc 0.6844106463878327, correct 180/263
EarlyStopping counter: 3 out of 20


batch 19, loss: 0.0084, instance_loss: 0.0000, weighted_loss: 0.0059, label: 0, bag_size: 48169
batch 39, loss: 0.0006, instance_loss: 0.0000, weighted_loss: 0.0004, label: 3, bag_size: 40462
batch 59, loss: 0.1302, instance_loss: 0.0000, weighted_loss: 0.0912, label: 4, bag_size: 10984
batch 99, loss: 0.1741, instance_loss: 0.0000, weighted_loss: 0.1218, label: 0, bag_size: 62970
batch 119, loss: 0.0369, instance_loss: 0.0007, weighted_loss: 0.0260, label: 6, bag_size: 29131
batch 139, loss: 0.2400, instance_loss: 0.0246, weighted_loss: 0.1753, label: 7, bag_size: 5470
batch 159, loss: 0.0004, instance_loss: 0.0004, weighted_loss: 0.0004, label: 5, bag_size: 4549
batch 179, loss: 0.0063, instance_loss: 0.0000, weighted_loss: 0.0044, label: 0, bag_size: 29441
batch 199, loss: 0.0036, instance_loss: 0.0002, weighted_loss: 0.0026, label: 5, bag_size: 22096
batch 219, loss: 0.0025, instance_loss: 0.0000, weighted_loss: 0.0018, label: 5, bag_size: 52677
batch 239, loss: 0.0012, instance_loss: 0.0019, weighted_loss: 0.0014, label: 0, bag_size: 31191
batch 259, loss: 0.0057, instance_loss: 0.0031, weighted_loss: 0.0049, label: 3, bag_size: 15813
batch 279, loss: 1.9302, instance_loss: 0.0381, weighted_loss: 1.3626, label: 0, bag_size: 2957
batch 299, loss: 0.1365, instance_loss: 0.0031, weighted_loss: 0.0965, label: 7, bag_size: 3778
batch 319, loss: 0.1787, instance_loss: 0.7592, weighted_loss: 0.3529, label: 4, bag_size: 39
batch 339, loss: 0.0559, instance_loss: 0.0099, weighted_loss: 0.0421, label: 3, bag_size: 47490
batch 359, loss: 0.0040, instance_loss: 0.0000, weighted_loss: 0.0028, label: 2, bag_size: 55669
batch 379, loss: 0.5390, instance_loss: 0.0000, weighted_loss: 0.3773, label: 0, bag_size: 41037
batch 399, loss: 0.0014, instance_loss: 0.0000, weighted_loss: 0.0010, label: 5, bag_size: 6337
batch 419, loss: 0.0195, instance_loss: 0.0071, weighted_loss: 0.0158, label: 0, bag_size: 3320
batch 439, loss: 0.0051, instance_loss: 0.0000, weighted_loss: 0.0035, label: 1, bag_size: 10314
batch 459, loss: 0.0149, instance_loss: 0.0000, weighted_loss: 0.0105, label: 5, bag_size: 74305
batch 479, loss: 0.0288, instance_loss: 0.0418, weighted_loss: 0.0327, label: 0, bag_size: 53437
batch 499, loss: 0.0080, instance_loss: 0.0000, weighted_loss: 0.0056, label: 5, bag_size: 18304
batch 519, loss: 0.4881, instance_loss: 0.0000, weighted_loss: 0.3417, label: 0, bag_size: 11173
batch 539, loss: 0.8072, instance_loss: 0.0010, weighted_loss: 0.5653, label: 6, bag_size: 12203
batch 559, loss: 0.0116, instance_loss: 0.0002, weighted_loss: 0.0081, label: 3, bag_size: 34611
batch 579, loss: 0.3911, instance_loss: 0.0106, weighted_loss: 0.2770, label: 4, bag_size: 37650
batch 599, loss: 1.0014, instance_loss: 0.0003, weighted_loss: 0.7011, label: 6, bag_size: 64811
batch 619, loss: 0.0039, instance_loss: 0.0000, weighted_loss: 0.0027, label: 2, bag_size: 17241
batch 639, loss: 0.0021, instance_loss: 0.0000, weighted_loss: 0.0015, label: 1, bag_size: 10314
batch 659, loss: 0.0214, instance_loss: 0.0000, weighted_loss: 0.0149, label: 3, bag_size: 82568
batch 679, loss: 0.5279, instance_loss: 0.0003, weighted_loss: 0.3696, label: 6, bag_size: 53364
batch 699, loss: 0.0052, instance_loss: 0.0088, weighted_loss: 0.0063, label: 4, bag_size: 5889
batch 719, loss: 0.0729, instance_loss: 0.0029, weighted_loss: 0.0519, label: 5, bag_size: 19119
batch 739, loss: 0.3576, instance_loss: 0.0005, weighted_loss: 0.2505, label: 6, bag_size: 56695
batch 759, loss: 0.4929, instance_loss: 0.0010, weighted_loss: 0.3454, label: 4, bag_size: 3230
batch 779, loss: 0.0026, instance_loss: 0.0000, weighted_loss: 0.0018, label: 2, bag_size: 27600
batch 799, loss: 0.0007, instance_loss: 0.0067, weighted_loss: 0.0025, label: 1, bag_size: 3832
batch 819, loss: 0.4122, instance_loss: 0.0280, weighted_loss: 0.2970, label: 7, bag_size: 1654
batch 839, loss: 0.1332, instance_loss: 0.0007, weighted_loss: 0.0935, label: 6, bag_size: 43177
batch 859, loss: 0.0189, instance_loss: 0.0000, weighted_loss: 0.0133, label: 0, bag_size: 48169
batch 879, loss: 0.8909, instance_loss: 0.0363, weighted_loss: 0.6345, label: 6, bag_size: 3740
batch 899, loss: 0.0006, instance_loss: 0.0111, weighted_loss: 0.0037, label: 1, bag_size: 3832
batch 919, loss: 0.1865, instance_loss: 0.0033, weighted_loss: 0.1315, label: 4, bag_size: 4032
batch 939, loss: 0.0064, instance_loss: 0.0000, weighted_loss: 0.0044, label: 3, bag_size: 94662
batch 959, loss: 0.5751, instance_loss: 0.0013, weighted_loss: 0.4030, label: 7, bag_size: 35025
batch 979, loss: 0.0007, instance_loss: 0.0011, weighted_loss: 0.0008, label: 5, bag_size: 63349
batch 999, loss: 0.0254, instance_loss: 0.0000, weighted_loss: 0.0178, label: 2, bag_size: 55669
batch 1019, loss: 0.0007, instance_loss: 0.0000, weighted_loss: 0.0005, label: 2, bag_size: 55669
batch 1039, loss: 0.0004, instance_loss: 0.0042, weighted_loss: 0.0015, label: 5, bag_size: 4549
batch 1059, loss: 0.0017, instance_loss: 0.0008, weighted_loss: 0.0014, label: 3, bag_size: 45816
batch 1079, loss: 0.0046, instance_loss: 0.0077, weighted_loss: 0.0055, label: 0, bag_size: 2212
batch 1099, loss: 0.1499, instance_loss: 0.0040, weighted_loss: 0.1062, label: 4, bag_size: 48622
batch 1119, loss: 0.0040, instance_loss: 0.0000, weighted_loss: 0.0028, label: 2, bag_size: 17241
batch 1139, loss: 0.0029, instance_loss: 0.0000, weighted_loss: 0.0020, label: 5, bag_size: 22096
batch 1159, loss: 0.2547, instance_loss: 0.0010, weighted_loss: 0.1786, label: 6, bag_size: 19704
batch 1179, loss: 0.0042, instance_loss: 0.0014, weighted_loss: 0.0033, label: 1, bag_size: 10314
batch 1239, loss: 0.0495, instance_loss: 0.0037, weighted_loss: 0.0358, label: 6, bag_size: 19704
batch 1259, loss: 0.0132, instance_loss: 0.0000, weighted_loss: 0.0093, label: 3, bag_size: 40462
batch 1279, loss: 0.0128, instance_loss: 0.0000, weighted_loss: 0.0090, label: 3, bag_size: 82568
batch 1299, loss: 0.5698, instance_loss: 0.0030, weighted_loss: 0.3998, label: 5, bag_size: 5565
batch 1319, loss: 0.0160, instance_loss: 0.0020, weighted_loss: 0.0118, label: 5, bag_size: 42075
batch 1339, loss: 0.0222, instance_loss: 0.0007, weighted_loss: 0.0158, label: 0, bag_size: 71179
batch 1359, loss: 0.0170, instance_loss: 0.0017, weighted_loss: 0.0124, label: 0, bag_size: 7987
batch 1379, loss: 0.0073, instance_loss: 0.0000, weighted_loss: 0.0051, label: 3, bag_size: 40462
batch 1399, loss: 0.0046, instance_loss: 0.0058, weighted_loss: 0.0050, label: 2, bag_size: 18291
batch 1419, loss: 0.1698, instance_loss: 0.0013, weighted_loss: 0.1193, label: 1, bag_size: 10314
batch 1439, loss: 0.0087, instance_loss: 0.0021, weighted_loss: 0.0067, label: 0, bag_size: 100791
batch 1459, loss: 0.9404, instance_loss: 0.0263, weighted_loss: 0.6661, label: 4, bag_size: 1742
batch 1479, loss: 1.1115, instance_loss: 0.0067, weighted_loss: 0.7800, label: 4, bag_size: 47757
batch 1499, loss: 0.1958, instance_loss: 0.0058, weighted_loss: 0.1388, label: 7, bag_size: 26240
batch 1519, loss: 0.0141, instance_loss: 0.0003, weighted_loss: 0.0100, label: 3, bag_size: 48697
batch 1539, loss: 0.0490, instance_loss: 0.0008, weighted_loss: 0.0345, label: 4, bag_size: 25699
batch 1559, loss: 0.3156, instance_loss: 0.0002, weighted_loss: 0.2210, label: 7, bag_size: 14669
batch 1579, loss: 0.0006, instance_loss: 0.0015, weighted_loss: 0.0009, label: 3, bag_size: 45816
batch 1599, loss: 0.0073, instance_loss: 0.0003, weighted_loss: 0.0052, label: 2, bag_size: 27600
batch 1619, loss: 0.0064, instance_loss: 0.0080, weighted_loss: 0.0068, label: 7, bag_size: 8428
batch 1639, loss: 0.2636, instance_loss: 0.0000, weighted_loss: 0.1845, label: 0, bag_size: 41037
batch 1659, loss: 0.0007, instance_loss: 0.0006, weighted_loss: 0.0007, label: 5, bag_size: 5179
batch 1679, loss: 0.0016, instance_loss: 0.0020, weighted_loss: 0.0017, label: 1, bag_size: 51943
batch 1699, loss: 0.0011, instance_loss: 0.0005, weighted_loss: 0.0009, label: 2, bag_size: 27600
batch 1719, loss: 0.0010, instance_loss: 0.0061, weighted_loss: 0.0025, label: 1, bag_size: 3832
batch 1739, loss: 0.0122, instance_loss: 0.0000, weighted_loss: 0.0085, label: 1, bag_size: 10314
Warning: Feature file not found, skipping: /media/administrador/Storage1/sdonoso/clam_environ/environ/features/pt_files/150012-2-3.pt
Warning: Feature file not found, skipping: /media/administrador/Storage1/sdonoso/clam_environ/environ/features/pt_files/150012-2-3.pt
Warning: Feature file not found, skipping: /media/administrador/Storage1/sdonoso/clam_environ/environ/features/pt_files/histai_0034_slide_H&E_1.pt
Warning: Feature file not found, skipping: /media/administrador/Storage1/sdonoso/clam_environ/environ/features/pt_files/150012-2-3.pt
Warning: Feature file not found, skipping: /media/administrador/Storage1/sdonoso/clam_environ/environ/features/pt_files/150012-2-3.pt
Warning: Feature file not found, skipping: /media/administrador/Storage1/sdonoso/clam_environ/environ/features/pt_files/histai_0010_slide_H&E_6.pt
Warning: Feature file not found, skipping: /media/administrador/Storage1/sdonoso/clam_environ/environ/features/pt_files/150012-2-3.pt
Warning: Feature file not found, skipping: /media/administrador/Storage1/sdonoso/clam_environ/environ/features/pt_files/150012-2-3.pt
Warning: Feature file not found, skipping: /media/administrador/Storage1/sdonoso/clam_environ/environ/features/pt_files/150012-2-3.pt
Warning: Feature file not found, skipping: /media/administrador/Storage1/sdonoso/clam_environ/environ/features/pt_files/150012-2-3.pt
Warning: Feature file not found, skipping: /media/administrador/Storage1/sdonoso/clam_environ/environ/features/pt_files/150012-2-3.pt
Warning: Feature file not found, skipping: /media/administrador/Storage1/sdonoso/clam_environ/environ/features/pt_files/150012-2-3.pt
Warning: Feature file not found, skipping: /media/administrador/Storage1/sdonoso/clam_environ/environ/features/pt_files/histai_0037_slide_H&E_0.pt
Warning: Feature file not found, skipping: /media/administrador/Storage1/sdonoso/clam_environ/environ/features/pt_files/150012-2-3.pt
Warning: Feature file not found, skipping: /media/administrador/Storage1/sdonoso/clam_environ/environ/features/pt_files/150012-2-3.pt
Warning: Feature file not found, skipping: /media/administrador/Storage1/sdonoso/clam_environ/environ/features/pt_files/150012-2-3.pt
Warning: Feature file not found, skipping: /media/administrador/Storage1/sdonoso/clam_environ/environ/features/pt_files/150012-2-3.pt
Warning: Feature file not found, skipping: /media/administrador/Storage1/sdonoso/clam_environ/environ/features/pt_files/150012-2-3.pt
Warning: Feature file not found, skipping: /media/administrador/Storage1/sdonoso/clam_environ/environ/features/pt_files/150012-2-3.pt
Warning: Feature file not found, skipping: /media/administrador/Storage1/sdonoso/clam_environ/environ/features/pt_files/150012-2-3.pt
Warning: Feature file not found, skipping: /media/administrador/Storage1/sdonoso/clam_environ/environ/features/pt_files/150012-2-3.pt
Warning: Feature file not found, skipping: /media/administrador/Storage1/sdonoso/clam_environ/environ/features/pt_files/150012-2-3.pt
Warning: Feature file not found, skipping: /media/administrador/Storage1/sdonoso/clam_environ/environ/features/pt_files/150012-2-3.pt
Warning: Feature file not found, skipping: /media/administrador/Storage1/sdonoso/clam_environ/environ/features/pt_files/150012-2-3.pt
Warning: Feature file not found, skipping: /media/administrador/Storage1/sdonoso/clam_environ/environ/features/pt_files/150012-2-3.pt
Warning: Feature file not found, skipping: /media/administrador/Storage1/sdonoso/clam_environ/environ/features/pt_files/histai_0070_slide_H&E_2.pt
Warning: Feature file not found, skipping: /media/administrador/Storage1/sdonoso/clam_environ/environ/features/pt_files/150012-2-3.pt
Warning: Feature file not found, skipping: /media/administrador/Storage1/sdonoso/clam_environ/environ/features/pt_files/150012-2-3.pt
Warning: Feature file not found, skipping: /media/administrador/Storage1/sdonoso/clam_environ/environ/features/pt_files/150012-2-3.pt
Warning: Feature file not found, skipping: /media/administrador/Storage1/sdonoso/clam_environ/environ/features/pt_files/150012-2-3.pt
Warning: Feature file not found, skipping: /media/administrador/Storage1/sdonoso/clam_environ/environ/features/pt_files/150012-2-3.pt
Warning: Feature file not found, skipping: /media/administrador/Storage1/sdonoso/clam_environ/environ/features/pt_files/150012-2-3.pt
Warning: Feature file not found, skipping: /media/administrador/Storage1/sdonoso/clam_environ/environ/features/pt_files/150012-2-3.pt
Warning: Feature file not found, skipping: /media/administrador/Storage1/sdonoso/clam_environ/environ/features/pt_files/150012-2-3.pt
Warning: Feature file not found, skipping: /media/administrador/Storage1/sdonoso/clam_environ/environ/features/pt_files/150012-2-3.pt
batch 1759, loss: 0.0050, instance_loss: 0.0000, weighted_loss: 0.0035, label: 2, bag_size: 55669
batch 1779, loss: 0.0090, instance_loss: 0.0000, weighted_loss: 0.0063, label: 5, bag_size: 22096
batch 1799, loss: 0.0097, instance_loss: 0.0000, weighted_loss: 0.0068, label: 1, bag_size: 47248
batch 1819, loss: 0.7449, instance_loss: 0.0010, weighted_loss: 0.5217, label: 6, bag_size: 1934
batch 1839, loss: 0.0035, instance_loss: 0.0004, weighted_loss: 0.0025, label: 1, bag_size: 10314
batch 1859, loss: 0.0057, instance_loss: 0.0007, weighted_loss: 0.0042, label: 1, bag_size: 10314
batch 1879, loss: 0.0056, instance_loss: 0.0029, weighted_loss: 0.0048, label: 1, bag_size: 10314
batch 1899, loss: 0.0286, instance_loss: 0.0000, weighted_loss: 0.0200, label: 0, bag_size: 8203
batch 1919, loss: 0.0017, instance_loss: 0.0000, weighted_loss: 0.0012, label: 3, bag_size: 94662
batch 1939, loss: 0.2669, instance_loss: 0.0006, weighted_loss: 0.1870, label: 7, bag_size: 2751
batch 1959, loss: 0.0027, instance_loss: 0.0000, weighted_loss: 0.0019, label: 2, bag_size: 55669
batch 1979, loss: 0.1062, instance_loss: 0.0061, weighted_loss: 0.0762, label: 7, bag_size: 1716
batch 2019, loss: 0.0154, instance_loss: 0.0002, weighted_loss: 0.0108, label: 5, bag_size: 4549
batch 2039, loss: 0.0017, instance_loss: 0.0000, weighted_loss: 0.0012, label: 5, bag_size: 5179
batch 2059, loss: 0.0039, instance_loss: 0.0003, weighted_loss: 0.0028, label: 5, bag_size: 18304
batch 2099, loss: 0.0021, instance_loss: 0.0000, weighted_loss: 0.0014, label: 2, bag_size: 17241
batch 2119, loss: 0.0091, instance_loss: 0.0000, weighted_loss: 0.0063, label: 5, bag_size: 22096
batch 2139, loss: 0.0051, instance_loss: 0.0381, weighted_loss: 0.0150, label: 1, bag_size: 11584
batch 2159, loss: 0.5044, instance_loss: 0.0007, weighted_loss: 0.3533, label: 6, bag_size: 73727
batch 2179, loss: 0.0198, instance_loss: 0.0019, weighted_loss: 0.0144, label: 4, bag_size: 23894
batch 2199, loss: 0.0257, instance_loss: 0.0000, weighted_loss: 0.0180, label: 0, bag_size: 2957
batch 2219, loss: 0.0742, instance_loss: 0.0005, weighted_loss: 0.0521, label: 4, bag_size: 41745
batch 2239, loss: 0.0253, instance_loss: 0.0000, weighted_loss: 0.0177, label: 3, bag_size: 47490
batch 2259, loss: 0.0155, instance_loss: 0.0000, weighted_loss: 0.0108, label: 3, bag_size: 47490
batch 2279, loss: 0.0085, instance_loss: 0.0030, weighted_loss: 0.0069, label: 1, bag_size: 39579
batch 2299, loss: 0.0005, instance_loss: 0.0000, weighted_loss: 0.0004, label: 5, bag_size: 63349
batch 2319, loss: 0.0003, instance_loss: 0.0005, weighted_loss: 0.0003, label: 2, bag_size: 27600
batch 2339, loss: 0.0037, instance_loss: 0.0000, weighted_loss: 0.0026, label: 3, bag_size: 44290
batch 2359, loss: 0.0527, instance_loss: 0.0105, weighted_loss: 0.0400, label: 7, bag_size: 1243
batch 2379, loss: 0.0025, instance_loss: 0.0007, weighted_loss: 0.0020, label: 1, bag_size: 39579
batch 2399, loss: 2.4049, instance_loss: 0.0050, weighted_loss: 1.6849, label: 7, bag_size: 20618
batch 2419, loss: 0.0836, instance_loss: 0.0000, weighted_loss: 0.0585, label: 1, bag_size: 10314


class 0 clustering acc 0.9994798168955472: correct 19214/19224
class 1 clustering acc 0.996046608406159: correct 19148/19224
Epoch: 5, train_loss: 0.2629, train_clustering_loss:  0.0162, train_error: 0.0974
class 0: acc 0.9601449275362319, correct 265/276
class 1: acc 0.9967948717948718, correct 311/312
class 2: acc 0.9962825278810409, correct 268/269
class 3: acc 0.990909090909091, correct 327/330
class 4: acc 0.8741935483870967, correct 271/310
class 5: acc 1.0, correct 293/293
class 6: acc 0.7836990595611285, correct 250/319
class 7: acc 0.6258503401360545, correct 184/294
Warning: Feature file not found, skipping: /media/administrador/Storage1/sdonoso/clam_environ/environ/features/pt_files/histai_0126_slide_H&E_1.pt
Warning: Feature file not found, skipping: /media/administrador/Storage1/sdonoso/clam_environ/environ/features/pt_files/histai_0063_slide_H&E_7.pt
Warning: Feature file not found, skipping: /media/administrador/Storage1/sdonoso/clam_environ/environ/features/pt_files/histai_0088_slide_H&E_2.pt
Warning: Feature file not found, skipping: /media/administrador/Storage1/sdonoso/clam_environ/environ/features/pt_files/histai_0046_slide_H&E_7.pt
Warning: Feature file not found, skipping: /media/administrador/Storage1/sdonoso/clam_environ/environ/features/pt_files/histai_0046_slide_H&E_5.pt
Warning: Feature file not found, skipping: /media/administrador/Storage1/sdonoso/clam_environ/environ/features/pt_files/histai_0003_slide_H&E_1.pt
Warning: Feature file not found, skipping: /media/administrador/Storage1/sdonoso/clam_environ/environ/features/pt_files/histai_0038_slide_H&E_2.pt
Warning: Feature file not found, skipping: /media/administrador/Storage1/sdonoso/clam_environ/environ/features/pt_files/histai_0126_slide_H&E_2.pt
Warning: Feature file not found, skipping: /media/administrador/Storage1/sdonoso/clam_environ/environ/features/pt_files/histai_0063_slide_H&E_4.pt
Warning: Feature file not found, skipping: /media/administrador/Storage1/sdonoso/clam_environ/environ/features/pt_files/histai_0088_slide_H&E_0.pt
Warning: Feature file not found, skipping: /media/administrador/Storage1/sdonoso/clam_environ/environ/features/pt_files/histai_0046_slide_H&E_4.pt
Warning: Feature file not found, skipping: /media/administrador/Storage1/sdonoso/clam_environ/environ/features/pt_files/histai_0046_slide_H&E_2.pt
Warning: Feature file not found, skipping: /media/administrador/Storage1/sdonoso/clam_environ/environ/features/pt_files/histai_0038_slide_H&E_4.pt
Warning: Feature file not found, skipping: /media/administrador/Storage1/sdonoso/clam_environ/environ/features/pt_files/histai_0126_slide_H&E_0.pt
Warning: Feature file not found, skipping: /media/administrador/Storage1/sdonoso/clam_environ/environ/features/pt_files/histai_0063_slide_H&E_6.pt
Warning: Feature file not found, skipping: /media/administrador/Storage1/sdonoso/clam_environ/environ/features/pt_files/histai_0063_slide_H&E_3.pt
Warning: Feature file not found, skipping: /media/administrador/Storage1/sdonoso/clam_environ/environ/features/pt_files/histai_0088_slide_H&E_1.pt
Warning: Feature file not found, skipping: /media/administrador/Storage1/sdonoso/clam_environ/environ/features/pt_files/histai_0046_slide_H&E_3.pt
Warning: Feature file not found, skipping: /media/administrador/Storage1/sdonoso/clam_environ/environ/features/pt_files/histai_0046_slide_H&E_1.pt
Warning: Feature file not found, skipping: /media/administrador/Storage1/sdonoso/clam_environ/environ/features/pt_files/histai_0063_slide_H&E_1.pt
Warning: Feature file not found, skipping: /media/administrador/Storage1/sdonoso/clam_environ/environ/features/pt_files/histai_0088_slide_H&E_3.pt
Warning: Feature file not found, skipping: /media/administrador/Storage1/sdonoso/clam_environ/environ/features/pt_files/histai_0046_slide_H&E_6.pt
Warning: Feature file not found, skipping: /media/administrador/Storage1/sdonoso/clam_environ/environ/features/pt_files/histai_0046_slide_H&E_0.pt
Warning: Feature file not found, skipping: /media/administrador/Storage1/sdonoso/clam_environ/environ/features/pt_files/histai_0038_slide_H&E_3.pt

Val Set, val_loss: 1.7359, val_error: 0.5356, auc: 0.5999
class 0 clustering acc 0.9911016949152542: correct 2339/2360
class 1 clustering acc 0.9923728813559322: correct 2342/2360
class 0: acc 0.0, correct 0/4
class 1: acc 0.0, correct 0/1
class 2: acc 0.0, correct 0/1
class 3: acc 0.0, correct 0/1
class 4: acc 0.5, correct 4/8
class 5: acc 0.0, correct 0/1
class 6: acc 0.5, correct 8/16
class 7: acc 0.4752851711026616, correct 125/263
EarlyStopping counter: 4 out of 20


batch 19, loss: 0.0318, instance_loss: 0.0007, weighted_loss: 0.0225, label: 4, bag_size: 58494
batch 39, loss: 0.0038, instance_loss: 0.0000, weighted_loss: 0.0026, label: 3, bag_size: 34611
batch 59, loss: 0.0003, instance_loss: 0.0000, weighted_loss: 0.0002, label: 1, bag_size: 26832
batch 79, loss: 0.1644, instance_loss: 0.0003, weighted_loss: 0.1151, label: 6, bag_size: 63460
batch 99, loss: 0.1739, instance_loss: 0.0036, weighted_loss: 0.1228, label: 0, bag_size: 63464
batch 119, loss: 0.0047, instance_loss: 0.0003, weighted_loss: 0.0034, label: 2, bag_size: 18291
batch 139, loss: 0.0084, instance_loss: 0.0087, weighted_loss: 0.0085, label: 4, bag_size: 9933
batch 159, loss: 0.0054, instance_loss: 0.0000, weighted_loss: 0.0038, label: 3, bag_size: 40462
batch 179, loss: 0.0037, instance_loss: 0.0005, weighted_loss: 0.0027, label: 1, bag_size: 47248
batch 199, loss: 0.0007, instance_loss: 0.0005, weighted_loss: 0.0006, label: 5, bag_size: 63349
batch 219, loss: 0.0008, instance_loss: 0.0000, weighted_loss: 0.0005, label: 3, bag_size: 94662
batch 239, loss: 0.5436, instance_loss: 0.0010, weighted_loss: 0.3808, label: 7, bag_size: 1936
batch 259, loss: 0.0025, instance_loss: 0.0000, weighted_loss: 0.0017, label: 1, bag_size: 26832
batch 279, loss: 0.0019, instance_loss: 0.0000, weighted_loss: 0.0014, label: 2, bag_size: 27600
batch 299, loss: 0.1564, instance_loss: 0.0097, weighted_loss: 0.1124, label: 7, bag_size: 7861
batch 319, loss: 0.0020, instance_loss: 0.0100, weighted_loss: 0.0044, label: 1, bag_size: 11584
batch 339, loss: 0.0041, instance_loss: 0.0000, weighted_loss: 0.0029, label: 1, bag_size: 10314
batch 359, loss: 0.0043, instance_loss: 0.0000, weighted_loss: 0.0030, label: 2, bag_size: 18291
batch 379, loss: 0.0010, instance_loss: 0.0000, weighted_loss: 0.0007, label: 2, bag_size: 17241
batch 399, loss: 0.0007, instance_loss: 0.0000, weighted_loss: 0.0005, label: 5, bag_size: 63349
batch 419, loss: 0.0009, instance_loss: 0.0000, weighted_loss: 0.0006, label: 7, bag_size: 24056
batch 439, loss: 0.0020, instance_loss: 0.0000, weighted_loss: 0.0014, label: 3, bag_size: 48697
batch 459, loss: 0.4687, instance_loss: 0.0214, weighted_loss: 0.3345, label: 4, bag_size: 17286
batch 479, loss: 0.2207, instance_loss: 0.0016, weighted_loss: 0.1550, label: 6, bag_size: 4040
batch 499, loss: 0.3719, instance_loss: 0.0101, weighted_loss: 0.2634, label: 7, bag_size: 25979
batch 519, loss: 0.0018, instance_loss: 0.0002, weighted_loss: 0.0013, label: 1, bag_size: 47248
batch 539, loss: 0.0011, instance_loss: 0.0017, weighted_loss: 0.0013, label: 1, bag_size: 11584
batch 559, loss: 0.0004, instance_loss: 0.0000, weighted_loss: 0.0003, label: 3, bag_size: 45816
batch 579, loss: 0.0219, instance_loss: 0.0000, weighted_loss: 0.0153, label: 5, bag_size: 74305
batch 599, loss: 0.0324, instance_loss: 0.0017, weighted_loss: 0.0232, label: 0, bag_size: 7715
batch 619, loss: 0.1258, instance_loss: 0.1614, weighted_loss: 0.1365, label: 4, bag_size: 634
batch 639, loss: 0.0937, instance_loss: 0.0207, weighted_loss: 0.0718, label: 4, bag_size: 10855
batch 659, loss: 0.9509, instance_loss: 0.0023, weighted_loss: 0.6663, label: 4, bag_size: 39213
batch 679, loss: 0.0563, instance_loss: 0.0006, weighted_loss: 0.0396, label: 1, bag_size: 10314
batch 699, loss: 0.2286, instance_loss: 0.0021, weighted_loss: 0.1607, label: 1, bag_size: 10314
batch 719, loss: 0.0002, instance_loss: 0.0000, weighted_loss: 0.0002, label: 1, bag_size: 26832
batch 739, loss: 0.0092, instance_loss: 0.0000, weighted_loss: 0.0064, label: 3, bag_size: 74422
batch 759, loss: 0.0015, instance_loss: 0.0000, weighted_loss: 0.0011, label: 1, bag_size: 10314
batch 779, loss: 0.2179, instance_loss: 0.0002, weighted_loss: 0.1526, label: 4, bag_size: 47379
batch 799, loss: 0.0263, instance_loss: 0.0000, weighted_loss: 0.0184, label: 3, bag_size: 82568
batch 819, loss: 1.1508, instance_loss: 0.0040, weighted_loss: 0.8067, label: 7, bag_size: 6368
batch 839, loss: 0.6273, instance_loss: 0.0409, weighted_loss: 0.4514, label: 4, bag_size: 1742
batch 859, loss: 0.1412, instance_loss: 0.0274, weighted_loss: 0.1070, label: 4, bag_size: 4503
batch 879, loss: 0.9354, instance_loss: 0.0000, weighted_loss: 0.6548, label: 6, bag_size: 48080
batch 899, loss: 0.0000, instance_loss: 0.0000, weighted_loss: 0.0000, label: 2, bag_size: 55669
batch 919, loss: 0.0000, instance_loss: 0.0011, weighted_loss: 0.0004, label: 5, bag_size: 5565
batch 939, loss: 2.4232, instance_loss: 0.0000, weighted_loss: 1.6962, label: 6, bag_size: 19915
batch 959, loss: 0.0015, instance_loss: 0.0022, weighted_loss: 0.0017, label: 3, bag_size: 74422
batch 979, loss: 0.0007, instance_loss: 0.0006, weighted_loss: 0.0007, label: 1, bag_size: 23247
batch 999, loss: 0.0006, instance_loss: 0.0000, weighted_loss: 0.0004, label: 2, bag_size: 17241
batch 1019, loss: 0.0191, instance_loss: 0.0055, weighted_loss: 0.0150, label: 7, bag_size: 1216
batch 1059, loss: 1.9726, instance_loss: 0.0002, weighted_loss: 1.3809, label: 7, bag_size: 21511
batch 1079, loss: 0.0025, instance_loss: 0.0000, weighted_loss: 0.0018, label: 3, bag_size: 44290
batch 1099, loss: 0.0049, instance_loss: 0.0000, weighted_loss: 0.0034, label: 0, bag_size: 2957
batch 1119, loss: 0.9079, instance_loss: 0.0002, weighted_loss: 0.6356, label: 4, bag_size: 47379
batch 1139, loss: 0.0027, instance_loss: 0.0012, weighted_loss: 0.0022, label: 1, bag_size: 47817
batch 1159, loss: 0.2998, instance_loss: 0.0021, weighted_loss: 0.2105, label: 4, bag_size: 43944
batch 1179, loss: 0.0013, instance_loss: 0.0000, weighted_loss: 0.0009, label: 3, bag_size: 40462
batch 1199, loss: 0.0186, instance_loss: 0.0000, weighted_loss: 0.0130, label: 5, bag_size: 74305
batch 1239, loss: 0.0002, instance_loss: 0.0016, weighted_loss: 0.0006, label: 3, bag_size: 15813
batch 1259, loss: 0.8354, instance_loss: 0.0000, weighted_loss: 0.5848, label: 6, bag_size: 15855
batch 1279, loss: 0.0024, instance_loss: 0.1565, weighted_loss: 0.0486, label: 1, bag_size: 11584
batch 1299, loss: 0.1152, instance_loss: 0.0081, weighted_loss: 0.0831, label: 6, bag_size: 5172
batch 1319, loss: 0.3062, instance_loss: 0.0000, weighted_loss: 0.2143, label: 6, bag_size: 61722
batch 1339, loss: 0.1540, instance_loss: 0.0027, weighted_loss: 0.1086, label: 0, bag_size: 14458
batch 1359, loss: 0.0007, instance_loss: 0.0017, weighted_loss: 0.0010, label: 5, bag_size: 5565
batch 1379, loss: 0.3735, instance_loss: 0.0000, weighted_loss: 0.2614, label: 6, bag_size: 62165
batch 1399, loss: 0.0085, instance_loss: 0.0000, weighted_loss: 0.0060, label: 5, bag_size: 6337
batch 1419, loss: 2.3678, instance_loss: 0.0015, weighted_loss: 1.6579, label: 7, bag_size: 2928
batch 1439, loss: 0.0037, instance_loss: 0.0009, weighted_loss: 0.0028, label: 0, bag_size: 76990
batch 1459, loss: 0.3468, instance_loss: 0.0324, weighted_loss: 0.2525, label: 4, bag_size: 3230
batch 1479, loss: 0.0030, instance_loss: 0.0000, weighted_loss: 0.0021, label: 3, bag_size: 94662
batch 1499, loss: 0.0354, instance_loss: 0.0044, weighted_loss: 0.0261, label: 7, bag_size: 4554
batch 1519, loss: 0.0068, instance_loss: 0.0044, weighted_loss: 0.0061, label: 0, bag_size: 14458
batch 1539, loss: 0.0209, instance_loss: 0.0000, weighted_loss: 0.0146, label: 5, bag_size: 74305
batch 1559, loss: 0.6552, instance_loss: 0.0065, weighted_loss: 0.4606, label: 0, bag_size: 68174
batch 1579, loss: 0.0080, instance_loss: 0.0000, weighted_loss: 0.0056, label: 5, bag_size: 6337
batch 1599, loss: 0.0303, instance_loss: 0.0000, weighted_loss: 0.0212, label: 6, bag_size: 1763
batch 1619, loss: 0.0004, instance_loss: 0.0000, weighted_loss: 0.0002, label: 3, bag_size: 94662
batch 1639, loss: 1.3860, instance_loss: 0.0000, weighted_loss: 0.9702, label: 6, bag_size: 31794
batch 1659, loss: 0.0003, instance_loss: 0.0000, weighted_loss: 0.0002, label: 2, bag_size: 18291
batch 1679, loss: 0.0895, instance_loss: 0.0159, weighted_loss: 0.0674, label: 4, bag_size: 2688
batch 1699, loss: 0.0684, instance_loss: 0.0000, weighted_loss: 0.0479, label: 0, bag_size: 14638
batch 1719, loss: 0.3462, instance_loss: 0.0764, weighted_loss: 0.2652, label: 7, bag_size: 5878
Warning: Feature file not found, skipping: /media/administrador/Storage1/sdonoso/clam_environ/environ/features/pt_files/150012-2-3.pt
Warning: Feature file not found, skipping: /media/administrador/Storage1/sdonoso/clam_environ/environ/features/pt_files/150012-2-3.pt
Warning: Feature file not found, skipping: /media/administrador/Storage1/sdonoso/clam_environ/environ/features/pt_files/150012-2-3.pt
Warning: Feature file not found, skipping: /media/administrador/Storage1/sdonoso/clam_environ/environ/features/pt_files/150012-2-3.pt
Warning: Feature file not found, skipping: /media/administrador/Storage1/sdonoso/clam_environ/environ/features/pt_files/150012-2-3.pt
Warning: Feature file not found, skipping: /media/administrador/Storage1/sdonoso/clam_environ/environ/features/pt_files/150012-2-3.pt
Warning: Feature file not found, skipping: /media/administrador/Storage1/sdonoso/clam_environ/environ/features/pt_files/150012-2-3.pt
Warning: Feature file not found, skipping: /media/administrador/Storage1/sdonoso/clam_environ/environ/features/pt_files/histai_0054_slide_H&E_0.pt
Warning: Feature file not found, skipping: /media/administrador/Storage1/sdonoso/clam_environ/environ/features/pt_files/histai_0109_slide_H&E_2.pt
Warning: Feature file not found, skipping: /media/administrador/Storage1/sdonoso/clam_environ/environ/features/pt_files/150012-2-3.pt
Warning: Feature file not found, skipping: /media/administrador/Storage1/sdonoso/clam_environ/environ/features/pt_files/histai_0117_slide_H&E_1.pt
Warning: Feature file not found, skipping: /media/administrador/Storage1/sdonoso/clam_environ/environ/features/pt_files/150012-2-3.pt
Warning: Feature file not found, skipping: /media/administrador/Storage1/sdonoso/clam_environ/environ/features/pt_files/histai_0074_slide_H&E_1.pt
Warning: Feature file not found, skipping: /media/administrador/Storage1/sdonoso/clam_environ/environ/features/pt_files/150012-2-3.pt
Warning: Feature file not found, skipping: /media/administrador/Storage1/sdonoso/clam_environ/environ/features/pt_files/150012-2-3.pt
Warning: Feature file not found, skipping: /media/administrador/Storage1/sdonoso/clam_environ/environ/features/pt_files/histai_0115_slide_H&E_1.pt
Warning: Feature file not found, skipping: /media/administrador/Storage1/sdonoso/clam_environ/environ/features/pt_files/histai_0030_slide_H&E_1.pt
Warning: Feature file not found, skipping: /media/administrador/Storage1/sdonoso/clam_environ/environ/features/pt_files/150012-2-3.pt
Warning: Feature file not found, skipping: /media/administrador/Storage1/sdonoso/clam_environ/environ/features/pt_files/histai_0121_slide_H&E_2.pt
Warning: Feature file not found, skipping: /media/administrador/Storage1/sdonoso/clam_environ/environ/features/pt_files/150012-2-3.pt
Warning: Feature file not found, skipping: /media/administrador/Storage1/sdonoso/clam_environ/environ/features/pt_files/150012-2-3.pt
Warning: Feature file not found, skipping: /media/administrador/Storage1/sdonoso/clam_environ/environ/features/pt_files/histai_0121_slide_H&E_2.pt
Warning: Feature file not found, skipping: /media/administrador/Storage1/sdonoso/clam_environ/environ/features/pt_files/150012-2-3.pt
Warning: Feature file not found, skipping: /media/administrador/Storage1/sdonoso/clam_environ/environ/features/pt_files/150012-2-3.pt
Warning: Feature file not found, skipping: /media/administrador/Storage1/sdonoso/clam_environ/environ/features/pt_files/histai_0070_slide_H&E_2.pt
Warning: Feature file not found, skipping: /media/administrador/Storage1/sdonoso/clam_environ/environ/features/pt_files/150012-2-3.pt
Warning: Feature file not found, skipping: /media/administrador/Storage1/sdonoso/clam_environ/environ/features/pt_files/150012-2-3.pt
Warning: Feature file not found, skipping: /media/administrador/Storage1/sdonoso/clam_environ/environ/features/pt_files/histai_0127_slide_H&E_2.pt
Warning: Feature file not found, skipping: /media/administrador/Storage1/sdonoso/clam_environ/environ/features/pt_files/150012-2-3.pt
Warning: Feature file not found, skipping: /media/administrador/Storage1/sdonoso/clam_environ/environ/features/pt_files/150012-2-3.pt
Warning: Feature file not found, skipping: /media/administrador/Storage1/sdonoso/clam_environ/environ/features/pt_files/150012-2-3.pt
Warning: Feature file not found, skipping: /media/administrador/Storage1/sdonoso/clam_environ/environ/features/pt_files/histai_0054_slide_H&E_0.pt
Warning: Feature file not found, skipping: /media/administrador/Storage1/sdonoso/clam_environ/environ/features/pt_files/150012-2-3.pt
batch 1739, loss: 0.0001, instance_loss: 0.0000, weighted_loss: 0.0001, label: 1, bag_size: 51943
batch 1759, loss: 0.0002, instance_loss: 0.0000, weighted_loss: 0.0002, label: 2, bag_size: 18291
batch 1779, loss: 0.0112, instance_loss: 0.0168, weighted_loss: 0.0129, label: 0, bag_size: 7987
batch 1799, loss: 0.0073, instance_loss: 0.0007, weighted_loss: 0.0053, label: 6, bag_size: 2573
batch 1819, loss: 1.4092, instance_loss: 0.0131, weighted_loss: 0.9904, label: 7, bag_size: 14096
batch 1839, loss: 0.0002, instance_loss: 0.0000, weighted_loss: 0.0001, label: 2, bag_size: 18291
batch 1859, loss: 0.0424, instance_loss: 0.0003, weighted_loss: 0.0298, label: 6, bag_size: 45090
batch 1879, loss: 0.0047, instance_loss: 0.0000, weighted_loss: 0.0033, label: 5, bag_size: 74305
batch 1899, loss: 0.1487, instance_loss: 0.0080, weighted_loss: 0.1065, label: 4, bag_size: 72397
batch 1919, loss: 0.0006, instance_loss: 0.0000, weighted_loss: 0.0004, label: 2, bag_size: 55669
batch 1939, loss: 5.3324, instance_loss: 0.0000, weighted_loss: 3.7327, label: 6, bag_size: 9685
batch 1959, loss: 0.0640, instance_loss: 0.0005, weighted_loss: 0.0449, label: 4, bag_size: 10855
batch 1979, loss: 0.0005, instance_loss: 0.0000, weighted_loss: 0.0003, label: 1, bag_size: 26832
batch 1999, loss: 1.2085, instance_loss: 0.0024, weighted_loss: 0.8467, label: 4, bag_size: 24955
batch 2019, loss: 0.0227, instance_loss: 0.0000, weighted_loss: 0.0159, label: 5, bag_size: 18304
batch 2039, loss: 0.0021, instance_loss: 0.0024, weighted_loss: 0.0022, label: 5, bag_size: 5179
batch 2059, loss: 0.1817, instance_loss: 0.0000, weighted_loss: 0.1272, label: 6, bag_size: 7851
batch 2079, loss: 0.9024, instance_loss: 0.0033, weighted_loss: 0.6327, label: 6, bag_size: 50555
batch 2099, loss: 0.2128, instance_loss: 0.0365, weighted_loss: 0.1599, label: 4, bag_size: 9160
batch 2119, loss: 0.0014, instance_loss: 0.0003, weighted_loss: 0.0011, label: 1, bag_size: 10314
batch 2139, loss: 0.0192, instance_loss: 0.0000, weighted_loss: 0.0135, label: 6, bag_size: 17465
batch 2159, loss: 2.5461, instance_loss: 0.0003, weighted_loss: 1.7823, label: 7, bag_size: 64545
batch 2179, loss: 0.0054, instance_loss: 0.0000, weighted_loss: 0.0038, label: 3, bag_size: 34611
batch 2199, loss: 2.7044, instance_loss: 0.0000, weighted_loss: 1.8931, label: 0, bag_size: 11173
batch 2219, loss: 0.0109, instance_loss: 0.0000, weighted_loss: 0.0076, label: 1, bag_size: 47248
batch 2239, loss: 0.0008, instance_loss: 0.0004, weighted_loss: 0.0007, label: 5, bag_size: 5565
batch 2259, loss: 0.1227, instance_loss: 0.0106, weighted_loss: 0.0891, label: 4, bag_size: 31677
batch 2279, loss: 0.0631, instance_loss: 0.0000, weighted_loss: 0.0442, label: 6, bag_size: 14613
batch 2299, loss: 0.0149, instance_loss: 0.0000, weighted_loss: 0.0104, label: 0, bag_size: 53437
batch 2319, loss: 0.0002, instance_loss: 0.0000, weighted_loss: 0.0002, label: 2, bag_size: 55669
batch 2339, loss: 0.0130, instance_loss: 0.0000, weighted_loss: 0.0091, label: 5, bag_size: 18304
batch 2359, loss: 0.0061, instance_loss: 0.0000, weighted_loss: 0.0043, label: 3, bag_size: 40462
batch 2379, loss: 0.0094, instance_loss: 0.0036, weighted_loss: 0.0077, label: 5, bag_size: 5179
batch 2399, loss: 0.2385, instance_loss: 0.0151, weighted_loss: 0.1715, label: 4, bag_size: 17286
batch 2419, loss: 0.0001, instance_loss: 0.0000, weighted_loss: 0.0001, label: 2, bag_size: 55669


class 0 clustering acc 0.9985446985446985: correct 19212/19240
class 1 clustering acc 0.9963097713097713: correct 19169/19240
Epoch: 6, train_loss: 0.2221, train_clustering_loss:  0.0166, train_error: 0.0769
class 0: acc 0.9873817034700315, correct 313/317
class 1: acc 0.9938271604938271, correct 322/324
class 2: acc 0.9933554817275747, correct 299/301
class 3: acc 1.0, correct 297/297
class 4: acc 0.9130434782608695, correct 273/299
class 5: acc 0.9836065573770492, correct 300/305
class 6: acc 0.8159722222222222, correct 235/288
class 7: acc 0.6605839416058394, correct 181/274
Warning: Feature file not found, skipping: /media/administrador/Storage1/sdonoso/clam_environ/environ/features/pt_files/histai_0126_slide_H&E_1.pt
Warning: Feature file not found, skipping: /media/administrador/Storage1/sdonoso/clam_environ/environ/features/pt_files/histai_0063_slide_H&E_7.pt
Warning: Feature file not found, skipping: /media/administrador/Storage1/sdonoso/clam_environ/environ/features/pt_files/histai_0088_slide_H&E_2.pt
Warning: Feature file not found, skipping: /media/administrador/Storage1/sdonoso/clam_environ/environ/features/pt_files/histai_0046_slide_H&E_7.pt
Warning: Feature file not found, skipping: /media/administrador/Storage1/sdonoso/clam_environ/environ/features/pt_files/histai_0046_slide_H&E_5.pt
Warning: Feature file not found, skipping: /media/administrador/Storage1/sdonoso/clam_environ/environ/features/pt_files/histai_0003_slide_H&E_1.pt
Warning: Feature file not found, skipping: /media/administrador/Storage1/sdonoso/clam_environ/environ/features/pt_files/histai_0038_slide_H&E_2.pt
Warning: Feature file not found, skipping: /media/administrador/Storage1/sdonoso/clam_environ/environ/features/pt_files/histai_0126_slide_H&E_2.pt
Warning: Feature file not found, skipping: /media/administrador/Storage1/sdonoso/clam_environ/environ/features/pt_files/histai_0063_slide_H&E_4.pt
Warning: Feature file not found, skipping: /media/administrador/Storage1/sdonoso/clam_environ/environ/features/pt_files/histai_0088_slide_H&E_0.pt
Warning: Feature file not found, skipping: /media/administrador/Storage1/sdonoso/clam_environ/environ/features/pt_files/histai_0046_slide_H&E_4.pt
Warning: Feature file not found, skipping: /media/administrador/Storage1/sdonoso/clam_environ/environ/features/pt_files/histai_0046_slide_H&E_2.pt
Warning: Feature file not found, skipping: /media/administrador/Storage1/sdonoso/clam_environ/environ/features/pt_files/histai_0038_slide_H&E_4.pt
Warning: Feature file not found, skipping: /media/administrador/Storage1/sdonoso/clam_environ/environ/features/pt_files/histai_0126_slide_H&E_0.pt
Warning: Feature file not found, skipping: /media/administrador/Storage1/sdonoso/clam_environ/environ/features/pt_files/histai_0063_slide_H&E_6.pt
Warning: Feature file not found, skipping: /media/administrador/Storage1/sdonoso/clam_environ/environ/features/pt_files/histai_0063_slide_H&E_3.pt
Warning: Feature file not found, skipping: /media/administrador/Storage1/sdonoso/clam_environ/environ/features/pt_files/histai_0088_slide_H&E_1.pt
Warning: Feature file not found, skipping: /media/administrador/Storage1/sdonoso/clam_environ/environ/features/pt_files/histai_0046_slide_H&E_3.pt
Warning: Feature file not found, skipping: /media/administrador/Storage1/sdonoso/clam_environ/environ/features/pt_files/histai_0046_slide_H&E_1.pt
Warning: Feature file not found, skipping: /media/administrador/Storage1/sdonoso/clam_environ/environ/features/pt_files/histai_0063_slide_H&E_1.pt
Warning: Feature file not found, skipping: /media/administrador/Storage1/sdonoso/clam_environ/environ/features/pt_files/histai_0088_slide_H&E_3.pt
Warning: Feature file not found, skipping: /media/administrador/Storage1/sdonoso/clam_environ/environ/features/pt_files/histai_0046_slide_H&E_6.pt
Warning: Feature file not found, skipping: /media/administrador/Storage1/sdonoso/clam_environ/environ/features/pt_files/histai_0046_slide_H&E_0.pt
Warning: Feature file not found, skipping: /media/administrador/Storage1/sdonoso/clam_environ/environ/features/pt_files/histai_0038_slide_H&E_3.pt

Val Set, val_loss: 0.9848, val_error: 0.2508, auc: 0.6672
class 0 clustering acc 0.9991525423728813: correct 2358/2360
class 1 clustering acc 0.9889830508474576: correct 2334/2360
class 0: acc 0.0, correct 0/4
class 1: acc 0.0, correct 0/1
class 2: acc 0.0, correct 0/1
class 3: acc 0.0, correct 0/1
class 4: acc 0.125, correct 1/8
class 5: acc 0.0, correct 0/1
class 6: acc 0.3125, correct 5/16
class 7: acc 0.8174904942965779, correct 215/263
EarlyStopping counter: 5 out of 20


batch 19, loss: 0.0136, instance_loss: 0.0016, weighted_loss: 0.0100, label: 0, bag_size: 3320
batch 39, loss: 0.2088, instance_loss: 0.0119, weighted_loss: 0.1497, label: 4, bag_size: 15944
batch 59, loss: 0.0697, instance_loss: 0.0027, weighted_loss: 0.0496, label: 6, bag_size: 3077
batch 79, loss: 0.0012, instance_loss: 0.0095, weighted_loss: 0.0037, label: 2, bag_size: 27600
batch 99, loss: 0.0039, instance_loss: 0.0006, weighted_loss: 0.0029, label: 3, bag_size: 40462
batch 119, loss: 0.0003, instance_loss: 0.0003, weighted_loss: 0.0003, label: 0, bag_size: 14458
batch 139, loss: 2.1102, instance_loss: 0.0097, weighted_loss: 1.4801, label: 5, bag_size: 63349
batch 159, loss: 0.1010, instance_loss: 0.0000, weighted_loss: 0.0707, label: 6, bag_size: 9993
batch 179, loss: 0.7185, instance_loss: 0.0007, weighted_loss: 0.5032, label: 7, bag_size: 3088
batch 199, loss: 0.1806, instance_loss: 0.0000, weighted_loss: 0.1264, label: 6, bag_size: 9993
batch 219, loss: 0.0049, instance_loss: 0.0000, weighted_loss: 0.0034, label: 3, bag_size: 40462
batch 239, loss: 0.0662, instance_loss: 0.0000, weighted_loss: 0.0463, label: 0, bag_size: 41037
batch 259, loss: 0.0015, instance_loss: 0.0010, weighted_loss: 0.0013, label: 2, bag_size: 27600
batch 279, loss: 0.0018, instance_loss: 0.0033, weighted_loss: 0.0023, label: 2, bag_size: 27600
batch 299, loss: 0.0020, instance_loss: 0.0000, weighted_loss: 0.0014, label: 5, bag_size: 22096
batch 319, loss: 0.0008, instance_loss: 0.0020, weighted_loss: 0.0012, label: 5, bag_size: 4549
batch 339, loss: 0.0269, instance_loss: 0.0014, weighted_loss: 0.0192, label: 4, bag_size: 30374
batch 359, loss: 0.0001, instance_loss: 0.0000, weighted_loss: 0.0001, label: 2, bag_size: 55669
batch 379, loss: 0.0555, instance_loss: 0.0007, weighted_loss: 0.0391, label: 6, bag_size: 3679
batch 399, loss: 0.0015, instance_loss: 0.0003, weighted_loss: 0.0012, label: 0, bag_size: 8203
batch 419, loss: 0.0026, instance_loss: 0.0000, weighted_loss: 0.0018, label: 1, bag_size: 26832
batch 439, loss: 0.0548, instance_loss: 0.0000, weighted_loss: 0.0383, label: 0, bag_size: 14638
batch 459, loss: 0.0011, instance_loss: 0.0000, weighted_loss: 0.0008, label: 1, bag_size: 26832
batch 479, loss: 0.0007, instance_loss: 0.0005, weighted_loss: 0.0006, label: 2, bag_size: 18291
batch 499, loss: 0.0009, instance_loss: 0.0017, weighted_loss: 0.0011, label: 2, bag_size: 18291
batch 519, loss: 0.0037, instance_loss: 0.0009, weighted_loss: 0.0029, label: 1, bag_size: 39579
batch 539, loss: 0.0245, instance_loss: 0.0018, weighted_loss: 0.0177, label: 5, bag_size: 74305
batch 559, loss: 0.0707, instance_loss: 0.0026, weighted_loss: 0.0503, label: 6, bag_size: 5059
batch 579, loss: 0.2695, instance_loss: 0.0030, weighted_loss: 0.1896, label: 0, bag_size: 7715
batch 599, loss: 0.2168, instance_loss: 0.0000, weighted_loss: 0.1517, label: 6, bag_size: 23425
batch 619, loss: 0.0022, instance_loss: 0.0022, weighted_loss: 0.0022, label: 3, bag_size: 74422
batch 639, loss: 0.9329, instance_loss: 0.0028, weighted_loss: 0.6539, label: 4, bag_size: 39213
batch 659, loss: 0.0032, instance_loss: 0.0000, weighted_loss: 0.0022, label: 3, bag_size: 82568
batch 679, loss: 0.0049, instance_loss: 0.0077, weighted_loss: 0.0057, label: 5, bag_size: 5179
batch 699, loss: 0.0071, instance_loss: 0.0029, weighted_loss: 0.0058, label: 5, bag_size: 74305
batch 719, loss: 0.0002, instance_loss: 0.0000, weighted_loss: 0.0002, label: 3, bag_size: 45816
batch 739, loss: 0.0010, instance_loss: 0.0000, weighted_loss: 0.0007, label: 1, bag_size: 26832
batch 759, loss: 0.0463, instance_loss: 0.0000, weighted_loss: 0.0324, label: 3, bag_size: 15813
batch 779, loss: 0.0001, instance_loss: 0.0000, weighted_loss: 0.0000, label: 3, bag_size: 15813
batch 799, loss: 0.2128, instance_loss: 0.0127, weighted_loss: 0.1527, label: 7, bag_size: 20823
batch 819, loss: 0.9078, instance_loss: 0.0126, weighted_loss: 0.6392, label: 4, bag_size: 15944
batch 839, loss: 0.0010, instance_loss: 0.0000, weighted_loss: 0.0007, label: 1, bag_size: 39579
batch 859, loss: 0.0155, instance_loss: 0.0032, weighted_loss: 0.0118, label: 3, bag_size: 40779
batch 879, loss: 0.0011, instance_loss: 0.0000, weighted_loss: 0.0008, label: 3, bag_size: 94662
batch 899, loss: 0.2441, instance_loss: 0.0012, weighted_loss: 0.1712, label: 6, bag_size: 11590
batch 919, loss: 0.0158, instance_loss: 0.0338, weighted_loss: 0.0212, label: 4, bag_size: 5889
batch 939, loss: 0.0042, instance_loss: 0.0000, weighted_loss: 0.0030, label: 3, bag_size: 82568
batch 959, loss: 0.1698, instance_loss: 0.0000, weighted_loss: 0.1188, label: 6, bag_size: 7851
batch 979, loss: 0.0632, instance_loss: 0.0163, weighted_loss: 0.0491, label: 4, bag_size: 9933
batch 999, loss: 0.0003, instance_loss: 0.0081, weighted_loss: 0.0026, label: 0, bag_size: 4855
batch 1019, loss: 0.0792, instance_loss: 0.0030, weighted_loss: 0.0563, label: 0, bag_size: 8469
batch 1039, loss: 1.3974, instance_loss: 0.0019, weighted_loss: 0.9788, label: 7, bag_size: 2339
batch 1059, loss: 0.0389, instance_loss: 0.0000, weighted_loss: 0.0273, label: 5, bag_size: 6337
batch 1079, loss: 0.0009, instance_loss: 0.0013, weighted_loss: 0.0010, label: 1, bag_size: 10314
batch 1099, loss: 0.0001, instance_loss: 0.0000, weighted_loss: 0.0001, label: 2, bag_size: 17241
batch 1119, loss: 0.0030, instance_loss: 0.0010, weighted_loss: 0.0024, label: 3, bag_size: 74422
batch 1139, loss: 0.0164, instance_loss: 0.0003, weighted_loss: 0.0116, label: 5, bag_size: 42075
batch 1159, loss: 0.0786, instance_loss: 0.0074, weighted_loss: 0.0572, label: 4, bag_size: 1742
batch 1179, loss: 0.0002, instance_loss: 0.0101, weighted_loss: 0.0031, label: 7, bag_size: 6442
batch 1199, loss: 0.0043, instance_loss: 0.0030, weighted_loss: 0.0039, label: 3, bag_size: 34611
batch 1219, loss: 0.2572, instance_loss: 0.0007, weighted_loss: 0.1802, label: 6, bag_size: 5059
batch 1239, loss: 0.0425, instance_loss: 0.0090, weighted_loss: 0.0325, label: 4, bag_size: 10855
batch 1259, loss: 0.1299, instance_loss: 0.0017, weighted_loss: 0.0915, label: 6, bag_size: 1934
batch 1279, loss: 0.0027, instance_loss: 0.0000, weighted_loss: 0.0019, label: 1, bag_size: 39579
batch 1299, loss: 0.0002, instance_loss: 0.0000, weighted_loss: 0.0001, label: 2, bag_size: 55669
batch 1319, loss: 0.0345, instance_loss: 0.0221, weighted_loss: 0.0308, label: 7, bag_size: 8517
batch 1339, loss: 0.0007, instance_loss: 0.0012, weighted_loss: 0.0009, label: 1, bag_size: 47248
batch 1359, loss: 0.0004, instance_loss: 0.0002, weighted_loss: 0.0003, label: 2, bag_size: 27600
batch 1379, loss: 0.0040, instance_loss: 0.0009, weighted_loss: 0.0031, label: 5, bag_size: 42075
batch 1399, loss: 0.0017, instance_loss: 0.0000, weighted_loss: 0.0012, label: 3, bag_size: 94662
batch 1419, loss: 0.0046, instance_loss: 0.0165, weighted_loss: 0.0082, label: 0, bag_size: 100791
batch 1439, loss: 1.0014, instance_loss: 0.0000, weighted_loss: 0.7010, label: 6, bag_size: 79368
batch 1459, loss: 2.3828, instance_loss: 0.0011, weighted_loss: 1.6683, label: 7, bag_size: 46528
batch 1479, loss: 0.0011, instance_loss: 0.0000, weighted_loss: 0.0008, label: 5, bag_size: 5179
batch 1499, loss: 0.0006, instance_loss: 0.0000, weighted_loss: 0.0004, label: 1, bag_size: 47248
batch 1519, loss: 0.0016, instance_loss: 0.0002, weighted_loss: 0.0012, label: 5, bag_size: 5565
batch 1539, loss: 0.0239, instance_loss: 0.0133, weighted_loss: 0.0207, label: 7, bag_size: 6568
batch 1579, loss: 0.2037, instance_loss: 0.0000, weighted_loss: 0.1426, label: 0, bag_size: 2957
batch 1599, loss: 0.0017, instance_loss: 0.0005, weighted_loss: 0.0013, label: 3, bag_size: 47490
batch 1619, loss: 0.2171, instance_loss: 0.0000, weighted_loss: 0.1519, label: 6, bag_size: 23425
batch 1639, loss: 0.0004, instance_loss: 0.0000, weighted_loss: 0.0002, label: 3, bag_size: 74422
batch 1659, loss: 0.0091, instance_loss: 0.0000, weighted_loss: 0.0064, label: 6, bag_size: 24840
batch 1679, loss: 0.0036, instance_loss: 0.0000, weighted_loss: 0.0025, label: 1, bag_size: 39579
batch 1699, loss: 0.0144, instance_loss: 0.0005, weighted_loss: 0.0102, label: 4, bag_size: 5108
Warning: Feature file not found, skipping: /media/administrador/Storage1/sdonoso/clam_environ/environ/features/pt_files/150012-2-3.pt
Warning: Feature file not found, skipping: /media/administrador/Storage1/sdonoso/clam_environ/environ/features/pt_files/histai_0037_slide_H&E_4.pt
Warning: Feature file not found, skipping: /media/administrador/Storage1/sdonoso/clam_environ/environ/features/pt_files/150012-2-3.pt
Warning: Feature file not found, skipping: /media/administrador/Storage1/sdonoso/clam_environ/environ/features/pt_files/150012-2-3.pt
Warning: Feature file not found, skipping: /media/administrador/Storage1/sdonoso/clam_environ/environ/features/pt_files/150012-2-3.pt
Warning: Feature file not found, skipping: /media/administrador/Storage1/sdonoso/clam_environ/environ/features/pt_files/150012-2-3.pt
Warning: Feature file not found, skipping: /media/administrador/Storage1/sdonoso/clam_environ/environ/features/pt_files/150012-2-3.pt
Warning: Feature file not found, skipping: /media/administrador/Storage1/sdonoso/clam_environ/environ/features/pt_files/histai_0030_slide_H&E_9.pt
Warning: Feature file not found, skipping: /media/administrador/Storage1/sdonoso/clam_environ/environ/features/pt_files/150012-2-3.pt
Warning: Feature file not found, skipping: /media/administrador/Storage1/sdonoso/clam_environ/environ/features/pt_files/150012-2-3.pt
Warning: Feature file not found, skipping: /media/administrador/Storage1/sdonoso/clam_environ/environ/features/pt_files/150012-2-3.pt
Warning: Feature file not found, skipping: /media/administrador/Storage1/sdonoso/clam_environ/environ/features/pt_files/150012-2-3.pt
Warning: Feature file not found, skipping: /media/administrador/Storage1/sdonoso/clam_environ/environ/features/pt_files/150012-2-3.pt
Warning: Feature file not found, skipping: /media/administrador/Storage1/sdonoso/clam_environ/environ/features/pt_files/150012-2-3.pt
Warning: Feature file not found, skipping: /media/administrador/Storage1/sdonoso/clam_environ/environ/features/pt_files/150012-2-3.pt
Warning: Feature file not found, skipping: /media/administrador/Storage1/sdonoso/clam_environ/environ/features/pt_files/150012-2-3.pt
Warning: Feature file not found, skipping: /media/administrador/Storage1/sdonoso/clam_environ/environ/features/pt_files/150012-2-3.pt
Warning: Feature file not found, skipping: /media/administrador/Storage1/sdonoso/clam_environ/environ/features/pt_files/150012-2-3.pt
Warning: Feature file not found, skipping: /media/administrador/Storage1/sdonoso/clam_environ/environ/features/pt_files/150012-2-3.pt
Warning: Feature file not found, skipping: /media/administrador/Storage1/sdonoso/clam_environ/environ/features/pt_files/150012-2-3.pt
Warning: Feature file not found, skipping: /media/administrador/Storage1/sdonoso/clam_environ/environ/features/pt_files/histai_0037_slide_H&E_1.pt
Warning: Feature file not found, skipping: /media/administrador/Storage1/sdonoso/clam_environ/environ/features/pt_files/150012-2-3.pt
Warning: Feature file not found, skipping: /media/administrador/Storage1/sdonoso/clam_environ/environ/features/pt_files/150012-2-3.pt
batch 1719, loss: 0.0011, instance_loss: 0.0000, weighted_loss: 0.0008, label: 3, bag_size: 40462
batch 1739, loss: 0.0002, instance_loss: 0.0000, weighted_loss: 0.0001, label: 2, bag_size: 55669
batch 1759, loss: 0.0467, instance_loss: 0.0012, weighted_loss: 0.0331, label: 4, bag_size: 10855
batch 1779, loss: 0.0006, instance_loss: 0.0017, weighted_loss: 0.0009, label: 2, bag_size: 27600
batch 1799, loss: 0.0008, instance_loss: 0.0000, weighted_loss: 0.0005, label: 3, bag_size: 74422
batch 1819, loss: 0.0044, instance_loss: 0.0000, weighted_loss: 0.0031, label: 0, bag_size: 18834
batch 1839, loss: 0.0001, instance_loss: 0.0000, weighted_loss: 0.0001, label: 2, bag_size: 17241
batch 1859, loss: 0.0044, instance_loss: 0.0002, weighted_loss: 0.0031, label: 2, bag_size: 18291
batch 1879, loss: 0.1382, instance_loss: 0.0000, weighted_loss: 0.0968, label: 0, bag_size: 41037
batch 1899, loss: 0.0114, instance_loss: 0.0122, weighted_loss: 0.0117, label: 4, bag_size: 32239
batch 1919, loss: 0.3973, instance_loss: 0.0000, weighted_loss: 0.2781, label: 4, bag_size: 39213
batch 1939, loss: 0.1065, instance_loss: 0.1569, weighted_loss: 0.1216, label: 1, bag_size: 11584
batch 1959, loss: 0.0727, instance_loss: 0.0004, weighted_loss: 0.0510, label: 4, bag_size: 14107
batch 1979, loss: 0.0029, instance_loss: 0.0006, weighted_loss: 0.0022, label: 5, bag_size: 40909
batch 1999, loss: 0.6861, instance_loss: 0.0000, weighted_loss: 0.4803, label: 6, bag_size: 31421
batch 2019, loss: 0.0003, instance_loss: 0.0000, weighted_loss: 0.0002, label: 3, bag_size: 45816
batch 2039, loss: 0.0027, instance_loss: 0.0000, weighted_loss: 0.0019, label: 0, bag_size: 48169
batch 2059, loss: 0.0006, instance_loss: 0.0014, weighted_loss: 0.0009, label: 1, bag_size: 23247
batch 2079, loss: 0.0007, instance_loss: 0.0015, weighted_loss: 0.0009, label: 2, bag_size: 27600
batch 2099, loss: 0.0006, instance_loss: 0.0004, weighted_loss: 0.0005, label: 7, bag_size: 5691
batch 2119, loss: 0.0019, instance_loss: 0.0108, weighted_loss: 0.0045, label: 7, bag_size: 15526
batch 2139, loss: 0.0959, instance_loss: 0.0038, weighted_loss: 0.0683, label: 6, bag_size: 11590
batch 2159, loss: 0.0012, instance_loss: 0.0000, weighted_loss: 0.0009, label: 2, bag_size: 18291
batch 2179, loss: 0.0002, instance_loss: 0.0006, weighted_loss: 0.0003, label: 0, bag_size: 53437
batch 2199, loss: 0.4649, instance_loss: 0.0007, weighted_loss: 0.3257, label: 6, bag_size: 2582
batch 2219, loss: 0.0015, instance_loss: 0.0013, weighted_loss: 0.0014, label: 3, bag_size: 47490
batch 2239, loss: 0.0093, instance_loss: 0.0094, weighted_loss: 0.0094, label: 4, bag_size: 5108
batch 2259, loss: 0.0415, instance_loss: 0.0307, weighted_loss: 0.0383, label: 4, bag_size: 50269
batch 2279, loss: 0.0163, instance_loss: 0.0026, weighted_loss: 0.0122, label: 0, bag_size: 63464
batch 2299, loss: 0.0000, instance_loss: 0.0129, weighted_loss: 0.0039, label: 7, bag_size: 2757
batch 2319, loss: 0.0078, instance_loss: 0.0000, weighted_loss: 0.0054, label: 5, bag_size: 22096
batch 2339, loss: 0.0028, instance_loss: 0.0000, weighted_loss: 0.0020, label: 5, bag_size: 63349
batch 2359, loss: 0.0042, instance_loss: 0.0013, weighted_loss: 0.0033, label: 1, bag_size: 3832
batch 2379, loss: 0.3331, instance_loss: 0.0307, weighted_loss: 0.2424, label: 4, bag_size: 5383
batch 2399, loss: 0.3036, instance_loss: 0.0000, weighted_loss: 0.2125, label: 6, bag_size: 16020
batch 2419, loss: 0.0001, instance_loss: 2.4037, weighted_loss: 0.7212, label: 4, bag_size: 2479


class 0 clustering acc 0.9991718426501035: correct 19304/19320
class 1 clustering acc 0.9943064182194618: correct 19210/19320
Epoch: 7, train_loss: 0.2032, train_clustering_loss:  0.0222, train_error: 0.0671
class 0: acc 0.9901960784313726, correct 303/306
class 1: acc 1.0, correct 277/277
class 2: acc 1.0, correct 304/304
class 3: acc 0.996742671009772, correct 306/307
class 4: acc 0.932258064516129, correct 289/310
class 5: acc 0.9961977186311787, correct 262/263
class 6: acc 0.846875, correct 271/320
class 7: acc 0.7347560975609756, correct 241/328
Warning: Feature file not found, skipping: /media/administrador/Storage1/sdonoso/clam_environ/environ/features/pt_files/histai_0126_slide_H&E_0.pt
Warning: Feature file not found, skipping: /media/administrador/Storage1/sdonoso/clam_environ/environ/features/pt_files/histai_0063_slide_H&E_6.pt
Warning: Feature file not found, skipping: /media/administrador/Storage1/sdonoso/clam_environ/environ/features/pt_files/histai_0063_slide_H&E_3.pt
Warning: Feature file not found, skipping: /media/administrador/Storage1/sdonoso/clam_environ/environ/features/pt_files/histai_0088_slide_H&E_1.pt
Warning: Feature file not found, skipping: /media/administrador/Storage1/sdonoso/clam_environ/environ/features/pt_files/histai_0046_slide_H&E_3.pt
Warning: Feature file not found, skipping: /media/administrador/Storage1/sdonoso/clam_environ/environ/features/pt_files/histai_0046_slide_H&E_1.pt
Warning: Feature file not found, skipping: /media/administrador/Storage1/sdonoso/clam_environ/environ/features/pt_files/histai_0126_slide_H&E_1.pt
Warning: Feature file not found, skipping: /media/administrador/Storage1/sdonoso/clam_environ/environ/features/pt_files/histai_0063_slide_H&E_7.pt
Warning: Feature file not found, skipping: /media/administrador/Storage1/sdonoso/clam_environ/environ/features/pt_files/histai_0088_slide_H&E_2.pt
Warning: Feature file not found, skipping: /media/administrador/Storage1/sdonoso/clam_environ/environ/features/pt_files/histai_0046_slide_H&E_7.pt
Warning: Feature file not found, skipping: /media/administrador/Storage1/sdonoso/clam_environ/environ/features/pt_files/histai_0046_slide_H&E_5.pt
Warning: Feature file not found, skipping: /media/administrador/Storage1/sdonoso/clam_environ/environ/features/pt_files/histai_0003_slide_H&E_1.pt
Warning: Feature file not found, skipping: /media/administrador/Storage1/sdonoso/clam_environ/environ/features/pt_files/histai_0038_slide_H&E_2.pt
Warning: Feature file not found, skipping: /media/administrador/Storage1/sdonoso/clam_environ/environ/features/pt_files/histai_0126_slide_H&E_2.pt
Warning: Feature file not found, skipping: /media/administrador/Storage1/sdonoso/clam_environ/environ/features/pt_files/histai_0063_slide_H&E_4.pt
Warning: Feature file not found, skipping: /media/administrador/Storage1/sdonoso/clam_environ/environ/features/pt_files/histai_0088_slide_H&E_0.pt
Warning: Feature file not found, skipping: /media/administrador/Storage1/sdonoso/clam_environ/environ/features/pt_files/histai_0046_slide_H&E_4.pt
Warning: Feature file not found, skipping: /media/administrador/Storage1/sdonoso/clam_environ/environ/features/pt_files/histai_0046_slide_H&E_2.pt
Warning: Feature file not found, skipping: /media/administrador/Storage1/sdonoso/clam_environ/environ/features/pt_files/histai_0038_slide_H&E_4.pt
Warning: Feature file not found, skipping: /media/administrador/Storage1/sdonoso/clam_environ/environ/features/pt_files/histai_0063_slide_H&E_1.pt
Warning: Feature file not found, skipping: /media/administrador/Storage1/sdonoso/clam_environ/environ/features/pt_files/histai_0088_slide_H&E_3.pt
Warning: Feature file not found, skipping: /media/administrador/Storage1/sdonoso/clam_environ/environ/features/pt_files/histai_0046_slide_H&E_6.pt
Warning: Feature file not found, skipping: /media/administrador/Storage1/sdonoso/clam_environ/environ/features/pt_files/histai_0046_slide_H&E_0.pt
Warning: Feature file not found, skipping: /media/administrador/Storage1/sdonoso/clam_environ/environ/features/pt_files/histai_0038_slide_H&E_3.pt

Val Set, val_loss: 1.7806, val_error: 0.5085, auc: 0.5931
class 0 clustering acc 1.0: correct 2360/2360
class 1 clustering acc 0.9885593220338983: correct 2333/2360
class 0: acc 0.0, correct 0/4
class 1: acc 0.0, correct 0/1
class 2: acc 0.0, correct 0/1
class 3: acc 0.0, correct 0/1
class 4: acc 0.375, correct 3/8
class 5: acc 0.0, correct 0/1
class 6: acc 0.5625, correct 9/16
class 7: acc 0.5057034220532319, correct 133/263
EarlyStopping counter: 6 out of 20


batch 19, loss: 0.0120, instance_loss: 0.0044, weighted_loss: 0.0097, label: 6, bag_size: 4603
batch 39, loss: 0.0008, instance_loss: 0.0000, weighted_loss: 0.0006, label: 2, bag_size: 18291
batch 59, loss: 0.0005, instance_loss: 0.0000, weighted_loss: 0.0004, label: 5, bag_size: 40909
batch 79, loss: 0.0028, instance_loss: 0.0000, weighted_loss: 0.0020, label: 3, bag_size: 44290
batch 99, loss: 0.0014, instance_loss: 0.0004, weighted_loss: 0.0011, label: 1, bag_size: 39579
batch 119, loss: 0.0013, instance_loss: 0.0000, weighted_loss: 0.0009, label: 3, bag_size: 94662
batch 139, loss: 0.0030, instance_loss: 0.0529, weighted_loss: 0.0180, label: 0, bag_size: 7715
batch 159, loss: 0.0587, instance_loss: 0.0341, weighted_loss: 0.0513, label: 4, bag_size: 25699
batch 179, loss: 0.0012, instance_loss: 0.0003, weighted_loss: 0.0010, label: 1, bag_size: 47248
batch 199, loss: 0.0005, instance_loss: 0.0000, weighted_loss: 0.0004, label: 2, bag_size: 17241
batch 219, loss: 0.0885, instance_loss: 0.0006, weighted_loss: 0.0621, label: 0, bag_size: 11173
batch 239, loss: 1.4189, instance_loss: 0.0077, weighted_loss: 0.9955, label: 7, bag_size: 32737
batch 259, loss: 0.0161, instance_loss: 0.1873, weighted_loss: 0.0675, label: 4, bag_size: 1979
batch 279, loss: 0.1052, instance_loss: 0.0066, weighted_loss: 0.0756, label: 7, bag_size: 2784
batch 299, loss: 0.0014, instance_loss: 0.0000, weighted_loss: 0.0010, label: 5, bag_size: 22096
batch 319, loss: 0.4969, instance_loss: 0.0738, weighted_loss: 0.3700, label: 7, bag_size: 7958
batch 339, loss: 2.8097, instance_loss: 0.0030, weighted_loss: 1.9677, label: 7, bag_size: 13386
batch 359, loss: 0.2379, instance_loss: 0.0000, weighted_loss: 0.1665, label: 6, bag_size: 24840
batch 379, loss: 0.0010, instance_loss: 0.0000, weighted_loss: 0.0007, label: 2, bag_size: 55669
batch 399, loss: 0.0002, instance_loss: 0.0340, weighted_loss: 0.0103, label: 7, bag_size: 2726
batch 419, loss: 0.0026, instance_loss: 0.0000, weighted_loss: 0.0018, label: 3, bag_size: 40462
batch 439, loss: 0.0363, instance_loss: 0.0003, weighted_loss: 0.0255, label: 2, bag_size: 18291
batch 459, loss: 0.0013, instance_loss: 0.0000, weighted_loss: 0.0009, label: 5, bag_size: 5565
batch 479, loss: 0.0883, instance_loss: 0.0017, weighted_loss: 0.0623, label: 7, bag_size: 1364
batch 499, loss: 0.0097, instance_loss: 0.0004, weighted_loss: 0.0069, label: 7, bag_size: 10311
batch 519, loss: 4.2965, instance_loss: 0.0265, weighted_loss: 3.0155, label: 7, bag_size: 38660
batch 539, loss: 0.4478, instance_loss: 0.0029, weighted_loss: 0.3143, label: 6, bag_size: 4847
batch 559, loss: 0.1306, instance_loss: 0.0467, weighted_loss: 0.1054, label: 4, bag_size: 19175
batch 579, loss: 0.6748, instance_loss: 0.0012, weighted_loss: 0.4727, label: 0, bag_size: 53437
batch 599, loss: 0.0011, instance_loss: 0.0000, weighted_loss: 0.0008, label: 0, bag_size: 48169
batch 619, loss: 0.0065, instance_loss: 0.0005, weighted_loss: 0.0047, label: 0, bag_size: 3320
batch 639, loss: 0.0520, instance_loss: 0.0250, weighted_loss: 0.0439, label: 7, bag_size: 1558
batch 659, loss: 0.0012, instance_loss: 0.0075, weighted_loss: 0.0031, label: 1, bag_size: 51943
batch 679, loss: 0.0002, instance_loss: 0.0000, weighted_loss: 0.0001, label: 2, bag_size: 18291
batch 699, loss: 0.0108, instance_loss: 0.0004, weighted_loss: 0.0077, label: 0, bag_size: 29441
batch 719, loss: 0.0091, instance_loss: 0.0010, weighted_loss: 0.0067, label: 7, bag_size: 4267
batch 739, loss: 0.0925, instance_loss: 0.0281, weighted_loss: 0.0732, label: 0, bag_size: 68174
batch 759, loss: 0.0174, instance_loss: 0.0000, weighted_loss: 0.0122, label: 3, bag_size: 34611
batch 779, loss: 0.0271, instance_loss: 0.0094, weighted_loss: 0.0217, label: 4, bag_size: 2776
batch 799, loss: 0.8053, instance_loss: 0.0000, weighted_loss: 0.5637, label: 6, bag_size: 48080
batch 819, loss: 0.0002, instance_loss: 0.0000, weighted_loss: 0.0002, label: 2, bag_size: 17241
batch 839, loss: 0.0028, instance_loss: 0.0002, weighted_loss: 0.0021, label: 3, bag_size: 15813
batch 859, loss: 0.3475, instance_loss: 0.0000, weighted_loss: 0.2433, label: 0, bag_size: 60895
batch 879, loss: 0.0095, instance_loss: 0.0030, weighted_loss: 0.0076, label: 0, bag_size: 14458
batch 899, loss: 0.6045, instance_loss: 0.0000, weighted_loss: 0.4232, label: 6, bag_size: 9993
batch 919, loss: 0.0014, instance_loss: 0.0028, weighted_loss: 0.0019, label: 7, bag_size: 380
batch 939, loss: 0.0010, instance_loss: 0.0021, weighted_loss: 0.0013, label: 5, bag_size: 5179
batch 959, loss: 0.0034, instance_loss: 0.0030, weighted_loss: 0.0033, label: 1, bag_size: 39579
batch 979, loss: 0.1212, instance_loss: 0.0007, weighted_loss: 0.0851, label: 0, bag_size: 76990
batch 999, loss: 0.4369, instance_loss: 0.0000, weighted_loss: 0.3058, label: 6, bag_size: 28254
batch 1019, loss: 0.0009, instance_loss: 0.0002, weighted_loss: 0.0007, label: 1, bag_size: 23247
batch 1039, loss: 0.0012, instance_loss: 0.0117, weighted_loss: 0.0043, label: 1, bag_size: 47817
batch 1059, loss: 0.0015, instance_loss: 0.0096, weighted_loss: 0.0039, label: 0, bag_size: 2212
batch 1079, loss: 0.0001, instance_loss: 0.0000, weighted_loss: 0.0001, label: 2, bag_size: 55669
batch 1099, loss: 0.0026, instance_loss: 0.0000, weighted_loss: 0.0018, label: 3, bag_size: 44290
batch 1119, loss: 0.2331, instance_loss: 0.0004, weighted_loss: 0.1633, label: 7, bag_size: 2751
batch 1139, loss: 0.0026, instance_loss: 0.0000, weighted_loss: 0.0018, label: 0, bag_size: 60895
batch 1159, loss: 0.1065, instance_loss: 0.0000, weighted_loss: 0.0746, label: 6, bag_size: 7243
batch 1179, loss: 0.0003, instance_loss: 0.0000, weighted_loss: 0.0002, label: 2, bag_size: 27600
batch 1199, loss: 0.1788, instance_loss: 0.0012, weighted_loss: 0.1255, label: 6, bag_size: 6484
batch 1219, loss: 0.0005, instance_loss: 0.0684, weighted_loss: 0.0208, label: 4, bag_size: 5889
batch 1239, loss: 0.0000, instance_loss: 0.0000, weighted_loss: 0.0000, label: 2, bag_size: 55669
batch 1259, loss: 0.0001, instance_loss: 0.0000, weighted_loss: 0.0001, label: 0, bag_size: 8203
batch 1279, loss: 0.0015, instance_loss: 0.0104, weighted_loss: 0.0041, label: 1, bag_size: 3832
batch 1299, loss: 0.0111, instance_loss: 0.0000, weighted_loss: 0.0077, label: 5, bag_size: 40909
batch 1319, loss: 0.0001, instance_loss: 0.0000, weighted_loss: 0.0001, label: 2, bag_size: 55669
batch 1339, loss: 0.0043, instance_loss: 0.0020, weighted_loss: 0.0036, label: 1, bag_size: 23247
batch 1359, loss: 0.0023, instance_loss: 0.0027, weighted_loss: 0.0024, label: 3, bag_size: 40779
batch 1379, loss: 0.1961, instance_loss: 0.0004, weighted_loss: 0.1374, label: 6, bag_size: 1792
batch 1399, loss: 0.0051, instance_loss: 0.0000, weighted_loss: 0.0036, label: 3, bag_size: 82568
batch 1419, loss: 0.0011, instance_loss: 0.0000, weighted_loss: 0.0008, label: 3, bag_size: 74422
batch 1439, loss: 0.0024, instance_loss: 0.0000, weighted_loss: 0.0017, label: 3, bag_size: 74422
batch 1459, loss: 0.0007, instance_loss: 0.0000, weighted_loss: 0.0005, label: 3, bag_size: 15813
batch 1479, loss: 0.1081, instance_loss: 0.0038, weighted_loss: 0.0768, label: 4, bag_size: 19175
batch 1499, loss: 0.0149, instance_loss: 0.0007, weighted_loss: 0.0106, label: 7, bag_size: 5878
batch 1519, loss: 0.0001, instance_loss: 0.0024, weighted_loss: 0.0008, label: 7, bag_size: 1920
batch 1539, loss: 0.0478, instance_loss: 0.0428, weighted_loss: 0.0463, label: 4, bag_size: 9160
batch 1559, loss: 0.0005, instance_loss: 0.0008, weighted_loss: 0.0006, label: 5, bag_size: 5179
batch 1579, loss: 0.0001, instance_loss: 0.0000, weighted_loss: 0.0001, label: 1, bag_size: 26832
batch 1599, loss: 0.1886, instance_loss: 0.0670, weighted_loss: 0.1521, label: 4, bag_size: 45670
batch 1619, loss: 0.0006, instance_loss: 0.0072, weighted_loss: 0.0026, label: 1, bag_size: 47817
batch 1639, loss: 0.0018, instance_loss: 0.0012, weighted_loss: 0.0016, label: 3, bag_size: 15813
batch 1659, loss: 0.1192, instance_loss: 0.0002, weighted_loss: 0.0835, label: 5, bag_size: 40909
batch 1679, loss: 0.0003, instance_loss: 0.0000, weighted_loss: 0.0002, label: 0, bag_size: 62970
Warning: Feature file not found, skipping: /media/administrador/Storage1/sdonoso/clam_environ/environ/features/pt_files/histai_0117_slide_H&E_3.pt
Warning: Feature file not found, skipping: /media/administrador/Storage1/sdonoso/clam_environ/environ/features/pt_files/150012-2-3.pt
Warning: Feature file not found, skipping: /media/administrador/Storage1/sdonoso/clam_environ/environ/features/pt_files/150012-2-3.pt
Warning: Feature file not found, skipping: /media/administrador/Storage1/sdonoso/clam_environ/environ/features/pt_files/150012-2-3.pt
Warning: Feature file not found, skipping: /media/administrador/Storage1/sdonoso/clam_environ/environ/features/pt_files/150012-2-3.pt
Warning: Feature file not found, skipping: /media/administrador/Storage1/sdonoso/clam_environ/environ/features/pt_files/150012-2-3.pt
Warning: Feature file not found, skipping: /media/administrador/Storage1/sdonoso/clam_environ/environ/features/pt_files/150012-2-3.pt
Warning: Feature file not found, skipping: /media/administrador/Storage1/sdonoso/clam_environ/environ/features/pt_files/150012-2-3.pt
Warning: Feature file not found, skipping: /media/administrador/Storage1/sdonoso/clam_environ/environ/features/pt_files/150012-2-3.pt
Warning: Feature file not found, skipping: /media/administrador/Storage1/sdonoso/clam_environ/environ/features/pt_files/150012-2-3.pt
Warning: Feature file not found, skipping: /media/administrador/Storage1/sdonoso/clam_environ/environ/features/pt_files/histai_0109_slide_H&E_1.pt
Warning: Feature file not found, skipping: /media/administrador/Storage1/sdonoso/clam_environ/environ/features/pt_files/150012-2-3.pt
Warning: Feature file not found, skipping: /media/administrador/Storage1/sdonoso/clam_environ/environ/features/pt_files/histai_0095_slide_H&E_3.pt
Warning: Feature file not found, skipping: /media/administrador/Storage1/sdonoso/clam_environ/environ/features/pt_files/150012-2-3.pt
Warning: Feature file not found, skipping: /media/administrador/Storage1/sdonoso/clam_environ/environ/features/pt_files/histai_0007_slide_H&E_0.pt
Warning: Feature file not found, skipping: /media/administrador/Storage1/sdonoso/clam_environ/environ/features/pt_files/histai_0030_slide_H&E_1.pt
Warning: Feature file not found, skipping: /media/administrador/Storage1/sdonoso/clam_environ/environ/features/pt_files/150012-2-3.pt
Warning: Feature file not found, skipping: /media/administrador/Storage1/sdonoso/clam_environ/environ/features/pt_files/150012-2-3.pt
Warning: Feature file not found, skipping: /media/administrador/Storage1/sdonoso/clam_environ/environ/features/pt_files/150012-2-3.pt
Warning: Feature file not found, skipping: /media/administrador/Storage1/sdonoso/clam_environ/environ/features/pt_files/150012-2-3.pt
Warning: Feature file not found, skipping: /media/administrador/Storage1/sdonoso/clam_environ/environ/features/pt_files/150012-2-3.pt
Warning: Feature file not found, skipping: /media/administrador/Storage1/sdonoso/clam_environ/environ/features/pt_files/150012-2-3.pt
Warning: Feature file not found, skipping: /media/administrador/Storage1/sdonoso/clam_environ/environ/features/pt_files/150012-2-3.pt
Warning: Feature file not found, skipping: /media/administrador/Storage1/sdonoso/clam_environ/environ/features/pt_files/histai_0037_slide_H&E_2.pt
Warning: Feature file not found, skipping: /media/administrador/Storage1/sdonoso/clam_environ/environ/features/pt_files/150012-2-3.pt
Warning: Feature file not found, skipping: /media/administrador/Storage1/sdonoso/clam_environ/environ/features/pt_files/150012-2-3.pt
Warning: Feature file not found, skipping: /media/administrador/Storage1/sdonoso/clam_environ/environ/features/pt_files/150012-2-3.pt
Warning: Feature file not found, skipping: /media/administrador/Storage1/sdonoso/clam_environ/environ/features/pt_files/histai_0010_slide_H&E_6.pt
Warning: Feature file not found, skipping: /media/administrador/Storage1/sdonoso/clam_environ/environ/features/pt_files/150012-2-3.pt
Warning: Feature file not found, skipping: /media/administrador/Storage1/sdonoso/clam_environ/environ/features/pt_files/histai_0117_slide_H&E_3.pt
Warning: Feature file not found, skipping: /media/administrador/Storage1/sdonoso/clam_environ/environ/features/pt_files/150012-2-3.pt
Warning: Feature file not found, skipping: /media/administrador/Storage1/sdonoso/clam_environ/environ/features/pt_files/150012-2-3.pt
batch 1699, loss: 0.0015, instance_loss: 0.0000, weighted_loss: 0.0011, label: 0, bag_size: 48169
batch 1719, loss: 0.0282, instance_loss: 0.0105, weighted_loss: 0.0229, label: 4, bag_size: 9160
batch 1739, loss: 0.0094, instance_loss: 0.0046, weighted_loss: 0.0080, label: 6, bag_size: 16606
batch 1759, loss: 0.0146, instance_loss: 0.0000, weighted_loss: 0.0102, label: 5, bag_size: 6337
batch 1779, loss: 0.0234, instance_loss: 0.0042, weighted_loss: 0.0176, label: 6, bag_size: 16049
batch 1799, loss: 0.0011, instance_loss: 0.0116, weighted_loss: 0.0042, label: 1, bag_size: 47817
batch 1819, loss: 0.0142, instance_loss: 0.0369, weighted_loss: 0.0210, label: 7, bag_size: 1059
batch 1839, loss: 0.0022, instance_loss: 0.0000, weighted_loss: 0.0016, label: 3, bag_size: 82568
batch 1859, loss: 0.0010, instance_loss: 0.0011, weighted_loss: 0.0010, label: 3, bag_size: 47490
batch 1879, loss: 1.1875, instance_loss: 0.0312, weighted_loss: 0.8406, label: 4, bag_size: 75076
batch 1899, loss: 0.0026, instance_loss: 0.0047, weighted_loss: 0.0032, label: 3, bag_size: 40779
batch 1919, loss: 0.0009, instance_loss: 0.0010, weighted_loss: 0.0009, label: 3, bag_size: 40779
batch 1939, loss: 0.0001, instance_loss: 0.0004, weighted_loss: 0.0002, label: 2, bag_size: 18291
batch 1959, loss: 0.0002, instance_loss: 0.0005, weighted_loss: 0.0003, label: 5, bag_size: 5565
batch 1979, loss: 0.0693, instance_loss: 0.0018, weighted_loss: 0.0491, label: 6, bag_size: 19704
batch 1999, loss: 0.0004, instance_loss: 0.0020, weighted_loss: 0.0009, label: 3, bag_size: 15813
batch 2019, loss: 0.0117, instance_loss: 0.0000, weighted_loss: 0.0082, label: 2, bag_size: 55669
batch 2039, loss: 0.0046, instance_loss: 0.0038, weighted_loss: 0.0044, label: 1, bag_size: 10314
batch 2059, loss: 0.3364, instance_loss: 0.0004, weighted_loss: 0.2356, label: 6, bag_size: 29131
batch 2079, loss: 0.0004, instance_loss: 0.0000, weighted_loss: 0.0003, label: 0, bag_size: 31191
batch 2099, loss: 0.7103, instance_loss: 0.0000, weighted_loss: 0.4972, label: 7, bag_size: 4491
batch 2119, loss: 0.0005, instance_loss: 0.0015, weighted_loss: 0.0008, label: 1, bag_size: 39579
batch 2139, loss: 0.0076, instance_loss: 0.0031, weighted_loss: 0.0062, label: 4, bag_size: 2236
batch 2159, loss: 0.0014, instance_loss: 0.0000, weighted_loss: 0.0010, label: 3, bag_size: 74422
batch 2179, loss: 0.4891, instance_loss: 0.0593, weighted_loss: 0.3602, label: 6, bag_size: 1199
batch 2199, loss: 1.1733, instance_loss: 0.0000, weighted_loss: 0.8213, label: 7, bag_size: 2540
batch 2219, loss: 0.0046, instance_loss: 0.0002, weighted_loss: 0.0033, label: 2, bag_size: 27600
batch 2239, loss: 1.1383, instance_loss: 0.0002, weighted_loss: 0.7969, label: 6, bag_size: 66111
batch 2259, loss: 0.0050, instance_loss: 0.0112, weighted_loss: 0.0069, label: 0, bag_size: 33558
batch 2279, loss: 0.0029, instance_loss: 0.0002, weighted_loss: 0.0021, label: 5, bag_size: 40909
batch 2299, loss: 0.0346, instance_loss: 0.0041, weighted_loss: 0.0254, label: 4, bag_size: 43944
batch 2319, loss: 0.0114, instance_loss: 0.0000, weighted_loss: 0.0080, label: 3, bag_size: 44290
batch 2339, loss: 0.0225, instance_loss: 0.0014, weighted_loss: 0.0162, label: 4, bag_size: 37650
batch 2359, loss: 0.0010, instance_loss: 0.0000, weighted_loss: 0.0007, label: 2, bag_size: 17241
batch 2379, loss: 0.1210, instance_loss: 0.0000, weighted_loss: 0.0847, label: 6, bag_size: 22084
batch 2399, loss: 0.7496, instance_loss: 0.0000, weighted_loss: 0.5247, label: 7, bag_size: 5845
batch 2419, loss: 0.0005, instance_loss: 0.0000, weighted_loss: 0.0004, label: 2, bag_size: 27600


class 0 clustering acc 0.9990128844555278: correct 19229/19248
class 1 clustering acc 0.9957398171238571: correct 19166/19248
Epoch: 8, train_loss: 0.2013, train_clustering_loss:  0.0211, train_error: 0.0727
class 0: acc 0.9871794871794872, correct 308/312
class 1: acc 0.9966666666666667, correct 299/300
class 2: acc 1.0, correct 341/341
class 3: acc 0.9964539007092199, correct 281/282
class 4: acc 0.9318181818181818, correct 287/308
class 5: acc 0.9806201550387597, correct 253/258
class 6: acc 0.8345323741007195, correct 232/278
class 7: acc 0.7033639143730887, correct 230/327
Warning: Feature file not found, skipping: /media/administrador/Storage1/sdonoso/clam_environ/environ/features/pt_files/histai_0126_slide_H&E_0.pt
Warning: Feature file not found, skipping: /media/administrador/Storage1/sdonoso/clam_environ/environ/features/pt_files/histai_0063_slide_H&E_6.pt
Warning: Feature file not found, skipping: /media/administrador/Storage1/sdonoso/clam_environ/environ/features/pt_files/histai_0063_slide_H&E_3.pt
Warning: Feature file not found, skipping: /media/administrador/Storage1/sdonoso/clam_environ/environ/features/pt_files/histai_0088_slide_H&E_1.pt
Warning: Feature file not found, skipping: /media/administrador/Storage1/sdonoso/clam_environ/environ/features/pt_files/histai_0046_slide_H&E_3.pt
Warning: Feature file not found, skipping: /media/administrador/Storage1/sdonoso/clam_environ/environ/features/pt_files/histai_0046_slide_H&E_1.pt
Warning: Feature file not found, skipping: /media/administrador/Storage1/sdonoso/clam_environ/environ/features/pt_files/histai_0126_slide_H&E_1.pt
Warning: Feature file not found, skipping: /media/administrador/Storage1/sdonoso/clam_environ/environ/features/pt_files/histai_0063_slide_H&E_7.pt
Warning: Feature file not found, skipping: /media/administrador/Storage1/sdonoso/clam_environ/environ/features/pt_files/histai_0088_slide_H&E_2.pt
Warning: Feature file not found, skipping: /media/administrador/Storage1/sdonoso/clam_environ/environ/features/pt_files/histai_0046_slide_H&E_7.pt
Warning: Feature file not found, skipping: /media/administrador/Storage1/sdonoso/clam_environ/environ/features/pt_files/histai_0046_slide_H&E_5.pt
Warning: Feature file not found, skipping: /media/administrador/Storage1/sdonoso/clam_environ/environ/features/pt_files/histai_0003_slide_H&E_1.pt
Warning: Feature file not found, skipping: /media/administrador/Storage1/sdonoso/clam_environ/environ/features/pt_files/histai_0038_slide_H&E_2.pt
Warning: Feature file not found, skipping: /media/administrador/Storage1/sdonoso/clam_environ/environ/features/pt_files/histai_0063_slide_H&E_1.pt
Warning: Feature file not found, skipping: /media/administrador/Storage1/sdonoso/clam_environ/environ/features/pt_files/histai_0088_slide_H&E_3.pt
Warning: Feature file not found, skipping: /media/administrador/Storage1/sdonoso/clam_environ/environ/features/pt_files/histai_0046_slide_H&E_6.pt
Warning: Feature file not found, skipping: /media/administrador/Storage1/sdonoso/clam_environ/environ/features/pt_files/histai_0046_slide_H&E_0.pt
Warning: Feature file not found, skipping: /media/administrador/Storage1/sdonoso/clam_environ/environ/features/pt_files/histai_0038_slide_H&E_3.pt
Warning: Feature file not found, skipping: /media/administrador/Storage1/sdonoso/clam_environ/environ/features/pt_files/histai_0126_slide_H&E_2.pt
Warning: Feature file not found, skipping: /media/administrador/Storage1/sdonoso/clam_environ/environ/features/pt_files/histai_0063_slide_H&E_4.pt
Warning: Feature file not found, skipping: /media/administrador/Storage1/sdonoso/clam_environ/environ/features/pt_files/histai_0088_slide_H&E_0.pt
Warning: Feature file not found, skipping: /media/administrador/Storage1/sdonoso/clam_environ/environ/features/pt_files/histai_0046_slide_H&E_4.pt
Warning: Feature file not found, skipping: /media/administrador/Storage1/sdonoso/clam_environ/environ/features/pt_files/histai_0046_slide_H&E_2.pt
Warning: Feature file not found, skipping: /media/administrador/Storage1/sdonoso/clam_environ/environ/features/pt_files/histai_0038_slide_H&E_4.pt

Val Set, val_loss: 1.0953, val_error: 0.2780, auc: 0.6278
class 0 clustering acc 0.9995762711864407: correct 2359/2360
class 1 clustering acc 0.9915254237288136: correct 2340/2360
class 0: acc 0.0, correct 0/4
class 1: acc 0.0, correct 0/1
class 2: acc 0.0, correct 0/1
class 3: acc 0.0, correct 0/1
class 4: acc 0.125, correct 1/8
class 5: acc 0.0, correct 0/1
class 6: acc 0.375, correct 6/16
class 7: acc 0.7832699619771863, correct 206/263
EarlyStopping counter: 7 out of 20


batch 19, loss: 0.0005, instance_loss: 0.0000, weighted_loss: 0.0003, label: 2, bag_size: 27600
batch 39, loss: 0.0082, instance_loss: 0.0000, weighted_loss: 0.0058, label: 0, bag_size: 53763
batch 59, loss: 0.5029, instance_loss: 0.0173, weighted_loss: 0.3572, label: 4, bag_size: 1708
batch 79, loss: 3.7691, instance_loss: 0.0000, weighted_loss: 2.6384, label: 7, bag_size: 13209
batch 99, loss: 0.0006, instance_loss: 0.0000, weighted_loss: 0.0004, label: 3, bag_size: 44290
batch 119, loss: 0.0018, instance_loss: 0.0012, weighted_loss: 0.0016, label: 1, bag_size: 47248
batch 139, loss: 0.1534, instance_loss: 0.0003, weighted_loss: 0.1075, label: 7, bag_size: 14167
batch 159, loss: 0.0003, instance_loss: 0.0028, weighted_loss: 0.0010, label: 1, bag_size: 26832
batch 179, loss: 0.0002, instance_loss: 0.0004, weighted_loss: 0.0003, label: 7, bag_size: 7417
batch 199, loss: 0.4764, instance_loss: 0.0010, weighted_loss: 0.3338, label: 6, bag_size: 5760
batch 219, loss: 0.0007, instance_loss: 0.0000, weighted_loss: 0.0005, label: 3, bag_size: 44290
batch 239, loss: 0.0004, instance_loss: 0.0003, weighted_loss: 0.0003, label: 1, bag_size: 26832
batch 259, loss: 0.0011, instance_loss: 0.0002, weighted_loss: 0.0008, label: 3, bag_size: 82568
batch 279, loss: 0.0003, instance_loss: 0.0019, weighted_loss: 0.0007, label: 1, bag_size: 26832
batch 299, loss: 0.0010, instance_loss: 0.0000, weighted_loss: 0.0007, label: 5, bag_size: 40909
batch 319, loss: 0.0006, instance_loss: 0.0009, weighted_loss: 0.0007, label: 1, bag_size: 39579
batch 339, loss: 0.7502, instance_loss: 0.0004, weighted_loss: 0.5253, label: 7, bag_size: 5343
batch 359, loss: 0.0004, instance_loss: 0.0000, weighted_loss: 0.0002, label: 1, bag_size: 23247
batch 379, loss: 0.0754, instance_loss: 0.0000, weighted_loss: 0.0528, label: 6, bag_size: 31421
batch 399, loss: 0.0045, instance_loss: 0.0000, weighted_loss: 0.0032, label: 5, bag_size: 22096
batch 419, loss: 0.1258, instance_loss: 0.0005, weighted_loss: 0.0882, label: 6, bag_size: 2371
batch 439, loss: 0.0010, instance_loss: 0.0000, weighted_loss: 0.0007, label: 0, bag_size: 29441
batch 459, loss: 0.0048, instance_loss: 0.0054, weighted_loss: 0.0050, label: 7, bag_size: 20043
batch 479, loss: 0.0340, instance_loss: 0.0000, weighted_loss: 0.0238, label: 7, bag_size: 6234
batch 499, loss: 0.0009, instance_loss: 0.0000, weighted_loss: 0.0006, label: 2, bag_size: 18291
batch 519, loss: 0.0277, instance_loss: 0.0084, weighted_loss: 0.0219, label: 6, bag_size: 9619
batch 539, loss: 0.0000, instance_loss: 0.0000, weighted_loss: 0.0000, label: 5, bag_size: 5565
batch 559, loss: 0.1905, instance_loss: 0.0763, weighted_loss: 0.1562, label: 4, bag_size: 634
batch 579, loss: 0.0000, instance_loss: 0.0000, weighted_loss: 0.0000, label: 2, bag_size: 55669
batch 599, loss: 0.0010, instance_loss: 0.0265, weighted_loss: 0.0086, label: 3, bag_size: 74422
batch 619, loss: 0.0007, instance_loss: 0.0000, weighted_loss: 0.0005, label: 3, bag_size: 48697
batch 639, loss: 0.0866, instance_loss: 0.0021, weighted_loss: 0.0613, label: 4, bag_size: 82359
batch 659, loss: 0.0022, instance_loss: 0.0000, weighted_loss: 0.0016, label: 0, bag_size: 62970
batch 679, loss: 0.0012, instance_loss: 0.0000, weighted_loss: 0.0009, label: 3, bag_size: 34611
batch 699, loss: 1.6331, instance_loss: 0.0000, weighted_loss: 1.1432, label: 6, bag_size: 4040
batch 719, loss: 0.2394, instance_loss: 0.0101, weighted_loss: 0.1706, label: 6, bag_size: 5420
batch 739, loss: 0.0009, instance_loss: 0.0000, weighted_loss: 0.0006, label: 3, bag_size: 74422
batch 759, loss: 0.1128, instance_loss: 0.0000, weighted_loss: 0.0789, label: 0, bag_size: 63464
batch 779, loss: 0.0012, instance_loss: 0.0586, weighted_loss: 0.0184, label: 4, bag_size: 1708
batch 799, loss: 0.0674, instance_loss: 0.0018, weighted_loss: 0.0477, label: 4, bag_size: 43944
batch 819, loss: 0.0074, instance_loss: 0.0057, weighted_loss: 0.0069, label: 0, bag_size: 68174
batch 839, loss: 0.1706, instance_loss: 0.0000, weighted_loss: 0.1195, label: 6, bag_size: 9068
batch 859, loss: 0.0009, instance_loss: 0.0000, weighted_loss: 0.0006, label: 5, bag_size: 22096
batch 879, loss: 0.0886, instance_loss: 0.0015, weighted_loss: 0.0625, label: 7, bag_size: 1673
batch 899, loss: 0.0677, instance_loss: 0.0000, weighted_loss: 0.0474, label: 6, bag_size: 5059
batch 919, loss: 0.0001, instance_loss: 0.0000, weighted_loss: 0.0001, label: 2, bag_size: 55669
batch 939, loss: 0.0028, instance_loss: 0.0002, weighted_loss: 0.0021, label: 0, bag_size: 12632
batch 959, loss: 0.0005, instance_loss: 0.0244, weighted_loss: 0.0077, label: 1, bag_size: 39579
batch 979, loss: 0.6927, instance_loss: 0.1851, weighted_loss: 0.5404, label: 7, bag_size: 1910
batch 999, loss: 0.0001, instance_loss: 0.0000, weighted_loss: 0.0001, label: 2, bag_size: 55669
batch 1019, loss: 0.0008, instance_loss: 0.0000, weighted_loss: 0.0006, label: 2, bag_size: 27600
batch 1039, loss: 0.0002, instance_loss: 0.0000, weighted_loss: 0.0001, label: 2, bag_size: 17241
batch 1059, loss: 0.0033, instance_loss: 0.0118, weighted_loss: 0.0059, label: 0, bag_size: 4034
batch 1079, loss: 0.0504, instance_loss: 0.0105, weighted_loss: 0.0385, label: 4, bag_size: 45670
batch 1099, loss: 1.5675, instance_loss: 0.0000, weighted_loss: 1.0972, label: 6, bag_size: 44918
batch 1119, loss: 0.0042, instance_loss: 0.0000, weighted_loss: 0.0029, label: 6, bag_size: 10676
batch 1139, loss: 2.3325, instance_loss: 0.0006, weighted_loss: 1.6329, label: 0, bag_size: 76990
batch 1159, loss: 0.0009, instance_loss: 0.0000, weighted_loss: 0.0006, label: 2, bag_size: 55669
batch 1179, loss: 0.2371, instance_loss: 0.0104, weighted_loss: 0.1691, label: 4, bag_size: 55714
batch 1199, loss: 0.0012, instance_loss: 0.0000, weighted_loss: 0.0008, label: 3, bag_size: 48697
batch 1219, loss: 0.1189, instance_loss: 0.0000, weighted_loss: 0.0832, label: 7, bag_size: 14919
batch 1239, loss: 0.0001, instance_loss: 0.0040, weighted_loss: 0.0012, label: 1, bag_size: 51943
batch 1259, loss: 0.0183, instance_loss: 0.0023, weighted_loss: 0.0135, label: 7, bag_size: 1079
batch 1279, loss: 0.0149, instance_loss: 0.0628, weighted_loss: 0.0293, label: 7, bag_size: 2887
batch 1299, loss: 0.0011, instance_loss: 0.0155, weighted_loss: 0.0054, label: 1, bag_size: 3832
batch 1319, loss: 0.0062, instance_loss: 0.0000, weighted_loss: 0.0044, label: 5, bag_size: 6337
batch 1339, loss: 0.0003, instance_loss: 0.0000, weighted_loss: 0.0002, label: 2, bag_size: 17241
batch 1359, loss: 0.0073, instance_loss: 0.0015, weighted_loss: 0.0056, label: 7, bag_size: 3444
batch 1379, loss: 0.0158, instance_loss: 0.0002, weighted_loss: 0.0111, label: 5, bag_size: 63349
batch 1399, loss: 0.0007, instance_loss: 0.0000, weighted_loss: 0.0005, label: 0, bag_size: 53437
batch 1419, loss: 0.0021, instance_loss: 0.0000, weighted_loss: 0.0015, label: 5, bag_size: 52677
batch 1439, loss: 0.0012, instance_loss: 0.0000, weighted_loss: 0.0008, label: 0, bag_size: 60895
batch 1459, loss: 0.0027, instance_loss: 0.0000, weighted_loss: 0.0019, label: 5, bag_size: 52677
batch 1479, loss: 0.0003, instance_loss: 0.0003, weighted_loss: 0.0003, label: 3, bag_size: 47490
batch 1499, loss: 0.2399, instance_loss: 0.0000, weighted_loss: 0.1679, label: 6, bag_size: 5377
batch 1519, loss: 0.0169, instance_loss: 0.0069, weighted_loss: 0.0139, label: 7, bag_size: 8290
batch 1539, loss: 0.5726, instance_loss: 0.0026, weighted_loss: 0.4016, label: 4, bag_size: 82359
batch 1559, loss: 0.0048, instance_loss: 0.0047, weighted_loss: 0.0048, label: 0, bag_size: 2212
batch 1579, loss: 0.0026, instance_loss: 0.0002, weighted_loss: 0.0019, label: 0, bag_size: 48169
batch 1599, loss: 0.0662, instance_loss: 0.0002, weighted_loss: 0.0464, label: 7, bag_size: 8422
batch 1619, loss: 0.7255, instance_loss: 0.9070, weighted_loss: 0.7799, label: 7, bag_size: 209
batch 1639, loss: 0.0031, instance_loss: 0.0000, weighted_loss: 0.0022, label: 5, bag_size: 18304
batch 1659, loss: 0.0113, instance_loss: 0.0002, weighted_loss: 0.0080, label: 3, bag_size: 40462
batch 1679, loss: 0.0021, instance_loss: 0.0000, weighted_loss: 0.0014, label: 3, bag_size: 48697
Warning: Feature file not found, skipping: /media/administrador/Storage1/sdonoso/clam_environ/environ/features/pt_files/histai_0117_slide_H&E_1.pt
Warning: Feature file not found, skipping: /media/administrador/Storage1/sdonoso/clam_environ/environ/features/pt_files/150012-2-3.pt
Warning: Feature file not found, skipping: /media/administrador/Storage1/sdonoso/clam_environ/environ/features/pt_files/histai_0007_slide_H&E_4.pt
Warning: Feature file not found, skipping: /media/administrador/Storage1/sdonoso/clam_environ/environ/features/pt_files/150012-2-3.pt
Warning: Feature file not found, skipping: /media/administrador/Storage1/sdonoso/clam_environ/environ/features/pt_files/histai_0007_slide_H&E_4.pt
Warning: Feature file not found, skipping: /media/administrador/Storage1/sdonoso/clam_environ/environ/features/pt_files/histai_0037_slide_H&E_4.pt
Warning: Feature file not found, skipping: /media/administrador/Storage1/sdonoso/clam_environ/environ/features/pt_files/150012-2-3.pt
Warning: Feature file not found, skipping: /media/administrador/Storage1/sdonoso/clam_environ/environ/features/pt_files/150012-2-3.pt
Warning: Feature file not found, skipping: /media/administrador/Storage1/sdonoso/clam_environ/environ/features/pt_files/150012-2-3.pt
Warning: Feature file not found, skipping: /media/administrador/Storage1/sdonoso/clam_environ/environ/features/pt_files/150012-2-3.pt
Warning: Feature file not found, skipping: /media/administrador/Storage1/sdonoso/clam_environ/environ/features/pt_files/150012-2-3.pt
Warning: Feature file not found, skipping: /media/administrador/Storage1/sdonoso/clam_environ/environ/features/pt_files/150012-2-3.pt
Warning: Feature file not found, skipping: /media/administrador/Storage1/sdonoso/clam_environ/environ/features/pt_files/150012-2-3.pt
Warning: Feature file not found, skipping: /media/administrador/Storage1/sdonoso/clam_environ/environ/features/pt_files/150012-2-3.pt
Warning: Feature file not found, skipping: /media/administrador/Storage1/sdonoso/clam_environ/environ/features/pt_files/histai_0037_slide_H&E_3.pt
Warning: Feature file not found, skipping: /media/administrador/Storage1/sdonoso/clam_environ/environ/features/pt_files/150012-2-3.pt
Warning: Feature file not found, skipping: /media/administrador/Storage1/sdonoso/clam_environ/environ/features/pt_files/150012-2-3.pt
Warning: Feature file not found, skipping: /media/administrador/Storage1/sdonoso/clam_environ/environ/features/pt_files/150012-2-3.pt
Warning: Feature file not found, skipping: /media/administrador/Storage1/sdonoso/clam_environ/environ/features/pt_files/150012-2-3.pt
Warning: Feature file not found, skipping: /media/administrador/Storage1/sdonoso/clam_environ/environ/features/pt_files/150012-2-3.pt
Warning: Feature file not found, skipping: /media/administrador/Storage1/sdonoso/clam_environ/environ/features/pt_files/150012-2-3.pt
Warning: Feature file not found, skipping: /media/administrador/Storage1/sdonoso/clam_environ/environ/features/pt_files/150012-2-3.pt
Warning: Feature file not found, skipping: /media/administrador/Storage1/sdonoso/clam_environ/environ/features/pt_files/150012-2-3.pt
Warning: Feature file not found, skipping: /media/administrador/Storage1/sdonoso/clam_environ/environ/features/pt_files/150012-2-3.pt
Warning: Feature file not found, skipping: /media/administrador/Storage1/sdonoso/clam_environ/environ/features/pt_files/150012-2-3.pt
Warning: Feature file not found, skipping: /media/administrador/Storage1/sdonoso/clam_environ/environ/features/pt_files/150012-2-3.pt
batch 1699, loss: 0.0160, instance_loss: 0.0000, weighted_loss: 0.0112, label: 5, bag_size: 6337
batch 1719, loss: 0.0001, instance_loss: 0.0108, weighted_loss: 0.0033, label: 1, bag_size: 3832
batch 1739, loss: 0.0001, instance_loss: 0.0000, weighted_loss: 0.0001, label: 2, bag_size: 55669
batch 1759, loss: 0.0032, instance_loss: 0.0000, weighted_loss: 0.0022, label: 3, bag_size: 74422
batch 1779, loss: 2.2987, instance_loss: 0.0000, weighted_loss: 1.6091, label: 7, bag_size: 2085
batch 1799, loss: 0.0004, instance_loss: 0.0000, weighted_loss: 0.0003, label: 2, bag_size: 17241
batch 1819, loss: 0.0035, instance_loss: 0.0000, weighted_loss: 0.0025, label: 5, bag_size: 74305
batch 1839, loss: 0.0176, instance_loss: 0.0000, weighted_loss: 0.0123, label: 1, bag_size: 39579
batch 1859, loss: 0.0052, instance_loss: 0.0000, weighted_loss: 0.0036, label: 5, bag_size: 18304
batch 1879, loss: 0.0001, instance_loss: 0.0006, weighted_loss: 0.0003, label: 3, bag_size: 15813
batch 1899, loss: 0.0049, instance_loss: 0.1364, weighted_loss: 0.0443, label: 7, bag_size: 12316
batch 1919, loss: 0.0009, instance_loss: 0.0000, weighted_loss: 0.0006, label: 2, bag_size: 18291
batch 1939, loss: 0.0695, instance_loss: 0.0049, weighted_loss: 0.0501, label: 4, bag_size: 72397
batch 1959, loss: 0.5448, instance_loss: 0.0000, weighted_loss: 0.3814, label: 0, bag_size: 18834
batch 1979, loss: 0.5318, instance_loss: 0.0002, weighted_loss: 0.3723, label: 6, bag_size: 53008
batch 1999, loss: 0.0352, instance_loss: 0.0023, weighted_loss: 0.0254, label: 4, bag_size: 72397
batch 2019, loss: 0.0012, instance_loss: 0.0013, weighted_loss: 0.0012, label: 1, bag_size: 23247
batch 2039, loss: 0.0287, instance_loss: 0.0236, weighted_loss: 0.0272, label: 1, bag_size: 51943
batch 2059, loss: 0.5540, instance_loss: 0.0000, weighted_loss: 0.3878, label: 6, bag_size: 2761
batch 2079, loss: 0.0033, instance_loss: 0.0000, weighted_loss: 0.0023, label: 5, bag_size: 5179
batch 2099, loss: 0.0919, instance_loss: 0.0005, weighted_loss: 0.0645, label: 6, bag_size: 33593
batch 2119, loss: 0.0002, instance_loss: 0.0019, weighted_loss: 0.0007, label: 2, bag_size: 27600
batch 2139, loss: 0.2853, instance_loss: 0.0269, weighted_loss: 0.2078, label: 4, bag_size: 4032
batch 2159, loss: 0.0008, instance_loss: 0.0000, weighted_loss: 0.0006, label: 2, bag_size: 17241
batch 2179, loss: 0.0003, instance_loss: 0.0000, weighted_loss: 0.0002, label: 3, bag_size: 45816
batch 2199, loss: 0.0176, instance_loss: 0.0000, weighted_loss: 0.0123, label: 0, bag_size: 63464
batch 2219, loss: 0.0002, instance_loss: 0.0000, weighted_loss: 0.0001, label: 1, bag_size: 23247
batch 2239, loss: 0.0004, instance_loss: 0.0231, weighted_loss: 0.0072, label: 4, bag_size: 2213
batch 2259, loss: 0.1493, instance_loss: 0.0000, weighted_loss: 0.1045, label: 0, bag_size: 37484
batch 2279, loss: 0.1416, instance_loss: 0.0000, weighted_loss: 0.0991, label: 6, bag_size: 7388
batch 2299, loss: 0.0000, instance_loss: 0.0000, weighted_loss: 0.0000, label: 3, bag_size: 15813
batch 2319, loss: 0.0005, instance_loss: 0.0000, weighted_loss: 0.0004, label: 0, bag_size: 76990
batch 2339, loss: 0.0228, instance_loss: 0.0009, weighted_loss: 0.0163, label: 7, bag_size: 1185
batch 2359, loss: 0.5999, instance_loss: 0.0087, weighted_loss: 0.4226, label: 7, bag_size: 3875
batch 2399, loss: 0.0001, instance_loss: 0.0071, weighted_loss: 0.0022, label: 0, bag_size: 2212
batch 2419, loss: 0.0048, instance_loss: 0.0000, weighted_loss: 0.0033, label: 5, bag_size: 6337


class 0 clustering acc 0.9984452736318408: correct 19266/19296
class 1 clustering acc 0.9951803482587065: correct 19203/19296
Epoch: 9, train_loss: 0.1789, train_clustering_loss:  0.0206, train_error: 0.0589
class 0: acc 0.9867549668874173, correct 298/302
class 1: acc 0.9936102236421726, correct 311/313
class 2: acc 1.0, correct 300/300
class 3: acc 1.0, correct 315/315
class 4: acc 0.9568106312292359, correct 288/301
class 5: acc 0.9896907216494846, correct 288/291
class 6: acc 0.8552188552188552, correct 254/297
class 7: acc 0.7372013651877133, correct 216/293
Warning: Feature file not found, skipping: /media/administrador/Storage1/sdonoso/clam_environ/environ/features/pt_files/histai_0126_slide_H&E_0.pt
Warning: Feature file not found, skipping: /media/administrador/Storage1/sdonoso/clam_environ/environ/features/pt_files/histai_0063_slide_H&E_6.pt
Warning: Feature file not found, skipping: /media/administrador/Storage1/sdonoso/clam_environ/environ/features/pt_files/histai_0063_slide_H&E_3.pt
Warning: Feature file not found, skipping: /media/administrador/Storage1/sdonoso/clam_environ/environ/features/pt_files/histai_0088_slide_H&E_1.pt
Warning: Feature file not found, skipping: /media/administrador/Storage1/sdonoso/clam_environ/environ/features/pt_files/histai_0046_slide_H&E_3.pt
Warning: Feature file not found, skipping: /media/administrador/Storage1/sdonoso/clam_environ/environ/features/pt_files/histai_0046_slide_H&E_1.pt
Warning: Feature file not found, skipping: /media/administrador/Storage1/sdonoso/clam_environ/environ/features/pt_files/histai_0126_slide_H&E_1.pt
Warning: Feature file not found, skipping: /media/administrador/Storage1/sdonoso/clam_environ/environ/features/pt_files/histai_0063_slide_H&E_7.pt
Warning: Feature file not found, skipping: /media/administrador/Storage1/sdonoso/clam_environ/environ/features/pt_files/histai_0088_slide_H&E_2.pt
Warning: Feature file not found, skipping: /media/administrador/Storage1/sdonoso/clam_environ/environ/features/pt_files/histai_0046_slide_H&E_7.pt
Warning: Feature file not found, skipping: /media/administrador/Storage1/sdonoso/clam_environ/environ/features/pt_files/histai_0046_slide_H&E_5.pt
Warning: Feature file not found, skipping: /media/administrador/Storage1/sdonoso/clam_environ/environ/features/pt_files/histai_0003_slide_H&E_1.pt
Warning: Feature file not found, skipping: /media/administrador/Storage1/sdonoso/clam_environ/environ/features/pt_files/histai_0038_slide_H&E_2.pt
Warning: Feature file not found, skipping: /media/administrador/Storage1/sdonoso/clam_environ/environ/features/pt_files/histai_0063_slide_H&E_1.pt
Warning: Feature file not found, skipping: /media/administrador/Storage1/sdonoso/clam_environ/environ/features/pt_files/histai_0088_slide_H&E_3.pt
Warning: Feature file not found, skipping: /media/administrador/Storage1/sdonoso/clam_environ/environ/features/pt_files/histai_0046_slide_H&E_6.pt
Warning: Feature file not found, skipping: /media/administrador/Storage1/sdonoso/clam_environ/environ/features/pt_files/histai_0046_slide_H&E_0.pt
Warning: Feature file not found, skipping: /media/administrador/Storage1/sdonoso/clam_environ/environ/features/pt_files/histai_0038_slide_H&E_3.pt
Warning: Feature file not found, skipping: /media/administrador/Storage1/sdonoso/clam_environ/environ/features/pt_files/histai_0126_slide_H&E_2.pt
Warning: Feature file not found, skipping: /media/administrador/Storage1/sdonoso/clam_environ/environ/features/pt_files/histai_0063_slide_H&E_4.pt
Warning: Feature file not found, skipping: /media/administrador/Storage1/sdonoso/clam_environ/environ/features/pt_files/histai_0088_slide_H&E_0.pt
Warning: Feature file not found, skipping: /media/administrador/Storage1/sdonoso/clam_environ/environ/features/pt_files/histai_0046_slide_H&E_4.pt
Warning: Feature file not found, skipping: /media/administrador/Storage1/sdonoso/clam_environ/environ/features/pt_files/histai_0046_slide_H&E_2.pt
Warning: Feature file not found, skipping: /media/administrador/Storage1/sdonoso/clam_environ/environ/features/pt_files/histai_0038_slide_H&E_4.pt

Val Set, val_loss: 1.0680, val_error: 0.2746, auc: 0.6721
class 0 clustering acc 1.0: correct 2360/2360
class 1 clustering acc 0.9915254237288136: correct 2340/2360
class 0: acc 0.0, correct 0/4
class 1: acc 0.0, correct 0/1
class 2: acc 0.0, correct 0/1
class 3: acc 0.0, correct 0/1
class 4: acc 0.25, correct 2/8
class 5: acc 0.0, correct 0/1
class 6: acc 0.5, correct 8/16
class 7: acc 0.7756653992395437, correct 204/263
EarlyStopping counter: 8 out of 20


batch 19, loss: 0.0006, instance_loss: 0.0000, weighted_loss: 0.0004, label: 3, bag_size: 47490
batch 39, loss: 0.4008, instance_loss: 0.0023, weighted_loss: 0.2812, label: 4, bag_size: 41745
batch 59, loss: 0.0107, instance_loss: 0.0002, weighted_loss: 0.0076, label: 3, bag_size: 82568
batch 79, loss: 0.0074, instance_loss: 0.0000, weighted_loss: 0.0052, label: 5, bag_size: 42075
batch 99, loss: 0.0026, instance_loss: 0.0000, weighted_loss: 0.0018, label: 5, bag_size: 63349
batch 119, loss: 0.0003, instance_loss: 0.0000, weighted_loss: 0.0002, label: 2, bag_size: 18291
batch 139, loss: 0.0240, instance_loss: 0.0009, weighted_loss: 0.0171, label: 5, bag_size: 19119
batch 159, loss: 0.0001, instance_loss: 0.0000, weighted_loss: 0.0001, label: 5, bag_size: 5565
batch 179, loss: 0.0007, instance_loss: 0.0000, weighted_loss: 0.0005, label: 2, bag_size: 17241
batch 199, loss: 0.0132, instance_loss: 0.0000, weighted_loss: 0.0093, label: 7, bag_size: 2100
batch 219, loss: 0.0685, instance_loss: 0.0006, weighted_loss: 0.0482, label: 6, bag_size: 4040
batch 239, loss: 0.0357, instance_loss: 0.0007, weighted_loss: 0.0252, label: 0, bag_size: 8203
batch 259, loss: 0.0001, instance_loss: 0.0000, weighted_loss: 0.0001, label: 2, bag_size: 18291
batch 279, loss: 0.0278, instance_loss: 0.0045, weighted_loss: 0.0208, label: 6, bag_size: 13888
batch 299, loss: 0.1907, instance_loss: 0.0075, weighted_loss: 0.1357, label: 4, bag_size: 54366
batch 319, loss: 0.2410, instance_loss: 0.0000, weighted_loss: 0.1687, label: 6, bag_size: 3100
batch 339, loss: 0.0000, instance_loss: 0.0000, weighted_loss: 0.0000, label: 2, bag_size: 55669
batch 359, loss: 0.0017, instance_loss: 0.0000, weighted_loss: 0.0012, label: 5, bag_size: 5565
batch 379, loss: 0.3321, instance_loss: 0.0000, weighted_loss: 0.2325, label: 6, bag_size: 22084
batch 399, loss: 0.0012, instance_loss: 0.0000, weighted_loss: 0.0008, label: 3, bag_size: 48697
batch 419, loss: 0.0001, instance_loss: 0.0000, weighted_loss: 0.0000, label: 2, bag_size: 18291
batch 439, loss: 0.0514, instance_loss: 0.0011, weighted_loss: 0.0363, label: 6, bag_size: 3100
batch 459, loss: 5.8158, instance_loss: 0.0010, weighted_loss: 4.0714, label: 7, bag_size: 22064
batch 479, loss: 0.0088, instance_loss: 3.8029, weighted_loss: 1.1470, label: 4, bag_size: 2688
batch 499, loss: 0.0027, instance_loss: 0.0006, weighted_loss: 0.0021, label: 5, bag_size: 40909
batch 519, loss: 0.0005, instance_loss: 0.0000, weighted_loss: 0.0004, label: 3, bag_size: 48697
batch 539, loss: 0.0042, instance_loss: 0.0002, weighted_loss: 0.0030, label: 5, bag_size: 18304
batch 559, loss: 0.0004, instance_loss: 0.0098, weighted_loss: 0.0032, label: 7, bag_size: 1335
batch 579, loss: 0.0012, instance_loss: 0.0063, weighted_loss: 0.0027, label: 1, bag_size: 10314
batch 599, loss: 0.0001, instance_loss: 0.0000, weighted_loss: 0.0001, label: 3, bag_size: 45816
batch 619, loss: 0.0197, instance_loss: 0.0000, weighted_loss: 0.0138, label: 5, bag_size: 74305
batch 639, loss: 1.3190, instance_loss: 0.0000, weighted_loss: 0.9233, label: 7, bag_size: 3618
batch 659, loss: 0.0017, instance_loss: 0.0016, weighted_loss: 0.0017, label: 3, bag_size: 40779
batch 679, loss: 0.2940, instance_loss: 0.0000, weighted_loss: 0.2058, label: 6, bag_size: 53018
batch 699, loss: 0.0008, instance_loss: 0.0009, weighted_loss: 0.0008, label: 3, bag_size: 44290
batch 719, loss: 0.0043, instance_loss: 0.0000, weighted_loss: 0.0030, label: 5, bag_size: 18304
batch 739, loss: 0.1352, instance_loss: 0.0005, weighted_loss: 0.0948, label: 0, bag_size: 63464
batch 759, loss: 0.7349, instance_loss: 0.0012, weighted_loss: 0.5148, label: 7, bag_size: 13041
batch 779, loss: 0.0021, instance_loss: 0.0000, weighted_loss: 0.0015, label: 5, bag_size: 22096
batch 819, loss: 0.0973, instance_loss: 0.1745, weighted_loss: 0.1205, label: 4, bag_size: 44358
batch 839, loss: 0.0012, instance_loss: 0.0000, weighted_loss: 0.0008, label: 0, bag_size: 29441
batch 859, loss: 0.0014, instance_loss: 0.0016, weighted_loss: 0.0015, label: 5, bag_size: 5565
batch 879, loss: 0.0003, instance_loss: 0.0003, weighted_loss: 0.0003, label: 1, bag_size: 26832
batch 899, loss: 0.0017, instance_loss: 0.0000, weighted_loss: 0.0012, label: 5, bag_size: 22096
batch 919, loss: 0.0001, instance_loss: 0.0041, weighted_loss: 0.0013, label: 1, bag_size: 3832
batch 939, loss: 0.1392, instance_loss: 0.3641, weighted_loss: 0.2066, label: 4, bag_size: 1979
batch 959, loss: 0.0144, instance_loss: 0.0058, weighted_loss: 0.0118, label: 4, bag_size: 31387
batch 979, loss: 0.1669, instance_loss: 0.0006, weighted_loss: 0.1170, label: 6, bag_size: 16606
batch 999, loss: 0.0102, instance_loss: 0.0000, weighted_loss: 0.0071, label: 4, bag_size: 38607
batch 1019, loss: 0.0018, instance_loss: 0.0002, weighted_loss: 0.0014, label: 3, bag_size: 82568
batch 1039, loss: 0.0197, instance_loss: 0.0051, weighted_loss: 0.0153, label: 7, bag_size: 7701
batch 1059, loss: 0.0012, instance_loss: 0.0004, weighted_loss: 0.0009, label: 5, bag_size: 22096
batch 1079, loss: 0.0671, instance_loss: 0.0013, weighted_loss: 0.0474, label: 4, bag_size: 40726
batch 1099, loss: 0.1278, instance_loss: 0.0219, weighted_loss: 0.0960, label: 7, bag_size: 5239
batch 1119, loss: 0.0122, instance_loss: 0.0016, weighted_loss: 0.0090, label: 7, bag_size: 7545
batch 1139, loss: 1.0861, instance_loss: 1.4611, weighted_loss: 1.1986, label: 4, bag_size: 494
batch 1159, loss: 0.0001, instance_loss: 0.0002, weighted_loss: 0.0001, label: 3, bag_size: 45816
batch 1179, loss: 0.2575, instance_loss: 0.0118, weighted_loss: 0.1838, label: 4, bag_size: 7000
batch 1199, loss: 0.1546, instance_loss: 0.0000, weighted_loss: 0.1082, label: 0, bag_size: 37484
batch 1219, loss: 0.0228, instance_loss: 0.0002, weighted_loss: 0.0160, label: 6, bag_size: 13842
batch 1239, loss: 0.0350, instance_loss: 0.0019, weighted_loss: 0.0250, label: 0, bag_size: 53337
batch 1259, loss: 0.0049, instance_loss: 0.0011, weighted_loss: 0.0038, label: 1, bag_size: 47248
batch 1279, loss: 0.0177, instance_loss: 0.0006, weighted_loss: 0.0125, label: 6, bag_size: 3881
batch 1299, loss: 0.0017, instance_loss: 0.0000, weighted_loss: 0.0012, label: 5, bag_size: 18304
batch 1319, loss: 0.0001, instance_loss: 0.0003, weighted_loss: 0.0002, label: 3, bag_size: 15813
batch 1339, loss: 0.0001, instance_loss: 0.0010, weighted_loss: 0.0004, label: 3, bag_size: 74422
batch 1359, loss: 0.0020, instance_loss: 0.0009, weighted_loss: 0.0017, label: 5, bag_size: 5179
batch 1379, loss: 0.0000, instance_loss: 0.0000, weighted_loss: 0.0000, label: 2, bag_size: 55669
batch 1399, loss: 0.0964, instance_loss: 0.0031, weighted_loss: 0.0684, label: 6, bag_size: 20018
batch 1439, loss: 0.0289, instance_loss: 0.0005, weighted_loss: 0.0204, label: 4, bag_size: 39213
batch 1459, loss: 0.0054, instance_loss: 0.0000, weighted_loss: 0.0038, label: 2, bag_size: 17241
batch 1479, loss: 0.0003, instance_loss: 0.0005, weighted_loss: 0.0003, label: 1, bag_size: 23247
batch 1499, loss: 0.2031, instance_loss: 0.0000, weighted_loss: 0.1422, label: 6, bag_size: 79984
batch 1519, loss: 0.0063, instance_loss: 0.0018, weighted_loss: 0.0050, label: 4, bag_size: 37650
batch 1539, loss: 0.0034, instance_loss: 0.0000, weighted_loss: 0.0024, label: 2, bag_size: 17241
batch 1559, loss: 0.0018, instance_loss: 0.0007, weighted_loss: 0.0015, label: 3, bag_size: 40462
batch 1579, loss: 0.0004, instance_loss: 0.0219, weighted_loss: 0.0068, label: 4, bag_size: 2213
batch 1599, loss: 0.0000, instance_loss: 0.0000, weighted_loss: 0.0000, label: 2, bag_size: 55669
batch 1619, loss: 0.0058, instance_loss: 0.0000, weighted_loss: 0.0041, label: 0, bag_size: 76990
batch 1639, loss: 0.0024, instance_loss: 0.0002, weighted_loss: 0.0018, label: 5, bag_size: 40909
batch 1659, loss: 0.0383, instance_loss: 0.1266, weighted_loss: 0.0648, label: 4, bag_size: 19175
batch 1679, loss: 0.0918, instance_loss: 0.0414, weighted_loss: 0.0767, label: 4, bag_size: 22520
batch 1699, loss: 0.0000, instance_loss: 0.0000, weighted_loss: 0.0000, label: 2, bag_size: 55669
batch 1719, loss: 0.0015, instance_loss: 0.0005, weighted_loss: 0.0012, label: 5, bag_size: 74305
Warning: Feature file not found, skipping: /media/administrador/Storage1/sdonoso/clam_environ/environ/features/pt_files/150012-2-3.pt
Warning: Feature file not found, skipping: /media/administrador/Storage1/sdonoso/clam_environ/environ/features/pt_files/150012-2-3.pt
Warning: Feature file not found, skipping: /media/administrador/Storage1/sdonoso/clam_environ/environ/features/pt_files/150012-2-3.pt
Warning: Feature file not found, skipping: /media/administrador/Storage1/sdonoso/clam_environ/environ/features/pt_files/150012-2-3.pt
Warning: Feature file not found, skipping: /media/administrador/Storage1/sdonoso/clam_environ/environ/features/pt_files/150012-2-3.pt
Warning: Feature file not found, skipping: /media/administrador/Storage1/sdonoso/clam_environ/environ/features/pt_files/150012-2-3.pt
Warning: Feature file not found, skipping: /media/administrador/Storage1/sdonoso/clam_environ/environ/features/pt_files/150012-2-3.pt
Warning: Feature file not found, skipping: /media/administrador/Storage1/sdonoso/clam_environ/environ/features/pt_files/150012-2-3.pt
Warning: Feature file not found, skipping: /media/administrador/Storage1/sdonoso/clam_environ/environ/features/pt_files/150012-2-3.pt
Warning: Feature file not found, skipping: /media/administrador/Storage1/sdonoso/clam_environ/environ/features/pt_files/150012-2-3.pt
Warning: Feature file not found, skipping: /media/administrador/Storage1/sdonoso/clam_environ/environ/features/pt_files/150012-2-3.pt
Warning: Feature file not found, skipping: /media/administrador/Storage1/sdonoso/clam_environ/environ/features/pt_files/histai_0010_slide_H&E_0.pt
Warning: Feature file not found, skipping: /media/administrador/Storage1/sdonoso/clam_environ/environ/features/pt_files/150012-2-3.pt
Warning: Feature file not found, skipping: /media/administrador/Storage1/sdonoso/clam_environ/environ/features/pt_files/150012-2-3.pt
Warning: Feature file not found, skipping: /media/administrador/Storage1/sdonoso/clam_environ/environ/features/pt_files/150012-2-3.pt
Warning: Feature file not found, skipping: /media/administrador/Storage1/sdonoso/clam_environ/environ/features/pt_files/histai_0074_slide_H&E_1.pt
Warning: Feature file not found, skipping: /media/administrador/Storage1/sdonoso/clam_environ/environ/features/pt_files/150012-2-3.pt
Warning: Feature file not found, skipping: /media/administrador/Storage1/sdonoso/clam_environ/environ/features/pt_files/150012-2-3.pt
Warning: Feature file not found, skipping: /media/administrador/Storage1/sdonoso/clam_environ/environ/features/pt_files/histai_0007_slide_H&E_0.pt
Warning: Feature file not found, skipping: /media/administrador/Storage1/sdonoso/clam_environ/environ/features/pt_files/150012-2-3.pt
Warning: Feature file not found, skipping: /media/administrador/Storage1/sdonoso/clam_environ/environ/features/pt_files/150012-2-3.pt
Warning: Feature file not found, skipping: /media/administrador/Storage1/sdonoso/clam_environ/environ/features/pt_files/histai_0037_slide_H&E_4.pt
Warning: Feature file not found, skipping: /media/administrador/Storage1/sdonoso/clam_environ/environ/features/pt_files/150012-2-3.pt
Warning: Feature file not found, skipping: /media/administrador/Storage1/sdonoso/clam_environ/environ/features/pt_files/150012-2-3.pt
batch 1739, loss: 0.0006, instance_loss: 0.0000, weighted_loss: 0.0004, label: 2, bag_size: 17241
batch 1759, loss: 0.0004, instance_loss: 0.0002, weighted_loss: 0.0003, label: 3, bag_size: 15813
batch 1779, loss: 1.8421, instance_loss: 0.0036, weighted_loss: 1.2906, label: 7, bag_size: 3022
batch 1799, loss: 0.0003, instance_loss: 0.0000, weighted_loss: 0.0002, label: 3, bag_size: 47490
batch 1819, loss: 0.0036, instance_loss: 0.0005, weighted_loss: 0.0027, label: 7, bag_size: 8901
batch 1859, loss: 0.0000, instance_loss: 0.0000, weighted_loss: 0.0000, label: 3, bag_size: 94662
batch 1879, loss: 0.0001, instance_loss: 0.0000, weighted_loss: 0.0001, label: 2, bag_size: 18291
batch 1899, loss: 0.0006, instance_loss: 0.0004, weighted_loss: 0.0005, label: 1, bag_size: 10314
batch 1919, loss: 0.0013, instance_loss: 0.0000, weighted_loss: 0.0009, label: 0, bag_size: 18834
batch 1939, loss: 0.1585, instance_loss: 0.0102, weighted_loss: 0.1140, label: 6, bag_size: 3616
batch 1959, loss: 0.0075, instance_loss: 0.0005, weighted_loss: 0.0054, label: 0, bag_size: 71179
batch 1979, loss: 0.0015, instance_loss: 0.0000, weighted_loss: 0.0011, label: 5, bag_size: 63349
batch 1999, loss: 0.0313, instance_loss: 0.0006, weighted_loss: 0.0221, label: 0, bag_size: 53763
batch 2019, loss: 0.0005, instance_loss: 0.0000, weighted_loss: 0.0003, label: 2, bag_size: 17241
batch 2039, loss: 0.0553, instance_loss: 0.0059, weighted_loss: 0.0404, label: 4, bag_size: 47379
batch 2059, loss: 0.0012, instance_loss: 0.0000, weighted_loss: 0.0009, label: 5, bag_size: 42075
batch 2079, loss: 0.0015, instance_loss: 0.0000, weighted_loss: 0.0010, label: 5, bag_size: 63349
batch 2099, loss: 0.0005, instance_loss: 0.0000, weighted_loss: 0.0004, label: 0, bag_size: 14458
batch 2119, loss: 0.0393, instance_loss: 0.0003, weighted_loss: 0.0276, label: 0, bag_size: 53763
batch 2139, loss: 0.0000, instance_loss: 0.0013, weighted_loss: 0.0004, label: 3, bag_size: 74422
batch 2159, loss: 0.0000, instance_loss: 0.0000, weighted_loss: 0.0000, label: 3, bag_size: 45816
batch 2179, loss: 0.0011, instance_loss: 0.0007, weighted_loss: 0.0010, label: 3, bag_size: 40462
batch 2199, loss: 0.8819, instance_loss: 0.0000, weighted_loss: 0.6173, label: 7, bag_size: 6519
batch 2219, loss: 0.0002, instance_loss: 0.0172, weighted_loss: 0.0053, label: 1, bag_size: 3832
batch 2239, loss: 0.0022, instance_loss: 0.0026, weighted_loss: 0.0024, label: 7, bag_size: 4246
batch 2259, loss: 0.0444, instance_loss: 0.0000, weighted_loss: 0.0311, label: 0, bag_size: 53763
batch 2279, loss: 2.9761, instance_loss: 0.0005, weighted_loss: 2.0834, label: 7, bag_size: 3037
batch 2299, loss: 0.0003, instance_loss: 0.0000, weighted_loss: 0.0002, label: 2, bag_size: 27600
batch 2319, loss: 0.0011, instance_loss: 0.0008, weighted_loss: 0.0010, label: 2, bag_size: 27600
batch 2339, loss: 0.0977, instance_loss: 0.0031, weighted_loss: 0.0694, label: 7, bag_size: 4033
batch 2359, loss: 0.0038, instance_loss: 0.0000, weighted_loss: 0.0027, label: 5, bag_size: 63349
batch 2379, loss: 0.0195, instance_loss: 0.0002, weighted_loss: 0.0137, label: 5, bag_size: 19119
batch 2399, loss: 0.0583, instance_loss: 0.0251, weighted_loss: 0.0484, label: 4, bag_size: 5889
batch 2419, loss: 0.0069, instance_loss: 0.0000, weighted_loss: 0.0049, label: 3, bag_size: 48697


class 0 clustering acc 0.9978769676884839: correct 19271/19312
class 1 clustering acc 0.9942522783761392: correct 19201/19312
Epoch: 10, train_loss: 0.1653, train_clustering_loss:  0.0242, train_error: 0.0568
class 0: acc 0.9805825242718447, correct 303/309
class 1: acc 1.0, correct 302/302
class 2: acc 0.9961389961389961, correct 258/259
class 3: acc 0.9935897435897436, correct 310/312
class 4: acc 0.9540636042402827, correct 270/283
class 5: acc 0.9903225806451613, correct 307/310
class 6: acc 0.8805031446540881, correct 280/318
class 7: acc 0.7694704049844237, correct 247/321
Warning: Feature file not found, skipping: /media/administrador/Storage1/sdonoso/clam_environ/environ/features/pt_files/histai_0126_slide_H&E_1.pt
Warning: Feature file not found, skipping: /media/administrador/Storage1/sdonoso/clam_environ/environ/features/pt_files/histai_0063_slide_H&E_7.pt
Warning: Feature file not found, skipping: /media/administrador/Storage1/sdonoso/clam_environ/environ/features/pt_files/histai_0088_slide_H&E_2.pt
Warning: Feature file not found, skipping: /media/administrador/Storage1/sdonoso/clam_environ/environ/features/pt_files/histai_0046_slide_H&E_7.pt
Warning: Feature file not found, skipping: /media/administrador/Storage1/sdonoso/clam_environ/environ/features/pt_files/histai_0046_slide_H&E_5.pt
Warning: Feature file not found, skipping: /media/administrador/Storage1/sdonoso/clam_environ/environ/features/pt_files/histai_0003_slide_H&E_1.pt
Warning: Feature file not found, skipping: /media/administrador/Storage1/sdonoso/clam_environ/environ/features/pt_files/histai_0038_slide_H&E_2.pt
Warning: Feature file not found, skipping: /media/administrador/Storage1/sdonoso/clam_environ/environ/features/pt_files/histai_0126_slide_H&E_2.pt
Warning: Feature file not found, skipping: /media/administrador/Storage1/sdonoso/clam_environ/environ/features/pt_files/histai_0063_slide_H&E_4.pt
Warning: Feature file not found, skipping: /media/administrador/Storage1/sdonoso/clam_environ/environ/features/pt_files/histai_0088_slide_H&E_0.pt
Warning: Feature file not found, skipping: /media/administrador/Storage1/sdonoso/clam_environ/environ/features/pt_files/histai_0046_slide_H&E_4.pt
Warning: Feature file not found, skipping: /media/administrador/Storage1/sdonoso/clam_environ/environ/features/pt_files/histai_0046_slide_H&E_2.pt
Warning: Feature file not found, skipping: /media/administrador/Storage1/sdonoso/clam_environ/environ/features/pt_files/histai_0038_slide_H&E_4.pt
Warning: Feature file not found, skipping: /media/administrador/Storage1/sdonoso/clam_environ/environ/features/pt_files/histai_0126_slide_H&E_0.pt
Warning: Feature file not found, skipping: /media/administrador/Storage1/sdonoso/clam_environ/environ/features/pt_files/histai_0063_slide_H&E_6.pt
Warning: Feature file not found, skipping: /media/administrador/Storage1/sdonoso/clam_environ/environ/features/pt_files/histai_0063_slide_H&E_3.pt
Warning: Feature file not found, skipping: /media/administrador/Storage1/sdonoso/clam_environ/environ/features/pt_files/histai_0088_slide_H&E_1.pt
Warning: Feature file not found, skipping: /media/administrador/Storage1/sdonoso/clam_environ/environ/features/pt_files/histai_0046_slide_H&E_3.pt
Warning: Feature file not found, skipping: /media/administrador/Storage1/sdonoso/clam_environ/environ/features/pt_files/histai_0046_slide_H&E_1.pt
Warning: Feature file not found, skipping: /media/administrador/Storage1/sdonoso/clam_environ/environ/features/pt_files/histai_0063_slide_H&E_1.pt
Warning: Feature file not found, skipping: /media/administrador/Storage1/sdonoso/clam_environ/environ/features/pt_files/histai_0088_slide_H&E_3.pt
Warning: Feature file not found, skipping: /media/administrador/Storage1/sdonoso/clam_environ/environ/features/pt_files/histai_0046_slide_H&E_6.pt
Warning: Feature file not found, skipping: /media/administrador/Storage1/sdonoso/clam_environ/environ/features/pt_files/histai_0046_slide_H&E_0.pt
Warning: Feature file not found, skipping: /media/administrador/Storage1/sdonoso/clam_environ/environ/features/pt_files/histai_0038_slide_H&E_3.pt

Val Set, val_loss: 1.4131, val_error: 0.4068, auc: 0.6537
class 0 clustering acc 0.9987288135593221: correct 2357/2360
class 1 clustering acc 0.9919491525423729: correct 2341/2360
class 0: acc 0.0, correct 0/4
class 1: acc 0.0, correct 0/1
class 2: acc 0.0, correct 0/1
class 3: acc 0.0, correct 0/1
class 4: acc 0.25, correct 2/8
class 5: acc 0.0, correct 0/1
class 6: acc 0.5, correct 8/16
class 7: acc 0.6273764258555133, correct 165/263
EarlyStopping counter: 9 out of 20


batch 19, loss: 0.0034, instance_loss: 0.1300, weighted_loss: 0.0414, label: 0, bag_size: 14638
batch 39, loss: 0.0001, instance_loss: 0.0000, weighted_loss: 0.0001, label: 3, bag_size: 74422
batch 59, loss: 0.0001, instance_loss: 0.0000, weighted_loss: 0.0000, label: 2, bag_size: 55669
batch 79, loss: 0.0061, instance_loss: 0.0003, weighted_loss: 0.0043, label: 5, bag_size: 40909
batch 99, loss: 0.1004, instance_loss: 0.0022, weighted_loss: 0.0709, label: 0, bag_size: 12632
batch 119, loss: 0.2082, instance_loss: 0.0736, weighted_loss: 0.1679, label: 4, bag_size: 10984
batch 139, loss: 0.0491, instance_loss: 0.0000, weighted_loss: 0.0343, label: 6, bag_size: 45090
batch 159, loss: 0.0069, instance_loss: 0.0004, weighted_loss: 0.0049, label: 2, bag_size: 27600
batch 179, loss: 0.0005, instance_loss: 0.0010, weighted_loss: 0.0007, label: 2, bag_size: 27600
batch 199, loss: 0.2698, instance_loss: 0.0000, weighted_loss: 0.1889, label: 6, bag_size: 54477
batch 219, loss: 0.1514, instance_loss: 0.0076, weighted_loss: 0.1082, label: 6, bag_size: 5605
batch 239, loss: 0.0011, instance_loss: 0.0050, weighted_loss: 0.0022, label: 0, bag_size: 8469
batch 259, loss: 0.0004, instance_loss: 0.0444, weighted_loss: 0.0136, label: 1, bag_size: 23247
batch 279, loss: 0.0006, instance_loss: 0.0000, weighted_loss: 0.0004, label: 2, bag_size: 17241
batch 299, loss: 0.0017, instance_loss: 0.0358, weighted_loss: 0.0119, label: 1, bag_size: 51943
batch 319, loss: 4.3213, instance_loss: 0.0017, weighted_loss: 3.0254, label: 7, bag_size: 49942
batch 339, loss: 0.0047, instance_loss: 0.0000, weighted_loss: 0.0033, label: 6, bag_size: 4945
batch 359, loss: 0.3512, instance_loss: 0.1371, weighted_loss: 0.2870, label: 0, bag_size: 2212
batch 379, loss: 0.1399, instance_loss: 0.0026, weighted_loss: 0.0987, label: 4, bag_size: 7143
batch 399, loss: 0.0002, instance_loss: 0.0006, weighted_loss: 0.0003, label: 1, bag_size: 47248
batch 419, loss: 0.2360, instance_loss: 0.0000, weighted_loss: 0.1652, label: 6, bag_size: 2573
batch 439, loss: 0.0158, instance_loss: 0.0464, weighted_loss: 0.0250, label: 4, bag_size: 25699
batch 459, loss: 0.0001, instance_loss: 0.0000, weighted_loss: 0.0001, label: 2, bag_size: 27600
batch 479, loss: 0.0117, instance_loss: 0.0000, weighted_loss: 0.0082, label: 6, bag_size: 5911
batch 499, loss: 0.0043, instance_loss: 0.0000, weighted_loss: 0.0030, label: 5, bag_size: 63349
batch 519, loss: 0.1420, instance_loss: 0.0000, weighted_loss: 0.0994, label: 7, bag_size: 247
batch 539, loss: 1.1689, instance_loss: 0.0000, weighted_loss: 0.8182, label: 6, bag_size: 64811
batch 559, loss: 0.0008, instance_loss: 0.0003, weighted_loss: 0.0007, label: 3, bag_size: 94662
batch 579, loss: 0.0001, instance_loss: 0.0000, weighted_loss: 0.0000, label: 2, bag_size: 55669
batch 599, loss: 0.0003, instance_loss: 0.0120, weighted_loss: 0.0038, label: 1, bag_size: 23247
batch 619, loss: 0.0003, instance_loss: 0.0000, weighted_loss: 0.0002, label: 1, bag_size: 39579
batch 639, loss: 0.0017, instance_loss: 0.0000, weighted_loss: 0.0012, label: 5, bag_size: 63349
batch 659, loss: 0.0668, instance_loss: 0.0000, weighted_loss: 0.0467, label: 6, bag_size: 68282
batch 679, loss: 0.0009, instance_loss: 0.0012, weighted_loss: 0.0010, label: 1, bag_size: 39579
batch 699, loss: 0.0065, instance_loss: 0.0002, weighted_loss: 0.0046, label: 0, bag_size: 18834
batch 719, loss: 0.0007, instance_loss: 0.0000, weighted_loss: 0.0005, label: 3, bag_size: 48697
batch 739, loss: 0.6718, instance_loss: 0.0011, weighted_loss: 0.4706, label: 7, bag_size: 63672
batch 759, loss: 0.1419, instance_loss: 0.0000, weighted_loss: 0.0993, label: 4, bag_size: 41745
batch 779, loss: 0.2198, instance_loss: 0.0003, weighted_loss: 0.1539, label: 6, bag_size: 9428
batch 799, loss: 0.0001, instance_loss: 0.0000, weighted_loss: 0.0001, label: 2, bag_size: 55669
batch 819, loss: 1.7228, instance_loss: 0.0013, weighted_loss: 1.2064, label: 7, bag_size: 31710
batch 839, loss: 0.0016, instance_loss: 0.0002, weighted_loss: 0.0012, label: 5, bag_size: 42075
batch 859, loss: 0.0041, instance_loss: 0.0100, weighted_loss: 0.0059, label: 4, bag_size: 2236
batch 879, loss: 0.9294, instance_loss: 0.0003, weighted_loss: 0.6507, label: 7, bag_size: 22033
batch 899, loss: 0.0037, instance_loss: 0.0017, weighted_loss: 0.0031, label: 3, bag_size: 82568
batch 919, loss: 0.1004, instance_loss: 0.0000, weighted_loss: 0.0702, label: 6, bag_size: 27148
batch 939, loss: 0.0091, instance_loss: 0.0000, weighted_loss: 0.0063, label: 6, bag_size: 10676
batch 959, loss: 0.0338, instance_loss: 0.0000, weighted_loss: 0.0236, label: 7, bag_size: 1277
batch 979, loss: 0.0011, instance_loss: 0.0522, weighted_loss: 0.0164, label: 4, bag_size: 2236
batch 999, loss: 0.0930, instance_loss: 0.0036, weighted_loss: 0.0662, label: 7, bag_size: 11758
batch 1019, loss: 0.0029, instance_loss: 0.0000, weighted_loss: 0.0021, label: 5, bag_size: 5565
batch 1039, loss: 0.0000, instance_loss: 0.0005, weighted_loss: 0.0002, label: 3, bag_size: 45816
batch 1059, loss: 0.0001, instance_loss: 0.0015, weighted_loss: 0.0005, label: 1, bag_size: 47817
batch 1079, loss: 0.0332, instance_loss: 0.0062, weighted_loss: 0.0251, label: 4, bag_size: 46892
batch 1099, loss: 0.0211, instance_loss: 0.0009, weighted_loss: 0.0150, label: 5, bag_size: 19119
batch 1119, loss: 0.8518, instance_loss: 0.0004, weighted_loss: 0.5964, label: 7, bag_size: 6167
batch 1139, loss: 0.0009, instance_loss: 0.0125, weighted_loss: 0.0044, label: 1, bag_size: 11584
batch 1159, loss: 0.3734, instance_loss: 0.0000, weighted_loss: 0.2614, label: 6, bag_size: 13888
batch 1179, loss: 0.1359, instance_loss: 0.0023, weighted_loss: 0.0958, label: 7, bag_size: 15730
batch 1199, loss: 0.4180, instance_loss: 0.0000, weighted_loss: 0.2926, label: 0, bag_size: 100791
batch 1219, loss: 0.1367, instance_loss: 0.0000, weighted_loss: 0.0957, label: 6, bag_size: 53364
batch 1239, loss: 0.0975, instance_loss: 0.0080, weighted_loss: 0.0706, label: 7, bag_size: 5422
batch 1259, loss: 0.0001, instance_loss: 0.0000, weighted_loss: 0.0000, label: 2, bag_size: 18291
batch 1279, loss: 0.1355, instance_loss: 0.0000, weighted_loss: 0.0948, label: 0, bag_size: 53337
batch 1299, loss: 0.0111, instance_loss: 0.1136, weighted_loss: 0.0419, label: 1, bag_size: 11584
batch 1319, loss: 0.0022, instance_loss: 0.0010, weighted_loss: 0.0018, label: 1, bag_size: 11584
batch 1339, loss: 0.0250, instance_loss: 0.0000, weighted_loss: 0.0175, label: 0, bag_size: 100791
batch 1359, loss: 0.0273, instance_loss: 0.0000, weighted_loss: 0.0191, label: 7, bag_size: 3984
batch 1379, loss: 1.9919, instance_loss: 0.0005, weighted_loss: 1.3945, label: 7, bag_size: 71385
batch 1399, loss: 0.0048, instance_loss: 0.0000, weighted_loss: 0.0033, label: 3, bag_size: 74422
batch 1419, loss: 0.0010, instance_loss: 0.0000, weighted_loss: 0.0007, label: 5, bag_size: 63349
batch 1439, loss: 0.0049, instance_loss: 0.0006, weighted_loss: 0.0036, label: 5, bag_size: 52677
batch 1459, loss: 0.0137, instance_loss: 0.0000, weighted_loss: 0.0096, label: 0, bag_size: 53763
batch 1479, loss: 0.0269, instance_loss: 0.0066, weighted_loss: 0.0208, label: 7, bag_size: 1864
batch 1499, loss: 0.0126, instance_loss: 0.0006, weighted_loss: 0.0090, label: 6, bag_size: 2878
batch 1519, loss: 0.0023, instance_loss: 0.0000, weighted_loss: 0.0016, label: 5, bag_size: 18304
batch 1539, loss: 0.0004, instance_loss: 0.0000, weighted_loss: 0.0003, label: 3, bag_size: 40462
batch 1559, loss: 0.0006, instance_loss: 0.0000, weighted_loss: 0.0004, label: 5, bag_size: 63349
batch 1579, loss: 0.0015, instance_loss: 0.0047, weighted_loss: 0.0024, label: 4, bag_size: 5889
batch 1599, loss: 0.0029, instance_loss: 0.0000, weighted_loss: 0.0020, label: 3, bag_size: 74422
batch 1619, loss: 0.0057, instance_loss: 0.0026, weighted_loss: 0.0047, label: 6, bag_size: 4847
batch 1639, loss: 0.0022, instance_loss: 0.0000, weighted_loss: 0.0015, label: 5, bag_size: 74305
batch 1659, loss: 0.0006, instance_loss: 0.0000, weighted_loss: 0.0004, label: 0, bag_size: 71179
batch 1679, loss: 0.0002, instance_loss: 0.0245, weighted_loss: 0.0075, label: 7, bag_size: 1953
Warning: Feature file not found, skipping: /media/administrador/Storage1/sdonoso/clam_environ/environ/features/pt_files/150012-2-3.pt
Warning: Feature file not found, skipping: /media/administrador/Storage1/sdonoso/clam_environ/environ/features/pt_files/150012-2-3.pt
Warning: Feature file not found, skipping: /media/administrador/Storage1/sdonoso/clam_environ/environ/features/pt_files/150012-2-3.pt
Warning: Feature file not found, skipping: /media/administrador/Storage1/sdonoso/clam_environ/environ/features/pt_files/150012-2-3.pt
Warning: Feature file not found, skipping: /media/administrador/Storage1/sdonoso/clam_environ/environ/features/pt_files/150012-2-3.pt
Warning: Feature file not found, skipping: /media/administrador/Storage1/sdonoso/clam_environ/environ/features/pt_files/histai_0115_slide_H&E_6.pt
Warning: Feature file not found, skipping: /media/administrador/Storage1/sdonoso/clam_environ/environ/features/pt_files/150012-2-3.pt
Warning: Feature file not found, skipping: /media/administrador/Storage1/sdonoso/clam_environ/environ/features/pt_files/150012-2-3.pt
Warning: Feature file not found, skipping: /media/administrador/Storage1/sdonoso/clam_environ/environ/features/pt_files/150012-2-3.pt
Warning: Feature file not found, skipping: /media/administrador/Storage1/sdonoso/clam_environ/environ/features/pt_files/150012-2-3.pt
Warning: Feature file not found, skipping: /media/administrador/Storage1/sdonoso/clam_environ/environ/features/pt_files/150012-2-3.pt
Warning: Feature file not found, skipping: /media/administrador/Storage1/sdonoso/clam_environ/environ/features/pt_files/150012-2-3.pt
Warning: Feature file not found, skipping: /media/administrador/Storage1/sdonoso/clam_environ/environ/features/pt_files/histai_0109_slide_H&E_1.pt
Warning: Feature file not found, skipping: /media/administrador/Storage1/sdonoso/clam_environ/environ/features/pt_files/150012-2-3.pt
Warning: Feature file not found, skipping: /media/administrador/Storage1/sdonoso/clam_environ/environ/features/pt_files/150012-2-3.pt
Warning: Feature file not found, skipping: /media/administrador/Storage1/sdonoso/clam_environ/environ/features/pt_files/150012-2-3.pt
Warning: Feature file not found, skipping: /media/administrador/Storage1/sdonoso/clam_environ/environ/features/pt_files/150012-2-3.pt
Warning: Feature file not found, skipping: /media/administrador/Storage1/sdonoso/clam_environ/environ/features/pt_files/histai_0030_slide_H&E_1.pt
Warning: Feature file not found, skipping: /media/administrador/Storage1/sdonoso/clam_environ/environ/features/pt_files/150012-2-3.pt
Warning: Feature file not found, skipping: /media/administrador/Storage1/sdonoso/clam_environ/environ/features/pt_files/150012-2-3.pt
Warning: Feature file not found, skipping: /media/administrador/Storage1/sdonoso/clam_environ/environ/features/pt_files/150012-2-3.pt
Warning: Feature file not found, skipping: /media/administrador/Storage1/sdonoso/clam_environ/environ/features/pt_files/150012-2-3.pt
Warning: Feature file not found, skipping: /media/administrador/Storage1/sdonoso/clam_environ/environ/features/pt_files/histai_0010_slide_H&E_3.pt
Warning: Feature file not found, skipping: /media/administrador/Storage1/sdonoso/clam_environ/environ/features/pt_files/histai_0030_slide_H&E_0.pt
Warning: Feature file not found, skipping: /media/administrador/Storage1/sdonoso/clam_environ/environ/features/pt_files/histai_0121_slide_H&E_2.pt
Warning: Feature file not found, skipping: /media/administrador/Storage1/sdonoso/clam_environ/environ/features/pt_files/histai_0084_slide_H&E_1.pt
batch 1699, loss: 0.0076, instance_loss: 0.0005, weighted_loss: 0.0055, label: 7, bag_size: 3641
batch 1719, loss: 0.1240, instance_loss: 1.4211, weighted_loss: 0.5131, label: 4, bag_size: 494
batch 1739, loss: 0.0001, instance_loss: 0.0458, weighted_loss: 0.0138, label: 4, bag_size: 2213
batch 1759, loss: 0.0005, instance_loss: 0.0000, weighted_loss: 0.0003, label: 1, bag_size: 26832
batch 1779, loss: 0.3391, instance_loss: 0.0003, weighted_loss: 0.2375, label: 6, bag_size: 98115
batch 1799, loss: 0.0268, instance_loss: 0.1144, weighted_loss: 0.0531, label: 4, bag_size: 2776
batch 1819, loss: 0.0038, instance_loss: 0.0299, weighted_loss: 0.0116, label: 4, bag_size: 1979
batch 1839, loss: 0.0004, instance_loss: 0.0000, weighted_loss: 0.0003, label: 3, bag_size: 47490
batch 1859, loss: 0.0012, instance_loss: 0.0000, weighted_loss: 0.0008, label: 2, bag_size: 18291
batch 1879, loss: 0.8678, instance_loss: 0.0534, weighted_loss: 0.6235, label: 4, bag_size: 1733
batch 1919, loss: 0.0004, instance_loss: 0.0000, weighted_loss: 0.0003, label: 1, bag_size: 39579
batch 1939, loss: 2.4443, instance_loss: 0.0010, weighted_loss: 1.7113, label: 7, bag_size: 6057
batch 1959, loss: 0.0031, instance_loss: 0.0000, weighted_loss: 0.0022, label: 0, bag_size: 71179
batch 1979, loss: 0.4491, instance_loss: 0.0077, weighted_loss: 0.3167, label: 4, bag_size: 17286
batch 1999, loss: 0.2434, instance_loss: 0.0031, weighted_loss: 0.1713, label: 7, bag_size: 17477
batch 2019, loss: 0.0025, instance_loss: 0.0000, weighted_loss: 0.0018, label: 1, bag_size: 39579
batch 2039, loss: 0.0003, instance_loss: 0.0041, weighted_loss: 0.0014, label: 1, bag_size: 26832
batch 2059, loss: 0.0000, instance_loss: 0.3506, weighted_loss: 0.1052, label: 1, bag_size: 11584
batch 2079, loss: 0.0487, instance_loss: 0.0275, weighted_loss: 0.0423, label: 4, bag_size: 44358
batch 2099, loss: 0.1509, instance_loss: 0.0000, weighted_loss: 0.1056, label: 6, bag_size: 4032
batch 2119, loss: 0.0000, instance_loss: 0.0000, weighted_loss: 0.0000, label: 3, bag_size: 45816
batch 2139, loss: 0.0007, instance_loss: 0.0332, weighted_loss: 0.0105, label: 0, bag_size: 14458
batch 2159, loss: 0.0433, instance_loss: 0.0063, weighted_loss: 0.0322, label: 4, bag_size: 14791
batch 2179, loss: 0.0001, instance_loss: 0.0260, weighted_loss: 0.0079, label: 7, bag_size: 859
batch 2199, loss: 0.0003, instance_loss: 0.0003, weighted_loss: 0.0003, label: 7, bag_size: 6406
batch 2219, loss: 0.0003, instance_loss: 0.0217, weighted_loss: 0.0067, label: 7, bag_size: 1539
batch 2239, loss: 0.0001, instance_loss: 0.0006, weighted_loss: 0.0003, label: 0, bag_size: 4855
batch 2259, loss: 0.0249, instance_loss: 0.0000, weighted_loss: 0.0175, label: 0, bag_size: 53337
batch 2279, loss: 0.0002, instance_loss: 0.0000, weighted_loss: 0.0001, label: 5, bag_size: 6337
batch 2299, loss: 0.0073, instance_loss: 0.0000, weighted_loss: 0.0051, label: 7, bag_size: 24827
batch 2319, loss: 0.0000, instance_loss: 0.0000, weighted_loss: 0.0000, label: 3, bag_size: 45816
batch 2339, loss: 0.1007, instance_loss: 0.0049, weighted_loss: 0.0720, label: 6, bag_size: 5605
batch 2359, loss: 0.0070, instance_loss: 0.0002, weighted_loss: 0.0050, label: 5, bag_size: 40909
batch 2379, loss: 0.0005, instance_loss: 0.0000, weighted_loss: 0.0004, label: 3, bag_size: 82568
batch 2399, loss: 0.0256, instance_loss: 0.0006, weighted_loss: 0.0181, label: 6, bag_size: 6484
batch 2419, loss: 0.0010, instance_loss: 0.0006, weighted_loss: 0.0009, label: 6, bag_size: 3679


class 0 clustering acc 0.9984452736318408: correct 19266/19296
class 1 clustering acc 0.9969941956882256: correct 19238/19296
Epoch: 11, train_loss: 0.1582, train_clustering_loss:  0.0146, train_error: 0.0568
class 0: acc 0.9823321554770318, correct 278/283
class 1: acc 0.9896907216494846, correct 288/291
class 2: acc 1.0, correct 305/305
class 3: acc 0.993993993993994, correct 331/333
class 4: acc 0.9716088328075709, correct 308/317
class 5: acc 1.0, correct 270/270
class 6: acc 0.8709677419354839, correct 270/310
class 7: acc 0.7425742574257426, correct 225/303
Warning: Feature file not found, skipping: /media/administrador/Storage1/sdonoso/clam_environ/environ/features/pt_files/histai_0126_slide_H&E_1.pt
Warning: Feature file not found, skipping: /media/administrador/Storage1/sdonoso/clam_environ/environ/features/pt_files/histai_0063_slide_H&E_7.pt
Warning: Feature file not found, skipping: /media/administrador/Storage1/sdonoso/clam_environ/environ/features/pt_files/histai_0088_slide_H&E_2.pt
Warning: Feature file not found, skipping: /media/administrador/Storage1/sdonoso/clam_environ/environ/features/pt_files/histai_0046_slide_H&E_7.pt
Warning: Feature file not found, skipping: /media/administrador/Storage1/sdonoso/clam_environ/environ/features/pt_files/histai_0046_slide_H&E_5.pt
Warning: Feature file not found, skipping: /media/administrador/Storage1/sdonoso/clam_environ/environ/features/pt_files/histai_0003_slide_H&E_1.pt
Warning: Feature file not found, skipping: /media/administrador/Storage1/sdonoso/clam_environ/environ/features/pt_files/histai_0038_slide_H&E_2.pt
Warning: Feature file not found, skipping: /media/administrador/Storage1/sdonoso/clam_environ/environ/features/pt_files/histai_0063_slide_H&E_1.pt
Warning: Feature file not found, skipping: /media/administrador/Storage1/sdonoso/clam_environ/environ/features/pt_files/histai_0088_slide_H&E_3.pt
Warning: Feature file not found, skipping: /media/administrador/Storage1/sdonoso/clam_environ/environ/features/pt_files/histai_0046_slide_H&E_6.pt
Warning: Feature file not found, skipping: /media/administrador/Storage1/sdonoso/clam_environ/environ/features/pt_files/histai_0046_slide_H&E_0.pt
Warning: Feature file not found, skipping: /media/administrador/Storage1/sdonoso/clam_environ/environ/features/pt_files/histai_0038_slide_H&E_3.pt
Warning: Feature file not found, skipping: /media/administrador/Storage1/sdonoso/clam_environ/environ/features/pt_files/histai_0126_slide_H&E_0.pt
Warning: Feature file not found, skipping: /media/administrador/Storage1/sdonoso/clam_environ/environ/features/pt_files/histai_0063_slide_H&E_6.pt
Warning: Feature file not found, skipping: /media/administrador/Storage1/sdonoso/clam_environ/environ/features/pt_files/histai_0063_slide_H&E_3.pt
Warning: Feature file not found, skipping: /media/administrador/Storage1/sdonoso/clam_environ/environ/features/pt_files/histai_0088_slide_H&E_1.pt
Warning: Feature file not found, skipping: /media/administrador/Storage1/sdonoso/clam_environ/environ/features/pt_files/histai_0046_slide_H&E_3.pt
Warning: Feature file not found, skipping: /media/administrador/Storage1/sdonoso/clam_environ/environ/features/pt_files/histai_0046_slide_H&E_1.pt
Warning: Feature file not found, skipping: /media/administrador/Storage1/sdonoso/clam_environ/environ/features/pt_files/histai_0126_slide_H&E_2.pt
Warning: Feature file not found, skipping: /media/administrador/Storage1/sdonoso/clam_environ/environ/features/pt_files/histai_0063_slide_H&E_4.pt
Warning: Feature file not found, skipping: /media/administrador/Storage1/sdonoso/clam_environ/environ/features/pt_files/histai_0088_slide_H&E_0.pt
Warning: Feature file not found, skipping: /media/administrador/Storage1/sdonoso/clam_environ/environ/features/pt_files/histai_0046_slide_H&E_4.pt
Warning: Feature file not found, skipping: /media/administrador/Storage1/sdonoso/clam_environ/environ/features/pt_files/histai_0046_slide_H&E_2.pt
Warning: Feature file not found, skipping: /media/administrador/Storage1/sdonoso/clam_environ/environ/features/pt_files/histai_0038_slide_H&E_4.pt

Val Set, val_loss: 1.0594, val_error: 0.2373, auc: 0.6795
class 0 clustering acc 0.9995762711864407: correct 2359/2360
class 1 clustering acc 0.9898305084745763: correct 2336/2360
class 0: acc 0.0, correct 0/4
class 1: acc 0.0, correct 0/1
class 2: acc 0.0, correct 0/1
class 3: acc 0.0, correct 0/1
class 4: acc 0.125, correct 1/8
class 5: acc 0.0, correct 0/1
class 6: acc 0.375, correct 6/16
class 7: acc 0.8288973384030418, correct 218/263
EarlyStopping counter: 10 out of 20


batch 19, loss: 0.0001, instance_loss: 0.0002, weighted_loss: 0.0002, label: 2, bag_size: 27600
batch 39, loss: 0.0017, instance_loss: 0.0017, weighted_loss: 0.0017, label: 3, bag_size: 15813
batch 59, loss: 0.0099, instance_loss: 0.0003, weighted_loss: 0.0070, label: 6, bag_size: 9068
batch 79, loss: 0.1083, instance_loss: 0.0000, weighted_loss: 0.0758, label: 0, bag_size: 2957
batch 99, loss: 0.0029, instance_loss: 0.0000, weighted_loss: 0.0020, label: 3, bag_size: 44290
batch 119, loss: 0.0004, instance_loss: 0.0000, weighted_loss: 0.0003, label: 3, bag_size: 94662
batch 139, loss: 0.0004, instance_loss: 0.0000, weighted_loss: 0.0003, label: 2, bag_size: 17241
batch 159, loss: 0.0061, instance_loss: 0.0099, weighted_loss: 0.0072, label: 4, bag_size: 2776
batch 179, loss: 0.0001, instance_loss: 0.0000, weighted_loss: 0.0001, label: 2, bag_size: 55669
batch 199, loss: 0.0307, instance_loss: 0.0000, weighted_loss: 0.0215, label: 0, bag_size: 41037
batch 219, loss: 0.0022, instance_loss: 0.0003, weighted_loss: 0.0017, label: 5, bag_size: 40909
batch 239, loss: 0.0029, instance_loss: 0.0000, weighted_loss: 0.0020, label: 3, bag_size: 48697
batch 259, loss: 0.0000, instance_loss: 0.0000, weighted_loss: 0.0000, label: 2, bag_size: 18291
batch 279, loss: 8.6757, instance_loss: 0.0005, weighted_loss: 6.0731, label: 7, bag_size: 17220
batch 299, loss: 0.0120, instance_loss: 0.0000, weighted_loss: 0.0084, label: 7, bag_size: 1923
batch 319, loss: 0.0154, instance_loss: 0.0002, weighted_loss: 0.0108, label: 6, bag_size: 4392
batch 339, loss: 0.0002, instance_loss: 0.0002, weighted_loss: 0.0002, label: 1, bag_size: 3832
batch 359, loss: 1.9137, instance_loss: 0.0015, weighted_loss: 1.3400, label: 7, bag_size: 51214
batch 379, loss: 0.0000, instance_loss: 0.0000, weighted_loss: 0.0000, label: 2, bag_size: 55669
batch 399, loss: 0.0014, instance_loss: 0.0000, weighted_loss: 0.0010, label: 3, bag_size: 40779
batch 419, loss: 0.0076, instance_loss: 0.0290, weighted_loss: 0.0141, label: 0, bag_size: 3320
batch 439, loss: 0.0016, instance_loss: 0.0000, weighted_loss: 0.0012, label: 5, bag_size: 42075
batch 459, loss: 0.0011, instance_loss: 0.0007, weighted_loss: 0.0009, label: 1, bag_size: 26832
batch 479, loss: 0.0025, instance_loss: 0.0000, weighted_loss: 0.0017, label: 5, bag_size: 74305
batch 499, loss: 0.3849, instance_loss: 0.0000, weighted_loss: 0.2694, label: 6, bag_size: 40800
batch 519, loss: 0.0283, instance_loss: 0.0000, weighted_loss: 0.0198, label: 3, bag_size: 34611
batch 539, loss: 0.0000, instance_loss: 0.0000, weighted_loss: 0.0000, label: 2, bag_size: 55669
batch 559, loss: 0.0014, instance_loss: 0.0000, weighted_loss: 0.0010, label: 3, bag_size: 47490
batch 579, loss: 0.0254, instance_loss: 0.0000, weighted_loss: 0.0178, label: 4, bag_size: 71756
batch 599, loss: 0.4562, instance_loss: 0.0156, weighted_loss: 0.3241, label: 4, bag_size: 47757
batch 619, loss: 0.0001, instance_loss: 0.0007, weighted_loss: 0.0003, label: 1, bag_size: 26832
batch 639, loss: 0.1845, instance_loss: 0.0031, weighted_loss: 0.1301, label: 6, bag_size: 13842
batch 659, loss: 0.0079, instance_loss: 0.0021, weighted_loss: 0.0062, label: 1, bag_size: 23247
batch 679, loss: 0.4255, instance_loss: 0.0000, weighted_loss: 0.2979, label: 6, bag_size: 64811
batch 699, loss: 0.4527, instance_loss: 0.0036, weighted_loss: 0.3180, label: 6, bag_size: 1295
batch 719, loss: 0.0005, instance_loss: 0.0004, weighted_loss: 0.0005, label: 2, bag_size: 17241
batch 739, loss: 0.0001, instance_loss: 0.0000, weighted_loss: 0.0001, label: 3, bag_size: 94662
batch 759, loss: 0.0000, instance_loss: 0.0000, weighted_loss: 0.0000, label: 2, bag_size: 18291
batch 799, loss: 0.0000, instance_loss: 0.0000, weighted_loss: 0.0000, label: 2, bag_size: 55669
batch 819, loss: 0.0002, instance_loss: 0.0000, weighted_loss: 0.0001, label: 2, bag_size: 17241
batch 839, loss: 0.0006, instance_loss: 0.0000, weighted_loss: 0.0004, label: 5, bag_size: 52677
batch 859, loss: 5.3739, instance_loss: 0.0055, weighted_loss: 3.7634, label: 7, bag_size: 41435
batch 879, loss: 0.0325, instance_loss: 0.0000, weighted_loss: 0.0228, label: 0, bag_size: 60895
batch 899, loss: 0.1396, instance_loss: 0.0032, weighted_loss: 0.0987, label: 6, bag_size: 4850
batch 919, loss: 0.0006, instance_loss: 0.0000, weighted_loss: 0.0004, label: 3, bag_size: 94662
batch 939, loss: 0.0081, instance_loss: 0.0008, weighted_loss: 0.0059, label: 0, bag_size: 62970
batch 959, loss: 0.0007, instance_loss: 0.0000, weighted_loss: 0.0005, label: 3, bag_size: 40462
batch 979, loss: 0.0000, instance_loss: 0.0000, weighted_loss: 0.0000, label: 2, bag_size: 55669
batch 999, loss: 0.0003, instance_loss: 0.0000, weighted_loss: 0.0002, label: 2, bag_size: 17241
batch 1019, loss: 0.0793, instance_loss: 1.4956, weighted_loss: 0.5041, label: 4, bag_size: 494
batch 1039, loss: 0.0205, instance_loss: 0.0002, weighted_loss: 0.0144, label: 4, bag_size: 54366
batch 1059, loss: 0.0323, instance_loss: 0.0005, weighted_loss: 0.0227, label: 0, bag_size: 12632
batch 1079, loss: 0.0218, instance_loss: 0.0000, weighted_loss: 0.0153, label: 0, bag_size: 2957
batch 1099, loss: 0.1688, instance_loss: 0.0081, weighted_loss: 0.1206, label: 4, bag_size: 25699
batch 1119, loss: 0.0176, instance_loss: 0.0000, weighted_loss: 0.0123, label: 7, bag_size: 1619
batch 1139, loss: 0.0024, instance_loss: 0.0000, weighted_loss: 0.0017, label: 3, bag_size: 48697
batch 1159, loss: 0.0008, instance_loss: 0.0006, weighted_loss: 0.0008, label: 1, bag_size: 10314
batch 1179, loss: 0.0044, instance_loss: 0.0005, weighted_loss: 0.0033, label: 3, bag_size: 48697
batch 1199, loss: 0.0001, instance_loss: 0.0000, weighted_loss: 0.0001, label: 2, bag_size: 27600
batch 1219, loss: 0.0006, instance_loss: 0.0045, weighted_loss: 0.0017, label: 0, bag_size: 8469
batch 1239, loss: 0.0069, instance_loss: 0.0008, weighted_loss: 0.0050, label: 7, bag_size: 10776
batch 1279, loss: 0.0000, instance_loss: 0.0000, weighted_loss: 0.0000, label: 0, bag_size: 2212
batch 1299, loss: 0.1696, instance_loss: 0.0124, weighted_loss: 0.1225, label: 4, bag_size: 4503
batch 1319, loss: 0.0287, instance_loss: 0.0000, weighted_loss: 0.0201, label: 3, bag_size: 34611
batch 1339, loss: 0.0118, instance_loss: 0.0020, weighted_loss: 0.0088, label: 4, bag_size: 31677
batch 1359, loss: 0.0000, instance_loss: 0.0000, weighted_loss: 0.0000, label: 2, bag_size: 55669
batch 1379, loss: 0.0003, instance_loss: 0.0000, weighted_loss: 0.0002, label: 1, bag_size: 26832
batch 1399, loss: 0.0005, instance_loss: 0.0000, weighted_loss: 0.0003, label: 2, bag_size: 17241
batch 1419, loss: 0.0697, instance_loss: 0.0000, weighted_loss: 0.0488, label: 6, bag_size: 53018
batch 1439, loss: 0.2037, instance_loss: 0.0000, weighted_loss: 0.1426, label: 6, bag_size: 34178
batch 1459, loss: 0.1436, instance_loss: 0.0027, weighted_loss: 0.1014, label: 4, bag_size: 55714
batch 1479, loss: 0.0000, instance_loss: 0.0003, weighted_loss: 0.0001, label: 2, bag_size: 18291
batch 1499, loss: 0.0496, instance_loss: 0.0005, weighted_loss: 0.0349, label: 4, bag_size: 9933
batch 1519, loss: 0.1656, instance_loss: 0.0024, weighted_loss: 0.1166, label: 4, bag_size: 15220
batch 1539, loss: 0.0452, instance_loss: 0.0004, weighted_loss: 0.0318, label: 6, bag_size: 875
batch 1559, loss: 0.0000, instance_loss: 0.0000, weighted_loss: 0.0000, label: 2, bag_size: 18291
batch 1579, loss: 0.0394, instance_loss: 0.0023, weighted_loss: 0.0283, label: 4, bag_size: 45670
batch 1599, loss: 0.0035, instance_loss: 0.0000, weighted_loss: 0.0025, label: 3, bag_size: 48697
batch 1619, loss: 0.0553, instance_loss: 0.0004, weighted_loss: 0.0389, label: 6, bag_size: 68282
batch 1639, loss: 0.0001, instance_loss: 0.0061, weighted_loss: 0.0019, label: 1, bag_size: 3832
batch 1659, loss: 0.3646, instance_loss: 0.0125, weighted_loss: 0.2590, label: 4, bag_size: 57334
batch 1679, loss: 0.0122, instance_loss: 0.0000, weighted_loss: 0.0085, label: 4, bag_size: 38607
batch 1699, loss: 0.0774, instance_loss: 0.0080, weighted_loss: 0.0566, label: 1, bag_size: 10314
batch 1719, loss: 0.0001, instance_loss: 0.0093, weighted_loss: 0.0028, label: 1, bag_size: 39579
Warning: Feature file not found, skipping: /media/administrador/Storage1/sdonoso/clam_environ/environ/features/pt_files/150012-2-3.pt
Warning: Feature file not found, skipping: /media/administrador/Storage1/sdonoso/clam_environ/environ/features/pt_files/150012-2-3.pt
Warning: Feature file not found, skipping: /media/administrador/Storage1/sdonoso/clam_environ/environ/features/pt_files/150012-2-3.pt
Warning: Feature file not found, skipping: /media/administrador/Storage1/sdonoso/clam_environ/environ/features/pt_files/150012-2-3.pt
Warning: Feature file not found, skipping: /media/administrador/Storage1/sdonoso/clam_environ/environ/features/pt_files/150012-2-3.pt
Warning: Feature file not found, skipping: /media/administrador/Storage1/sdonoso/clam_environ/environ/features/pt_files/150012-2-3.pt
Warning: Feature file not found, skipping: /media/administrador/Storage1/sdonoso/clam_environ/environ/features/pt_files/150012-2-3.pt
Warning: Feature file not found, skipping: /media/administrador/Storage1/sdonoso/clam_environ/environ/features/pt_files/150012-2-3.pt
Warning: Feature file not found, skipping: /media/administrador/Storage1/sdonoso/clam_environ/environ/features/pt_files/150012-2-3.pt
Warning: Feature file not found, skipping: /media/administrador/Storage1/sdonoso/clam_environ/environ/features/pt_files/150012-2-3.pt
Warning: Feature file not found, skipping: /media/administrador/Storage1/sdonoso/clam_environ/environ/features/pt_files/150012-2-3.pt
Warning: Feature file not found, skipping: /media/administrador/Storage1/sdonoso/clam_environ/environ/features/pt_files/150012-2-3.pt
Warning: Feature file not found, skipping: /media/administrador/Storage1/sdonoso/clam_environ/environ/features/pt_files/150012-2-3.pt
Warning: Feature file not found, skipping: /media/administrador/Storage1/sdonoso/clam_environ/environ/features/pt_files/150012-2-3.pt
Warning: Feature file not found, skipping: /media/administrador/Storage1/sdonoso/clam_environ/environ/features/pt_files/histai_0115_slide_H&E_1.pt
Warning: Feature file not found, skipping: /media/administrador/Storage1/sdonoso/clam_environ/environ/features/pt_files/150012-2-3.pt
Warning: Feature file not found, skipping: /media/administrador/Storage1/sdonoso/clam_environ/environ/features/pt_files/150012-2-3.pt
Warning: Feature file not found, skipping: /media/administrador/Storage1/sdonoso/clam_environ/environ/features/pt_files/150012-2-3.pt
Warning: Feature file not found, skipping: /media/administrador/Storage1/sdonoso/clam_environ/environ/features/pt_files/150012-2-3.pt
Warning: Feature file not found, skipping: /media/administrador/Storage1/sdonoso/clam_environ/environ/features/pt_files/histai_0007_slide_H&E_0.pt
Warning: Feature file not found, skipping: /media/administrador/Storage1/sdonoso/clam_environ/environ/features/pt_files/histai_0010_slide_H&E_3.pt
Warning: Feature file not found, skipping: /media/administrador/Storage1/sdonoso/clam_environ/environ/features/pt_files/150012-2-3.pt
Warning: Feature file not found, skipping: /media/administrador/Storage1/sdonoso/clam_environ/environ/features/pt_files/150012-2-3.pt
Warning: Feature file not found, skipping: /media/administrador/Storage1/sdonoso/clam_environ/environ/features/pt_files/150012-2-3.pt
Warning: Feature file not found, skipping: /media/administrador/Storage1/sdonoso/clam_environ/environ/features/pt_files/150012-2-3.pt
Warning: Feature file not found, skipping: /media/administrador/Storage1/sdonoso/clam_environ/environ/features/pt_files/histai_0037_slide_H&E_1.pt
Warning: Feature file not found, skipping: /media/administrador/Storage1/sdonoso/clam_environ/environ/features/pt_files/150012-2-3.pt
Warning: Feature file not found, skipping: /media/administrador/Storage1/sdonoso/clam_environ/environ/features/pt_files/150012-2-3.pt
Warning: Feature file not found, skipping: /media/administrador/Storage1/sdonoso/clam_environ/environ/features/pt_files/150012-2-3.pt
batch 1739, loss: 0.0001, instance_loss: 0.0000, weighted_loss: 0.0001, label: 3, bag_size: 15813
batch 1759, loss: 0.0013, instance_loss: 0.0000, weighted_loss: 0.0009, label: 2, bag_size: 17241
batch 1779, loss: 0.0002, instance_loss: 0.0000, weighted_loss: 0.0001, label: 3, bag_size: 45816
batch 1799, loss: 0.0004, instance_loss: 0.0000, weighted_loss: 0.0003, label: 5, bag_size: 22096
batch 1819, loss: 0.0001, instance_loss: 0.1105, weighted_loss: 0.0332, label: 1, bag_size: 11584
batch 1839, loss: 0.0011, instance_loss: 0.0000, weighted_loss: 0.0008, label: 5, bag_size: 63349
batch 1859, loss: 0.0001, instance_loss: 0.0000, weighted_loss: 0.0001, label: 3, bag_size: 15813
batch 1879, loss: 0.0003, instance_loss: 0.0000, weighted_loss: 0.0002, label: 2, bag_size: 17241
batch 1899, loss: 0.0001, instance_loss: 0.0007, weighted_loss: 0.0003, label: 1, bag_size: 3832
batch 1919, loss: 0.0060, instance_loss: 0.0000, weighted_loss: 0.0042, label: 4, bag_size: 38607
batch 1939, loss: 0.0196, instance_loss: 0.0000, weighted_loss: 0.0137, label: 7, bag_size: 9704
batch 1959, loss: 0.0038, instance_loss: 0.0002, weighted_loss: 0.0027, label: 7, bag_size: 6220
batch 1979, loss: 0.0000, instance_loss: 0.0000, weighted_loss: 0.0000, label: 2, bag_size: 55669
batch 1999, loss: 0.0733, instance_loss: 0.0000, weighted_loss: 0.0513, label: 0, bag_size: 48169
batch 2019, loss: 0.0070, instance_loss: 0.0004, weighted_loss: 0.0050, label: 4, bag_size: 5383
batch 2039, loss: 0.0687, instance_loss: 0.0000, weighted_loss: 0.0481, label: 6, bag_size: 2878
batch 2059, loss: 0.0044, instance_loss: 0.0087, weighted_loss: 0.0057, label: 4, bag_size: 1742
batch 2079, loss: 0.0038, instance_loss: 0.0000, weighted_loss: 0.0027, label: 5, bag_size: 4549
batch 2099, loss: 0.0062, instance_loss: 0.0000, weighted_loss: 0.0044, label: 0, bag_size: 14458
batch 2119, loss: 0.0017, instance_loss: 0.0059, weighted_loss: 0.0030, label: 4, bag_size: 2776
batch 2139, loss: 0.0008, instance_loss: 0.0000, weighted_loss: 0.0005, label: 5, bag_size: 18304
batch 2159, loss: 0.0844, instance_loss: 0.0000, weighted_loss: 0.0591, label: 6, bag_size: 16020
batch 2179, loss: 0.0000, instance_loss: 0.0003, weighted_loss: 0.0001, label: 1, bag_size: 47248
batch 2199, loss: 0.0025, instance_loss: 0.0000, weighted_loss: 0.0017, label: 0, bag_size: 31191
batch 2219, loss: 0.0359, instance_loss: 0.0008, weighted_loss: 0.0254, label: 7, bag_size: 5651
batch 2239, loss: 0.0001, instance_loss: 0.0000, weighted_loss: 0.0001, label: 2, bag_size: 55669
batch 2259, loss: 0.0284, instance_loss: 0.0000, weighted_loss: 0.0199, label: 6, bag_size: 11751
batch 2279, loss: 0.0000, instance_loss: 0.0000, weighted_loss: 0.0000, label: 3, bag_size: 45816
batch 2299, loss: 0.0000, instance_loss: 0.0000, weighted_loss: 0.0000, label: 3, bag_size: 15813
batch 2319, loss: 0.0060, instance_loss: 0.0165, weighted_loss: 0.0091, label: 6, bag_size: 4603
batch 2339, loss: 0.0001, instance_loss: 0.0000, weighted_loss: 0.0000, label: 2, bag_size: 27600
batch 2359, loss: 0.0005, instance_loss: 0.0000, weighted_loss: 0.0003, label: 3, bag_size: 48697
batch 2379, loss: 0.0103, instance_loss: 0.0000, weighted_loss: 0.0072, label: 0, bag_size: 60895
batch 2399, loss: 1.2438, instance_loss: 0.0044, weighted_loss: 0.8720, label: 4, bag_size: 45670
batch 2419, loss: 0.0000, instance_loss: 0.0000, weighted_loss: 0.0000, label: 2, bag_size: 18291


class 0 clustering acc 0.9991178912411789: correct 19255/19272
class 1 clustering acc 0.9966791199667911: correct 19208/19272
Epoch: 12, train_loss: 0.1343, train_clustering_loss:  0.0137, train_error: 0.0428
class 0: acc 0.9893617021276596, correct 279/282
class 1: acc 1.0, correct 314/314
class 2: acc 1.0, correct 326/326
class 3: acc 0.993485342019544, correct 305/307
class 4: acc 0.9561128526645768, correct 305/319
class 5: acc 1.0, correct 281/281
class 6: acc 0.9259259259259259, correct 275/297
class 7: acc 0.7809187279151943, correct 221/283
Warning: Feature file not found, skipping: /media/administrador/Storage1/sdonoso/clam_environ/environ/features/pt_files/histai_0126_slide_H&E_2.pt
Warning: Feature file not found, skipping: /media/administrador/Storage1/sdonoso/clam_environ/environ/features/pt_files/histai_0063_slide_H&E_4.pt
Warning: Feature file not found, skipping: /media/administrador/Storage1/sdonoso/clam_environ/environ/features/pt_files/histai_0088_slide_H&E_0.pt
Warning: Feature file not found, skipping: /media/administrador/Storage1/sdonoso/clam_environ/environ/features/pt_files/histai_0046_slide_H&E_4.pt
Warning: Feature file not found, skipping: /media/administrador/Storage1/sdonoso/clam_environ/environ/features/pt_files/histai_0046_slide_H&E_2.pt
Warning: Feature file not found, skipping: /media/administrador/Storage1/sdonoso/clam_environ/environ/features/pt_files/histai_0038_slide_H&E_4.pt
Warning: Feature file not found, skipping: /media/administrador/Storage1/sdonoso/clam_environ/environ/features/pt_files/histai_0126_slide_H&E_1.pt
Warning: Feature file not found, skipping: /media/administrador/Storage1/sdonoso/clam_environ/environ/features/pt_files/histai_0063_slide_H&E_7.pt
Warning: Feature file not found, skipping: /media/administrador/Storage1/sdonoso/clam_environ/environ/features/pt_files/histai_0088_slide_H&E_2.pt
Warning: Feature file not found, skipping: /media/administrador/Storage1/sdonoso/clam_environ/environ/features/pt_files/histai_0046_slide_H&E_7.pt
Warning: Feature file not found, skipping: /media/administrador/Storage1/sdonoso/clam_environ/environ/features/pt_files/histai_0046_slide_H&E_5.pt
Warning: Feature file not found, skipping: /media/administrador/Storage1/sdonoso/clam_environ/environ/features/pt_files/histai_0003_slide_H&E_1.pt
Warning: Feature file not found, skipping: /media/administrador/Storage1/sdonoso/clam_environ/environ/features/pt_files/histai_0038_slide_H&E_2.pt
Warning: Feature file not found, skipping: /media/administrador/Storage1/sdonoso/clam_environ/environ/features/pt_files/histai_0126_slide_H&E_0.pt
Warning: Feature file not found, skipping: /media/administrador/Storage1/sdonoso/clam_environ/environ/features/pt_files/histai_0063_slide_H&E_6.pt
Warning: Feature file not found, skipping: /media/administrador/Storage1/sdonoso/clam_environ/environ/features/pt_files/histai_0063_slide_H&E_3.pt
Warning: Feature file not found, skipping: /media/administrador/Storage1/sdonoso/clam_environ/environ/features/pt_files/histai_0088_slide_H&E_1.pt
Warning: Feature file not found, skipping: /media/administrador/Storage1/sdonoso/clam_environ/environ/features/pt_files/histai_0046_slide_H&E_3.pt
Warning: Feature file not found, skipping: /media/administrador/Storage1/sdonoso/clam_environ/environ/features/pt_files/histai_0046_slide_H&E_1.pt
Warning: Feature file not found, skipping: /media/administrador/Storage1/sdonoso/clam_environ/environ/features/pt_files/histai_0063_slide_H&E_1.pt
Warning: Feature file not found, skipping: /media/administrador/Storage1/sdonoso/clam_environ/environ/features/pt_files/histai_0088_slide_H&E_3.pt
Warning: Feature file not found, skipping: /media/administrador/Storage1/sdonoso/clam_environ/environ/features/pt_files/histai_0046_slide_H&E_6.pt
Warning: Feature file not found, skipping: /media/administrador/Storage1/sdonoso/clam_environ/environ/features/pt_files/histai_0046_slide_H&E_0.pt
Warning: Feature file not found, skipping: /media/administrador/Storage1/sdonoso/clam_environ/environ/features/pt_files/histai_0038_slide_H&E_3.pt

Val Set, val_loss: 1.3178, val_error: 0.3492, auc: 0.6538
class 0 clustering acc 0.9987288135593221: correct 2357/2360
class 1 clustering acc 0.9889830508474576: correct 2334/2360
class 0: acc 0.0, correct 0/4
class 1: acc 0.0, correct 0/1
class 2: acc 0.0, correct 0/1
class 3: acc 0.0, correct 0/1
class 4: acc 0.25, correct 2/8
class 5: acc 0.0, correct 0/1
class 6: acc 0.3125, correct 5/16
class 7: acc 0.7034220532319392, correct 185/263
EarlyStopping counter: 11 out of 20


batch 19, loss: 0.0006, instance_loss: 0.0000, weighted_loss: 0.0005, label: 3, bag_size: 34611
batch 39, loss: 0.0488, instance_loss: 0.0000, weighted_loss: 0.0342, label: 6, bag_size: 2371
batch 59, loss: 0.0603, instance_loss: 0.0072, weighted_loss: 0.0443, label: 4, bag_size: 19175
batch 79, loss: 0.0001, instance_loss: 0.0000, weighted_loss: 0.0000, label: 2, bag_size: 17241
batch 99, loss: 0.0023, instance_loss: 0.0000, weighted_loss: 0.0016, label: 3, bag_size: 82568
batch 119, loss: 0.0053, instance_loss: 0.0007, weighted_loss: 0.0039, label: 0, bag_size: 63464
batch 139, loss: 0.0096, instance_loss: 0.0000, weighted_loss: 0.0067, label: 7, bag_size: 7064
batch 159, loss: 0.0544, instance_loss: 0.0004, weighted_loss: 0.0382, label: 0, bag_size: 12632
batch 179, loss: 0.0528, instance_loss: 0.0002, weighted_loss: 0.0370, label: 2, bag_size: 27600
batch 199, loss: 0.0004, instance_loss: 0.0000, weighted_loss: 0.0003, label: 0, bag_size: 76990
batch 219, loss: 0.0002, instance_loss: 0.0004, weighted_loss: 0.0003, label: 1, bag_size: 26832
batch 239, loss: 0.0001, instance_loss: 0.0022, weighted_loss: 0.0008, label: 1, bag_size: 47248
batch 259, loss: 0.0006, instance_loss: 0.0160, weighted_loss: 0.0052, label: 1, bag_size: 23247
batch 279, loss: 0.0150, instance_loss: 0.0165, weighted_loss: 0.0154, label: 4, bag_size: 15944
batch 299, loss: 0.1177, instance_loss: 0.0002, weighted_loss: 0.0825, label: 4, bag_size: 71756
batch 319, loss: 0.0060, instance_loss: 0.0002, weighted_loss: 0.0043, label: 5, bag_size: 4549
batch 339, loss: 0.0000, instance_loss: 0.0000, weighted_loss: 0.0000, label: 3, bag_size: 94662
batch 359, loss: 0.0000, instance_loss: 0.0000, weighted_loss: 0.0000, label: 2, bag_size: 55669
batch 379, loss: 0.0005, instance_loss: 0.0297, weighted_loss: 0.0092, label: 7, bag_size: 1230
batch 399, loss: 0.0107, instance_loss: 0.0000, weighted_loss: 0.0075, label: 5, bag_size: 42075
batch 419, loss: 0.0010, instance_loss: 0.0065, weighted_loss: 0.0027, label: 4, bag_size: 25418
batch 439, loss: 0.0083, instance_loss: 0.0000, weighted_loss: 0.0058, label: 0, bag_size: 71179
batch 459, loss: 0.0172, instance_loss: 0.0129, weighted_loss: 0.0159, label: 4, bag_size: 9160
batch 479, loss: 0.0044, instance_loss: 0.0011, weighted_loss: 0.0034, label: 5, bag_size: 74305
batch 499, loss: 0.0243, instance_loss: 0.0000, weighted_loss: 0.0170, label: 0, bag_size: 31191
batch 519, loss: 2.2094, instance_loss: 0.0067, weighted_loss: 1.5486, label: 4, bag_size: 24955
batch 539, loss: 0.0017, instance_loss: 0.0000, weighted_loss: 0.0012, label: 5, bag_size: 4549
batch 559, loss: 0.0142, instance_loss: 0.0000, weighted_loss: 0.0099, label: 3, bag_size: 82568
batch 579, loss: 0.0006, instance_loss: 0.0024, weighted_loss: 0.0012, label: 1, bag_size: 3832
batch 599, loss: 0.1780, instance_loss: 0.0085, weighted_loss: 0.1272, label: 4, bag_size: 58494
batch 619, loss: 0.0002, instance_loss: 0.0000, weighted_loss: 0.0001, label: 2, bag_size: 55669
batch 639, loss: 0.0001, instance_loss: 0.0008, weighted_loss: 0.0003, label: 2, bag_size: 18291
batch 659, loss: 0.0232, instance_loss: 0.0047, weighted_loss: 0.0177, label: 4, bag_size: 55956
batch 679, loss: 0.0064, instance_loss: 0.0002, weighted_loss: 0.0045, label: 3, bag_size: 34611
batch 699, loss: 0.0309, instance_loss: 0.0002, weighted_loss: 0.0217, label: 0, bag_size: 14638
batch 719, loss: 0.0027, instance_loss: 0.0000, weighted_loss: 0.0019, label: 3, bag_size: 47490
batch 739, loss: 0.1310, instance_loss: 0.0112, weighted_loss: 0.0951, label: 4, bag_size: 46892
batch 759, loss: 0.0082, instance_loss: 0.0000, weighted_loss: 0.0057, label: 5, bag_size: 19119
batch 779, loss: 0.0052, instance_loss: 0.0000, weighted_loss: 0.0037, label: 0, bag_size: 18834
batch 799, loss: 0.0301, instance_loss: 0.0000, weighted_loss: 0.0211, label: 5, bag_size: 18304
batch 819, loss: 0.0024, instance_loss: 0.0049, weighted_loss: 0.0032, label: 7, bag_size: 18680
batch 839, loss: 0.1482, instance_loss: 0.0179, weighted_loss: 0.1091, label: 4, bag_size: 37650
batch 859, loss: 0.0012, instance_loss: 0.0044, weighted_loss: 0.0021, label: 1, bag_size: 51943
batch 879, loss: 0.0003, instance_loss: 0.0000, weighted_loss: 0.0002, label: 2, bag_size: 18291
batch 899, loss: 0.8793, instance_loss: 0.0000, weighted_loss: 0.6155, label: 7, bag_size: 6638
batch 919, loss: 0.0022, instance_loss: 0.0003, weighted_loss: 0.0016, label: 0, bag_size: 4855
batch 939, loss: 0.0061, instance_loss: 0.0030, weighted_loss: 0.0052, label: 1, bag_size: 51943
batch 959, loss: 0.5809, instance_loss: 0.0164, weighted_loss: 0.4115, label: 4, bag_size: 47757
batch 979, loss: 0.0020, instance_loss: 0.0000, weighted_loss: 0.0014, label: 5, bag_size: 18304
batch 999, loss: 0.0015, instance_loss: 0.0011, weighted_loss: 0.0014, label: 5, bag_size: 4549
batch 1019, loss: 1.4987, instance_loss: 0.0015, weighted_loss: 1.0495, label: 6, bag_size: 66111
batch 1039, loss: 0.0002, instance_loss: 0.0000, weighted_loss: 0.0002, label: 3, bag_size: 94662
batch 1059, loss: 0.0004, instance_loss: 0.0008, weighted_loss: 0.0005, label: 7, bag_size: 1479
batch 1079, loss: 0.0041, instance_loss: 0.0002, weighted_loss: 0.0029, label: 7, bag_size: 29844
batch 1099, loss: 0.0352, instance_loss: 0.0000, weighted_loss: 0.0246, label: 3, bag_size: 82568
batch 1119, loss: 0.2210, instance_loss: 0.0000, weighted_loss: 0.1547, label: 6, bag_size: 3881
batch 1139, loss: 0.2623, instance_loss: 0.0000, weighted_loss: 0.1836, label: 6, bag_size: 42248
batch 1159, loss: 0.0046, instance_loss: 0.0000, weighted_loss: 0.0033, label: 3, bag_size: 47490
batch 1179, loss: 0.6232, instance_loss: 0.0087, weighted_loss: 0.4388, label: 7, bag_size: 9478
batch 1199, loss: 0.0012, instance_loss: 0.0000, weighted_loss: 0.0009, label: 3, bag_size: 47490
batch 1219, loss: 0.1101, instance_loss: 0.0002, weighted_loss: 0.0771, label: 6, bag_size: 53008
batch 1239, loss: 3.9751, instance_loss: 0.0010, weighted_loss: 2.7829, label: 4, bag_size: 5383
batch 1259, loss: 0.0018, instance_loss: 0.0076, weighted_loss: 0.0036, label: 1, bag_size: 47817
batch 1279, loss: 0.0002, instance_loss: 0.0000, weighted_loss: 0.0001, label: 3, bag_size: 40462
batch 1299, loss: 0.0000, instance_loss: 0.0000, weighted_loss: 0.0000, label: 2, bag_size: 17241
batch 1319, loss: 0.0304, instance_loss: 0.0035, weighted_loss: 0.0223, label: 7, bag_size: 23923
batch 1339, loss: 0.0001, instance_loss: 0.0360, weighted_loss: 0.0109, label: 4, bag_size: 2213
batch 1359, loss: 0.0006, instance_loss: 0.0000, weighted_loss: 0.0004, label: 2, bag_size: 18291
batch 1379, loss: 0.0579, instance_loss: 0.0008, weighted_loss: 0.0407, label: 7, bag_size: 6748
batch 1439, loss: 0.0010, instance_loss: 0.0008, weighted_loss: 0.0009, label: 5, bag_size: 18304
batch 1459, loss: 0.0079, instance_loss: 0.0372, weighted_loss: 0.0167, label: 4, bag_size: 2213
batch 1479, loss: 0.0073, instance_loss: 0.0000, weighted_loss: 0.0051, label: 0, bag_size: 63464
batch 1499, loss: 0.0152, instance_loss: 0.0011, weighted_loss: 0.0109, label: 6, bag_size: 29131
batch 1519, loss: 0.0016, instance_loss: 0.0000, weighted_loss: 0.0011, label: 3, bag_size: 82568
batch 1539, loss: 0.0241, instance_loss: 0.0000, weighted_loss: 0.0169, label: 6, bag_size: 4392
batch 1559, loss: 0.0041, instance_loss: 0.0000, weighted_loss: 0.0028, label: 0, bag_size: 63464
batch 1579, loss: 0.0357, instance_loss: 0.0024, weighted_loss: 0.0257, label: 4, bag_size: 43944
batch 1599, loss: 0.0049, instance_loss: 0.0000, weighted_loss: 0.0034, label: 3, bag_size: 40779
batch 1619, loss: 0.0002, instance_loss: 0.0000, weighted_loss: 0.0002, label: 3, bag_size: 74422
batch 1639, loss: 0.0007, instance_loss: 0.0012, weighted_loss: 0.0009, label: 1, bag_size: 39579
batch 1659, loss: 0.0001, instance_loss: 0.1095, weighted_loss: 0.0329, label: 1, bag_size: 11584
batch 1679, loss: 0.0000, instance_loss: 0.0000, weighted_loss: 0.0000, label: 2, bag_size: 55669
batch 1699, loss: 0.0096, instance_loss: 0.0000, weighted_loss: 0.0067, label: 6, bag_size: 7286
batch 1719, loss: 0.0707, instance_loss: 0.0156, weighted_loss: 0.0542, label: 4, bag_size: 4503
Warning: Feature file not found, skipping: /media/administrador/Storage1/sdonoso/clam_environ/environ/features/pt_files/150012-2-3.pt
Warning: Feature file not found, skipping: /media/administrador/Storage1/sdonoso/clam_environ/environ/features/pt_files/150012-2-3.pt
Warning: Feature file not found, skipping: /media/administrador/Storage1/sdonoso/clam_environ/environ/features/pt_files/150012-2-3.pt
Warning: Feature file not found, skipping: /media/administrador/Storage1/sdonoso/clam_environ/environ/features/pt_files/150012-2-3.pt
Warning: Feature file not found, skipping: /media/administrador/Storage1/sdonoso/clam_environ/environ/features/pt_files/histai_0037_slide_H&E_0.pt
Warning: Feature file not found, skipping: /media/administrador/Storage1/sdonoso/clam_environ/environ/features/pt_files/150012-2-3.pt
Warning: Feature file not found, skipping: /media/administrador/Storage1/sdonoso/clam_environ/environ/features/pt_files/150012-2-3.pt
Warning: Feature file not found, skipping: /media/administrador/Storage1/sdonoso/clam_environ/environ/features/pt_files/histai_0030_slide_H&E_0.pt
Warning: Feature file not found, skipping: /media/administrador/Storage1/sdonoso/clam_environ/environ/features/pt_files/150012-2-3.pt
Warning: Feature file not found, skipping: /media/administrador/Storage1/sdonoso/clam_environ/environ/features/pt_files/150012-2-3.pt
Warning: Feature file not found, skipping: /media/administrador/Storage1/sdonoso/clam_environ/environ/features/pt_files/150012-2-3.pt
Warning: Feature file not found, skipping: /media/administrador/Storage1/sdonoso/clam_environ/environ/features/pt_files/150012-2-3.pt
Warning: Feature file not found, skipping: /media/administrador/Storage1/sdonoso/clam_environ/environ/features/pt_files/150012-2-3.pt
Warning: Feature file not found, skipping: /media/administrador/Storage1/sdonoso/clam_environ/environ/features/pt_files/150012-2-3.pt
Warning: Feature file not found, skipping: /media/administrador/Storage1/sdonoso/clam_environ/environ/features/pt_files/150012-2-3.pt
Warning: Feature file not found, skipping: /media/administrador/Storage1/sdonoso/clam_environ/environ/features/pt_files/150012-2-3.pt
Warning: Feature file not found, skipping: /media/administrador/Storage1/sdonoso/clam_environ/environ/features/pt_files/150012-2-3.pt
Warning: Feature file not found, skipping: /media/administrador/Storage1/sdonoso/clam_environ/environ/features/pt_files/150012-2-3.pt
Warning: Feature file not found, skipping: /media/administrador/Storage1/sdonoso/clam_environ/environ/features/pt_files/histai_0007_slide_H&E_4.pt
Warning: Feature file not found, skipping: /media/administrador/Storage1/sdonoso/clam_environ/environ/features/pt_files/150012-2-3.pt
Warning: Feature file not found, skipping: /media/administrador/Storage1/sdonoso/clam_environ/environ/features/pt_files/150012-2-3.pt
Warning: Feature file not found, skipping: /media/administrador/Storage1/sdonoso/clam_environ/environ/features/pt_files/150012-2-3.pt
Warning: Feature file not found, skipping: /media/administrador/Storage1/sdonoso/clam_environ/environ/features/pt_files/150012-2-3.pt
Warning: Feature file not found, skipping: /media/administrador/Storage1/sdonoso/clam_environ/environ/features/pt_files/150012-2-3.pt
Warning: Feature file not found, skipping: /media/administrador/Storage1/sdonoso/clam_environ/environ/features/pt_files/150012-2-3.pt
Warning: Feature file not found, skipping: /media/administrador/Storage1/sdonoso/clam_environ/environ/features/pt_files/150012-2-3.pt
batch 1739, loss: 0.0004, instance_loss: 0.0015, weighted_loss: 0.0008, label: 3, bag_size: 40779
batch 1759, loss: 0.0000, instance_loss: 0.5744, weighted_loss: 0.1723, label: 7, bag_size: 913
batch 1779, loss: 0.1061, instance_loss: 0.0069, weighted_loss: 0.0763, label: 6, bag_size: 5736
batch 1799, loss: 0.0000, instance_loss: 0.0040, weighted_loss: 0.0012, label: 7, bag_size: 6942
batch 1819, loss: 0.7444, instance_loss: 0.0000, weighted_loss: 0.5211, label: 6, bag_size: 9685
batch 1839, loss: 0.0082, instance_loss: 0.0004, weighted_loss: 0.0059, label: 5, bag_size: 42075
batch 1859, loss: 0.0530, instance_loss: 0.0055, weighted_loss: 0.0387, label: 4, bag_size: 15220
batch 1879, loss: 0.0001, instance_loss: 0.0000, weighted_loss: 0.0000, label: 2, bag_size: 17241
batch 1899, loss: 0.0203, instance_loss: 0.0068, weighted_loss: 0.0163, label: 4, bag_size: 4503
batch 1919, loss: 0.0181, instance_loss: 0.0000, weighted_loss: 0.0127, label: 0, bag_size: 14638
batch 1939, loss: 0.0004, instance_loss: 0.0000, weighted_loss: 0.0003, label: 3, bag_size: 40462
batch 1959, loss: 0.0819, instance_loss: 0.0007, weighted_loss: 0.0576, label: 0, bag_size: 14638
batch 1979, loss: 0.0023, instance_loss: 0.0000, weighted_loss: 0.0016, label: 0, bag_size: 18834
batch 1999, loss: 0.0001, instance_loss: 0.0000, weighted_loss: 0.0001, label: 2, bag_size: 17241
batch 2019, loss: 0.0005, instance_loss: 0.0054, weighted_loss: 0.0019, label: 6, bag_size: 7174
batch 2039, loss: 0.0240, instance_loss: 0.0010, weighted_loss: 0.0171, label: 4, bag_size: 64706
batch 2059, loss: 0.0001, instance_loss: 0.0000, weighted_loss: 0.0001, label: 3, bag_size: 15813
batch 2079, loss: 0.2944, instance_loss: 0.0006, weighted_loss: 0.2063, label: 6, bag_size: 3616
batch 2099, loss: 0.0000, instance_loss: 0.0389, weighted_loss: 0.0117, label: 1, bag_size: 11584
batch 2119, loss: 1.5782, instance_loss: 0.0000, weighted_loss: 1.1048, label: 6, bag_size: 50530
batch 2139, loss: 0.0011, instance_loss: 0.0003, weighted_loss: 0.0008, label: 1, bag_size: 10314
batch 2159, loss: 0.0000, instance_loss: 0.0000, weighted_loss: 0.0000, label: 2, bag_size: 17241
batch 2179, loss: 0.9493, instance_loss: 0.0013, weighted_loss: 0.6649, label: 7, bag_size: 2856
batch 2199, loss: 0.0001, instance_loss: 0.0000, weighted_loss: 0.0000, label: 2, bag_size: 18291
batch 2219, loss: 0.0009, instance_loss: 0.0004, weighted_loss: 0.0007, label: 1, bag_size: 23247
batch 2239, loss: 0.0011, instance_loss: 0.0000, weighted_loss: 0.0008, label: 1, bag_size: 23247
batch 2259, loss: 0.0161, instance_loss: 0.0000, weighted_loss: 0.0113, label: 0, bag_size: 100791
batch 2279, loss: 3.6538, instance_loss: 0.0002, weighted_loss: 2.5577, label: 4, bag_size: 45670
batch 2299, loss: 0.0062, instance_loss: 0.0082, weighted_loss: 0.0068, label: 1, bag_size: 47248
batch 2319, loss: 0.0048, instance_loss: 0.1898, weighted_loss: 0.0603, label: 7, bag_size: 2459
batch 2339, loss: 0.0062, instance_loss: 0.0000, weighted_loss: 0.0044, label: 0, bag_size: 53763
batch 2359, loss: 0.0001, instance_loss: 0.0000, weighted_loss: 0.0001, label: 3, bag_size: 40462
batch 2379, loss: 0.0030, instance_loss: 0.0069, weighted_loss: 0.0042, label: 1, bag_size: 51943
batch 2399, loss: 0.0015, instance_loss: 0.0037, weighted_loss: 0.0022, label: 1, bag_size: 23247
batch 2419, loss: 0.0002, instance_loss: 0.0000, weighted_loss: 0.0001, label: 1, bag_size: 26832


class 0 clustering acc 0.9986007462686567: correct 19269/19296
class 1 clustering acc 0.9951285240464345: correct 19202/19296
Epoch: 13, train_loss: 0.1540, train_clustering_loss:  0.0218, train_error: 0.0493
class 0: acc 0.9900332225913622, correct 298/301
class 1: acc 1.0, correct 311/311
class 2: acc 1.0, correct 319/319
class 3: acc 0.9928825622775801, correct 279/281
class 4: acc 0.9532710280373832, correct 306/321
class 5: acc 0.9964028776978417, correct 277/278
class 6: acc 0.8947368421052632, correct 272/304
class 7: acc 0.7777777777777778, correct 231/297
Warning: Feature file not found, skipping: /media/administrador/Storage1/sdonoso/clam_environ/environ/features/pt_files/histai_0126_slide_H&E_2.pt
Warning: Feature file not found, skipping: /media/administrador/Storage1/sdonoso/clam_environ/environ/features/pt_files/histai_0063_slide_H&E_4.pt
Warning: Feature file not found, skipping: /media/administrador/Storage1/sdonoso/clam_environ/environ/features/pt_files/histai_0088_slide_H&E_0.pt
Warning: Feature file not found, skipping: /media/administrador/Storage1/sdonoso/clam_environ/environ/features/pt_files/histai_0046_slide_H&E_4.pt
Warning: Feature file not found, skipping: /media/administrador/Storage1/sdonoso/clam_environ/environ/features/pt_files/histai_0046_slide_H&E_2.pt
Warning: Feature file not found, skipping: /media/administrador/Storage1/sdonoso/clam_environ/environ/features/pt_files/histai_0038_slide_H&E_4.pt
Warning: Feature file not found, skipping: /media/administrador/Storage1/sdonoso/clam_environ/environ/features/pt_files/histai_0063_slide_H&E_1.pt
Warning: Feature file not found, skipping: /media/administrador/Storage1/sdonoso/clam_environ/environ/features/pt_files/histai_0088_slide_H&E_3.pt
Warning: Feature file not found, skipping: /media/administrador/Storage1/sdonoso/clam_environ/environ/features/pt_files/histai_0046_slide_H&E_6.pt
Warning: Feature file not found, skipping: /media/administrador/Storage1/sdonoso/clam_environ/environ/features/pt_files/histai_0046_slide_H&E_0.pt
Warning: Feature file not found, skipping: /media/administrador/Storage1/sdonoso/clam_environ/environ/features/pt_files/histai_0038_slide_H&E_3.pt
Warning: Feature file not found, skipping: /media/administrador/Storage1/sdonoso/clam_environ/environ/features/pt_files/histai_0126_slide_H&E_0.pt
Warning: Feature file not found, skipping: /media/administrador/Storage1/sdonoso/clam_environ/environ/features/pt_files/histai_0063_slide_H&E_6.pt
Warning: Feature file not found, skipping: /media/administrador/Storage1/sdonoso/clam_environ/environ/features/pt_files/histai_0063_slide_H&E_3.pt
Warning: Feature file not found, skipping: /media/administrador/Storage1/sdonoso/clam_environ/environ/features/pt_files/histai_0088_slide_H&E_1.pt
Warning: Feature file not found, skipping: /media/administrador/Storage1/sdonoso/clam_environ/environ/features/pt_files/histai_0046_slide_H&E_3.pt
Warning: Feature file not found, skipping: /media/administrador/Storage1/sdonoso/clam_environ/environ/features/pt_files/histai_0046_slide_H&E_1.pt
Warning: Feature file not found, skipping: /media/administrador/Storage1/sdonoso/clam_environ/environ/features/pt_files/histai_0126_slide_H&E_1.pt
Warning: Feature file not found, skipping: /media/administrador/Storage1/sdonoso/clam_environ/environ/features/pt_files/histai_0063_slide_H&E_7.pt
Warning: Feature file not found, skipping: /media/administrador/Storage1/sdonoso/clam_environ/environ/features/pt_files/histai_0088_slide_H&E_2.pt
Warning: Feature file not found, skipping: /media/administrador/Storage1/sdonoso/clam_environ/environ/features/pt_files/histai_0046_slide_H&E_7.pt
Warning: Feature file not found, skipping: /media/administrador/Storage1/sdonoso/clam_environ/environ/features/pt_files/histai_0046_slide_H&E_5.pt
Warning: Feature file not found, skipping: /media/administrador/Storage1/sdonoso/clam_environ/environ/features/pt_files/histai_0003_slide_H&E_1.pt
Warning: Feature file not found, skipping: /media/administrador/Storage1/sdonoso/clam_environ/environ/features/pt_files/histai_0038_slide_H&E_2.pt

Val Set, val_loss: 1.2755, val_error: 0.2814, auc: 0.6644
class 0 clustering acc 0.9995762711864407: correct 2359/2360
class 1 clustering acc 0.9906779661016949: correct 2338/2360
class 0: acc 0.0, correct 0/4
class 1: acc 0.0, correct 0/1
class 2: acc 0.0, correct 0/1
class 3: acc 0.0, correct 0/1
class 4: acc 0.5, correct 4/8
class 5: acc 0.0, correct 0/1
class 6: acc 0.3125, correct 5/16
class 7: acc 0.7718631178707225, correct 203/263
EarlyStopping counter: 12 out of 20


batch 19, loss: 0.0004, instance_loss: 0.0973, weighted_loss: 0.0295, label: 1, bag_size: 11584
batch 39, loss: 0.0002, instance_loss: 0.1164, weighted_loss: 0.0351, label: 1, bag_size: 23247
batch 59, loss: 0.0000, instance_loss: 0.0022, weighted_loss: 0.0007, label: 1, bag_size: 47248
batch 79, loss: 0.2437, instance_loss: 0.0081, weighted_loss: 0.1730, label: 7, bag_size: 7534
batch 99, loss: 0.0025, instance_loss: 0.0037, weighted_loss: 0.0028, label: 4, bag_size: 1979
batch 119, loss: 0.0022, instance_loss: 0.0016, weighted_loss: 0.0020, label: 1, bag_size: 10314
batch 139, loss: 0.0000, instance_loss: 0.0000, weighted_loss: 0.0000, label: 0, bag_size: 18834
batch 159, loss: 0.0007, instance_loss: 0.0320, weighted_loss: 0.0101, label: 1, bag_size: 11584
batch 179, loss: 0.0061, instance_loss: 0.0000, weighted_loss: 0.0043, label: 0, bag_size: 37484
batch 199, loss: 0.0013, instance_loss: 0.0026, weighted_loss: 0.0017, label: 0, bag_size: 33558
batch 219, loss: 0.0662, instance_loss: 0.0083, weighted_loss: 0.0488, label: 4, bag_size: 17286
batch 239, loss: 0.0001, instance_loss: 0.0003, weighted_loss: 0.0001, label: 3, bag_size: 40462
batch 279, loss: 0.0072, instance_loss: 0.0837, weighted_loss: 0.0302, label: 1, bag_size: 11584
batch 299, loss: 0.0003, instance_loss: 0.1628, weighted_loss: 0.0491, label: 1, bag_size: 11584
batch 319, loss: 1.9446, instance_loss: 0.0839, weighted_loss: 1.3864, label: 7, bag_size: 70807
batch 339, loss: 0.0008, instance_loss: 0.0012, weighted_loss: 0.0010, label: 1, bag_size: 23247
batch 359, loss: 0.4242, instance_loss: 0.0000, weighted_loss: 0.2969, label: 6, bag_size: 16627
batch 379, loss: 0.2742, instance_loss: 0.0000, weighted_loss: 0.1920, label: 0, bag_size: 41037
batch 399, loss: 0.0930, instance_loss: 0.0783, weighted_loss: 0.0886, label: 7, bag_size: 15297
batch 419, loss: 0.0009, instance_loss: 0.0088, weighted_loss: 0.0032, label: 7, bag_size: 1734
batch 439, loss: 0.0002, instance_loss: 0.0000, weighted_loss: 0.0001, label: 3, bag_size: 45816
batch 459, loss: 0.0008, instance_loss: 0.0000, weighted_loss: 0.0005, label: 0, bag_size: 29441
batch 479, loss: 0.0000, instance_loss: 0.0000, weighted_loss: 0.0000, label: 2, bag_size: 18291
batch 499, loss: 0.1624, instance_loss: 0.0022, weighted_loss: 0.1143, label: 5, bag_size: 40909
batch 519, loss: 0.0078, instance_loss: 0.0029, weighted_loss: 0.0064, label: 4, bag_size: 1742
batch 539, loss: 0.5893, instance_loss: 0.0003, weighted_loss: 0.4126, label: 7, bag_size: 3991
batch 559, loss: 0.0000, instance_loss: 0.0003, weighted_loss: 0.0001, label: 2, bag_size: 27600
batch 579, loss: 0.0001, instance_loss: 0.0279, weighted_loss: 0.0085, label: 1, bag_size: 11584
batch 599, loss: 0.0321, instance_loss: 0.0002, weighted_loss: 0.0225, label: 5, bag_size: 42075
batch 619, loss: 0.0004, instance_loss: 0.0000, weighted_loss: 0.0003, label: 3, bag_size: 40462
batch 639, loss: 0.0006, instance_loss: 0.0000, weighted_loss: 0.0004, label: 3, bag_size: 94662
batch 659, loss: 0.0264, instance_loss: 0.0000, weighted_loss: 0.0185, label: 6, bag_size: 56695
batch 679, loss: 0.0001, instance_loss: 0.0000, weighted_loss: 0.0000, label: 2, bag_size: 17241
batch 699, loss: 0.0005, instance_loss: 0.0000, weighted_loss: 0.0003, label: 3, bag_size: 47490
batch 719, loss: 0.0069, instance_loss: 0.0217, weighted_loss: 0.0113, label: 4, bag_size: 2776
batch 739, loss: 0.0048, instance_loss: 0.0323, weighted_loss: 0.0130, label: 7, bag_size: 17757
batch 759, loss: 0.0001, instance_loss: 0.0000, weighted_loss: 0.0001, label: 3, bag_size: 45816
batch 779, loss: 0.1047, instance_loss: 0.0000, weighted_loss: 0.0733, label: 6, bag_size: 74767
batch 799, loss: 0.0010, instance_loss: 0.0000, weighted_loss: 0.0007, label: 3, bag_size: 47490
batch 819, loss: 0.0034, instance_loss: 0.0010, weighted_loss: 0.0027, label: 4, bag_size: 10966
batch 839, loss: 0.0000, instance_loss: 0.0005, weighted_loss: 0.0001, label: 1, bag_size: 3832
batch 859, loss: 0.0000, instance_loss: 0.0006, weighted_loss: 0.0002, label: 7, bag_size: 2785
batch 879, loss: 0.0595, instance_loss: 0.0000, weighted_loss: 0.0416, label: 6, bag_size: 44918
batch 899, loss: 2.0662, instance_loss: 0.0298, weighted_loss: 1.4553, label: 7, bag_size: 26635
batch 919, loss: 0.0000, instance_loss: 0.0004, weighted_loss: 0.0001, label: 0, bag_size: 29441
batch 939, loss: 0.0179, instance_loss: 0.0000, weighted_loss: 0.0125, label: 6, bag_size: 56695
batch 959, loss: 0.0000, instance_loss: 0.0000, weighted_loss: 0.0000, label: 2, bag_size: 27600
batch 979, loss: 1.2589, instance_loss: 0.0009, weighted_loss: 0.8815, label: 4, bag_size: 31677
batch 999, loss: 1.2981, instance_loss: 0.0871, weighted_loss: 0.9348, label: 7, bag_size: 3681
batch 1019, loss: 1.1991, instance_loss: 0.0000, weighted_loss: 0.8394, label: 0, bag_size: 11173
batch 1039, loss: 0.9366, instance_loss: 0.0000, weighted_loss: 0.6556, label: 0, bag_size: 2957
batch 1059, loss: 0.0000, instance_loss: 0.0007, weighted_loss: 0.0002, label: 2, bag_size: 27600
batch 1079, loss: 0.0015, instance_loss: 0.0000, weighted_loss: 0.0010, label: 3, bag_size: 40462
batch 1099, loss: 0.0006, instance_loss: 0.0000, weighted_loss: 0.0004, label: 5, bag_size: 22096
batch 1119, loss: 0.0000, instance_loss: 0.0000, weighted_loss: 0.0000, label: 2, bag_size: 18291
batch 1139, loss: 0.6873, instance_loss: 0.0029, weighted_loss: 0.4820, label: 4, bag_size: 25418
batch 1159, loss: 1.1673, instance_loss: 0.0046, weighted_loss: 0.8185, label: 7, bag_size: 12250
batch 1179, loss: 0.0152, instance_loss: 0.0008, weighted_loss: 0.0109, label: 7, bag_size: 2526
batch 1199, loss: 0.0002, instance_loss: 0.0003, weighted_loss: 0.0003, label: 2, bag_size: 55669
batch 1219, loss: 0.0008, instance_loss: 0.0000, weighted_loss: 0.0005, label: 2, bag_size: 18291
batch 1239, loss: 0.0000, instance_loss: 0.0000, weighted_loss: 0.0000, label: 5, bag_size: 5565
batch 1259, loss: 0.0376, instance_loss: 0.0000, weighted_loss: 0.0263, label: 0, bag_size: 7987
batch 1279, loss: 0.0043, instance_loss: 0.0004, weighted_loss: 0.0031, label: 0, bag_size: 53337
batch 1299, loss: 0.0000, instance_loss: 0.0000, weighted_loss: 0.0000, label: 5, bag_size: 5565
batch 1319, loss: 0.0005, instance_loss: 0.0000, weighted_loss: 0.0003, label: 5, bag_size: 6337
batch 1339, loss: 0.0000, instance_loss: 0.0000, weighted_loss: 0.0000, label: 0, bag_size: 2957
batch 1359, loss: 0.0137, instance_loss: 0.0000, weighted_loss: 0.0096, label: 6, bag_size: 29131
batch 1379, loss: 0.0027, instance_loss: 0.0000, weighted_loss: 0.0019, label: 0, bag_size: 31191
batch 1399, loss: 0.0042, instance_loss: 0.0000, weighted_loss: 0.0030, label: 5, bag_size: 6337
batch 1419, loss: 0.0000, instance_loss: 0.0012, weighted_loss: 0.0004, label: 7, bag_size: 1170
batch 1439, loss: 0.8880, instance_loss: 0.0116, weighted_loss: 0.6251, label: 7, bag_size: 25019
batch 1459, loss: 0.1184, instance_loss: 0.0008, weighted_loss: 0.0831, label: 5, bag_size: 19119
batch 1479, loss: 0.0000, instance_loss: 0.0009, weighted_loss: 0.0003, label: 2, bag_size: 18291
batch 1499, loss: 0.0220, instance_loss: 0.0005, weighted_loss: 0.0156, label: 4, bag_size: 41745
batch 1519, loss: 0.0009, instance_loss: 0.0000, weighted_loss: 0.0006, label: 3, bag_size: 15813
batch 1539, loss: 0.0320, instance_loss: 0.0057, weighted_loss: 0.0241, label: 4, bag_size: 54366
batch 1559, loss: 0.0038, instance_loss: 0.0000, weighted_loss: 0.0027, label: 0, bag_size: 18834
batch 1579, loss: 0.0002, instance_loss: 0.0008, weighted_loss: 0.0003, label: 1, bag_size: 51943
batch 1599, loss: 0.0002, instance_loss: 0.0129, weighted_loss: 0.0040, label: 7, bag_size: 1539
batch 1619, loss: 0.0000, instance_loss: 0.0004, weighted_loss: 0.0001, label: 2, bag_size: 27600
batch 1639, loss: 0.0000, instance_loss: 0.0011, weighted_loss: 0.0003, label: 1, bag_size: 3832
batch 1659, loss: 0.2370, instance_loss: 0.0000, weighted_loss: 0.1659, label: 6, bag_size: 31434
batch 1679, loss: 0.0006, instance_loss: 0.0000, weighted_loss: 0.0004, label: 3, bag_size: 34611
batch 1699, loss: 0.2927, instance_loss: 0.2152, weighted_loss: 0.2695, label: 0, bag_size: 7715
Warning: Feature file not found, skipping: /media/administrador/Storage1/sdonoso/clam_environ/environ/features/pt_files/150012-2-3.pt
Warning: Feature file not found, skipping: /media/administrador/Storage1/sdonoso/clam_environ/environ/features/pt_files/150012-2-3.pt
Warning: Feature file not found, skipping: /media/administrador/Storage1/sdonoso/clam_environ/environ/features/pt_files/150012-2-3.pt
Warning: Feature file not found, skipping: /media/administrador/Storage1/sdonoso/clam_environ/environ/features/pt_files/150012-2-3.pt
Warning: Feature file not found, skipping: /media/administrador/Storage1/sdonoso/clam_environ/environ/features/pt_files/150012-2-3.pt
Warning: Feature file not found, skipping: /media/administrador/Storage1/sdonoso/clam_environ/environ/features/pt_files/histai_0030_slide_H&E_0.pt
Warning: Feature file not found, skipping: /media/administrador/Storage1/sdonoso/clam_environ/environ/features/pt_files/150012-2-3.pt
Warning: Feature file not found, skipping: /media/administrador/Storage1/sdonoso/clam_environ/environ/features/pt_files/150012-2-3.pt
Warning: Feature file not found, skipping: /media/administrador/Storage1/sdonoso/clam_environ/environ/features/pt_files/150012-2-3.pt
Warning: Feature file not found, skipping: /media/administrador/Storage1/sdonoso/clam_environ/environ/features/pt_files/150012-2-3.pt
Warning: Feature file not found, skipping: /media/administrador/Storage1/sdonoso/clam_environ/environ/features/pt_files/150012-2-3.pt
Warning: Feature file not found, skipping: /media/administrador/Storage1/sdonoso/clam_environ/environ/features/pt_files/histai_0074_slide_H&E_1.pt
Warning: Feature file not found, skipping: /media/administrador/Storage1/sdonoso/clam_environ/environ/features/pt_files/150012-2-3.pt
Warning: Feature file not found, skipping: /media/administrador/Storage1/sdonoso/clam_environ/environ/features/pt_files/histai_0030_slide_H&E_0.pt
Warning: Feature file not found, skipping: /media/administrador/Storage1/sdonoso/clam_environ/environ/features/pt_files/150012-2-3.pt
Warning: Feature file not found, skipping: /media/administrador/Storage1/sdonoso/clam_environ/environ/features/pt_files/150012-2-3.pt
Warning: Feature file not found, skipping: /media/administrador/Storage1/sdonoso/clam_environ/environ/features/pt_files/150012-2-3.pt
Warning: Feature file not found, skipping: /media/administrador/Storage1/sdonoso/clam_environ/environ/features/pt_files/150012-2-3.pt
Warning: Feature file not found, skipping: /media/administrador/Storage1/sdonoso/clam_environ/environ/features/pt_files/150012-2-3.pt
Warning: Feature file not found, skipping: /media/administrador/Storage1/sdonoso/clam_environ/environ/features/pt_files/150012-2-3.pt
Warning: Feature file not found, skipping: /media/administrador/Storage1/sdonoso/clam_environ/environ/features/pt_files/histai_0115_slide_H&E_1.pt
Warning: Feature file not found, skipping: /media/administrador/Storage1/sdonoso/clam_environ/environ/features/pt_files/150012-2-3.pt
Warning: Feature file not found, skipping: /media/administrador/Storage1/sdonoso/clam_environ/environ/features/pt_files/150012-2-3.pt
Warning: Feature file not found, skipping: /media/administrador/Storage1/sdonoso/clam_environ/environ/features/pt_files/150012-2-3.pt
Warning: Feature file not found, skipping: /media/administrador/Storage1/sdonoso/clam_environ/environ/features/pt_files/150012-2-3.pt
Warning: Feature file not found, skipping: /media/administrador/Storage1/sdonoso/clam_environ/environ/features/pt_files/histai_0030_slide_H&E_5.pt
Warning: Feature file not found, skipping: /media/administrador/Storage1/sdonoso/clam_environ/environ/features/pt_files/150012-2-3.pt
Warning: Feature file not found, skipping: /media/administrador/Storage1/sdonoso/clam_environ/environ/features/pt_files/histai_0117_slide_H&E_0.pt
Warning: Feature file not found, skipping: /media/administrador/Storage1/sdonoso/clam_environ/environ/features/pt_files/150012-2-3.pt
Warning: Feature file not found, skipping: /media/administrador/Storage1/sdonoso/clam_environ/environ/features/pt_files/150012-2-3.pt
Warning: Feature file not found, skipping: /media/administrador/Storage1/sdonoso/clam_environ/environ/features/pt_files/150012-2-3.pt
Warning: Feature file not found, skipping: /media/administrador/Storage1/sdonoso/clam_environ/environ/features/pt_files/150012-2-3.pt
batch 1719, loss: 0.0057, instance_loss: 0.0000, weighted_loss: 0.0040, label: 5, bag_size: 42075
batch 1739, loss: 0.0012, instance_loss: 0.0000, weighted_loss: 0.0008, label: 3, bag_size: 74422
batch 1759, loss: 0.1166, instance_loss: 0.0000, weighted_loss: 0.0817, label: 6, bag_size: 79984
batch 1779, loss: 0.0003, instance_loss: 0.0000, weighted_loss: 0.0002, label: 2, bag_size: 55669
batch 1799, loss: 0.6167, instance_loss: 0.0000, weighted_loss: 0.4317, label: 6, bag_size: 4040
batch 1819, loss: 0.0089, instance_loss: 0.0004, weighted_loss: 0.0064, label: 4, bag_size: 37650
batch 1839, loss: 0.0000, instance_loss: 0.0015, weighted_loss: 0.0005, label: 1, bag_size: 3832
batch 1859, loss: 0.0057, instance_loss: 0.0011, weighted_loss: 0.0043, label: 4, bag_size: 9595
batch 1879, loss: 0.0160, instance_loss: 0.0044, weighted_loss: 0.0125, label: 7, bag_size: 2287
batch 1899, loss: 0.1718, instance_loss: 0.0000, weighted_loss: 0.1203, label: 6, bag_size: 53018
batch 1919, loss: 0.0000, instance_loss: 0.0000, weighted_loss: 0.0000, label: 2, bag_size: 18291
batch 1939, loss: 0.6271, instance_loss: 0.0000, weighted_loss: 0.4390, label: 6, bag_size: 5377
batch 1959, loss: 0.0305, instance_loss: 0.0000, weighted_loss: 0.0214, label: 6, bag_size: 875
batch 1979, loss: 0.0001, instance_loss: 0.0003, weighted_loss: 0.0001, label: 2, bag_size: 27600
batch 1999, loss: 0.0001, instance_loss: 0.0000, weighted_loss: 0.0001, label: 3, bag_size: 48697
batch 2019, loss: 0.0004, instance_loss: 0.0000, weighted_loss: 0.0003, label: 3, bag_size: 74422
batch 2039, loss: 0.0030, instance_loss: 0.0000, weighted_loss: 0.0021, label: 5, bag_size: 63349
batch 2059, loss: 0.0001, instance_loss: 0.0000, weighted_loss: 0.0000, label: 1, bag_size: 39579
batch 2079, loss: 0.0302, instance_loss: 0.0000, weighted_loss: 0.0211, label: 6, bag_size: 33593
batch 2099, loss: 4.4453, instance_loss: 0.0059, weighted_loss: 3.1134, label: 4, bag_size: 30374
batch 2119, loss: 0.0333, instance_loss: 0.0000, weighted_loss: 0.0233, label: 6, bag_size: 66050
batch 2139, loss: 0.0000, instance_loss: 0.0000, weighted_loss: 0.0000, label: 2, bag_size: 27600
batch 2159, loss: 0.0001, instance_loss: 0.0000, weighted_loss: 0.0000, label: 2, bag_size: 17241
batch 2179, loss: 0.0094, instance_loss: 0.0018, weighted_loss: 0.0071, label: 7, bag_size: 9294
batch 2199, loss: 0.2704, instance_loss: 0.0007, weighted_loss: 0.1895, label: 6, bag_size: 5760
batch 2219, loss: 0.0000, instance_loss: 0.0000, weighted_loss: 0.0000, label: 2, bag_size: 18291
batch 2239, loss: 0.0001, instance_loss: 0.0000, weighted_loss: 0.0001, label: 0, bag_size: 53763
batch 2259, loss: 0.0002, instance_loss: 0.0004, weighted_loss: 0.0003, label: 3, bag_size: 40779
batch 2279, loss: 0.0017, instance_loss: 0.0000, weighted_loss: 0.0012, label: 0, bag_size: 71179
batch 2299, loss: 0.0001, instance_loss: 0.0009, weighted_loss: 0.0004, label: 1, bag_size: 39579
batch 2319, loss: 0.0000, instance_loss: 0.0004, weighted_loss: 0.0001, label: 3, bag_size: 47490
batch 2339, loss: 0.0119, instance_loss: 0.0004, weighted_loss: 0.0084, label: 5, bag_size: 19119
batch 2359, loss: 0.0000, instance_loss: 0.0000, weighted_loss: 0.0000, label: 2, bag_size: 18291
batch 2379, loss: 0.0001, instance_loss: 0.0000, weighted_loss: 0.0001, label: 2, bag_size: 17241
batch 2399, loss: 0.0223, instance_loss: 0.0000, weighted_loss: 0.0156, label: 0, bag_size: 37484
batch 2419, loss: 0.1062, instance_loss: 0.0024, weighted_loss: 0.0751, label: 4, bag_size: 47757


class 0 clustering acc 0.9980257689110557: correct 19210/19248
class 1 clustering acc 0.9944409808811305: correct 19141/19248
Epoch: 14, train_loss: 0.1264, train_clustering_loss:  0.0221, train_error: 0.0420
class 0: acc 0.9864406779661017, correct 291/295
class 1: acc 1.0, correct 287/287
class 2: acc 0.9970588235294118, correct 339/340
class 3: acc 1.0, correct 298/298
class 4: acc 0.9654088050314465, correct 307/318
class 5: acc 0.9925373134328358, correct 266/268
class 6: acc 0.92, correct 276/300
class 7: acc 0.8033333333333333, correct 241/300
Warning: Feature file not found, skipping: /media/administrador/Storage1/sdonoso/clam_environ/environ/features/pt_files/histai_0063_slide_H&E_1.pt
Warning: Feature file not found, skipping: /media/administrador/Storage1/sdonoso/clam_environ/environ/features/pt_files/histai_0088_slide_H&E_3.pt
Warning: Feature file not found, skipping: /media/administrador/Storage1/sdonoso/clam_environ/environ/features/pt_files/histai_0046_slide_H&E_6.pt
Warning: Feature file not found, skipping: /media/administrador/Storage1/sdonoso/clam_environ/environ/features/pt_files/histai_0046_slide_H&E_0.pt
Warning: Feature file not found, skipping: /media/administrador/Storage1/sdonoso/clam_environ/environ/features/pt_files/histai_0038_slide_H&E_3.pt
Warning: Feature file not found, skipping: /media/administrador/Storage1/sdonoso/clam_environ/environ/features/pt_files/histai_0126_slide_H&E_2.pt
Warning: Feature file not found, skipping: /media/administrador/Storage1/sdonoso/clam_environ/environ/features/pt_files/histai_0063_slide_H&E_4.pt
Warning: Feature file not found, skipping: /media/administrador/Storage1/sdonoso/clam_environ/environ/features/pt_files/histai_0088_slide_H&E_0.pt
Warning: Feature file not found, skipping: /media/administrador/Storage1/sdonoso/clam_environ/environ/features/pt_files/histai_0046_slide_H&E_4.pt
Warning: Feature file not found, skipping: /media/administrador/Storage1/sdonoso/clam_environ/environ/features/pt_files/histai_0046_slide_H&E_2.pt
Warning: Feature file not found, skipping: /media/administrador/Storage1/sdonoso/clam_environ/environ/features/pt_files/histai_0038_slide_H&E_4.pt
Warning: Feature file not found, skipping: /media/administrador/Storage1/sdonoso/clam_environ/environ/features/pt_files/histai_0126_slide_H&E_0.pt
Warning: Feature file not found, skipping: /media/administrador/Storage1/sdonoso/clam_environ/environ/features/pt_files/histai_0063_slide_H&E_6.pt
Warning: Feature file not found, skipping: /media/administrador/Storage1/sdonoso/clam_environ/environ/features/pt_files/histai_0063_slide_H&E_3.pt
Warning: Feature file not found, skipping: /media/administrador/Storage1/sdonoso/clam_environ/environ/features/pt_files/histai_0088_slide_H&E_1.pt
Warning: Feature file not found, skipping: /media/administrador/Storage1/sdonoso/clam_environ/environ/features/pt_files/histai_0046_slide_H&E_3.pt
Warning: Feature file not found, skipping: /media/administrador/Storage1/sdonoso/clam_environ/environ/features/pt_files/histai_0046_slide_H&E_1.pt
Warning: Feature file not found, skipping: /media/administrador/Storage1/sdonoso/clam_environ/environ/features/pt_files/histai_0126_slide_H&E_1.pt
Warning: Feature file not found, skipping: /media/administrador/Storage1/sdonoso/clam_environ/environ/features/pt_files/histai_0063_slide_H&E_7.pt
Warning: Feature file not found, skipping: /media/administrador/Storage1/sdonoso/clam_environ/environ/features/pt_files/histai_0088_slide_H&E_2.pt
Warning: Feature file not found, skipping: /media/administrador/Storage1/sdonoso/clam_environ/environ/features/pt_files/histai_0046_slide_H&E_7.pt
Warning: Feature file not found, skipping: /media/administrador/Storage1/sdonoso/clam_environ/environ/features/pt_files/histai_0046_slide_H&E_5.pt
Warning: Feature file not found, skipping: /media/administrador/Storage1/sdonoso/clam_environ/environ/features/pt_files/histai_0003_slide_H&E_1.pt
Warning: Feature file not found, skipping: /media/administrador/Storage1/sdonoso/clam_environ/environ/features/pt_files/histai_0038_slide_H&E_2.pt

Val Set, val_loss: 1.2017, val_error: 0.3119, auc: 0.6858
class 0 clustering acc 0.9987288135593221: correct 2357/2360
class 1 clustering acc 0.9906779661016949: correct 2338/2360
class 0: acc 0.0, correct 0/4
class 1: acc 0.0, correct 0/1
class 2: acc 0.0, correct 0/1
class 3: acc 0.0, correct 0/1
class 4: acc 0.5, correct 4/8
class 5: acc 0.0, correct 0/1
class 6: acc 0.5, correct 8/16
class 7: acc 0.7262357414448669, correct 191/263
EarlyStopping counter: 13 out of 20


batch 19, loss: 0.4357, instance_loss: 0.0002, weighted_loss: 0.3051, label: 6, bag_size: 2508
batch 39, loss: 0.0000, instance_loss: 0.0000, weighted_loss: 0.0000, label: 2, bag_size: 27600
batch 59, loss: 0.0000, instance_loss: 0.0000, weighted_loss: 0.0000, label: 2, bag_size: 18291
batch 79, loss: 0.0043, instance_loss: 0.0000, weighted_loss: 0.0030, label: 0, bag_size: 71179
batch 99, loss: 0.5906, instance_loss: 0.0327, weighted_loss: 0.4232, label: 4, bag_size: 24955
batch 119, loss: 0.0448, instance_loss: 0.0036, weighted_loss: 0.0324, label: 4, bag_size: 26269
batch 139, loss: 0.0001, instance_loss: 0.0000, weighted_loss: 0.0001, label: 1, bag_size: 39579
batch 159, loss: 0.5026, instance_loss: 0.0000, weighted_loss: 0.3519, label: 6, bag_size: 5377
batch 179, loss: 0.0000, instance_loss: 0.1908, weighted_loss: 0.0572, label: 1, bag_size: 3832
batch 199, loss: 0.0015, instance_loss: 0.0000, weighted_loss: 0.0011, label: 5, bag_size: 63349
batch 219, loss: 0.1393, instance_loss: 0.0000, weighted_loss: 0.0975, label: 0, bag_size: 37484
batch 239, loss: 0.2419, instance_loss: 0.0002, weighted_loss: 0.1694, label: 6, bag_size: 66050
batch 259, loss: 0.0008, instance_loss: 0.0002, weighted_loss: 0.0006, label: 0, bag_size: 7987
batch 279, loss: 0.0025, instance_loss: 0.0000, weighted_loss: 0.0017, label: 5, bag_size: 6337
batch 299, loss: 0.0026, instance_loss: 0.0000, weighted_loss: 0.0018, label: 0, bag_size: 60895
batch 319, loss: 0.0025, instance_loss: 0.0002, weighted_loss: 0.0018, label: 5, bag_size: 6337
batch 339, loss: 0.0002, instance_loss: 0.0031, weighted_loss: 0.0011, label: 1, bag_size: 11584
batch 359, loss: 0.0107, instance_loss: 0.0000, weighted_loss: 0.0075, label: 6, bag_size: 9993
batch 379, loss: 0.0312, instance_loss: 0.0000, weighted_loss: 0.0218, label: 0, bag_size: 63464
batch 399, loss: 3.8033, instance_loss: 0.0000, weighted_loss: 2.6623, label: 7, bag_size: 32417
batch 419, loss: 1.1967, instance_loss: 0.0064, weighted_loss: 0.8396, label: 4, bag_size: 4503
batch 439, loss: 0.0036, instance_loss: 0.0319, weighted_loss: 0.0121, label: 7, bag_size: 1789
batch 459, loss: 0.1388, instance_loss: 0.0000, weighted_loss: 0.0971, label: 6, bag_size: 6885
batch 479, loss: 0.0002, instance_loss: 0.0020, weighted_loss: 0.0008, label: 1, bag_size: 3832
batch 499, loss: 0.1122, instance_loss: 0.0237, weighted_loss: 0.0857, label: 4, bag_size: 15220
batch 519, loss: 0.0002, instance_loss: 0.0000, weighted_loss: 0.0002, label: 2, bag_size: 17241
batch 539, loss: 0.0214, instance_loss: 0.0044, weighted_loss: 0.0163, label: 4, bag_size: 37650
batch 559, loss: 0.0001, instance_loss: 0.0000, weighted_loss: 0.0001, label: 2, bag_size: 27600
batch 579, loss: 0.0003, instance_loss: 0.0000, weighted_loss: 0.0002, label: 2, bag_size: 17241
batch 599, loss: 0.0042, instance_loss: 0.0003, weighted_loss: 0.0030, label: 5, bag_size: 19119
batch 619, loss: 0.1200, instance_loss: 0.0000, weighted_loss: 0.0840, label: 6, bag_size: 13842
batch 639, loss: 0.0961, instance_loss: 0.0052, weighted_loss: 0.0688, label: 7, bag_size: 991
batch 659, loss: 0.0030, instance_loss: 0.0000, weighted_loss: 0.0021, label: 3, bag_size: 34611
batch 679, loss: 4.0610, instance_loss: 0.0022, weighted_loss: 2.8434, label: 7, bag_size: 19505
batch 699, loss: 0.0105, instance_loss: 0.0040, weighted_loss: 0.0086, label: 4, bag_size: 2776
batch 719, loss: 0.0399, instance_loss: 0.0000, weighted_loss: 0.0280, label: 0, bag_size: 37484
batch 739, loss: 0.0001, instance_loss: 0.0004, weighted_loss: 0.0002, label: 1, bag_size: 23247
batch 759, loss: 0.0005, instance_loss: 0.0103, weighted_loss: 0.0035, label: 1, bag_size: 11584
batch 779, loss: 0.0099, instance_loss: 0.0412, weighted_loss: 0.0193, label: 4, bag_size: 46892
batch 799, loss: 0.0001, instance_loss: 0.0038, weighted_loss: 0.0012, label: 1, bag_size: 47817
batch 819, loss: 0.0001, instance_loss: 0.0002, weighted_loss: 0.0002, label: 2, bag_size: 27600
batch 839, loss: 0.0001, instance_loss: 0.0006, weighted_loss: 0.0002, label: 1, bag_size: 10314
batch 859, loss: 0.0070, instance_loss: 0.0093, weighted_loss: 0.0077, label: 4, bag_size: 2236
batch 879, loss: 0.0130, instance_loss: 0.0000, weighted_loss: 0.0091, label: 6, bag_size: 2878
batch 899, loss: 0.0135, instance_loss: 0.0046, weighted_loss: 0.0108, label: 4, bag_size: 4503
batch 919, loss: 0.0208, instance_loss: 0.0000, weighted_loss: 0.0146, label: 0, bag_size: 41037
batch 939, loss: 0.0003, instance_loss: 0.0000, weighted_loss: 0.0002, label: 0, bag_size: 29441
batch 959, loss: 0.0131, instance_loss: 0.0000, weighted_loss: 0.0092, label: 5, bag_size: 18304
batch 979, loss: 2.0230, instance_loss: 0.0002, weighted_loss: 1.4162, label: 7, bag_size: 31098
batch 999, loss: 0.0040, instance_loss: 0.0000, weighted_loss: 0.0028, label: 5, bag_size: 22096
batch 1019, loss: 0.0002, instance_loss: 0.0000, weighted_loss: 0.0001, label: 6, bag_size: 5059
batch 1039, loss: 0.0005, instance_loss: 0.0000, weighted_loss: 0.0004, label: 2, bag_size: 17241
batch 1059, loss: 0.3890, instance_loss: 0.0000, weighted_loss: 0.2723, label: 7, bag_size: 14076
batch 1079, loss: 0.0010, instance_loss: 0.0000, weighted_loss: 0.0007, label: 2, bag_size: 55669
batch 1099, loss: 0.0005, instance_loss: 0.0000, weighted_loss: 0.0004, label: 0, bag_size: 4855
batch 1119, loss: 0.2470, instance_loss: 0.0011, weighted_loss: 0.1732, label: 4, bag_size: 7000
batch 1139, loss: 0.0210, instance_loss: 0.0010, weighted_loss: 0.0150, label: 4, bag_size: 9933
batch 1159, loss: 0.0005, instance_loss: 0.0024, weighted_loss: 0.0010, label: 1, bag_size: 47817
batch 1179, loss: 1.5970, instance_loss: 0.0000, weighted_loss: 1.1179, label: 6, bag_size: 47864
batch 1199, loss: 0.0002, instance_loss: 0.0000, weighted_loss: 0.0001, label: 3, bag_size: 94662
batch 1219, loss: 0.0000, instance_loss: 0.0014, weighted_loss: 0.0004, label: 7, bag_size: 3666
batch 1239, loss: 0.0089, instance_loss: 0.0005, weighted_loss: 0.0064, label: 5, bag_size: 19119
batch 1259, loss: 0.0000, instance_loss: 0.0027, weighted_loss: 0.0008, label: 3, bag_size: 45816
batch 1279, loss: 0.0022, instance_loss: 0.0000, weighted_loss: 0.0016, label: 5, bag_size: 5565
batch 1299, loss: 0.0005, instance_loss: 0.0000, weighted_loss: 0.0004, label: 5, bag_size: 5565
batch 1319, loss: 0.0050, instance_loss: 0.0021, weighted_loss: 0.0041, label: 4, bag_size: 23894
batch 1339, loss: 0.1558, instance_loss: 0.0029, weighted_loss: 0.1099, label: 7, bag_size: 15856
batch 1359, loss: 0.0001, instance_loss: 0.0003, weighted_loss: 0.0002, label: 1, bag_size: 47248
batch 1379, loss: 0.0004, instance_loss: 0.0002, weighted_loss: 0.0004, label: 0, bag_size: 3320
batch 1399, loss: 0.0015, instance_loss: 0.0037, weighted_loss: 0.0021, label: 4, bag_size: 32239
batch 1419, loss: 0.0003, instance_loss: 0.0021, weighted_loss: 0.0008, label: 3, bag_size: 40779
batch 1439, loss: 0.0002, instance_loss: 0.0004, weighted_loss: 0.0003, label: 3, bag_size: 15813
batch 1459, loss: 0.0002, instance_loss: 0.0000, weighted_loss: 0.0001, label: 3, bag_size: 34611
batch 1479, loss: 0.0000, instance_loss: 0.0000, weighted_loss: 0.0000, label: 2, bag_size: 17241
batch 1499, loss: 0.0000, instance_loss: 0.0000, weighted_loss: 0.0000, label: 2, bag_size: 27600
batch 1519, loss: 0.0009, instance_loss: 0.0000, weighted_loss: 0.0006, label: 0, bag_size: 53437
batch 1539, loss: 0.0005, instance_loss: 0.0000, weighted_loss: 0.0003, label: 3, bag_size: 47490
batch 1559, loss: 1.0288, instance_loss: 0.0014, weighted_loss: 0.7206, label: 7, bag_size: 953
batch 1579, loss: 0.0046, instance_loss: 0.0000, weighted_loss: 0.0032, label: 7, bag_size: 1923
batch 1599, loss: 0.0020, instance_loss: 0.0634, weighted_loss: 0.0204, label: 7, bag_size: 1709
batch 1619, loss: 0.0015, instance_loss: 0.0000, weighted_loss: 0.0011, label: 3, bag_size: 74422
batch 1639, loss: 0.0002, instance_loss: 0.0049, weighted_loss: 0.0016, label: 1, bag_size: 47817
batch 1659, loss: 0.0008, instance_loss: 0.0000, weighted_loss: 0.0006, label: 2, bag_size: 55669
batch 1679, loss: 0.2384, instance_loss: 0.0009, weighted_loss: 0.1672, label: 4, bag_size: 37650
Warning: Feature file not found, skipping: /media/administrador/Storage1/sdonoso/clam_environ/environ/features/pt_files/150012-2-3.pt
Warning: Feature file not found, skipping: /media/administrador/Storage1/sdonoso/clam_environ/environ/features/pt_files/150012-2-3.pt
Warning: Feature file not found, skipping: /media/administrador/Storage1/sdonoso/clam_environ/environ/features/pt_files/histai_0010_slide_H&E_6.pt
Warning: Feature file not found, skipping: /media/administrador/Storage1/sdonoso/clam_environ/environ/features/pt_files/histai_0007_slide_H&E_0.pt
Warning: Feature file not found, skipping: /media/administrador/Storage1/sdonoso/clam_environ/environ/features/pt_files/150012-2-3.pt
Warning: Feature file not found, skipping: /media/administrador/Storage1/sdonoso/clam_environ/environ/features/pt_files/150012-2-3.pt
Warning: Feature file not found, skipping: /media/administrador/Storage1/sdonoso/clam_environ/environ/features/pt_files/150012-2-3.pt
Warning: Feature file not found, skipping: /media/administrador/Storage1/sdonoso/clam_environ/environ/features/pt_files/150012-2-3.pt
Warning: Feature file not found, skipping: /media/administrador/Storage1/sdonoso/clam_environ/environ/features/pt_files/150012-2-3.pt
Warning: Feature file not found, skipping: /media/administrador/Storage1/sdonoso/clam_environ/environ/features/pt_files/150012-2-3.pt
Warning: Feature file not found, skipping: /media/administrador/Storage1/sdonoso/clam_environ/environ/features/pt_files/150012-2-3.pt
Warning: Feature file not found, skipping: /media/administrador/Storage1/sdonoso/clam_environ/environ/features/pt_files/histai_0121_slide_H&E_1.pt
Warning: Feature file not found, skipping: /media/administrador/Storage1/sdonoso/clam_environ/environ/features/pt_files/150012-2-3.pt
Warning: Feature file not found, skipping: /media/administrador/Storage1/sdonoso/clam_environ/environ/features/pt_files/histai_0054_slide_H&E_1.pt
Warning: Feature file not found, skipping: /media/administrador/Storage1/sdonoso/clam_environ/environ/features/pt_files/histai_0010_slide_H&E_6.pt
Warning: Feature file not found, skipping: /media/administrador/Storage1/sdonoso/clam_environ/environ/features/pt_files/150012-2-3.pt
Warning: Feature file not found, skipping: /media/administrador/Storage1/sdonoso/clam_environ/environ/features/pt_files/150012-2-3.pt
Warning: Feature file not found, skipping: /media/administrador/Storage1/sdonoso/clam_environ/environ/features/pt_files/150012-2-3.pt
Warning: Feature file not found, skipping: /media/administrador/Storage1/sdonoso/clam_environ/environ/features/pt_files/histai_0007_slide_H&E_0.pt
Warning: Feature file not found, skipping: /media/administrador/Storage1/sdonoso/clam_environ/environ/features/pt_files/histai_0010_slide_H&E_0.pt
Warning: Feature file not found, skipping: /media/administrador/Storage1/sdonoso/clam_environ/environ/features/pt_files/histai_0007_slide_H&E_3.pt
Warning: Feature file not found, skipping: /media/administrador/Storage1/sdonoso/clam_environ/environ/features/pt_files/150012-2-3.pt
Warning: Feature file not found, skipping: /media/administrador/Storage1/sdonoso/clam_environ/environ/features/pt_files/150012-2-3.pt
Warning: Feature file not found, skipping: /media/administrador/Storage1/sdonoso/clam_environ/environ/features/pt_files/histai_0117_slide_H&E_3.pt
Warning: Feature file not found, skipping: /media/administrador/Storage1/sdonoso/clam_environ/environ/features/pt_files/150012-2-3.pt
Warning: Feature file not found, skipping: /media/administrador/Storage1/sdonoso/clam_environ/environ/features/pt_files/150012-2-3.pt
Warning: Feature file not found, skipping: /media/administrador/Storage1/sdonoso/clam_environ/environ/features/pt_files/150012-2-3.pt
Warning: Feature file not found, skipping: /media/administrador/Storage1/sdonoso/clam_environ/environ/features/pt_files/150012-2-3.pt
Warning: Feature file not found, skipping: /media/administrador/Storage1/sdonoso/clam_environ/environ/features/pt_files/150012-2-3.pt
Warning: Feature file not found, skipping: /media/administrador/Storage1/sdonoso/clam_environ/environ/features/pt_files/150012-2-3.pt
Warning: Feature file not found, skipping: /media/administrador/Storage1/sdonoso/clam_environ/environ/features/pt_files/150012-2-3.pt
Warning: Feature file not found, skipping: /media/administrador/Storage1/sdonoso/clam_environ/environ/features/pt_files/150012-2-3.pt
Warning: Feature file not found, skipping: /media/administrador/Storage1/sdonoso/clam_environ/environ/features/pt_files/150012-2-3.pt
Warning: Feature file not found, skipping: /media/administrador/Storage1/sdonoso/clam_environ/environ/features/pt_files/histai_1132_slide_H&E_0.pt
Warning: Feature file not found, skipping: /media/administrador/Storage1/sdonoso/clam_environ/environ/features/pt_files/150012-2-3.pt
batch 1699, loss: 0.0015, instance_loss: 0.1777, weighted_loss: 0.0544, label: 1, bag_size: 11584
batch 1719, loss: 0.0003, instance_loss: 0.0000, weighted_loss: 0.0002, label: 3, bag_size: 44290
batch 1739, loss: 0.0000, instance_loss: 0.0005, weighted_loss: 0.0002, label: 2, bag_size: 18291
batch 1759, loss: 0.0217, instance_loss: 0.0006, weighted_loss: 0.0154, label: 7, bag_size: 1918
batch 1779, loss: 0.2400, instance_loss: 0.0011, weighted_loss: 0.1683, label: 7, bag_size: 5993
batch 1799, loss: 0.0082, instance_loss: 0.0000, weighted_loss: 0.0057, label: 0, bag_size: 62970
batch 1819, loss: 0.0003, instance_loss: 0.0006, weighted_loss: 0.0004, label: 1, bag_size: 26832
batch 1859, loss: 0.0072, instance_loss: 0.0158, weighted_loss: 0.0098, label: 4, bag_size: 5383
batch 1879, loss: 1.4505, instance_loss: 0.0000, weighted_loss: 1.0154, label: 6, bag_size: 1792
batch 1899, loss: 0.1210, instance_loss: 0.0003, weighted_loss: 0.0848, label: 4, bag_size: 111735
batch 1919, loss: 0.0206, instance_loss: 0.0008, weighted_loss: 0.0147, label: 4, bag_size: 82359
batch 1939, loss: 0.0014, instance_loss: 0.0261, weighted_loss: 0.0088, label: 1, bag_size: 10314
batch 1959, loss: 0.0135, instance_loss: 0.0000, weighted_loss: 0.0094, label: 5, bag_size: 5565
batch 1979, loss: 0.0040, instance_loss: 0.0006, weighted_loss: 0.0030, label: 0, bag_size: 7987
batch 1999, loss: 0.0060, instance_loss: 0.0000, weighted_loss: 0.0042, label: 6, bag_size: 6788
batch 2019, loss: 0.0078, instance_loss: 0.0520, weighted_loss: 0.0211, label: 4, bag_size: 19175
batch 2039, loss: 0.0001, instance_loss: 0.0000, weighted_loss: 0.0001, label: 0, bag_size: 33558
batch 2059, loss: 0.0000, instance_loss: 0.0000, weighted_loss: 0.0000, label: 3, bag_size: 45816
batch 2079, loss: 0.0000, instance_loss: 0.0002, weighted_loss: 0.0001, label: 2, bag_size: 18291
batch 2099, loss: 0.0000, instance_loss: 0.0018, weighted_loss: 0.0006, label: 1, bag_size: 23247
batch 2119, loss: 0.0000, instance_loss: 0.0000, weighted_loss: 0.0000, label: 2, bag_size: 18291
batch 2139, loss: 0.0674, instance_loss: 0.0027, weighted_loss: 0.0480, label: 4, bag_size: 40726
batch 2159, loss: 0.0907, instance_loss: 0.0000, weighted_loss: 0.0635, label: 6, bag_size: 43177
batch 2179, loss: 0.0001, instance_loss: 0.0000, weighted_loss: 0.0001, label: 3, bag_size: 94662
batch 2199, loss: 0.0105, instance_loss: 0.1032, weighted_loss: 0.0383, label: 4, bag_size: 1615
batch 2219, loss: 0.0320, instance_loss: 0.0000, weighted_loss: 0.0224, label: 6, bag_size: 4032
batch 2239, loss: 0.0005, instance_loss: 0.0002, weighted_loss: 0.0004, label: 6, bag_size: 5605
batch 2259, loss: 0.0000, instance_loss: 0.0000, weighted_loss: 0.0000, label: 2, bag_size: 27600
batch 2279, loss: 0.9766, instance_loss: 0.0016, weighted_loss: 0.6841, label: 7, bag_size: 2661
batch 2299, loss: 0.3680, instance_loss: 0.0000, weighted_loss: 0.2576, label: 0, bag_size: 11173
batch 2319, loss: 0.0038, instance_loss: 0.0005, weighted_loss: 0.0028, label: 0, bag_size: 62970
batch 2339, loss: 0.0011, instance_loss: 0.0000, weighted_loss: 0.0007, label: 5, bag_size: 6337
batch 2359, loss: 0.0006, instance_loss: 0.0100, weighted_loss: 0.0034, label: 7, bag_size: 15970
batch 2379, loss: 0.0012, instance_loss: 0.0003, weighted_loss: 0.0009, label: 1, bag_size: 10314
batch 2399, loss: 0.0797, instance_loss: 0.0000, weighted_loss: 0.0558, label: 6, bag_size: 31421
batch 2419, loss: 0.0049, instance_loss: 0.0003, weighted_loss: 0.0035, label: 2, bag_size: 27600


class 0 clustering acc 0.9990116521015397: correct 19205/19224
class 1 clustering acc 0.9971389929255098: correct 19169/19224
Epoch: 15, train_loss: 0.1293, train_clustering_loss:  0.0114, train_error: 0.0458
class 0: acc 0.9903846153846154, correct 309/312
class 1: acc 0.9967320261437909, correct 305/306
class 2: acc 1.0, correct 325/325
class 3: acc 0.993006993006993, correct 284/286
class 4: acc 0.9654088050314465, correct 307/318
class 5: acc 0.9963503649635036, correct 273/274
class 6: acc 0.8951048951048951, correct 256/286
class 7: acc 0.7905405405405406, correct 234/296
Warning: Feature file not found, skipping: /media/administrador/Storage1/sdonoso/clam_environ/environ/features/pt_files/histai_0126_slide_H&E_2.pt
Warning: Feature file not found, skipping: /media/administrador/Storage1/sdonoso/clam_environ/environ/features/pt_files/histai_0063_slide_H&E_4.pt
Warning: Feature file not found, skipping: /media/administrador/Storage1/sdonoso/clam_environ/environ/features/pt_files/histai_0088_slide_H&E_0.pt
Warning: Feature file not found, skipping: /media/administrador/Storage1/sdonoso/clam_environ/environ/features/pt_files/histai_0046_slide_H&E_4.pt
Warning: Feature file not found, skipping: /media/administrador/Storage1/sdonoso/clam_environ/environ/features/pt_files/histai_0046_slide_H&E_2.pt
Warning: Feature file not found, skipping: /media/administrador/Storage1/sdonoso/clam_environ/environ/features/pt_files/histai_0038_slide_H&E_4.pt
Warning: Feature file not found, skipping: /media/administrador/Storage1/sdonoso/clam_environ/environ/features/pt_files/histai_0126_slide_H&E_0.pt
Warning: Feature file not found, skipping: /media/administrador/Storage1/sdonoso/clam_environ/environ/features/pt_files/histai_0063_slide_H&E_6.pt
Warning: Feature file not found, skipping: /media/administrador/Storage1/sdonoso/clam_environ/environ/features/pt_files/histai_0063_slide_H&E_3.pt
Warning: Feature file not found, skipping: /media/administrador/Storage1/sdonoso/clam_environ/environ/features/pt_files/histai_0088_slide_H&E_1.pt
Warning: Feature file not found, skipping: /media/administrador/Storage1/sdonoso/clam_environ/environ/features/pt_files/histai_0046_slide_H&E_3.pt
Warning: Feature file not found, skipping: /media/administrador/Storage1/sdonoso/clam_environ/environ/features/pt_files/histai_0046_slide_H&E_1.pt
Warning: Feature file not found, skipping: /media/administrador/Storage1/sdonoso/clam_environ/environ/features/pt_files/histai_0063_slide_H&E_1.pt
Warning: Feature file not found, skipping: /media/administrador/Storage1/sdonoso/clam_environ/environ/features/pt_files/histai_0088_slide_H&E_3.pt
Warning: Feature file not found, skipping: /media/administrador/Storage1/sdonoso/clam_environ/environ/features/pt_files/histai_0046_slide_H&E_6.pt
Warning: Feature file not found, skipping: /media/administrador/Storage1/sdonoso/clam_environ/environ/features/pt_files/histai_0046_slide_H&E_0.pt
Warning: Feature file not found, skipping: /media/administrador/Storage1/sdonoso/clam_environ/environ/features/pt_files/histai_0038_slide_H&E_3.pt
Warning: Feature file not found, skipping: /media/administrador/Storage1/sdonoso/clam_environ/environ/features/pt_files/histai_0126_slide_H&E_1.pt
Warning: Feature file not found, skipping: /media/administrador/Storage1/sdonoso/clam_environ/environ/features/pt_files/histai_0063_slide_H&E_7.pt
Warning: Feature file not found, skipping: /media/administrador/Storage1/sdonoso/clam_environ/environ/features/pt_files/histai_0088_slide_H&E_2.pt
Warning: Feature file not found, skipping: /media/administrador/Storage1/sdonoso/clam_environ/environ/features/pt_files/histai_0046_slide_H&E_7.pt
Warning: Feature file not found, skipping: /media/administrador/Storage1/sdonoso/clam_environ/environ/features/pt_files/histai_0046_slide_H&E_5.pt
Warning: Feature file not found, skipping: /media/administrador/Storage1/sdonoso/clam_environ/environ/features/pt_files/histai_0003_slide_H&E_1.pt
Warning: Feature file not found, skipping: /media/administrador/Storage1/sdonoso/clam_environ/environ/features/pt_files/histai_0038_slide_H&E_2.pt

Val Set, val_loss: 1.4712, val_error: 0.3729, auc: 0.6656
class 0 clustering acc 0.9991525423728813: correct 2358/2360
class 1 clustering acc 0.9872881355932204: correct 2330/2360
class 0: acc 0.0, correct 0/4
class 1: acc 0.0, correct 0/1
class 2: acc 0.0, correct 0/1
class 3: acc 0.0, correct 0/1
class 4: acc 0.375, correct 3/8
class 5: acc 0.0, correct 0/1
class 6: acc 0.375, correct 6/16
class 7: acc 0.6692015209125475, correct 176/263
EarlyStopping counter: 14 out of 20


batch 19, loss: 0.0014, instance_loss: 0.0000, weighted_loss: 0.0010, label: 0, bag_size: 60895
batch 39, loss: 0.0012, instance_loss: 0.0007, weighted_loss: 0.0011, label: 5, bag_size: 19119
batch 59, loss: 0.0000, instance_loss: 0.0000, weighted_loss: 0.0000, label: 2, bag_size: 18291
batch 79, loss: 0.0007, instance_loss: 0.0000, weighted_loss: 0.0005, label: 3, bag_size: 34611
batch 99, loss: 0.0000, instance_loss: 0.0000, weighted_loss: 0.0000, label: 2, bag_size: 55669
batch 119, loss: 0.0034, instance_loss: 0.0000, weighted_loss: 0.0024, label: 0, bag_size: 48169
batch 139, loss: 0.0044, instance_loss: 0.0006, weighted_loss: 0.0033, label: 6, bag_size: 8449
batch 159, loss: 0.0242, instance_loss: 0.0030, weighted_loss: 0.0178, label: 4, bag_size: 1742
batch 179, loss: 0.0178, instance_loss: 0.0000, weighted_loss: 0.0125, label: 6, bag_size: 79984
batch 199, loss: 0.0095, instance_loss: 0.0025, weighted_loss: 0.0074, label: 0, bag_size: 37484
batch 219, loss: 0.0000, instance_loss: 0.0015, weighted_loss: 0.0005, label: 7, bag_size: 13337
batch 239, loss: 0.0012, instance_loss: 0.0000, weighted_loss: 0.0008, label: 5, bag_size: 5565
batch 259, loss: 0.0142, instance_loss: 0.0000, weighted_loss: 0.0100, label: 0, bag_size: 48169
batch 279, loss: 0.2094, instance_loss: 0.0007, weighted_loss: 0.1468, label: 4, bag_size: 48622
batch 299, loss: 0.0299, instance_loss: 0.0006, weighted_loss: 0.0211, label: 5, bag_size: 5565
batch 319, loss: 0.0089, instance_loss: 0.0043, weighted_loss: 0.0075, label: 0, bag_size: 14458
batch 339, loss: 0.0013, instance_loss: 0.0000, weighted_loss: 0.0009, label: 3, bag_size: 47490
batch 359, loss: 0.0050, instance_loss: 0.0000, weighted_loss: 0.0035, label: 0, bag_size: 100791
batch 379, loss: 0.0947, instance_loss: 0.0034, weighted_loss: 0.0673, label: 0, bag_size: 7715
batch 399, loss: 0.1392, instance_loss: 0.0000, weighted_loss: 0.0974, label: 6, bag_size: 1792
batch 419, loss: 0.2167, instance_loss: 0.0000, weighted_loss: 0.1517, label: 6, bag_size: 98115
batch 439, loss: 0.0239, instance_loss: 0.0000, weighted_loss: 0.0167, label: 7, bag_size: 10427
batch 459, loss: 0.0009, instance_loss: 0.0016, weighted_loss: 0.0011, label: 1, bag_size: 51943
batch 479, loss: 0.0010, instance_loss: 0.0000, weighted_loss: 0.0007, label: 7, bag_size: 10502
batch 499, loss: 0.0208, instance_loss: 0.0002, weighted_loss: 0.0146, label: 6, bag_size: 18131
batch 519, loss: 0.0225, instance_loss: 0.0010, weighted_loss: 0.0161, label: 4, bag_size: 43944
batch 539, loss: 0.0000, instance_loss: 0.0000, weighted_loss: 0.0000, label: 0, bag_size: 33558
batch 559, loss: 0.0017, instance_loss: 0.0000, weighted_loss: 0.0012, label: 5, bag_size: 18304
batch 579, loss: 0.3063, instance_loss: 0.0068, weighted_loss: 0.2164, label: 7, bag_size: 37325
batch 599, loss: 0.5969, instance_loss: 0.0000, weighted_loss: 0.4179, label: 6, bag_size: 16020
batch 619, loss: 0.8153, instance_loss: 0.0000, weighted_loss: 0.5707, label: 6, bag_size: 4603
batch 639, loss: 0.0001, instance_loss: 0.0000, weighted_loss: 0.0001, label: 0, bag_size: 8203
batch 659, loss: 0.0000, instance_loss: 0.0004, weighted_loss: 0.0001, label: 3, bag_size: 15813
batch 679, loss: 0.0404, instance_loss: 0.0245, weighted_loss: 0.0356, label: 4, bag_size: 14791
batch 699, loss: 0.0011, instance_loss: 0.0000, weighted_loss: 0.0008, label: 3, bag_size: 15813
batch 719, loss: 0.0003, instance_loss: 0.0005, weighted_loss: 0.0004, label: 2, bag_size: 27600
batch 739, loss: 0.0102, instance_loss: 0.0000, weighted_loss: 0.0071, label: 5, bag_size: 52677
batch 759, loss: 0.0041, instance_loss: 0.0009, weighted_loss: 0.0032, label: 6, bag_size: 16020
batch 779, loss: 0.0279, instance_loss: 0.0000, weighted_loss: 0.0196, label: 0, bag_size: 7987
batch 799, loss: 0.0011, instance_loss: 0.0000, weighted_loss: 0.0008, label: 5, bag_size: 22096
batch 819, loss: 0.0426, instance_loss: 0.0000, weighted_loss: 0.0299, label: 6, bag_size: 18131
batch 839, loss: 0.0000, instance_loss: 0.0000, weighted_loss: 0.0000, label: 2, bag_size: 27600
batch 859, loss: 0.0021, instance_loss: 0.0000, weighted_loss: 0.0015, label: 5, bag_size: 5565
batch 879, loss: 0.0002, instance_loss: 0.0000, weighted_loss: 0.0001, label: 3, bag_size: 34611
batch 899, loss: 0.0192, instance_loss: 0.0000, weighted_loss: 0.0134, label: 6, bag_size: 12147
batch 919, loss: 0.0029, instance_loss: 0.0000, weighted_loss: 0.0020, label: 3, bag_size: 82568
batch 939, loss: 0.0008, instance_loss: 0.0000, weighted_loss: 0.0006, label: 1, bag_size: 51943
batch 959, loss: 0.0008, instance_loss: 0.0000, weighted_loss: 0.0005, label: 6, bag_size: 45090
batch 979, loss: 4.0737, instance_loss: 0.0004, weighted_loss: 2.8517, label: 7, bag_size: 100046
batch 999, loss: 1.7431, instance_loss: 0.0002, weighted_loss: 1.2202, label: 7, bag_size: 74504
batch 1019, loss: 0.0112, instance_loss: 0.0000, weighted_loss: 0.0078, label: 5, bag_size: 52677
batch 1039, loss: 0.0643, instance_loss: 0.0000, weighted_loss: 0.0450, label: 6, bag_size: 16627
batch 1059, loss: 0.1016, instance_loss: 0.0046, weighted_loss: 0.0725, label: 4, bag_size: 17286
batch 1079, loss: 0.0022, instance_loss: 0.0000, weighted_loss: 0.0016, label: 3, bag_size: 44290
batch 1099, loss: 0.0001, instance_loss: 0.0007, weighted_loss: 0.0002, label: 0, bag_size: 2212
batch 1119, loss: 0.1083, instance_loss: 0.0000, weighted_loss: 0.0758, label: 6, bag_size: 11590
batch 1139, loss: 0.0001, instance_loss: 0.0000, weighted_loss: 0.0001, label: 2, bag_size: 55669
batch 1159, loss: 0.0012, instance_loss: 0.0000, weighted_loss: 0.0009, label: 5, bag_size: 4549
batch 1179, loss: 0.0145, instance_loss: 0.0000, weighted_loss: 0.0102, label: 6, bag_size: 6050
batch 1199, loss: 0.0000, instance_loss: 0.0000, weighted_loss: 0.0000, label: 2, bag_size: 55669
batch 1219, loss: 0.0055, instance_loss: 0.0000, weighted_loss: 0.0039, label: 0, bag_size: 14638
batch 1239, loss: 0.0000, instance_loss: 0.0000, weighted_loss: 0.0000, label: 2, bag_size: 18291
batch 1259, loss: 1.7312, instance_loss: 0.0002, weighted_loss: 1.2119, label: 7, bag_size: 3615
batch 1279, loss: 0.1818, instance_loss: 0.0000, weighted_loss: 0.1273, label: 2, bag_size: 27600
batch 1299, loss: 1.2511, instance_loss: 0.0007, weighted_loss: 0.8760, label: 7, bag_size: 4435
batch 1319, loss: 0.0006, instance_loss: 0.0000, weighted_loss: 0.0004, label: 3, bag_size: 74422
batch 1339, loss: 0.0043, instance_loss: 0.0000, weighted_loss: 0.0030, label: 0, bag_size: 62970
batch 1359, loss: 0.0005, instance_loss: 0.0000, weighted_loss: 0.0004, label: 0, bag_size: 29441
batch 1379, loss: 0.0007, instance_loss: 0.0007, weighted_loss: 0.0007, label: 7, bag_size: 40783
batch 1399, loss: 0.0072, instance_loss: 0.0131, weighted_loss: 0.0090, label: 4, bag_size: 15220
batch 1419, loss: 0.0014, instance_loss: 0.0454, weighted_loss: 0.0146, label: 4, bag_size: 10855
batch 1439, loss: 0.0001, instance_loss: 0.0000, weighted_loss: 0.0001, label: 5, bag_size: 5179
batch 1459, loss: 0.3342, instance_loss: 0.0200, weighted_loss: 0.2400, label: 4, bag_size: 4503
batch 1479, loss: 0.0010, instance_loss: 0.0000, weighted_loss: 0.0007, label: 5, bag_size: 4549
batch 1499, loss: 0.0000, instance_loss: 0.0000, weighted_loss: 0.0000, label: 2, bag_size: 18291
batch 1519, loss: 0.0802, instance_loss: 0.0022, weighted_loss: 0.0568, label: 6, bag_size: 6484
batch 1539, loss: 0.0018, instance_loss: 0.0007, weighted_loss: 0.0015, label: 5, bag_size: 19119
batch 1559, loss: 0.0005, instance_loss: 0.0000, weighted_loss: 0.0003, label: 5, bag_size: 74305
batch 1579, loss: 0.0001, instance_loss: 0.0000, weighted_loss: 0.0001, label: 3, bag_size: 47490
batch 1599, loss: 0.0001, instance_loss: 0.0026, weighted_loss: 0.0008, label: 1, bag_size: 23247
batch 1619, loss: 0.0000, instance_loss: 0.0000, weighted_loss: 0.0000, label: 2, bag_size: 18291
batch 1639, loss: 0.0032, instance_loss: 0.0000, weighted_loss: 0.0023, label: 0, bag_size: 7715
batch 1659, loss: 0.0032, instance_loss: 0.0004, weighted_loss: 0.0024, label: 7, bag_size: 4062
batch 1679, loss: 0.0001, instance_loss: 0.0133, weighted_loss: 0.0041, label: 4, bag_size: 2213
Warning: Feature file not found, skipping: /media/administrador/Storage1/sdonoso/clam_environ/environ/features/pt_files/150012-2-3.pt
Warning: Feature file not found, skipping: /media/administrador/Storage1/sdonoso/clam_environ/environ/features/pt_files/histai_0030_slide_H&E_6.pt
Warning: Feature file not found, skipping: /media/administrador/Storage1/sdonoso/clam_environ/environ/features/pt_files/150012-2-3.pt
Warning: Feature file not found, skipping: /media/administrador/Storage1/sdonoso/clam_environ/environ/features/pt_files/histai_0084_slide_H&E_0.pt
Warning: Feature file not found, skipping: /media/administrador/Storage1/sdonoso/clam_environ/environ/features/pt_files/histai_0095_slide_H&E_3.pt
Warning: Feature file not found, skipping: /media/administrador/Storage1/sdonoso/clam_environ/environ/features/pt_files/150012-2-3.pt
Warning: Feature file not found, skipping: /media/administrador/Storage1/sdonoso/clam_environ/environ/features/pt_files/150012-2-3.pt
Warning: Feature file not found, skipping: /media/administrador/Storage1/sdonoso/clam_environ/environ/features/pt_files/150012-2-3.pt
Warning: Feature file not found, skipping: /media/administrador/Storage1/sdonoso/clam_environ/environ/features/pt_files/150012-2-3.pt
Warning: Feature file not found, skipping: /media/administrador/Storage1/sdonoso/clam_environ/environ/features/pt_files/histai_0054_slide_H&E_0.pt
Warning: Feature file not found, skipping: /media/administrador/Storage1/sdonoso/clam_environ/environ/features/pt_files/150012-2-3.pt
Warning: Feature file not found, skipping: /media/administrador/Storage1/sdonoso/clam_environ/environ/features/pt_files/150012-2-3.pt
Warning: Feature file not found, skipping: /media/administrador/Storage1/sdonoso/clam_environ/environ/features/pt_files/150012-2-3.pt
Warning: Feature file not found, skipping: /media/administrador/Storage1/sdonoso/clam_environ/environ/features/pt_files/150012-2-3.pt
Warning: Feature file not found, skipping: /media/administrador/Storage1/sdonoso/clam_environ/environ/features/pt_files/histai_0109_slide_H&E_2.pt
Warning: Feature file not found, skipping: /media/administrador/Storage1/sdonoso/clam_environ/environ/features/pt_files/150012-2-3.pt
Warning: Feature file not found, skipping: /media/administrador/Storage1/sdonoso/clam_environ/environ/features/pt_files/150012-2-3.pt
Warning: Feature file not found, skipping: /media/administrador/Storage1/sdonoso/clam_environ/environ/features/pt_files/150012-2-3.pt
Warning: Feature file not found, skipping: /media/administrador/Storage1/sdonoso/clam_environ/environ/features/pt_files/150012-2-3.pt
Warning: Feature file not found, skipping: /media/administrador/Storage1/sdonoso/clam_environ/environ/features/pt_files/150012-2-3.pt
Warning: Feature file not found, skipping: /media/administrador/Storage1/sdonoso/clam_environ/environ/features/pt_files/150012-2-3.pt
batch 1699, loss: 0.0002, instance_loss: 0.0000, weighted_loss: 0.0002, label: 2, bag_size: 17241
batch 1719, loss: 0.0452, instance_loss: 0.0422, weighted_loss: 0.0443, label: 4, bag_size: 1733
batch 1739, loss: 0.7165, instance_loss: 0.0000, weighted_loss: 0.5016, label: 6, bag_size: 23425
batch 1759, loss: 0.4325, instance_loss: 0.0030, weighted_loss: 0.3037, label: 6, bag_size: 5760
batch 1779, loss: 0.4960, instance_loss: 0.0159, weighted_loss: 0.3520, label: 0, bag_size: 7987
batch 1799, loss: 0.0268, instance_loss: 0.0010, weighted_loss: 0.0191, label: 6, bag_size: 4603
batch 1819, loss: 0.0127, instance_loss: 0.0003, weighted_loss: 0.0090, label: 4, bag_size: 82359
batch 1839, loss: 0.0000, instance_loss: 0.0000, weighted_loss: 0.0000, label: 1, bag_size: 39579
batch 1859, loss: 0.0005, instance_loss: 0.0000, weighted_loss: 0.0003, label: 1, bag_size: 51943
batch 1879, loss: 0.0040, instance_loss: 0.0097, weighted_loss: 0.0057, label: 4, bag_size: 26269
batch 1899, loss: 0.0001, instance_loss: 0.0004, weighted_loss: 0.0002, label: 3, bag_size: 15813
batch 1919, loss: 0.0919, instance_loss: 0.0002, weighted_loss: 0.0644, label: 1, bag_size: 26832
batch 1939, loss: 0.2416, instance_loss: 0.0000, weighted_loss: 0.1691, label: 6, bag_size: 6788
batch 1959, loss: 0.0044, instance_loss: 0.0000, weighted_loss: 0.0031, label: 5, bag_size: 52677
batch 1979, loss: 0.0320, instance_loss: 0.0000, weighted_loss: 0.0224, label: 6, bag_size: 79984
batch 1999, loss: 0.0001, instance_loss: 0.0000, weighted_loss: 0.0001, label: 2, bag_size: 27600
batch 2019, loss: 0.0266, instance_loss: 0.0000, weighted_loss: 0.0186, label: 0, bag_size: 41037
batch 2039, loss: 0.0024, instance_loss: 0.0040, weighted_loss: 0.0029, label: 0, bag_size: 8469
batch 2059, loss: 0.2811, instance_loss: 0.0008, weighted_loss: 0.1970, label: 7, bag_size: 7328
batch 2079, loss: 0.0000, instance_loss: 0.0000, weighted_loss: 0.0000, label: 2, bag_size: 27600
batch 2099, loss: 0.0001, instance_loss: 0.0000, weighted_loss: 0.0000, label: 3, bag_size: 40462
batch 2119, loss: 0.0000, instance_loss: 0.0000, weighted_loss: 0.0000, label: 3, bag_size: 47490
batch 2139, loss: 0.0231, instance_loss: 0.1741, weighted_loss: 0.0684, label: 4, bag_size: 7000
batch 2159, loss: 0.9884, instance_loss: 0.0000, weighted_loss: 0.6919, label: 7, bag_size: 5891
batch 2179, loss: 0.0002, instance_loss: 0.0006, weighted_loss: 0.0003, label: 1, bag_size: 39579
batch 2199, loss: 0.0020, instance_loss: 0.0285, weighted_loss: 0.0100, label: 4, bag_size: 37650
batch 2219, loss: 2.5354, instance_loss: 0.0047, weighted_loss: 1.7762, label: 4, bag_size: 15220
batch 2239, loss: 0.0188, instance_loss: 0.1603, weighted_loss: 0.0612, label: 7, bag_size: 1955
batch 2259, loss: 0.1601, instance_loss: 0.0377, weighted_loss: 0.1234, label: 4, bag_size: 47757
batch 2279, loss: 0.0306, instance_loss: 0.0000, weighted_loss: 0.0214, label: 7, bag_size: 1654
batch 2299, loss: 0.0020, instance_loss: 0.0002, weighted_loss: 0.0015, label: 5, bag_size: 18304
batch 2319, loss: 0.9271, instance_loss: 0.0000, weighted_loss: 0.6490, label: 6, bag_size: 44918
batch 2339, loss: 0.0095, instance_loss: 1.0917, weighted_loss: 0.3342, label: 7, bag_size: 166
batch 2359, loss: 0.0650, instance_loss: 0.0000, weighted_loss: 0.0455, label: 6, bag_size: 2878
batch 2399, loss: 0.0229, instance_loss: 0.0019, weighted_loss: 0.0166, label: 7, bag_size: 8163
batch 2419, loss: 0.0001, instance_loss: 0.0009, weighted_loss: 0.0004, label: 6, bag_size: 3679


class 0 clustering acc 0.9982416218452628: correct 19302/19336
class 1 clustering acc 0.9957592056268101: correct 19254/19336
Epoch: 16, train_loss: 0.1300, train_clustering_loss:  0.0160, train_error: 0.0410
class 0: acc 0.9904458598726115, correct 311/314
class 1: acc 0.9935064935064936, correct 306/308
class 2: acc 1.0, correct 288/288
class 3: acc 0.9970674486803519, correct 340/341
class 4: acc 0.9623287671232876, correct 281/292
class 5: acc 0.9964285714285714, correct 279/280
class 6: acc 0.9238754325259516, correct 267/289
class 7: acc 0.8065573770491803, correct 246/305
Warning: Feature file not found, skipping: /media/administrador/Storage1/sdonoso/clam_environ/environ/features/pt_files/histai_0126_slide_H&E_2.pt
Warning: Feature file not found, skipping: /media/administrador/Storage1/sdonoso/clam_environ/environ/features/pt_files/histai_0063_slide_H&E_4.pt
Warning: Feature file not found, skipping: /media/administrador/Storage1/sdonoso/clam_environ/environ/features/pt_files/histai_0088_slide_H&E_0.pt
Warning: Feature file not found, skipping: /media/administrador/Storage1/sdonoso/clam_environ/environ/features/pt_files/histai_0046_slide_H&E_4.pt
Warning: Feature file not found, skipping: /media/administrador/Storage1/sdonoso/clam_environ/environ/features/pt_files/histai_0046_slide_H&E_2.pt
Warning: Feature file not found, skipping: /media/administrador/Storage1/sdonoso/clam_environ/environ/features/pt_files/histai_0038_slide_H&E_4.pt
Warning: Feature file not found, skipping: /media/administrador/Storage1/sdonoso/clam_environ/environ/features/pt_files/histai_0063_slide_H&E_1.pt
Warning: Feature file not found, skipping: /media/administrador/Storage1/sdonoso/clam_environ/environ/features/pt_files/histai_0088_slide_H&E_3.pt
Warning: Feature file not found, skipping: /media/administrador/Storage1/sdonoso/clam_environ/environ/features/pt_files/histai_0046_slide_H&E_6.pt
Warning: Feature file not found, skipping: /media/administrador/Storage1/sdonoso/clam_environ/environ/features/pt_files/histai_0046_slide_H&E_0.pt
Warning: Feature file not found, skipping: /media/administrador/Storage1/sdonoso/clam_environ/environ/features/pt_files/histai_0038_slide_H&E_3.pt
Warning: Feature file not found, skipping: /media/administrador/Storage1/sdonoso/clam_environ/environ/features/pt_files/histai_0126_slide_H&E_0.pt
Warning: Feature file not found, skipping: /media/administrador/Storage1/sdonoso/clam_environ/environ/features/pt_files/histai_0063_slide_H&E_6.pt
Warning: Feature file not found, skipping: /media/administrador/Storage1/sdonoso/clam_environ/environ/features/pt_files/histai_0063_slide_H&E_3.pt
Warning: Feature file not found, skipping: /media/administrador/Storage1/sdonoso/clam_environ/environ/features/pt_files/histai_0088_slide_H&E_1.pt
Warning: Feature file not found, skipping: /media/administrador/Storage1/sdonoso/clam_environ/environ/features/pt_files/histai_0046_slide_H&E_3.pt
Warning: Feature file not found, skipping: /media/administrador/Storage1/sdonoso/clam_environ/environ/features/pt_files/histai_0046_slide_H&E_1.pt
Warning: Feature file not found, skipping: /media/administrador/Storage1/sdonoso/clam_environ/environ/features/pt_files/histai_0126_slide_H&E_1.pt
Warning: Feature file not found, skipping: /media/administrador/Storage1/sdonoso/clam_environ/environ/features/pt_files/histai_0063_slide_H&E_7.pt
Warning: Feature file not found, skipping: /media/administrador/Storage1/sdonoso/clam_environ/environ/features/pt_files/histai_0088_slide_H&E_2.pt
Warning: Feature file not found, skipping: /media/administrador/Storage1/sdonoso/clam_environ/environ/features/pt_files/histai_0046_slide_H&E_7.pt
Warning: Feature file not found, skipping: /media/administrador/Storage1/sdonoso/clam_environ/environ/features/pt_files/histai_0046_slide_H&E_5.pt
Warning: Feature file not found, skipping: /media/administrador/Storage1/sdonoso/clam_environ/environ/features/pt_files/histai_0003_slide_H&E_1.pt
Warning: Feature file not found, skipping: /media/administrador/Storage1/sdonoso/clam_environ/environ/features/pt_files/histai_0038_slide_H&E_2.pt

Val Set, val_loss: 1.1684, val_error: 0.2915, auc: 0.7003
class 0 clustering acc 0.9995762711864407: correct 2359/2360
class 1 clustering acc 0.9919491525423729: correct 2341/2360
class 0: acc 0.0, correct 0/4
class 1: acc 0.0, correct 0/1
class 2: acc 0.0, correct 0/1
class 3: acc 0.0, correct 0/1
class 4: acc 0.125, correct 1/8
class 5: acc 0.0, correct 0/1
class 6: acc 0.4375, correct 7/16
class 7: acc 0.7642585551330798, correct 201/263
EarlyStopping counter: 15 out of 20


batch 19, loss: 0.0678, instance_loss: 0.0046, weighted_loss: 0.0488, label: 7, bag_size: 1404
batch 39, loss: 0.0015, instance_loss: 0.0000, weighted_loss: 0.0011, label: 5, bag_size: 4549
batch 59, loss: 0.0022, instance_loss: 0.0000, weighted_loss: 0.0015, label: 5, bag_size: 42075
batch 79, loss: 14.2359, instance_loss: 0.0000, weighted_loss: 9.9652, label: 3, bag_size: 40779
batch 99, loss: 0.0379, instance_loss: 0.1834, weighted_loss: 0.0816, label: 4, bag_size: 2116
batch 119, loss: 0.0065, instance_loss: 0.0000, weighted_loss: 0.0046, label: 7, bag_size: 16296
batch 139, loss: 0.4769, instance_loss: 0.0015, weighted_loss: 0.3343, label: 4, bag_size: 57334
batch 159, loss: 0.0000, instance_loss: 0.0007, weighted_loss: 0.0002, label: 7, bag_size: 10624
batch 179, loss: 0.0001, instance_loss: 0.0000, weighted_loss: 0.0001, label: 1, bag_size: 47817
batch 199, loss: 0.0002, instance_loss: 0.0181, weighted_loss: 0.0055, label: 1, bag_size: 47817
batch 219, loss: 0.0000, instance_loss: 0.0007, weighted_loss: 0.0002, label: 1, bag_size: 23247
batch 239, loss: 0.0025, instance_loss: 0.1974, weighted_loss: 0.0610, label: 4, bag_size: 2116
batch 259, loss: 0.0002, instance_loss: 0.0000, weighted_loss: 0.0001, label: 1, bag_size: 47248
batch 279, loss: 0.0005, instance_loss: 0.0000, weighted_loss: 0.0003, label: 5, bag_size: 74305
batch 299, loss: 0.0023, instance_loss: 0.0008, weighted_loss: 0.0019, label: 5, bag_size: 40909
batch 319, loss: 0.0009, instance_loss: 0.0000, weighted_loss: 0.0007, label: 5, bag_size: 18304
batch 339, loss: 0.0001, instance_loss: 0.0000, weighted_loss: 0.0001, label: 0, bag_size: 2212
batch 359, loss: 0.0008, instance_loss: 0.0000, weighted_loss: 0.0006, label: 2, bag_size: 27600
batch 379, loss: 0.0375, instance_loss: 0.0000, weighted_loss: 0.0263, label: 0, bag_size: 53763
batch 399, loss: 0.0080, instance_loss: 0.0438, weighted_loss: 0.0187, label: 7, bag_size: 957
batch 419, loss: 0.0035, instance_loss: 0.0007, weighted_loss: 0.0026, label: 7, bag_size: 7203
batch 439, loss: 0.1436, instance_loss: 0.0000, weighted_loss: 0.1005, label: 6, bag_size: 19704
batch 459, loss: 0.0000, instance_loss: 0.0032, weighted_loss: 0.0010, label: 1, bag_size: 39579
batch 479, loss: 0.0000, instance_loss: 0.0159, weighted_loss: 0.0048, label: 4, bag_size: 2213
batch 499, loss: 0.0008, instance_loss: 0.0000, weighted_loss: 0.0005, label: 5, bag_size: 5179
batch 519, loss: 0.0025, instance_loss: 0.0060, weighted_loss: 0.0036, label: 7, bag_size: 31778
batch 539, loss: 0.0033, instance_loss: 0.1726, weighted_loss: 0.0541, label: 4, bag_size: 2479
batch 559, loss: 0.0596, instance_loss: 0.0000, weighted_loss: 0.0417, label: 6, bag_size: 6689
batch 579, loss: 0.0004, instance_loss: 0.0007, weighted_loss: 0.0005, label: 2, bag_size: 27600
batch 599, loss: 0.0002, instance_loss: 0.0000, weighted_loss: 0.0002, label: 5, bag_size: 22096
batch 619, loss: 0.0000, instance_loss: 0.0000, weighted_loss: 0.0000, label: 2, bag_size: 17241
batch 639, loss: 0.0885, instance_loss: 0.5438, weighted_loss: 0.2251, label: 4, bag_size: 39
batch 659, loss: 0.0000, instance_loss: 0.0184, weighted_loss: 0.0055, label: 7, bag_size: 1343
batch 679, loss: 0.0231, instance_loss: 0.0000, weighted_loss: 0.0162, label: 6, bag_size: 16020
batch 699, loss: 0.0000, instance_loss: 0.0286, weighted_loss: 0.0086, label: 1, bag_size: 3832
batch 719, loss: 0.0008, instance_loss: 0.0000, weighted_loss: 0.0005, label: 3, bag_size: 48697
batch 739, loss: 0.0012, instance_loss: 0.0002, weighted_loss: 0.0009, label: 5, bag_size: 5179
batch 759, loss: 0.0002, instance_loss: 0.0004, weighted_loss: 0.0003, label: 3, bag_size: 34611
batch 779, loss: 0.0001, instance_loss: 0.0008, weighted_loss: 0.0003, label: 0, bag_size: 8469
batch 799, loss: 0.0004, instance_loss: 0.0000, weighted_loss: 0.0003, label: 0, bag_size: 100791
batch 819, loss: 0.0006, instance_loss: 0.0000, weighted_loss: 0.0004, label: 6, bag_size: 1295
batch 839, loss: 0.0192, instance_loss: 0.0000, weighted_loss: 0.0134, label: 0, bag_size: 4034
batch 859, loss: 0.3306, instance_loss: 0.0000, weighted_loss: 0.2315, label: 7, bag_size: 21511
batch 879, loss: 0.0000, instance_loss: 0.0000, weighted_loss: 0.0000, label: 2, bag_size: 18291
batch 899, loss: 0.1593, instance_loss: 0.0000, weighted_loss: 0.1115, label: 6, bag_size: 53552
batch 919, loss: 0.0001, instance_loss: 0.0000, weighted_loss: 0.0001, label: 2, bag_size: 55669
batch 939, loss: 0.0004, instance_loss: 0.0004, weighted_loss: 0.0004, label: 2, bag_size: 27600
batch 959, loss: 0.0384, instance_loss: 0.0000, weighted_loss: 0.0269, label: 0, bag_size: 4034
batch 979, loss: 0.0003, instance_loss: 0.0002, weighted_loss: 0.0002, label: 2, bag_size: 27600
batch 999, loss: 0.0003, instance_loss: 0.0007, weighted_loss: 0.0004, label: 2, bag_size: 27600
batch 1019, loss: 0.0001, instance_loss: 0.0000, weighted_loss: 0.0001, label: 2, bag_size: 55669
batch 1039, loss: 0.0001, instance_loss: 0.0000, weighted_loss: 0.0001, label: 1, bag_size: 51943
batch 1059, loss: 0.3453, instance_loss: 0.0000, weighted_loss: 0.2417, label: 6, bag_size: 2371
batch 1079, loss: 0.2395, instance_loss: 0.0000, weighted_loss: 0.1677, label: 6, bag_size: 31794
batch 1099, loss: 0.0107, instance_loss: 0.0030, weighted_loss: 0.0084, label: 4, bag_size: 32239
batch 1119, loss: 0.0376, instance_loss: 0.0000, weighted_loss: 0.0263, label: 6, bag_size: 2761
batch 1139, loss: 0.0005, instance_loss: 0.0000, weighted_loss: 0.0003, label: 3, bag_size: 74422
batch 1159, loss: 0.0001, instance_loss: 0.0000, weighted_loss: 0.0001, label: 2, bag_size: 55669
batch 1179, loss: 0.0017, instance_loss: 0.0000, weighted_loss: 0.0012, label: 0, bag_size: 53337
batch 1199, loss: 0.0001, instance_loss: 0.0003, weighted_loss: 0.0001, label: 3, bag_size: 40779
batch 1219, loss: 0.3240, instance_loss: 0.0006, weighted_loss: 0.2270, label: 7, bag_size: 18351
batch 1239, loss: 0.3283, instance_loss: 0.0000, weighted_loss: 0.2298, label: 6, bag_size: 31434
batch 1259, loss: 0.0640, instance_loss: 0.0030, weighted_loss: 0.0457, label: 4, bag_size: 9160
batch 1279, loss: 0.0245, instance_loss: 0.0042, weighted_loss: 0.0184, label: 4, bag_size: 31677
batch 1299, loss: 0.0002, instance_loss: 0.0000, weighted_loss: 0.0001, label: 2, bag_size: 18291
batch 1319, loss: 0.0003, instance_loss: 0.0000, weighted_loss: 0.0002, label: 3, bag_size: 45816
batch 1339, loss: 0.0036, instance_loss: 0.0152, weighted_loss: 0.0071, label: 1, bag_size: 26832
batch 1359, loss: 0.0000, instance_loss: 0.0000, weighted_loss: 0.0000, label: 5, bag_size: 4549
batch 1379, loss: 2.6572, instance_loss: 0.0130, weighted_loss: 1.8639, label: 4, bag_size: 6808
batch 1399, loss: 1.0020, instance_loss: 0.0000, weighted_loss: 0.7014, label: 6, bag_size: 5377
batch 1419, loss: 0.0007, instance_loss: 0.0000, weighted_loss: 0.0005, label: 3, bag_size: 94662
batch 1439, loss: 0.0036, instance_loss: 0.0007, weighted_loss: 0.0027, label: 7, bag_size: 4154
batch 1459, loss: 0.0026, instance_loss: 0.0526, weighted_loss: 0.0176, label: 4, bag_size: 634
batch 1479, loss: 0.0026, instance_loss: 0.0240, weighted_loss: 0.0090, label: 7, bag_size: 6911
batch 1499, loss: 0.0054, instance_loss: 0.8403, weighted_loss: 0.2559, label: 4, bag_size: 39
batch 1519, loss: 0.0000, instance_loss: 0.0000, weighted_loss: 0.0000, label: 2, bag_size: 17241
batch 1539, loss: 0.0000, instance_loss: 0.0002, weighted_loss: 0.0001, label: 1, bag_size: 23247
batch 1559, loss: 0.0456, instance_loss: 0.0000, weighted_loss: 0.0319, label: 6, bag_size: 4392
batch 1579, loss: 0.0023, instance_loss: 0.0000, weighted_loss: 0.0016, label: 3, bag_size: 44290
batch 1599, loss: 0.0156, instance_loss: 0.0041, weighted_loss: 0.0122, label: 4, bag_size: 4503
batch 1619, loss: 0.0014, instance_loss: 0.0000, weighted_loss: 0.0010, label: 0, bag_size: 3320
batch 1639, loss: 0.0000, instance_loss: 0.0022, weighted_loss: 0.0007, label: 1, bag_size: 39579
batch 1659, loss: 0.0006, instance_loss: 0.0170, weighted_loss: 0.0055, label: 1, bag_size: 11584
batch 1679, loss: 0.0007, instance_loss: 0.0012, weighted_loss: 0.0008, label: 4, bag_size: 9595
Warning: Feature file not found, skipping: /media/administrador/Storage1/sdonoso/clam_environ/environ/features/pt_files/150012-2-3.pt
Warning: Feature file not found, skipping: /media/administrador/Storage1/sdonoso/clam_environ/environ/features/pt_files/150012-2-3.pt
Warning: Feature file not found, skipping: /media/administrador/Storage1/sdonoso/clam_environ/environ/features/pt_files/150012-2-3.pt
Warning: Feature file not found, skipping: /media/administrador/Storage1/sdonoso/clam_environ/environ/features/pt_files/histai_0037_slide_H&E_4.pt
Warning: Feature file not found, skipping: /media/administrador/Storage1/sdonoso/clam_environ/environ/features/pt_files/150012-2-3.pt
Warning: Feature file not found, skipping: /media/administrador/Storage1/sdonoso/clam_environ/environ/features/pt_files/150012-2-3.pt
Warning: Feature file not found, skipping: /media/administrador/Storage1/sdonoso/clam_environ/environ/features/pt_files/150012-2-3.pt
Warning: Feature file not found, skipping: /media/administrador/Storage1/sdonoso/clam_environ/environ/features/pt_files/150012-2-3.pt
Warning: Feature file not found, skipping: /media/administrador/Storage1/sdonoso/clam_environ/environ/features/pt_files/histai_0010_slide_H&E_1.pt
Warning: Feature file not found, skipping: /media/administrador/Storage1/sdonoso/clam_environ/environ/features/pt_files/150012-2-3.pt
Warning: Feature file not found, skipping: /media/administrador/Storage1/sdonoso/clam_environ/environ/features/pt_files/150012-2-3.pt
Warning: Feature file not found, skipping: /media/administrador/Storage1/sdonoso/clam_environ/environ/features/pt_files/150012-2-3.pt
Warning: Feature file not found, skipping: /media/administrador/Storage1/sdonoso/clam_environ/environ/features/pt_files/150012-2-3.pt
Warning: Feature file not found, skipping: /media/administrador/Storage1/sdonoso/clam_environ/environ/features/pt_files/150012-2-3.pt
Warning: Feature file not found, skipping: /media/administrador/Storage1/sdonoso/clam_environ/environ/features/pt_files/150012-2-3.pt
Warning: Feature file not found, skipping: /media/administrador/Storage1/sdonoso/clam_environ/environ/features/pt_files/150012-2-3.pt
Warning: Feature file not found, skipping: /media/administrador/Storage1/sdonoso/clam_environ/environ/features/pt_files/150012-2-3.pt
Warning: Feature file not found, skipping: /media/administrador/Storage1/sdonoso/clam_environ/environ/features/pt_files/150012-2-3.pt
Warning: Feature file not found, skipping: /media/administrador/Storage1/sdonoso/clam_environ/environ/features/pt_files/histai_0121_slide_H&E_2.pt
Warning: Feature file not found, skipping: /media/administrador/Storage1/sdonoso/clam_environ/environ/features/pt_files/150012-2-3.pt
Warning: Feature file not found, skipping: /media/administrador/Storage1/sdonoso/clam_environ/environ/features/pt_files/histai_0030_slide_H&E_6.pt
Warning: Feature file not found, skipping: /media/administrador/Storage1/sdonoso/clam_environ/environ/features/pt_files/150012-2-3.pt
Warning: Feature file not found, skipping: /media/administrador/Storage1/sdonoso/clam_environ/environ/features/pt_files/150012-2-3.pt
Warning: Feature file not found, skipping: /media/administrador/Storage1/sdonoso/clam_environ/environ/features/pt_files/150012-2-3.pt
Warning: Feature file not found, skipping: /media/administrador/Storage1/sdonoso/clam_environ/environ/features/pt_files/histai_0030_slide_H&E_5.pt
Warning: Feature file not found, skipping: /media/administrador/Storage1/sdonoso/clam_environ/environ/features/pt_files/150012-2-3.pt
Warning: Feature file not found, skipping: /media/administrador/Storage1/sdonoso/clam_environ/environ/features/pt_files/150012-2-3.pt
Warning: Feature file not found, skipping: /media/administrador/Storage1/sdonoso/clam_environ/environ/features/pt_files/histai_0054_slide_H&E_0.pt
Warning: Feature file not found, skipping: /media/administrador/Storage1/sdonoso/clam_environ/environ/features/pt_files/150012-2-3.pt
Warning: Feature file not found, skipping: /media/administrador/Storage1/sdonoso/clam_environ/environ/features/pt_files/histai_0070_slide_H&E_2.pt
Warning: Feature file not found, skipping: /media/administrador/Storage1/sdonoso/clam_environ/environ/features/pt_files/histai_0109_slide_H&E_1.pt
Warning: Feature file not found, skipping: /media/administrador/Storage1/sdonoso/clam_environ/environ/features/pt_files/histai_0121_slide_H&E_2.pt
Warning: Feature file not found, skipping: /media/administrador/Storage1/sdonoso/clam_environ/environ/features/pt_files/histai_0030_slide_H&E_3.pt
Warning: Feature file not found, skipping: /media/administrador/Storage1/sdonoso/clam_environ/environ/features/pt_files/histai_0030_slide_H&E_1.pt
Warning: Feature file not found, skipping: /media/administrador/Storage1/sdonoso/clam_environ/environ/features/pt_files/150012-2-3.pt
Warning: Feature file not found, skipping: /media/administrador/Storage1/sdonoso/clam_environ/environ/features/pt_files/150012-2-3.pt
Warning: Feature file not found, skipping: /media/administrador/Storage1/sdonoso/clam_environ/environ/features/pt_files/150012-2-3.pt
Warning: Feature file not found, skipping: /media/administrador/Storage1/sdonoso/clam_environ/environ/features/pt_files/150012-2-3.pt
batch 1699, loss: 0.0002, instance_loss: 0.0000, weighted_loss: 0.0001, label: 0, bag_size: 76990
batch 1719, loss: 0.0000, instance_loss: 0.0000, weighted_loss: 0.0000, label: 7, bag_size: 3901
batch 1739, loss: 0.3472, instance_loss: 0.0169, weighted_loss: 0.2481, label: 4, bag_size: 2776
batch 1759, loss: 1.5153, instance_loss: 0.0000, weighted_loss: 1.0607, label: 6, bag_size: 12203
batch 1779, loss: 0.0003, instance_loss: 0.0000, weighted_loss: 0.0002, label: 2, bag_size: 55669
batch 1799, loss: 0.0729, instance_loss: 0.0000, weighted_loss: 0.0510, label: 6, bag_size: 66050
batch 1819, loss: 0.1026, instance_loss: 0.0000, weighted_loss: 0.0718, label: 6, bag_size: 875
batch 1839, loss: 0.0020, instance_loss: 0.0019, weighted_loss: 0.0019, label: 3, bag_size: 40779
batch 1859, loss: 0.0001, instance_loss: 0.0000, weighted_loss: 0.0001, label: 3, bag_size: 40462
batch 1879, loss: 0.0448, instance_loss: 0.0098, weighted_loss: 0.0343, label: 0, bag_size: 8469
batch 1899, loss: 0.0008, instance_loss: 0.0000, weighted_loss: 0.0005, label: 5, bag_size: 18304
batch 1919, loss: 0.1803, instance_loss: 0.0309, weighted_loss: 0.1355, label: 4, bag_size: 24955
batch 1939, loss: 0.0005, instance_loss: 0.0000, weighted_loss: 0.0003, label: 2, bag_size: 27600
batch 1959, loss: 3.5508, instance_loss: 0.0016, weighted_loss: 2.4860, label: 7, bag_size: 54448
batch 1979, loss: 0.0002, instance_loss: 0.0003, weighted_loss: 0.0003, label: 6, bag_size: 3457
batch 1999, loss: 1.4440, instance_loss: 0.0010, weighted_loss: 1.0111, label: 4, bag_size: 26269
batch 2019, loss: 0.5744, instance_loss: 0.0000, weighted_loss: 0.4020, label: 6, bag_size: 5377
batch 2039, loss: 0.0018, instance_loss: 0.0000, weighted_loss: 0.0012, label: 5, bag_size: 42075
batch 2059, loss: 0.0011, instance_loss: 0.0044, weighted_loss: 0.0021, label: 1, bag_size: 51943
batch 2079, loss: 0.0007, instance_loss: 0.0000, weighted_loss: 0.0005, label: 5, bag_size: 5179
batch 2099, loss: 0.0009, instance_loss: 0.0000, weighted_loss: 0.0006, label: 3, bag_size: 47490
batch 2119, loss: 0.0004, instance_loss: 0.0021, weighted_loss: 0.0009, label: 1, bag_size: 11584
batch 2139, loss: 0.0274, instance_loss: 0.0004, weighted_loss: 0.0193, label: 7, bag_size: 9987
batch 2159, loss: 0.0139, instance_loss: 0.0009, weighted_loss: 0.0100, label: 1, bag_size: 10314
batch 2179, loss: 0.0007, instance_loss: 0.0000, weighted_loss: 0.0005, label: 5, bag_size: 52677
batch 2199, loss: 0.0426, instance_loss: 0.0046, weighted_loss: 0.0312, label: 6, bag_size: 9619
batch 2219, loss: 0.0003, instance_loss: 0.0000, weighted_loss: 0.0002, label: 1, bag_size: 51943
batch 2239, loss: 0.0009, instance_loss: 0.0000, weighted_loss: 0.0007, label: 3, bag_size: 82568
batch 2259, loss: 1.3118, instance_loss: 0.0008, weighted_loss: 0.9185, label: 7, bag_size: 7285
batch 2279, loss: 0.0674, instance_loss: 0.0137, weighted_loss: 0.0513, label: 7, bag_size: 700
batch 2299, loss: 0.0680, instance_loss: 0.0000, weighted_loss: 0.0476, label: 6, bag_size: 875
batch 2319, loss: 0.0009, instance_loss: 0.0000, weighted_loss: 0.0007, label: 2, bag_size: 17241
batch 2339, loss: 0.0052, instance_loss: 0.0004, weighted_loss: 0.0037, label: 4, bag_size: 56174
batch 2359, loss: 0.0001, instance_loss: 0.0000, weighted_loss: 0.0001, label: 2, bag_size: 18291
batch 2379, loss: 0.0027, instance_loss: 0.0093, weighted_loss: 0.0047, label: 4, bag_size: 2236
batch 2399, loss: 3.2039, instance_loss: 0.0017, weighted_loss: 2.2432, label: 7, bag_size: 42251
batch 2419, loss: 0.0067, instance_loss: 0.0000, weighted_loss: 0.0047, label: 3, bag_size: 82568


class 0 clustering acc 0.9988020833333333: correct 19177/19200
class 1 clustering acc 0.9969270833333334: correct 19141/19200
Epoch: 17, train_loss: 0.1113, train_clustering_loss:  0.0137, train_error: 0.0367
class 0: acc 0.9941002949852508, correct 337/339
class 1: acc 0.9967637540453075, correct 308/309
class 2: acc 1.0, correct 294/294
class 3: acc 0.9965986394557823, correct 293/294
class 4: acc 0.9793103448275862, correct 284/290
class 5: acc 1.0, correct 263/263
class 6: acc 0.9198717948717948, correct 287/312
class 7: acc 0.822742474916388, correct 246/299
Warning: Feature file not found, skipping: /media/administrador/Storage1/sdonoso/clam_environ/environ/features/pt_files/histai_0126_slide_H&E_0.pt
Warning: Feature file not found, skipping: /media/administrador/Storage1/sdonoso/clam_environ/environ/features/pt_files/histai_0063_slide_H&E_6.pt
Warning: Feature file not found, skipping: /media/administrador/Storage1/sdonoso/clam_environ/environ/features/pt_files/histai_0063_slide_H&E_3.pt
Warning: Feature file not found, skipping: /media/administrador/Storage1/sdonoso/clam_environ/environ/features/pt_files/histai_0088_slide_H&E_1.pt
Warning: Feature file not found, skipping: /media/administrador/Storage1/sdonoso/clam_environ/environ/features/pt_files/histai_0046_slide_H&E_3.pt
Warning: Feature file not found, skipping: /media/administrador/Storage1/sdonoso/clam_environ/environ/features/pt_files/histai_0046_slide_H&E_1.pt
Warning: Feature file not found, skipping: /media/administrador/Storage1/sdonoso/clam_environ/environ/features/pt_files/histai_0063_slide_H&E_1.pt
Warning: Feature file not found, skipping: /media/administrador/Storage1/sdonoso/clam_environ/environ/features/pt_files/histai_0088_slide_H&E_3.pt
Warning: Feature file not found, skipping: /media/administrador/Storage1/sdonoso/clam_environ/environ/features/pt_files/histai_0046_slide_H&E_6.pt
Warning: Feature file not found, skipping: /media/administrador/Storage1/sdonoso/clam_environ/environ/features/pt_files/histai_0046_slide_H&E_0.pt
Warning: Feature file not found, skipping: /media/administrador/Storage1/sdonoso/clam_environ/environ/features/pt_files/histai_0038_slide_H&E_3.pt
Warning: Feature file not found, skipping: /media/administrador/Storage1/sdonoso/clam_environ/environ/features/pt_files/histai_0126_slide_H&E_2.pt
Warning: Feature file not found, skipping: /media/administrador/Storage1/sdonoso/clam_environ/environ/features/pt_files/histai_0063_slide_H&E_4.pt
Warning: Feature file not found, skipping: /media/administrador/Storage1/sdonoso/clam_environ/environ/features/pt_files/histai_0088_slide_H&E_0.pt
Warning: Feature file not found, skipping: /media/administrador/Storage1/sdonoso/clam_environ/environ/features/pt_files/histai_0046_slide_H&E_4.pt
Warning: Feature file not found, skipping: /media/administrador/Storage1/sdonoso/clam_environ/environ/features/pt_files/histai_0046_slide_H&E_2.pt
Warning: Feature file not found, skipping: /media/administrador/Storage1/sdonoso/clam_environ/environ/features/pt_files/histai_0038_slide_H&E_4.pt
Warning: Feature file not found, skipping: /media/administrador/Storage1/sdonoso/clam_environ/environ/features/pt_files/histai_0126_slide_H&E_1.pt
Warning: Feature file not found, skipping: /media/administrador/Storage1/sdonoso/clam_environ/environ/features/pt_files/histai_0063_slide_H&E_7.pt
Warning: Feature file not found, skipping: /media/administrador/Storage1/sdonoso/clam_environ/environ/features/pt_files/histai_0088_slide_H&E_2.pt
Warning: Feature file not found, skipping: /media/administrador/Storage1/sdonoso/clam_environ/environ/features/pt_files/histai_0046_slide_H&E_7.pt
Warning: Feature file not found, skipping: /media/administrador/Storage1/sdonoso/clam_environ/environ/features/pt_files/histai_0046_slide_H&E_5.pt
Warning: Feature file not found, skipping: /media/administrador/Storage1/sdonoso/clam_environ/environ/features/pt_files/histai_0003_slide_H&E_1.pt
Warning: Feature file not found, skipping: /media/administrador/Storage1/sdonoso/clam_environ/environ/features/pt_files/histai_0038_slide_H&E_2.pt

Val Set, val_loss: 1.0831, val_error: 0.2610, auc: 0.6904
class 0 clustering acc 1.0: correct 2360/2360
class 1 clustering acc 0.989406779661017: correct 2335/2360
class 0: acc 0.0, correct 0/4
class 1: acc 0.0, correct 0/1
class 2: acc 0.0, correct 0/1
class 3: acc 0.0, correct 0/1
class 4: acc 0.125, correct 1/8
class 5: acc 0.0, correct 0/1
class 6: acc 0.5, correct 8/16
class 7: acc 0.7946768060836502, correct 209/263
EarlyStopping counter: 16 out of 20


batch 19, loss: 0.0176, instance_loss: 0.0003, weighted_loss: 0.0124, label: 0, bag_size: 31191
batch 39, loss: 0.0000, instance_loss: 0.0000, weighted_loss: 0.0000, label: 2, bag_size: 18291
batch 59, loss: 0.1052, instance_loss: 0.0082, weighted_loss: 0.0761, label: 1, bag_size: 39579
batch 79, loss: 0.0003, instance_loss: 0.0054, weighted_loss: 0.0018, label: 0, bag_size: 7987
batch 99, loss: 0.0000, instance_loss: 0.0000, weighted_loss: 0.0000, label: 2, bag_size: 17241
batch 119, loss: 0.0007, instance_loss: 0.0000, weighted_loss: 0.0005, label: 4, bag_size: 56174
batch 139, loss: 0.0001, instance_loss: 0.0017, weighted_loss: 0.0006, label: 1, bag_size: 11584
batch 159, loss: 0.0026, instance_loss: 0.0020, weighted_loss: 0.0024, label: 4, bag_size: 47379
batch 179, loss: 0.0001, instance_loss: 0.0000, weighted_loss: 0.0000, label: 2, bag_size: 55669
batch 199, loss: 0.1213, instance_loss: 0.0012, weighted_loss: 0.0853, label: 6, bag_size: 5760
batch 219, loss: 0.0004, instance_loss: 0.0000, weighted_loss: 0.0003, label: 3, bag_size: 44290
batch 239, loss: 0.0001, instance_loss: 0.0000, weighted_loss: 0.0001, label: 2, bag_size: 27600
batch 259, loss: 0.0026, instance_loss: 0.0007, weighted_loss: 0.0020, label: 1, bag_size: 47817
batch 279, loss: 0.5376, instance_loss: 0.0000, weighted_loss: 0.3763, label: 7, bag_size: 3371
batch 299, loss: 0.0027, instance_loss: 0.0000, weighted_loss: 0.0019, label: 0, bag_size: 63464
batch 319, loss: 0.4447, instance_loss: 0.0002, weighted_loss: 0.3113, label: 7, bag_size: 3278
batch 339, loss: 0.0000, instance_loss: 0.0051, weighted_loss: 0.0015, label: 7, bag_size: 1385
batch 359, loss: 0.0001, instance_loss: 0.0000, weighted_loss: 0.0001, label: 0, bag_size: 29441
batch 379, loss: 0.0397, instance_loss: 0.3854, weighted_loss: 0.1434, label: 4, bag_size: 2116
batch 399, loss: 0.0009, instance_loss: 0.0000, weighted_loss: 0.0006, label: 5, bag_size: 52677
batch 419, loss: 0.7087, instance_loss: 0.0000, weighted_loss: 0.4961, label: 6, bag_size: 54477
batch 439, loss: 0.0005, instance_loss: 0.0000, weighted_loss: 0.0004, label: 2, bag_size: 18291
batch 459, loss: 0.0071, instance_loss: 0.0000, weighted_loss: 0.0050, label: 0, bag_size: 31191
batch 479, loss: 0.0011, instance_loss: 0.0000, weighted_loss: 0.0008, label: 0, bag_size: 4034
batch 499, loss: 2.6526, instance_loss: 0.0000, weighted_loss: 1.8568, label: 7, bag_size: 71385
batch 519, loss: 0.0402, instance_loss: 0.0000, weighted_loss: 0.0282, label: 0, bag_size: 3320
batch 539, loss: 0.0012, instance_loss: 0.0000, weighted_loss: 0.0008, label: 5, bag_size: 6337
batch 559, loss: 0.0011, instance_loss: 0.0112, weighted_loss: 0.0041, label: 1, bag_size: 3832
batch 579, loss: 0.0078, instance_loss: 0.0000, weighted_loss: 0.0055, label: 6, bag_size: 15855
batch 599, loss: 0.0101, instance_loss: 0.0002, weighted_loss: 0.0072, label: 0, bag_size: 8203
batch 619, loss: 0.0327, instance_loss: 0.0196, weighted_loss: 0.0288, label: 4, bag_size: 14107
batch 639, loss: 0.0000, instance_loss: 0.0000, weighted_loss: 0.0000, label: 5, bag_size: 5565
batch 659, loss: 0.0220, instance_loss: 0.0113, weighted_loss: 0.0188, label: 4, bag_size: 14791
batch 679, loss: 0.0002, instance_loss: 0.0000, weighted_loss: 0.0001, label: 0, bag_size: 53437
batch 699, loss: 0.0001, instance_loss: 0.0000, weighted_loss: 0.0000, label: 2, bag_size: 55669
batch 719, loss: 0.0019, instance_loss: 0.0000, weighted_loss: 0.0013, label: 5, bag_size: 42075
batch 739, loss: 0.0005, instance_loss: 0.0000, weighted_loss: 0.0004, label: 0, bag_size: 8203
batch 759, loss: 0.0003, instance_loss: 0.0000, weighted_loss: 0.0002, label: 3, bag_size: 47490
batch 779, loss: 0.0272, instance_loss: 0.0006, weighted_loss: 0.0192, label: 7, bag_size: 2287
batch 799, loss: 0.0001, instance_loss: 0.0007, weighted_loss: 0.0003, label: 1, bag_size: 39579
batch 819, loss: 0.0001, instance_loss: 0.0000, weighted_loss: 0.0001, label: 3, bag_size: 40462
batch 839, loss: 0.0001, instance_loss: 0.0000, weighted_loss: 0.0001, label: 5, bag_size: 5565
batch 859, loss: 0.0000, instance_loss: 0.0000, weighted_loss: 0.0000, label: 2, bag_size: 18291
batch 879, loss: 0.0002, instance_loss: 0.0000, weighted_loss: 0.0001, label: 1, bag_size: 26832
batch 899, loss: 0.0005, instance_loss: 0.0000, weighted_loss: 0.0003, label: 5, bag_size: 52677
batch 919, loss: 2.2676, instance_loss: 0.0003, weighted_loss: 1.5874, label: 7, bag_size: 9241
batch 939, loss: 0.0000, instance_loss: 0.0000, weighted_loss: 0.0000, label: 2, bag_size: 18291
batch 959, loss: 0.0389, instance_loss: 0.0078, weighted_loss: 0.0296, label: 4, bag_size: 14791
batch 979, loss: 0.0031, instance_loss: 0.0005, weighted_loss: 0.0023, label: 0, bag_size: 68174
batch 999, loss: 0.0000, instance_loss: 0.0014, weighted_loss: 0.0004, label: 7, bag_size: 1385
batch 1019, loss: 0.0183, instance_loss: 0.0000, weighted_loss: 0.0128, label: 6, bag_size: 2582
batch 1039, loss: 0.0889, instance_loss: 0.0075, weighted_loss: 0.0645, label: 7, bag_size: 13428
batch 1059, loss: 0.0000, instance_loss: 0.0000, weighted_loss: 0.0000, label: 3, bag_size: 40462
batch 1079, loss: 0.0006, instance_loss: 0.0000, weighted_loss: 0.0004, label: 5, bag_size: 22096
batch 1099, loss: 0.0003, instance_loss: 0.0000, weighted_loss: 0.0002, label: 2, bag_size: 17241
batch 1119, loss: 0.0004, instance_loss: 0.0008, weighted_loss: 0.0005, label: 1, bag_size: 3832
batch 1139, loss: 0.0001, instance_loss: 0.0002, weighted_loss: 0.0001, label: 2, bag_size: 27600
batch 1159, loss: 0.0000, instance_loss: 0.0426, weighted_loss: 0.0128, label: 4, bag_size: 1708
batch 1179, loss: 0.0065, instance_loss: 0.0028, weighted_loss: 0.0054, label: 4, bag_size: 40978
batch 1199, loss: 0.0021, instance_loss: 0.0000, weighted_loss: 0.0015, label: 0, bag_size: 62970
batch 1219, loss: 0.0003, instance_loss: 0.0000, weighted_loss: 0.0002, label: 2, bag_size: 17241
batch 1239, loss: 0.2094, instance_loss: 0.0455, weighted_loss: 0.1602, label: 4, bag_size: 24955
batch 1259, loss: 0.0001, instance_loss: 0.0000, weighted_loss: 0.0001, label: 1, bag_size: 47248
batch 1279, loss: 0.0001, instance_loss: 0.0000, weighted_loss: 0.0001, label: 2, bag_size: 27600
batch 1299, loss: 0.0208, instance_loss: 0.0000, weighted_loss: 0.0146, label: 6, bag_size: 2573
batch 1319, loss: 1.5818, instance_loss: 0.0000, weighted_loss: 1.1072, label: 7, bag_size: 47000
batch 1339, loss: 0.0004, instance_loss: 0.0000, weighted_loss: 0.0003, label: 1, bag_size: 26832
batch 1359, loss: 0.0002, instance_loss: 0.0000, weighted_loss: 0.0001, label: 3, bag_size: 34611
batch 1379, loss: 0.2306, instance_loss: 0.0128, weighted_loss: 0.1652, label: 4, bag_size: 1742
batch 1399, loss: 0.0005, instance_loss: 0.0000, weighted_loss: 0.0003, label: 2, bag_size: 17241
batch 1419, loss: 0.0001, instance_loss: 0.0000, weighted_loss: 0.0001, label: 5, bag_size: 52677
batch 1439, loss: 0.0001, instance_loss: 0.0000, weighted_loss: 0.0001, label: 2, bag_size: 17241
batch 1459, loss: 0.0001, instance_loss: 0.0000, weighted_loss: 0.0000, label: 2, bag_size: 17241
batch 1479, loss: 0.0001, instance_loss: 0.0000, weighted_loss: 0.0000, label: 0, bag_size: 18834
batch 1499, loss: 0.0000, instance_loss: 0.0000, weighted_loss: 0.0000, label: 7, bag_size: 2793
batch 1519, loss: 0.0002, instance_loss: 0.0023, weighted_loss: 0.0008, label: 1, bag_size: 10314
batch 1539, loss: 0.1405, instance_loss: 0.0000, weighted_loss: 0.0983, label: 6, bag_size: 3740
batch 1559, loss: 0.3613, instance_loss: 0.0005, weighted_loss: 0.2531, label: 7, bag_size: 11814
batch 1579, loss: 0.0001, instance_loss: 0.0000, weighted_loss: 0.0001, label: 5, bag_size: 22096
batch 1599, loss: 0.0029, instance_loss: 0.0000, weighted_loss: 0.0020, label: 2, bag_size: 55669
batch 1619, loss: 0.0000, instance_loss: 0.0000, weighted_loss: 0.0000, label: 2, bag_size: 18291
batch 1639, loss: 0.0163, instance_loss: 0.0000, weighted_loss: 0.0114, label: 0, bag_size: 14638
batch 1659, loss: 0.0001, instance_loss: 1.7907, weighted_loss: 0.5373, label: 4, bag_size: 39
batch 1679, loss: 0.4045, instance_loss: 0.0006, weighted_loss: 0.2833, label: 4, bag_size: 15220
Warning: Feature file not found, skipping: /media/administrador/Storage1/sdonoso/clam_environ/environ/features/pt_files/150012-2-3.pt
Warning: Feature file not found, skipping: /media/administrador/Storage1/sdonoso/clam_environ/environ/features/pt_files/150012-2-3.pt
Warning: Feature file not found, skipping: /media/administrador/Storage1/sdonoso/clam_environ/environ/features/pt_files/150012-2-3.pt
Warning: Feature file not found, skipping: /media/administrador/Storage1/sdonoso/clam_environ/environ/features/pt_files/150012-2-3.pt
Warning: Feature file not found, skipping: /media/administrador/Storage1/sdonoso/clam_environ/environ/features/pt_files/150012-2-3.pt
Warning: Feature file not found, skipping: /media/administrador/Storage1/sdonoso/clam_environ/environ/features/pt_files/150012-2-3.pt
Warning: Feature file not found, skipping: /media/administrador/Storage1/sdonoso/clam_environ/environ/features/pt_files/histai_0074_slide_H&E_1.pt
Warning: Feature file not found, skipping: /media/administrador/Storage1/sdonoso/clam_environ/environ/features/pt_files/histai_0030_slide_H&E_0.pt
Warning: Feature file not found, skipping: /media/administrador/Storage1/sdonoso/clam_environ/environ/features/pt_files/150012-2-3.pt
Warning: Feature file not found, skipping: /media/administrador/Storage1/sdonoso/clam_environ/environ/features/pt_files/150012-2-3.pt
Warning: Feature file not found, skipping: /media/administrador/Storage1/sdonoso/clam_environ/environ/features/pt_files/150012-2-3.pt
Warning: Feature file not found, skipping: /media/administrador/Storage1/sdonoso/clam_environ/environ/features/pt_files/150012-2-3.pt
Warning: Feature file not found, skipping: /media/administrador/Storage1/sdonoso/clam_environ/environ/features/pt_files/150012-2-3.pt
Warning: Feature file not found, skipping: /media/administrador/Storage1/sdonoso/clam_environ/environ/features/pt_files/histai_0127_slide_H&E_2.pt
Warning: Feature file not found, skipping: /media/administrador/Storage1/sdonoso/clam_environ/environ/features/pt_files/150012-2-3.pt
Warning: Feature file not found, skipping: /media/administrador/Storage1/sdonoso/clam_environ/environ/features/pt_files/150012-2-3.pt
Warning: Feature file not found, skipping: /media/administrador/Storage1/sdonoso/clam_environ/environ/features/pt_files/150012-2-3.pt
Warning: Feature file not found, skipping: /media/administrador/Storage1/sdonoso/clam_environ/environ/features/pt_files/150012-2-3.pt
Warning: Feature file not found, skipping: /media/administrador/Storage1/sdonoso/clam_environ/environ/features/pt_files/150012-2-3.pt
Warning: Feature file not found, skipping: /media/administrador/Storage1/sdonoso/clam_environ/environ/features/pt_files/histai_0109_slide_H&E_1.pt
Warning: Feature file not found, skipping: /media/administrador/Storage1/sdonoso/clam_environ/environ/features/pt_files/150012-2-3.pt
Warning: Feature file not found, skipping: /media/administrador/Storage1/sdonoso/clam_environ/environ/features/pt_files/150012-2-3.pt
Warning: Feature file not found, skipping: /media/administrador/Storage1/sdonoso/clam_environ/environ/features/pt_files/150012-2-3.pt
Warning: Feature file not found, skipping: /media/administrador/Storage1/sdonoso/clam_environ/environ/features/pt_files/150012-2-3.pt
Warning: Feature file not found, skipping: /media/administrador/Storage1/sdonoso/clam_environ/environ/features/pt_files/150012-2-3.pt
Warning: Feature file not found, skipping: /media/administrador/Storage1/sdonoso/clam_environ/environ/features/pt_files/histai_0084_slide_H&E_1.pt
Warning: Feature file not found, skipping: /media/administrador/Storage1/sdonoso/clam_environ/environ/features/pt_files/150012-2-3.pt
Warning: Feature file not found, skipping: /media/administrador/Storage1/sdonoso/clam_environ/environ/features/pt_files/150012-2-3.pt
Warning: Feature file not found, skipping: /media/administrador/Storage1/sdonoso/clam_environ/environ/features/pt_files/150012-2-3.pt
Warning: Feature file not found, skipping: /media/administrador/Storage1/sdonoso/clam_environ/environ/features/pt_files/150012-2-3.pt
Warning: Feature file not found, skipping: /media/administrador/Storage1/sdonoso/clam_environ/environ/features/pt_files/150012-2-3.pt
Warning: Feature file not found, skipping: /media/administrador/Storage1/sdonoso/clam_environ/environ/features/pt_files/150012-2-3.pt
batch 1699, loss: 0.0007, instance_loss: 0.0000, weighted_loss: 0.0005, label: 5, bag_size: 63349
batch 1719, loss: 0.0003, instance_loss: 0.0008, weighted_loss: 0.0004, label: 1, bag_size: 23247
batch 1739, loss: 0.0003, instance_loss: 0.0000, weighted_loss: 0.0002, label: 3, bag_size: 82568
batch 1759, loss: 0.0005, instance_loss: 0.0000, weighted_loss: 0.0004, label: 3, bag_size: 74422
batch 1779, loss: 0.0872, instance_loss: 0.0049, weighted_loss: 0.0625, label: 4, bag_size: 9160
batch 1799, loss: 0.0001, instance_loss: 0.0000, weighted_loss: 0.0000, label: 2, bag_size: 17241
batch 1819, loss: 3.4203, instance_loss: 0.0000, weighted_loss: 2.3942, label: 7, bag_size: 4654
batch 1839, loss: 0.0000, instance_loss: 0.0101, weighted_loss: 0.0031, label: 1, bag_size: 11584
batch 1859, loss: 0.0000, instance_loss: 0.0000, weighted_loss: 0.0000, label: 3, bag_size: 34611
batch 1879, loss: 0.0007, instance_loss: 0.0000, weighted_loss: 0.0005, label: 3, bag_size: 34611
batch 1899, loss: 0.0000, instance_loss: 0.0000, weighted_loss: 0.0000, label: 3, bag_size: 45816
batch 1919, loss: 0.0026, instance_loss: 0.0255, weighted_loss: 0.0095, label: 0, bag_size: 53763
batch 1939, loss: 0.0003, instance_loss: 0.0000, weighted_loss: 0.0002, label: 0, bag_size: 29441
batch 1959, loss: 0.0003, instance_loss: 0.0006, weighted_loss: 0.0004, label: 1, bag_size: 51943
batch 1979, loss: 0.9373, instance_loss: 0.0075, weighted_loss: 0.6583, label: 4, bag_size: 7143
batch 1999, loss: 3.7364, instance_loss: 0.0000, weighted_loss: 2.6155, label: 7, bag_size: 59993
batch 2019, loss: 0.0000, instance_loss: 0.0011, weighted_loss: 0.0003, label: 1, bag_size: 3832
batch 2039, loss: 0.0000, instance_loss: 0.0000, weighted_loss: 0.0000, label: 2, bag_size: 18291
batch 2059, loss: 0.1514, instance_loss: 0.0005, weighted_loss: 0.1061, label: 6, bag_size: 3100
batch 2079, loss: 0.0027, instance_loss: 0.0003, weighted_loss: 0.0020, label: 1, bag_size: 47817
batch 2099, loss: 0.0001, instance_loss: 0.0017, weighted_loss: 0.0006, label: 3, bag_size: 94662
batch 2119, loss: 0.0125, instance_loss: 0.0000, weighted_loss: 0.0088, label: 6, bag_size: 13888
batch 2139, loss: 0.0008, instance_loss: 0.0018, weighted_loss: 0.0011, label: 1, bag_size: 39579
batch 2159, loss: 0.0005, instance_loss: 0.0000, weighted_loss: 0.0003, label: 6, bag_size: 4603
batch 2179, loss: 0.0001, instance_loss: 0.0000, weighted_loss: 0.0001, label: 3, bag_size: 82568
batch 2199, loss: 0.0153, instance_loss: 0.0000, weighted_loss: 0.0107, label: 7, bag_size: 3918
batch 2219, loss: 0.0003, instance_loss: 0.0000, weighted_loss: 0.0002, label: 2, bag_size: 27600
batch 2239, loss: 0.0023, instance_loss: 0.0003, weighted_loss: 0.0017, label: 6, bag_size: 16020
batch 2259, loss: 0.0007, instance_loss: 0.0000, weighted_loss: 0.0005, label: 6, bag_size: 24840
batch 2299, loss: 0.0001, instance_loss: 0.0000, weighted_loss: 0.0001, label: 3, bag_size: 74422
batch 2319, loss: 0.0000, instance_loss: 0.0000, weighted_loss: 0.0000, label: 0, bag_size: 4034
batch 2339, loss: 0.0000, instance_loss: 0.0000, weighted_loss: 0.0000, label: 2, bag_size: 18291
batch 2359, loss: 0.0001, instance_loss: 0.0007, weighted_loss: 0.0003, label: 3, bag_size: 34611
batch 2379, loss: 0.0004, instance_loss: 0.0000, weighted_loss: 0.0003, label: 3, bag_size: 47490
batch 2399, loss: 0.1540, instance_loss: 0.0000, weighted_loss: 0.1078, label: 6, bag_size: 6885
batch 2419, loss: 0.0001, instance_loss: 0.0002, weighted_loss: 0.0001, label: 3, bag_size: 40462


class 0 clustering acc 0.9992206982543641: correct 19233/19248
class 1 clustering acc 0.9975062344139651: correct 19200/19248
Epoch: 18, train_loss: 0.1075, train_clustering_loss:  0.0094, train_error: 0.0436
class 0: acc 0.9967105263157895, correct 303/304
class 1: acc 1.0, correct 311/311
class 2: acc 1.0, correct 306/306
class 3: acc 0.9968553459119497, correct 317/318
class 4: acc 0.9647435897435898, correct 301/312
class 5: acc 0.9963898916967509, correct 276/277
class 6: acc 0.8870431893687708, correct 267/301
class 7: acc 0.7942238267148014, correct 220/277
Warning: Feature file not found, skipping: /media/administrador/Storage1/sdonoso/clam_environ/environ/features/pt_files/histai_0126_slide_H&E_0.pt
Warning: Feature file not found, skipping: /media/administrador/Storage1/sdonoso/clam_environ/environ/features/pt_files/histai_0063_slide_H&E_6.pt
Warning: Feature file not found, skipping: /media/administrador/Storage1/sdonoso/clam_environ/environ/features/pt_files/histai_0063_slide_H&E_3.pt
Warning: Feature file not found, skipping: /media/administrador/Storage1/sdonoso/clam_environ/environ/features/pt_files/histai_0088_slide_H&E_1.pt
Warning: Feature file not found, skipping: /media/administrador/Storage1/sdonoso/clam_environ/environ/features/pt_files/histai_0046_slide_H&E_3.pt
Warning: Feature file not found, skipping: /media/administrador/Storage1/sdonoso/clam_environ/environ/features/pt_files/histai_0046_slide_H&E_1.pt
Warning: Feature file not found, skipping: /media/administrador/Storage1/sdonoso/clam_environ/environ/features/pt_files/histai_0126_slide_H&E_1.pt
Warning: Feature file not found, skipping: /media/administrador/Storage1/sdonoso/clam_environ/environ/features/pt_files/histai_0063_slide_H&E_7.pt
Warning: Feature file not found, skipping: /media/administrador/Storage1/sdonoso/clam_environ/environ/features/pt_files/histai_0088_slide_H&E_2.pt
Warning: Feature file not found, skipping: /media/administrador/Storage1/sdonoso/clam_environ/environ/features/pt_files/histai_0046_slide_H&E_7.pt
Warning: Feature file not found, skipping: /media/administrador/Storage1/sdonoso/clam_environ/environ/features/pt_files/histai_0046_slide_H&E_5.pt
Warning: Feature file not found, skipping: /media/administrador/Storage1/sdonoso/clam_environ/environ/features/pt_files/histai_0003_slide_H&E_1.pt
Warning: Feature file not found, skipping: /media/administrador/Storage1/sdonoso/clam_environ/environ/features/pt_files/histai_0038_slide_H&E_2.pt
Warning: Feature file not found, skipping: /media/administrador/Storage1/sdonoso/clam_environ/environ/features/pt_files/histai_0126_slide_H&E_2.pt
Warning: Feature file not found, skipping: /media/administrador/Storage1/sdonoso/clam_environ/environ/features/pt_files/histai_0063_slide_H&E_4.pt
Warning: Feature file not found, skipping: /media/administrador/Storage1/sdonoso/clam_environ/environ/features/pt_files/histai_0088_slide_H&E_0.pt
Warning: Feature file not found, skipping: /media/administrador/Storage1/sdonoso/clam_environ/environ/features/pt_files/histai_0046_slide_H&E_4.pt
Warning: Feature file not found, skipping: /media/administrador/Storage1/sdonoso/clam_environ/environ/features/pt_files/histai_0046_slide_H&E_2.pt
Warning: Feature file not found, skipping: /media/administrador/Storage1/sdonoso/clam_environ/environ/features/pt_files/histai_0038_slide_H&E_4.pt
Warning: Feature file not found, skipping: /media/administrador/Storage1/sdonoso/clam_environ/environ/features/pt_files/histai_0063_slide_H&E_1.pt
Warning: Feature file not found, skipping: /media/administrador/Storage1/sdonoso/clam_environ/environ/features/pt_files/histai_0088_slide_H&E_3.pt
Warning: Feature file not found, skipping: /media/administrador/Storage1/sdonoso/clam_environ/environ/features/pt_files/histai_0046_slide_H&E_6.pt
Warning: Feature file not found, skipping: /media/administrador/Storage1/sdonoso/clam_environ/environ/features/pt_files/histai_0046_slide_H&E_0.pt
Warning: Feature file not found, skipping: /media/administrador/Storage1/sdonoso/clam_environ/environ/features/pt_files/histai_0038_slide_H&E_3.pt

Val Set, val_loss: 1.3362, val_error: 0.3051, auc: 0.6735
class 0 clustering acc 1.0: correct 2360/2360
class 1 clustering acc 0.9898305084745763: correct 2336/2360
class 0: acc 0.0, correct 0/4
class 1: acc 0.0, correct 0/1
class 2: acc 0.0, correct 0/1
class 3: acc 0.0, correct 0/1
class 4: acc 0.375, correct 3/8
class 5: acc 0.0, correct 0/1
class 6: acc 0.375, correct 6/16
class 7: acc 0.7452471482889734, correct 196/263
EarlyStopping counter: 17 out of 20


batch 19, loss: 0.1778, instance_loss: 0.0000, weighted_loss: 0.1244, label: 6, bag_size: 68282
batch 39, loss: 0.0017, instance_loss: 0.0559, weighted_loss: 0.0180, label: 1, bag_size: 3832
batch 59, loss: 0.0024, instance_loss: 0.0000, weighted_loss: 0.0017, label: 7, bag_size: 982
batch 79, loss: 0.0002, instance_loss: 0.0000, weighted_loss: 0.0001, label: 5, bag_size: 18304
batch 99, loss: 0.0002, instance_loss: 0.0000, weighted_loss: 0.0001, label: 1, bag_size: 10314
batch 119, loss: 0.1573, instance_loss: 0.0000, weighted_loss: 0.1101, label: 3, bag_size: 44290
batch 139, loss: 0.0004, instance_loss: 0.0011, weighted_loss: 0.0006, label: 3, bag_size: 74422
batch 159, loss: 0.0004, instance_loss: 0.0000, weighted_loss: 0.0003, label: 2, bag_size: 27600
batch 179, loss: 0.0023, instance_loss: 0.0375, weighted_loss: 0.0129, label: 5, bag_size: 19119
batch 199, loss: 0.0001, instance_loss: 0.0000, weighted_loss: 0.0000, label: 3, bag_size: 94662
batch 219, loss: 0.0000, instance_loss: 0.0000, weighted_loss: 0.0000, label: 1, bag_size: 26832
batch 239, loss: 0.0015, instance_loss: 0.0000, weighted_loss: 0.0010, label: 5, bag_size: 22096
batch 259, loss: 0.0028, instance_loss: 0.0007, weighted_loss: 0.0022, label: 1, bag_size: 47817
batch 279, loss: 0.0001, instance_loss: 0.0000, weighted_loss: 0.0001, label: 2, bag_size: 17241
batch 299, loss: 0.0004, instance_loss: 0.0004, weighted_loss: 0.0004, label: 1, bag_size: 51943
batch 319, loss: 0.0000, instance_loss: 0.0000, weighted_loss: 0.0000, label: 2, bag_size: 18291
batch 339, loss: 0.0024, instance_loss: 0.0000, weighted_loss: 0.0017, label: 5, bag_size: 19119
batch 359, loss: 0.0004, instance_loss: 0.0000, weighted_loss: 0.0003, label: 5, bag_size: 22096
batch 379, loss: 0.0023, instance_loss: 0.0007, weighted_loss: 0.0018, label: 3, bag_size: 40779
batch 399, loss: 0.0010, instance_loss: 0.0000, weighted_loss: 0.0007, label: 6, bag_size: 4040
batch 419, loss: 0.0159, instance_loss: 0.0002, weighted_loss: 0.0112, label: 4, bag_size: 25418
batch 439, loss: 0.0000, instance_loss: 0.0018, weighted_loss: 0.0006, label: 7, bag_size: 2453
batch 459, loss: 0.0001, instance_loss: 0.0000, weighted_loss: 0.0001, label: 5, bag_size: 22096
batch 479, loss: 0.0166, instance_loss: 0.0000, weighted_loss: 0.0116, label: 6, bag_size: 2761
batch 499, loss: 0.0432, instance_loss: 0.0000, weighted_loss: 0.0303, label: 6, bag_size: 9495
batch 519, loss: 0.0011, instance_loss: 0.1385, weighted_loss: 0.0423, label: 0, bag_size: 68174
batch 539, loss: 0.0006, instance_loss: 0.0000, weighted_loss: 0.0004, label: 3, bag_size: 82568
batch 559, loss: 0.0000, instance_loss: 0.0000, weighted_loss: 0.0000, label: 5, bag_size: 22096
batch 579, loss: 0.0246, instance_loss: 0.0000, weighted_loss: 0.0172, label: 6, bag_size: 6788
batch 599, loss: 0.0017, instance_loss: 0.0000, weighted_loss: 0.0012, label: 0, bag_size: 48169
batch 619, loss: 0.0007, instance_loss: 0.0000, weighted_loss: 0.0005, label: 5, bag_size: 18304
batch 639, loss: 0.0005, instance_loss: 0.0000, weighted_loss: 0.0003, label: 5, bag_size: 22096
batch 659, loss: 2.4823, instance_loss: 0.0000, weighted_loss: 1.7376, label: 7, bag_size: 2990
batch 679, loss: 0.5880, instance_loss: 0.0000, weighted_loss: 0.4116, label: 7, bag_size: 42934
batch 699, loss: 0.0006, instance_loss: 0.0116, weighted_loss: 0.0039, label: 3, bag_size: 94662
batch 719, loss: 0.0036, instance_loss: 0.0000, weighted_loss: 0.0025, label: 3, bag_size: 48697
batch 739, loss: 0.0003, instance_loss: 0.0004, weighted_loss: 0.0003, label: 3, bag_size: 48697
batch 759, loss: 0.0670, instance_loss: 0.0083, weighted_loss: 0.0494, label: 7, bag_size: 33931
batch 779, loss: 0.0000, instance_loss: 0.0005, weighted_loss: 0.0002, label: 7, bag_size: 1498
batch 799, loss: 0.0005, instance_loss: 0.0000, weighted_loss: 0.0003, label: 3, bag_size: 40462
batch 819, loss: 0.2087, instance_loss: 0.0000, weighted_loss: 0.1461, label: 6, bag_size: 54477
batch 839, loss: 0.0031, instance_loss: 0.0000, weighted_loss: 0.0022, label: 1, bag_size: 47248
batch 859, loss: 0.0002, instance_loss: 0.0000, weighted_loss: 0.0001, label: 5, bag_size: 4549
batch 879, loss: 0.0000, instance_loss: 0.0000, weighted_loss: 0.0000, label: 2, bag_size: 27600
batch 899, loss: 0.0035, instance_loss: 0.0000, weighted_loss: 0.0024, label: 6, bag_size: 7286
batch 919, loss: 0.0515, instance_loss: 0.0094, weighted_loss: 0.0389, label: 4, bag_size: 111735
batch 939, loss: 0.0466, instance_loss: 0.0000, weighted_loss: 0.0326, label: 0, bag_size: 41037
batch 959, loss: 0.0002, instance_loss: 0.0000, weighted_loss: 0.0002, label: 3, bag_size: 40462
batch 979, loss: 0.0006, instance_loss: 0.0000, weighted_loss: 0.0004, label: 5, bag_size: 5565
batch 999, loss: 0.0030, instance_loss: 0.0003, weighted_loss: 0.0022, label: 7, bag_size: 1258
batch 1019, loss: 0.0004, instance_loss: 0.0000, weighted_loss: 0.0003, label: 3, bag_size: 47490
batch 1039, loss: 0.0119, instance_loss: 0.0000, weighted_loss: 0.0083, label: 6, bag_size: 27148
batch 1059, loss: 0.0285, instance_loss: 0.0094, weighted_loss: 0.0228, label: 4, bag_size: 50269
batch 1079, loss: 0.0044, instance_loss: 0.0000, weighted_loss: 0.0031, label: 0, bag_size: 29441
batch 1099, loss: 0.0114, instance_loss: 0.0000, weighted_loss: 0.0080, label: 0, bag_size: 8203
batch 1119, loss: 0.0004, instance_loss: 0.0000, weighted_loss: 0.0003, label: 5, bag_size: 63349
batch 1139, loss: 0.0023, instance_loss: 0.0000, weighted_loss: 0.0016, label: 3, bag_size: 34611
batch 1159, loss: 0.0023, instance_loss: 0.0000, weighted_loss: 0.0016, label: 3, bag_size: 34611
batch 1179, loss: 0.0000, instance_loss: 0.0000, weighted_loss: 0.0000, label: 2, bag_size: 55669
batch 1199, loss: 3.3007, instance_loss: 0.0003, weighted_loss: 2.3106, label: 7, bag_size: 29218
batch 1219, loss: 0.0000, instance_loss: 0.0000, weighted_loss: 0.0000, label: 1, bag_size: 39579
batch 1239, loss: 0.0003, instance_loss: 0.0000, weighted_loss: 0.0002, label: 3, bag_size: 48697
batch 1259, loss: 0.0002, instance_loss: 0.0000, weighted_loss: 0.0002, label: 0, bag_size: 4034
batch 1299, loss: 0.0015, instance_loss: 0.0006, weighted_loss: 0.0012, label: 0, bag_size: 4855
batch 1319, loss: 0.1129, instance_loss: 0.0024, weighted_loss: 0.0798, label: 0, bag_size: 14458
batch 1339, loss: 0.0928, instance_loss: 0.0083, weighted_loss: 0.0675, label: 4, bag_size: 15220
batch 1359, loss: 0.0002, instance_loss: 0.0000, weighted_loss: 0.0001, label: 2, bag_size: 17241
batch 1379, loss: 0.0010, instance_loss: 0.0000, weighted_loss: 0.0007, label: 0, bag_size: 4034
batch 1399, loss: 0.0000, instance_loss: 0.0000, weighted_loss: 0.0000, label: 1, bag_size: 39579
batch 1419, loss: 0.0003, instance_loss: 0.0041, weighted_loss: 0.0015, label: 3, bag_size: 40779
batch 1439, loss: 0.0065, instance_loss: 0.0006, weighted_loss: 0.0048, label: 7, bag_size: 5878
batch 1459, loss: 0.0009, instance_loss: 0.0000, weighted_loss: 0.0006, label: 3, bag_size: 15813
batch 1479, loss: 0.0000, instance_loss: 0.0013, weighted_loss: 0.0004, label: 1, bag_size: 47248
batch 1499, loss: 0.0022, instance_loss: 0.0000, weighted_loss: 0.0015, label: 6, bag_size: 19704
batch 1519, loss: 0.0010, instance_loss: 0.0000, weighted_loss: 0.0007, label: 2, bag_size: 55669
batch 1539, loss: 0.0007, instance_loss: 0.0000, weighted_loss: 0.0005, label: 2, bag_size: 27600
batch 1559, loss: 0.0162, instance_loss: 0.0047, weighted_loss: 0.0127, label: 4, bag_size: 10984
batch 1579, loss: 0.0004, instance_loss: 0.0000, weighted_loss: 0.0003, label: 2, bag_size: 55669
batch 1599, loss: 0.0041, instance_loss: 0.0021, weighted_loss: 0.0035, label: 3, bag_size: 40779
batch 1619, loss: 0.0108, instance_loss: 0.0003, weighted_loss: 0.0077, label: 4, bag_size: 22520
batch 1639, loss: 0.0010, instance_loss: 0.0000, weighted_loss: 0.0007, label: 2, bag_size: 27600
batch 1659, loss: 0.4100, instance_loss: 0.0002, weighted_loss: 0.2870, label: 7, bag_size: 1157
batch 1679, loss: 0.0032, instance_loss: 0.0000, weighted_loss: 0.0022, label: 2, bag_size: 17241
batch 1699, loss: 0.0000, instance_loss: 0.0000, weighted_loss: 0.0000, label: 2, bag_size: 18291
Warning: Feature file not found, skipping: /media/administrador/Storage1/sdonoso/clam_environ/environ/features/pt_files/150012-2-3.pt
Warning: Feature file not found, skipping: /media/administrador/Storage1/sdonoso/clam_environ/environ/features/pt_files/150012-2-3.pt
Warning: Feature file not found, skipping: /media/administrador/Storage1/sdonoso/clam_environ/environ/features/pt_files/150012-2-3.pt
Warning: Feature file not found, skipping: /media/administrador/Storage1/sdonoso/clam_environ/environ/features/pt_files/150012-2-3.pt
Warning: Feature file not found, skipping: /media/administrador/Storage1/sdonoso/clam_environ/environ/features/pt_files/histai_0010_slide_H&E_3.pt
Warning: Feature file not found, skipping: /media/administrador/Storage1/sdonoso/clam_environ/environ/features/pt_files/150012-2-3.pt
Warning: Feature file not found, skipping: /media/administrador/Storage1/sdonoso/clam_environ/environ/features/pt_files/150012-2-3.pt
Warning: Feature file not found, skipping: /media/administrador/Storage1/sdonoso/clam_environ/environ/features/pt_files/150012-2-3.pt
Warning: Feature file not found, skipping: /media/administrador/Storage1/sdonoso/clam_environ/environ/features/pt_files/histai_0115_slide_H&E_3.pt
Warning: Feature file not found, skipping: /media/administrador/Storage1/sdonoso/clam_environ/environ/features/pt_files/150012-2-3.pt
Warning: Feature file not found, skipping: /media/administrador/Storage1/sdonoso/clam_environ/environ/features/pt_files/150012-2-3.pt
Warning: Feature file not found, skipping: /media/administrador/Storage1/sdonoso/clam_environ/environ/features/pt_files/histai_0030_slide_H&E_5.pt
Warning: Feature file not found, skipping: /media/administrador/Storage1/sdonoso/clam_environ/environ/features/pt_files/150012-2-3.pt
Warning: Feature file not found, skipping: /media/administrador/Storage1/sdonoso/clam_environ/environ/features/pt_files/150012-2-3.pt
Warning: Feature file not found, skipping: /media/administrador/Storage1/sdonoso/clam_environ/environ/features/pt_files/histai_0047_slide_H&E_3.pt
Warning: Feature file not found, skipping: /media/administrador/Storage1/sdonoso/clam_environ/environ/features/pt_files/150012-2-3.pt
Warning: Feature file not found, skipping: /media/administrador/Storage1/sdonoso/clam_environ/environ/features/pt_files/histai_0007_slide_H&E_3.pt
Warning: Feature file not found, skipping: /media/administrador/Storage1/sdonoso/clam_environ/environ/features/pt_files/150012-2-3.pt
Warning: Feature file not found, skipping: /media/administrador/Storage1/sdonoso/clam_environ/environ/features/pt_files/150012-2-3.pt
Warning: Feature file not found, skipping: /media/administrador/Storage1/sdonoso/clam_environ/environ/features/pt_files/150012-2-3.pt
Warning: Feature file not found, skipping: /media/administrador/Storage1/sdonoso/clam_environ/environ/features/pt_files/150012-2-3.pt
Warning: Feature file not found, skipping: /media/administrador/Storage1/sdonoso/clam_environ/environ/features/pt_files/150012-2-3.pt
Warning: Feature file not found, skipping: /media/administrador/Storage1/sdonoso/clam_environ/environ/features/pt_files/150012-2-3.pt
Warning: Feature file not found, skipping: /media/administrador/Storage1/sdonoso/clam_environ/environ/features/pt_files/150012-2-3.pt
Warning: Feature file not found, skipping: /media/administrador/Storage1/sdonoso/clam_environ/environ/features/pt_files/150012-2-3.pt
Warning: Feature file not found, skipping: /media/administrador/Storage1/sdonoso/clam_environ/environ/features/pt_files/histai_0070_slide_H&E_2.pt
Warning: Feature file not found, skipping: /media/administrador/Storage1/sdonoso/clam_environ/environ/features/pt_files/150012-2-3.pt
Warning: Feature file not found, skipping: /media/administrador/Storage1/sdonoso/clam_environ/environ/features/pt_files/histai_0054_slide_H&E_0.pt
Warning: Feature file not found, skipping: /media/administrador/Storage1/sdonoso/clam_environ/environ/features/pt_files/150012-2-3.pt
Warning: Feature file not found, skipping: /media/administrador/Storage1/sdonoso/clam_environ/environ/features/pt_files/histai_0084_slide_H&E_1.pt
Warning: Feature file not found, skipping: /media/administrador/Storage1/sdonoso/clam_environ/environ/features/pt_files/150012-2-3.pt
Warning: Feature file not found, skipping: /media/administrador/Storage1/sdonoso/clam_environ/environ/features/pt_files/histai_0034_slide_H&E_1.pt
Warning: Feature file not found, skipping: /media/administrador/Storage1/sdonoso/clam_environ/environ/features/pt_files/150012-2-3.pt
batch 1719, loss: 0.0001, instance_loss: 0.0000, weighted_loss: 0.0000, label: 5, bag_size: 5179
batch 1739, loss: 0.0078, instance_loss: 0.0023, weighted_loss: 0.0061, label: 4, bag_size: 23894
batch 1759, loss: 0.0009, instance_loss: 0.0000, weighted_loss: 0.0006, label: 0, bag_size: 29441
batch 1779, loss: 0.0000, instance_loss: 0.0004, weighted_loss: 0.0001, label: 1, bag_size: 51943
batch 1799, loss: 0.0018, instance_loss: 0.0000, weighted_loss: 0.0013, label: 0, bag_size: 71179
batch 1819, loss: 0.0000, instance_loss: 0.0025, weighted_loss: 0.0007, label: 1, bag_size: 47248
batch 1839, loss: 0.0004, instance_loss: 0.0008, weighted_loss: 0.0006, label: 1, bag_size: 23247
batch 1859, loss: 0.0000, instance_loss: 0.0005, weighted_loss: 0.0002, label: 1, bag_size: 51943
batch 1879, loss: 0.0001, instance_loss: 0.0003, weighted_loss: 0.0002, label: 1, bag_size: 47248
batch 1899, loss: 0.0010, instance_loss: 0.0000, weighted_loss: 0.0007, label: 0, bag_size: 11173
batch 1919, loss: 0.0000, instance_loss: 0.0006, weighted_loss: 0.0002, label: 1, bag_size: 47248
batch 1939, loss: 0.0003, instance_loss: 0.0018, weighted_loss: 0.0008, label: 1, bag_size: 3832
batch 1959, loss: 0.0030, instance_loss: 0.0007, weighted_loss: 0.0023, label: 0, bag_size: 7715
batch 1979, loss: 0.0000, instance_loss: 0.0000, weighted_loss: 0.0000, label: 0, bag_size: 33558
batch 1999, loss: 0.0002, instance_loss: 0.0202, weighted_loss: 0.0062, label: 4, bag_size: 6808
batch 2019, loss: 0.0060, instance_loss: 0.0000, weighted_loss: 0.0042, label: 6, bag_size: 11751
batch 2039, loss: 0.0001, instance_loss: 0.0010, weighted_loss: 0.0003, label: 2, bag_size: 27600
batch 2059, loss: 0.0004, instance_loss: 0.0000, weighted_loss: 0.0003, label: 0, bag_size: 62970
batch 2079, loss: 0.0005, instance_loss: 0.0000, weighted_loss: 0.0003, label: 5, bag_size: 52677
batch 2099, loss: 0.0000, instance_loss: 0.0323, weighted_loss: 0.0097, label: 7, bag_size: 2498
batch 2119, loss: 0.1231, instance_loss: 0.0000, weighted_loss: 0.0862, label: 6, bag_size: 43209
batch 2139, loss: 0.0135, instance_loss: 0.0095, weighted_loss: 0.0123, label: 7, bag_size: 2092
batch 2159, loss: 0.3425, instance_loss: 0.0000, weighted_loss: 0.2398, label: 6, bag_size: 34178
batch 2179, loss: 0.0025, instance_loss: 0.0000, weighted_loss: 0.0017, label: 3, bag_size: 74422
batch 2199, loss: 0.0014, instance_loss: 0.0000, weighted_loss: 0.0010, label: 7, bag_size: 2366
batch 2219, loss: 0.0002, instance_loss: 0.0000, weighted_loss: 0.0001, label: 7, bag_size: 8132
batch 2239, loss: 0.0020, instance_loss: 0.0054, weighted_loss: 0.0031, label: 7, bag_size: 6487
batch 2259, loss: 0.0026, instance_loss: 0.0000, weighted_loss: 0.0018, label: 3, bag_size: 34611
batch 2279, loss: 0.0000, instance_loss: 0.0000, weighted_loss: 0.0000, label: 2, bag_size: 55669
batch 2299, loss: 0.0043, instance_loss: 0.0000, weighted_loss: 0.0030, label: 6, bag_size: 7243
batch 2319, loss: 0.0013, instance_loss: 0.0000, weighted_loss: 0.0009, label: 3, bag_size: 44290
batch 2339, loss: 0.0029, instance_loss: 0.0000, weighted_loss: 0.0020, label: 3, bag_size: 82568
batch 2359, loss: 0.0000, instance_loss: 0.0007, weighted_loss: 0.0002, label: 3, bag_size: 15813
batch 2379, loss: 0.3092, instance_loss: 0.0000, weighted_loss: 0.2165, label: 6, bag_size: 47740
batch 2399, loss: 0.0482, instance_loss: 1.2983, weighted_loss: 0.4232, label: 4, bag_size: 494
batch 2419, loss: 0.0049, instance_loss: 0.0000, weighted_loss: 0.0034, label: 6, bag_size: 2573


class 0 clustering acc 0.9985966735966736: correct 19213/19240
class 1 clustering acc 0.9964656964656965: correct 19172/19240
Epoch: 19, train_loss: 0.0974, train_clustering_loss:  0.0147, train_error: 0.0287
class 0: acc 0.9936908517350158, correct 315/317
class 1: acc 1.0, correct 276/276
class 2: acc 1.0, correct 315/315
class 3: acc 0.9968354430379747, correct 315/316
class 4: acc 0.9767441860465116, correct 294/301
class 5: acc 0.9928825622775801, correct 279/281
class 6: acc 0.9584569732937686, correct 323/337
class 7: acc 0.8358778625954199, correct 219/262
Warning: Feature file not found, skipping: /media/administrador/Storage1/sdonoso/clam_environ/environ/features/pt_files/histai_0126_slide_H&E_2.pt
Warning: Feature file not found, skipping: /media/administrador/Storage1/sdonoso/clam_environ/environ/features/pt_files/histai_0063_slide_H&E_4.pt
Warning: Feature file not found, skipping: /media/administrador/Storage1/sdonoso/clam_environ/environ/features/pt_files/histai_0088_slide_H&E_0.pt
Warning: Feature file not found, skipping: /media/administrador/Storage1/sdonoso/clam_environ/environ/features/pt_files/histai_0046_slide_H&E_4.pt
Warning: Feature file not found, skipping: /media/administrador/Storage1/sdonoso/clam_environ/environ/features/pt_files/histai_0046_slide_H&E_2.pt
Warning: Feature file not found, skipping: /media/administrador/Storage1/sdonoso/clam_environ/environ/features/pt_files/histai_0038_slide_H&E_4.pt
Warning: Feature file not found, skipping: /media/administrador/Storage1/sdonoso/clam_environ/environ/features/pt_files/histai_0063_slide_H&E_1.pt
Warning: Feature file not found, skipping: /media/administrador/Storage1/sdonoso/clam_environ/environ/features/pt_files/histai_0088_slide_H&E_3.pt
Warning: Feature file not found, skipping: /media/administrador/Storage1/sdonoso/clam_environ/environ/features/pt_files/histai_0046_slide_H&E_6.pt
Warning: Feature file not found, skipping: /media/administrador/Storage1/sdonoso/clam_environ/environ/features/pt_files/histai_0046_slide_H&E_0.pt
Warning: Feature file not found, skipping: /media/administrador/Storage1/sdonoso/clam_environ/environ/features/pt_files/histai_0038_slide_H&E_3.pt
Warning: Feature file not found, skipping: /media/administrador/Storage1/sdonoso/clam_environ/environ/features/pt_files/histai_0126_slide_H&E_0.pt
Warning: Feature file not found, skipping: /media/administrador/Storage1/sdonoso/clam_environ/environ/features/pt_files/histai_0063_slide_H&E_6.pt
Warning: Feature file not found, skipping: /media/administrador/Storage1/sdonoso/clam_environ/environ/features/pt_files/histai_0063_slide_H&E_3.pt
Warning: Feature file not found, skipping: /media/administrador/Storage1/sdonoso/clam_environ/environ/features/pt_files/histai_0088_slide_H&E_1.pt
Warning: Feature file not found, skipping: /media/administrador/Storage1/sdonoso/clam_environ/environ/features/pt_files/histai_0046_slide_H&E_3.pt
Warning: Feature file not found, skipping: /media/administrador/Storage1/sdonoso/clam_environ/environ/features/pt_files/histai_0046_slide_H&E_1.pt
Warning: Feature file not found, skipping: /media/administrador/Storage1/sdonoso/clam_environ/environ/features/pt_files/histai_0126_slide_H&E_1.pt
Warning: Feature file not found, skipping: /media/administrador/Storage1/sdonoso/clam_environ/environ/features/pt_files/histai_0063_slide_H&E_7.pt
Warning: Feature file not found, skipping: /media/administrador/Storage1/sdonoso/clam_environ/environ/features/pt_files/histai_0088_slide_H&E_2.pt
Warning: Feature file not found, skipping: /media/administrador/Storage1/sdonoso/clam_environ/environ/features/pt_files/histai_0046_slide_H&E_7.pt
Warning: Feature file not found, skipping: /media/administrador/Storage1/sdonoso/clam_environ/environ/features/pt_files/histai_0046_slide_H&E_5.pt
Warning: Feature file not found, skipping: /media/administrador/Storage1/sdonoso/clam_environ/environ/features/pt_files/histai_0003_slide_H&E_1.pt
Warning: Feature file not found, skipping: /media/administrador/Storage1/sdonoso/clam_environ/environ/features/pt_files/histai_0038_slide_H&E_2.pt

Val Set, val_loss: 1.2645, val_error: 0.2678, auc: 0.6911
class 0 clustering acc 0.9995762711864407: correct 2359/2360
class 1 clustering acc 0.989406779661017: correct 2335/2360
class 0: acc 0.0, correct 0/4
class 1: acc 0.0, correct 0/1
class 2: acc 0.0, correct 0/1
class 3: acc 0.0, correct 0/1
class 4: acc 0.375, correct 3/8
class 5: acc 0.0, correct 0/1
class 6: acc 0.4375, correct 7/16
class 7: acc 0.7832699619771863, correct 206/263
EarlyStopping counter: 18 out of 20


batch 19, loss: 0.0010, instance_loss: 0.0000, weighted_loss: 0.0007, label: 5, bag_size: 19119
batch 39, loss: 0.0025, instance_loss: 0.0000, weighted_loss: 0.0017, label: 6, bag_size: 10374
batch 59, loss: 0.2241, instance_loss: 0.0000, weighted_loss: 0.1569, label: 6, bag_size: 40800
batch 79, loss: 0.1527, instance_loss: 0.0003, weighted_loss: 0.1070, label: 5, bag_size: 5565
batch 99, loss: 0.0001, instance_loss: 0.0000, weighted_loss: 0.0001, label: 1, bag_size: 47817
batch 119, loss: 0.0008, instance_loss: 0.0004, weighted_loss: 0.0007, label: 3, bag_size: 40779
batch 139, loss: 0.0268, instance_loss: 0.0000, weighted_loss: 0.0188, label: 0, bag_size: 53337
batch 159, loss: 0.0043, instance_loss: 0.0021, weighted_loss: 0.0037, label: 4, bag_size: 48622
batch 179, loss: 0.0006, instance_loss: 0.0000, weighted_loss: 0.0004, label: 5, bag_size: 74305
batch 199, loss: 0.0013, instance_loss: 0.0005, weighted_loss: 0.0011, label: 5, bag_size: 40909
batch 219, loss: 0.0679, instance_loss: 0.0000, weighted_loss: 0.0476, label: 7, bag_size: 14631
batch 239, loss: 0.3984, instance_loss: 0.0000, weighted_loss: 0.2789, label: 6, bag_size: 9685
batch 259, loss: 0.0005, instance_loss: 0.0000, weighted_loss: 0.0003, label: 3, bag_size: 34611
batch 279, loss: 0.0000, instance_loss: 0.0000, weighted_loss: 0.0000, label: 2, bag_size: 27600
batch 299, loss: 0.0000, instance_loss: 0.0049, weighted_loss: 0.0015, label: 1, bag_size: 3832
batch 319, loss: 0.0244, instance_loss: 0.0000, weighted_loss: 0.0170, label: 6, bag_size: 4603
batch 339, loss: 0.3986, instance_loss: 0.0246, weighted_loss: 0.2864, label: 7, bag_size: 76230
batch 359, loss: 0.0116, instance_loss: 0.0002, weighted_loss: 0.0082, label: 1, bag_size: 3832
batch 379, loss: 0.0001, instance_loss: 0.0000, weighted_loss: 0.0001, label: 2, bag_size: 17241
batch 399, loss: 0.0015, instance_loss: 0.0000, weighted_loss: 0.0011, label: 5, bag_size: 18304
batch 419, loss: 0.0004, instance_loss: 0.0000, weighted_loss: 0.0003, label: 3, bag_size: 48697
batch 439, loss: 0.0004, instance_loss: 0.0000, weighted_loss: 0.0003, label: 2, bag_size: 55669
batch 459, loss: 1.7255, instance_loss: 0.0011, weighted_loss: 1.2082, label: 7, bag_size: 47917
batch 479, loss: 0.5527, instance_loss: 0.0000, weighted_loss: 0.3869, label: 6, bag_size: 53364
batch 499, loss: 0.0000, instance_loss: 0.0000, weighted_loss: 0.0000, label: 2, bag_size: 18291
batch 519, loss: 0.0004, instance_loss: 0.0000, weighted_loss: 0.0003, label: 7, bag_size: 20259
batch 539, loss: 0.0016, instance_loss: 0.0005, weighted_loss: 0.0013, label: 3, bag_size: 40779
batch 559, loss: 0.0000, instance_loss: 0.0000, weighted_loss: 0.0000, label: 3, bag_size: 15813
batch 579, loss: 0.0004, instance_loss: 0.0000, weighted_loss: 0.0003, label: 0, bag_size: 33558
batch 599, loss: 0.0162, instance_loss: 0.0060, weighted_loss: 0.0132, label: 4, bag_size: 54366
batch 619, loss: 0.1756, instance_loss: 0.0065, weighted_loss: 0.1248, label: 7, bag_size: 2031
batch 639, loss: 0.0002, instance_loss: 0.0000, weighted_loss: 0.0001, label: 5, bag_size: 42075
batch 659, loss: 0.0077, instance_loss: 0.0000, weighted_loss: 0.0054, label: 0, bag_size: 29441
batch 679, loss: 0.0010, instance_loss: 0.0000, weighted_loss: 0.0007, label: 0, bag_size: 60895
batch 699, loss: 0.0051, instance_loss: 0.0000, weighted_loss: 0.0036, label: 0, bag_size: 53437
batch 719, loss: 0.1813, instance_loss: 0.0000, weighted_loss: 0.1269, label: 6, bag_size: 1934
batch 739, loss: 0.0000, instance_loss: 0.0120, weighted_loss: 0.0036, label: 7, bag_size: 5301
batch 759, loss: 0.0456, instance_loss: 0.0000, weighted_loss: 0.0319, label: 5, bag_size: 40909
batch 779, loss: 0.0098, instance_loss: 0.0000, weighted_loss: 0.0068, label: 1, bag_size: 26832
batch 799, loss: 0.0114, instance_loss: 0.0011, weighted_loss: 0.0083, label: 0, bag_size: 3320
batch 819, loss: 0.0001, instance_loss: 0.0000, weighted_loss: 0.0001, label: 3, bag_size: 47490
batch 839, loss: 0.0000, instance_loss: 0.0000, weighted_loss: 0.0000, label: 2, bag_size: 17241
batch 859, loss: 0.0013, instance_loss: 0.0000, weighted_loss: 0.0009, label: 5, bag_size: 63349
batch 879, loss: 0.0198, instance_loss: 0.2033, weighted_loss: 0.0748, label: 4, bag_size: 2688
batch 899, loss: 0.0095, instance_loss: 0.0000, weighted_loss: 0.0066, label: 6, bag_size: 45090
batch 919, loss: 1.7664, instance_loss: 0.0333, weighted_loss: 1.2465, label: 7, bag_size: 4679
batch 939, loss: 0.0030, instance_loss: 0.0002, weighted_loss: 0.0022, label: 1, bag_size: 51943
batch 959, loss: 0.0019, instance_loss: 0.0142, weighted_loss: 0.0056, label: 4, bag_size: 5108
batch 979, loss: 0.0000, instance_loss: 0.0000, weighted_loss: 0.0000, label: 7, bag_size: 11755
batch 999, loss: 0.0008, instance_loss: 0.0076, weighted_loss: 0.0028, label: 7, bag_size: 731
batch 1019, loss: 0.0300, instance_loss: 0.0000, weighted_loss: 0.0210, label: 0, bag_size: 37484
batch 1039, loss: 0.0175, instance_loss: 0.0000, weighted_loss: 0.0123, label: 0, bag_size: 33558
batch 1059, loss: 0.0025, instance_loss: 0.0000, weighted_loss: 0.0017, label: 0, bag_size: 60895
batch 1079, loss: 0.0015, instance_loss: 0.0003, weighted_loss: 0.0011, label: 3, bag_size: 82568
batch 1099, loss: 0.0016, instance_loss: 0.0023, weighted_loss: 0.0018, label: 1, bag_size: 10314
batch 1119, loss: 0.0007, instance_loss: 0.0012, weighted_loss: 0.0008, label: 1, bag_size: 11584
batch 1139, loss: 0.3288, instance_loss: 0.0003, weighted_loss: 0.2302, label: 6, bag_size: 30696
batch 1159, loss: 0.0005, instance_loss: 0.0000, weighted_loss: 0.0004, label: 5, bag_size: 74305
batch 1179, loss: 0.0005, instance_loss: 0.0069, weighted_loss: 0.0024, label: 4, bag_size: 58494
batch 1199, loss: 0.0153, instance_loss: 0.0022, weighted_loss: 0.0114, label: 4, bag_size: 55714
batch 1219, loss: 1.9423, instance_loss: 0.0009, weighted_loss: 1.3599, label: 7, bag_size: 20234
batch 1239, loss: 0.0003, instance_loss: 0.0013, weighted_loss: 0.0006, label: 1, bag_size: 23247
batch 1259, loss: 0.2830, instance_loss: 0.0175, weighted_loss: 0.2033, label: 4, bag_size: 14107
batch 1279, loss: 0.0002, instance_loss: 0.0000, weighted_loss: 0.0001, label: 6, bag_size: 3077
batch 1299, loss: 0.0000, instance_loss: 0.3576, weighted_loss: 0.1073, label: 4, bag_size: 2479
batch 1319, loss: 0.0001, instance_loss: 0.0000, weighted_loss: 0.0001, label: 2, bag_size: 27600
batch 1339, loss: 0.0015, instance_loss: 0.0009, weighted_loss: 0.0013, label: 0, bag_size: 12632
batch 1359, loss: 0.0109, instance_loss: 0.0004, weighted_loss: 0.0077, label: 4, bag_size: 71756
batch 1379, loss: 0.0770, instance_loss: 0.0003, weighted_loss: 0.0540, label: 6, bag_size: 33593
batch 1399, loss: 0.0000, instance_loss: 0.0000, weighted_loss: 0.0000, label: 0, bag_size: 14458
batch 1419, loss: 0.1304, instance_loss: 0.0000, weighted_loss: 0.0913, label: 6, bag_size: 73727
batch 1439, loss: 0.6878, instance_loss: 0.0002, weighted_loss: 0.4815, label: 6, bag_size: 5172
batch 1459, loss: 0.0027, instance_loss: 0.0034, weighted_loss: 0.0030, label: 0, bag_size: 31191
batch 1479, loss: 0.0199, instance_loss: 0.0000, weighted_loss: 0.0139, label: 0, bag_size: 41037
batch 1499, loss: 0.0003, instance_loss: 0.0003, weighted_loss: 0.0003, label: 5, bag_size: 5179
batch 1519, loss: 0.0004, instance_loss: 0.0000, weighted_loss: 0.0003, label: 3, bag_size: 82568
batch 1539, loss: 0.0245, instance_loss: 0.0000, weighted_loss: 0.0172, label: 6, bag_size: 18131
batch 1559, loss: 0.0002, instance_loss: 0.0118, weighted_loss: 0.0037, label: 1, bag_size: 23247
batch 1579, loss: 0.0053, instance_loss: 0.0000, weighted_loss: 0.0037, label: 0, bag_size: 31191
batch 1599, loss: 0.0002, instance_loss: 0.0000, weighted_loss: 0.0001, label: 3, bag_size: 45816
batch 1619, loss: 0.0024, instance_loss: 0.0000, weighted_loss: 0.0017, label: 0, bag_size: 33558
batch 1639, loss: 0.0007, instance_loss: 0.0016, weighted_loss: 0.0010, label: 0, bag_size: 7987
batch 1659, loss: 0.0001, instance_loss: 0.0000, weighted_loss: 0.0001, label: 1, bag_size: 23247
batch 1679, loss: 0.0393, instance_loss: 0.0000, weighted_loss: 0.0275, label: 6, bag_size: 56695
Warning: Feature file not found, skipping: /media/administrador/Storage1/sdonoso/clam_environ/environ/features/pt_files/150012-2-3.pt
Warning: Feature file not found, skipping: /media/administrador/Storage1/sdonoso/clam_environ/environ/features/pt_files/150012-2-3.pt
Warning: Feature file not found, skipping: /media/administrador/Storage1/sdonoso/clam_environ/environ/features/pt_files/histai_0037_slide_H&E_4.pt
Warning: Feature file not found, skipping: /media/administrador/Storage1/sdonoso/clam_environ/environ/features/pt_files/150012-2-3.pt
Warning: Feature file not found, skipping: /media/administrador/Storage1/sdonoso/clam_environ/environ/features/pt_files/150012-2-3.pt
Warning: Feature file not found, skipping: /media/administrador/Storage1/sdonoso/clam_environ/environ/features/pt_files/150012-2-3.pt
Warning: Feature file not found, skipping: /media/administrador/Storage1/sdonoso/clam_environ/environ/features/pt_files/150012-2-3.pt
Warning: Feature file not found, skipping: /media/administrador/Storage1/sdonoso/clam_environ/environ/features/pt_files/150012-2-3.pt
Warning: Feature file not found, skipping: /media/administrador/Storage1/sdonoso/clam_environ/environ/features/pt_files/histai_0010_slide_H&E_3.pt
Warning: Feature file not found, skipping: /media/administrador/Storage1/sdonoso/clam_environ/environ/features/pt_files/150012-2-3.pt
Warning: Feature file not found, skipping: /media/administrador/Storage1/sdonoso/clam_environ/environ/features/pt_files/150012-2-3.pt
Warning: Feature file not found, skipping: /media/administrador/Storage1/sdonoso/clam_environ/environ/features/pt_files/150012-2-3.pt
Warning: Feature file not found, skipping: /media/administrador/Storage1/sdonoso/clam_environ/environ/features/pt_files/histai_0007_slide_H&E_4.pt
Warning: Feature file not found, skipping: /media/administrador/Storage1/sdonoso/clam_environ/environ/features/pt_files/150012-2-3.pt
Warning: Feature file not found, skipping: /media/administrador/Storage1/sdonoso/clam_environ/environ/features/pt_files/150012-2-3.pt
Warning: Feature file not found, skipping: /media/administrador/Storage1/sdonoso/clam_environ/environ/features/pt_files/150012-2-3.pt
Warning: Feature file not found, skipping: /media/administrador/Storage1/sdonoso/clam_environ/environ/features/pt_files/histai_0037_slide_H&E_1.pt
Warning: Feature file not found, skipping: /media/administrador/Storage1/sdonoso/clam_environ/environ/features/pt_files/150012-2-3.pt
Warning: Feature file not found, skipping: /media/administrador/Storage1/sdonoso/clam_environ/environ/features/pt_files/150012-2-3.pt
Warning: Feature file not found, skipping: /media/administrador/Storage1/sdonoso/clam_environ/environ/features/pt_files/histai_0030_slide_H&E_4.pt
Warning: Feature file not found, skipping: /media/administrador/Storage1/sdonoso/clam_environ/environ/features/pt_files/histai_0074_slide_H&E_1.pt
Warning: Feature file not found, skipping: /media/administrador/Storage1/sdonoso/clam_environ/environ/features/pt_files/histai_0117_slide_H&E_1.pt
Warning: Feature file not found, skipping: /media/administrador/Storage1/sdonoso/clam_environ/environ/features/pt_files/150012-2-3.pt
Warning: Feature file not found, skipping: /media/administrador/Storage1/sdonoso/clam_environ/environ/features/pt_files/150012-2-3.pt
Warning: Feature file not found, skipping: /media/administrador/Storage1/sdonoso/clam_environ/environ/features/pt_files/150012-2-3.pt
Warning: Feature file not found, skipping: /media/administrador/Storage1/sdonoso/clam_environ/environ/features/pt_files/150012-2-3.pt
Warning: Feature file not found, skipping: /media/administrador/Storage1/sdonoso/clam_environ/environ/features/pt_files/histai_0117_slide_H&E_0.pt
Warning: Feature file not found, skipping: /media/administrador/Storage1/sdonoso/clam_environ/environ/features/pt_files/150012-2-3.pt
Warning: Feature file not found, skipping: /media/administrador/Storage1/sdonoso/clam_environ/environ/features/pt_files/histai_0034_slide_H&E_1.pt
Warning: Feature file not found, skipping: /media/administrador/Storage1/sdonoso/clam_environ/environ/features/pt_files/150012-2-3.pt
Warning: Feature file not found, skipping: /media/administrador/Storage1/sdonoso/clam_environ/environ/features/pt_files/150012-2-3.pt
Warning: Feature file not found, skipping: /media/administrador/Storage1/sdonoso/clam_environ/environ/features/pt_files/150012-2-3.pt
batch 1699, loss: 0.0007, instance_loss: 0.0000, weighted_loss: 0.0005, label: 5, bag_size: 74305
batch 1719, loss: 0.0011, instance_loss: 0.0000, weighted_loss: 0.0008, label: 0, bag_size: 7715
batch 1739, loss: 0.0129, instance_loss: 0.0007, weighted_loss: 0.0092, label: 4, bag_size: 25418
batch 1759, loss: 0.0001, instance_loss: 0.0071, weighted_loss: 0.0022, label: 1, bag_size: 11584
batch 1779, loss: 0.0002, instance_loss: 0.0000, weighted_loss: 0.0001, label: 3, bag_size: 44290
batch 1799, loss: 0.0001, instance_loss: 0.0018, weighted_loss: 0.0006, label: 1, bag_size: 11584
batch 1819, loss: 0.0009, instance_loss: 0.0000, weighted_loss: 0.0007, label: 0, bag_size: 71179
batch 1839, loss: 0.0000, instance_loss: 0.2217, weighted_loss: 0.0665, label: 4, bag_size: 2479
batch 1859, loss: 0.0003, instance_loss: 0.0000, weighted_loss: 0.0002, label: 0, bag_size: 53337
batch 1879, loss: 0.0054, instance_loss: 0.0027, weighted_loss: 0.0046, label: 4, bag_size: 6808
batch 1899, loss: 0.0001, instance_loss: 0.0000, weighted_loss: 0.0000, label: 1, bag_size: 23247
batch 1919, loss: 0.0058, instance_loss: 0.0000, weighted_loss: 0.0040, label: 0, bag_size: 8203
batch 1939, loss: 0.0001, instance_loss: 0.0038, weighted_loss: 0.0012, label: 1, bag_size: 11584
batch 1959, loss: 0.0000, instance_loss: 0.0000, weighted_loss: 0.0000, label: 3, bag_size: 94662
batch 1979, loss: 0.0055, instance_loss: 0.0008, weighted_loss: 0.0041, label: 6, bag_size: 29131
batch 1999, loss: 0.0001, instance_loss: 0.0000, weighted_loss: 0.0000, label: 2, bag_size: 27600
batch 2019, loss: 0.0001, instance_loss: 0.0000, weighted_loss: 0.0001, label: 3, bag_size: 82568
batch 2039, loss: 0.0044, instance_loss: 0.0307, weighted_loss: 0.0123, label: 7, bag_size: 11956
batch 2059, loss: 0.0001, instance_loss: 0.0000, weighted_loss: 0.0001, label: 5, bag_size: 63349
batch 2079, loss: 0.0000, instance_loss: 0.0004, weighted_loss: 0.0002, label: 1, bag_size: 51943
batch 2099, loss: 0.0006, instance_loss: 0.0000, weighted_loss: 0.0004, label: 3, bag_size: 34611
batch 2119, loss: 0.0078, instance_loss: 0.0000, weighted_loss: 0.0054, label: 7, bag_size: 16837
batch 2139, loss: 0.0003, instance_loss: 0.0000, weighted_loss: 0.0002, label: 0, bag_size: 53437
batch 2159, loss: 0.2296, instance_loss: 0.0635, weighted_loss: 0.1798, label: 4, bag_size: 46892
batch 2179, loss: 0.0010, instance_loss: 0.0008, weighted_loss: 0.0009, label: 3, bag_size: 74422
batch 2199, loss: 0.0000, instance_loss: 0.0000, weighted_loss: 0.0000, label: 1, bag_size: 51943
batch 2219, loss: 0.0018, instance_loss: 0.0000, weighted_loss: 0.0013, label: 6, bag_size: 63460
batch 2239, loss: 0.1267, instance_loss: 0.0000, weighted_loss: 0.0887, label: 6, bag_size: 43177
batch 2259, loss: 0.0013, instance_loss: 0.0000, weighted_loss: 0.0009, label: 3, bag_size: 34611
batch 2279, loss: 0.0007, instance_loss: 0.0000, weighted_loss: 0.0005, label: 6, bag_size: 10676
batch 2299, loss: 0.0001, instance_loss: 0.0000, weighted_loss: 0.0000, label: 3, bag_size: 44290
batch 2319, loss: 0.0070, instance_loss: 0.0006, weighted_loss: 0.0051, label: 7, bag_size: 6442
batch 2339, loss: 0.0227, instance_loss: 0.0017, weighted_loss: 0.0164, label: 7, bag_size: 6544
batch 2359, loss: 0.0000, instance_loss: 0.0000, weighted_loss: 0.0000, label: 2, bag_size: 55669
batch 2379, loss: 0.0022, instance_loss: 0.0007, weighted_loss: 0.0017, label: 4, bag_size: 58494
batch 2399, loss: 0.1411, instance_loss: 0.0232, weighted_loss: 0.1057, label: 4, bag_size: 19175
batch 2419, loss: 0.0000, instance_loss: 0.0000, weighted_loss: 0.0000, label: 2, bag_size: 55669


class 0 clustering acc 0.9989089775561097: correct 19227/19248
class 1 clustering acc 0.997350374064838: correct 19197/19248
Epoch: 20, train_loss: 0.1099, train_clustering_loss:  0.0125, train_error: 0.0349
class 0: acc 0.9890510948905109, correct 271/274
class 1: acc 0.9936102236421726, correct 311/313
class 2: acc 1.0, correct 299/299
class 3: acc 0.9967213114754099, correct 304/305
class 4: acc 0.9777777777777777, correct 308/315
class 5: acc 1.0, correct 297/297
class 6: acc 0.9352750809061489, correct 289/309
class 7: acc 0.826530612244898, correct 243/294
Warning: Feature file not found, skipping: /media/administrador/Storage1/sdonoso/clam_environ/environ/features/pt_files/histai_0126_slide_H&E_2.pt
Warning: Feature file not found, skipping: /media/administrador/Storage1/sdonoso/clam_environ/environ/features/pt_files/histai_0063_slide_H&E_4.pt
Warning: Feature file not found, skipping: /media/administrador/Storage1/sdonoso/clam_environ/environ/features/pt_files/histai_0088_slide_H&E_0.pt
Warning: Feature file not found, skipping: /media/administrador/Storage1/sdonoso/clam_environ/environ/features/pt_files/histai_0046_slide_H&E_4.pt
Warning: Feature file not found, skipping: /media/administrador/Storage1/sdonoso/clam_environ/environ/features/pt_files/histai_0046_slide_H&E_2.pt
Warning: Feature file not found, skipping: /media/administrador/Storage1/sdonoso/clam_environ/environ/features/pt_files/histai_0038_slide_H&E_4.pt
Warning: Feature file not found, skipping: /media/administrador/Storage1/sdonoso/clam_environ/environ/features/pt_files/histai_0063_slide_H&E_1.pt
Warning: Feature file not found, skipping: /media/administrador/Storage1/sdonoso/clam_environ/environ/features/pt_files/histai_0088_slide_H&E_3.pt
Warning: Feature file not found, skipping: /media/administrador/Storage1/sdonoso/clam_environ/environ/features/pt_files/histai_0046_slide_H&E_6.pt
Warning: Feature file not found, skipping: /media/administrador/Storage1/sdonoso/clam_environ/environ/features/pt_files/histai_0046_slide_H&E_0.pt
Warning: Feature file not found, skipping: /media/administrador/Storage1/sdonoso/clam_environ/environ/features/pt_files/histai_0038_slide_H&E_3.pt
Warning: Feature file not found, skipping: /media/administrador/Storage1/sdonoso/clam_environ/environ/features/pt_files/histai_0126_slide_H&E_0.pt
Warning: Feature file not found, skipping: /media/administrador/Storage1/sdonoso/clam_environ/environ/features/pt_files/histai_0063_slide_H&E_6.pt
Warning: Feature file not found, skipping: /media/administrador/Storage1/sdonoso/clam_environ/environ/features/pt_files/histai_0063_slide_H&E_3.pt
Warning: Feature file not found, skipping: /media/administrador/Storage1/sdonoso/clam_environ/environ/features/pt_files/histai_0088_slide_H&E_1.pt
Warning: Feature file not found, skipping: /media/administrador/Storage1/sdonoso/clam_environ/environ/features/pt_files/histai_0046_slide_H&E_3.pt
Warning: Feature file not found, skipping: /media/administrador/Storage1/sdonoso/clam_environ/environ/features/pt_files/histai_0046_slide_H&E_1.pt
Warning: Feature file not found, skipping: /media/administrador/Storage1/sdonoso/clam_environ/environ/features/pt_files/histai_0126_slide_H&E_1.pt
Warning: Feature file not found, skipping: /media/administrador/Storage1/sdonoso/clam_environ/environ/features/pt_files/histai_0063_slide_H&E_7.pt
Warning: Feature file not found, skipping: /media/administrador/Storage1/sdonoso/clam_environ/environ/features/pt_files/histai_0088_slide_H&E_2.pt
Warning: Feature file not found, skipping: /media/administrador/Storage1/sdonoso/clam_environ/environ/features/pt_files/histai_0046_slide_H&E_7.pt
Warning: Feature file not found, skipping: /media/administrador/Storage1/sdonoso/clam_environ/environ/features/pt_files/histai_0046_slide_H&E_5.pt
Warning: Feature file not found, skipping: /media/administrador/Storage1/sdonoso/clam_environ/environ/features/pt_files/histai_0003_slide_H&E_1.pt
Warning: Feature file not found, skipping: /media/administrador/Storage1/sdonoso/clam_environ/environ/features/pt_files/histai_0038_slide_H&E_2.pt

Val Set, val_loss: 1.3242, val_error: 0.2847, auc: 0.6643
class 0 clustering acc 1.0: correct 2360/2360
class 1 clustering acc 0.9902542372881356: correct 2337/2360
class 0: acc 0.0, correct 0/4
class 1: acc 0.0, correct 0/1
class 2: acc 0.0, correct 0/1
class 3: acc 0.0, correct 0/1
class 4: acc 0.125, correct 1/8
class 5: acc 0.0, correct 0/1
class 6: acc 0.5, correct 8/16
class 7: acc 0.7680608365019012, correct 202/263
EarlyStopping counter: 19 out of 20


batch 19, loss: 0.0007, instance_loss: 0.0004, weighted_loss: 0.0006, label: 5, bag_size: 5565
batch 39, loss: 0.0015, instance_loss: 0.0000, weighted_loss: 0.0011, label: 3, bag_size: 48697
batch 59, loss: 0.0006, instance_loss: 0.0000, weighted_loss: 0.0004, label: 5, bag_size: 40909
batch 79, loss: 0.0001, instance_loss: 0.0004, weighted_loss: 0.0002, label: 1, bag_size: 51943
batch 99, loss: 2.0309, instance_loss: 0.0000, weighted_loss: 1.4216, label: 0, bag_size: 31191
batch 119, loss: 0.0001, instance_loss: 0.0000, weighted_loss: 0.0000, label: 2, bag_size: 18291
batch 139, loss: 0.0001, instance_loss: 0.0000, weighted_loss: 0.0001, label: 5, bag_size: 22096
batch 159, loss: 0.0001, instance_loss: 0.0000, weighted_loss: 0.0001, label: 1, bag_size: 39579
batch 179, loss: 0.0001, instance_loss: 0.0000, weighted_loss: 0.0001, label: 5, bag_size: 22096
batch 199, loss: 0.0001, instance_loss: 0.0000, weighted_loss: 0.0000, label: 5, bag_size: 22096
batch 219, loss: 0.0000, instance_loss: 0.0000, weighted_loss: 0.0000, label: 2, bag_size: 55669
batch 239, loss: 0.0012, instance_loss: 0.0000, weighted_loss: 0.0008, label: 6, bag_size: 4032
batch 259, loss: 0.0733, instance_loss: 0.0000, weighted_loss: 0.0513, label: 6, bag_size: 53552
batch 279, loss: 0.1865, instance_loss: 0.0000, weighted_loss: 0.1305, label: 7, bag_size: 1688
batch 299, loss: 0.0040, instance_loss: 0.0000, weighted_loss: 0.0028, label: 6, bag_size: 2582
batch 319, loss: 0.0001, instance_loss: 0.0000, weighted_loss: 0.0001, label: 3, bag_size: 48697
batch 339, loss: 0.0288, instance_loss: 0.0092, weighted_loss: 0.0229, label: 7, bag_size: 1063
batch 359, loss: 0.0536, instance_loss: 0.0006, weighted_loss: 0.0377, label: 4, bag_size: 10855
batch 379, loss: 1.0391, instance_loss: 0.0027, weighted_loss: 0.7282, label: 7, bag_size: 82905
batch 399, loss: 0.0003, instance_loss: 0.0000, weighted_loss: 0.0002, label: 0, bag_size: 48169
batch 419, loss: 0.0000, instance_loss: 0.0000, weighted_loss: 0.0000, label: 2, bag_size: 27600
batch 439, loss: 0.0003, instance_loss: 0.0000, weighted_loss: 0.0002, label: 5, bag_size: 19119
batch 459, loss: 0.0002, instance_loss: 0.0002, weighted_loss: 0.0002, label: 1, bag_size: 11584
batch 479, loss: 0.0060, instance_loss: 0.0000, weighted_loss: 0.0042, label: 0, bag_size: 8203
batch 499, loss: 0.0037, instance_loss: 0.0000, weighted_loss: 0.0026, label: 4, bag_size: 45670
batch 519, loss: 0.4307, instance_loss: 0.0002, weighted_loss: 0.3016, label: 4, bag_size: 24955
batch 539, loss: 0.0026, instance_loss: 0.0002, weighted_loss: 0.0019, label: 0, bag_size: 4034
batch 559, loss: 0.0001, instance_loss: 0.0000, weighted_loss: 0.0001, label: 5, bag_size: 42075
batch 579, loss: 0.0002, instance_loss: 0.0000, weighted_loss: 0.0001, label: 1, bag_size: 47248
batch 599, loss: 0.0001, instance_loss: 0.0004, weighted_loss: 0.0002, label: 2, bag_size: 27600
batch 619, loss: 0.0009, instance_loss: 0.0000, weighted_loss: 0.0007, label: 3, bag_size: 40462
batch 639, loss: 0.0004, instance_loss: 0.0000, weighted_loss: 0.0003, label: 5, bag_size: 19119
batch 659, loss: 0.0000, instance_loss: 0.0000, weighted_loss: 0.0000, label: 2, bag_size: 55669
batch 679, loss: 0.0170, instance_loss: 0.0007, weighted_loss: 0.0121, label: 0, bag_size: 68174
batch 699, loss: 0.0000, instance_loss: 0.0002, weighted_loss: 0.0001, label: 2, bag_size: 27600
batch 719, loss: 0.0125, instance_loss: 0.0036, weighted_loss: 0.0098, label: 4, bag_size: 40726
batch 739, loss: 0.0004, instance_loss: 0.0000, weighted_loss: 0.0002, label: 3, bag_size: 74422
batch 759, loss: 0.0000, instance_loss: 0.0000, weighted_loss: 0.0000, label: 2, bag_size: 55669
batch 779, loss: 0.0067, instance_loss: 0.0000, weighted_loss: 0.0047, label: 3, bag_size: 34611
batch 799, loss: 0.0036, instance_loss: 0.0000, weighted_loss: 0.0025, label: 3, bag_size: 82568
batch 819, loss: 0.0029, instance_loss: 0.0000, weighted_loss: 0.0020, label: 0, bag_size: 3320
batch 839, loss: 0.0060, instance_loss: 0.0000, weighted_loss: 0.0042, label: 3, bag_size: 82568
batch 859, loss: 0.0000, instance_loss: 0.0000, weighted_loss: 0.0000, label: 5, bag_size: 40909
batch 879, loss: 0.0169, instance_loss: 0.0079, weighted_loss: 0.0142, label: 4, bag_size: 30374
batch 899, loss: 0.0630, instance_loss: 0.0003, weighted_loss: 0.0442, label: 6, bag_size: 1934
batch 919, loss: 0.0026, instance_loss: 0.0000, weighted_loss: 0.0018, label: 6, bag_size: 4945
batch 939, loss: 0.0000, instance_loss: 0.0000, weighted_loss: 0.0000, label: 5, bag_size: 4549
batch 959, loss: 0.0015, instance_loss: 0.0103, weighted_loss: 0.0041, label: 0, bag_size: 14458
batch 979, loss: 1.1277, instance_loss: 0.0049, weighted_loss: 0.7909, label: 7, bag_size: 60745
batch 999, loss: 0.0031, instance_loss: 0.0000, weighted_loss: 0.0022, label: 6, bag_size: 27148
batch 1019, loss: 0.0003, instance_loss: 0.0000, weighted_loss: 0.0002, label: 3, bag_size: 47490
batch 1039, loss: 0.0000, instance_loss: 0.0006, weighted_loss: 0.0002, label: 7, bag_size: 7701
batch 1059, loss: 0.0000, instance_loss: 0.0000, weighted_loss: 0.0000, label: 1, bag_size: 26832
batch 1079, loss: 0.0000, instance_loss: 0.0000, weighted_loss: 0.0000, label: 2, bag_size: 18291
batch 1099, loss: 0.0005, instance_loss: 0.0030, weighted_loss: 0.0012, label: 3, bag_size: 40779
batch 1119, loss: 0.0005, instance_loss: 0.0000, weighted_loss: 0.0003, label: 3, bag_size: 74422
batch 1139, loss: 0.0001, instance_loss: 0.0003, weighted_loss: 0.0001, label: 1, bag_size: 39579
batch 1159, loss: 0.0000, instance_loss: 0.0000, weighted_loss: 0.0000, label: 2, bag_size: 55669
batch 1199, loss: 0.0000, instance_loss: 0.0000, weighted_loss: 0.0000, label: 1, bag_size: 47248
batch 1219, loss: 0.0000, instance_loss: 0.0005, weighted_loss: 0.0001, label: 3, bag_size: 15813
batch 1239, loss: 0.0031, instance_loss: 0.0335, weighted_loss: 0.0122, label: 7, bag_size: 877
batch 1259, loss: 0.0000, instance_loss: 0.0311, weighted_loss: 0.0094, label: 1, bag_size: 11584
batch 1299, loss: 0.0000, instance_loss: 0.0002, weighted_loss: 0.0001, label: 3, bag_size: 40462
batch 1319, loss: 0.0005, instance_loss: 0.0000, weighted_loss: 0.0004, label: 3, bag_size: 74422
batch 1339, loss: 0.0000, instance_loss: 0.0000, weighted_loss: 0.0000, label: 2, bag_size: 27600
batch 1359, loss: 0.0017, instance_loss: 0.0000, weighted_loss: 0.0012, label: 3, bag_size: 44290
batch 1379, loss: 0.0098, instance_loss: 0.0007, weighted_loss: 0.0071, label: 0, bag_size: 14458
batch 1399, loss: 0.5282, instance_loss: 0.0000, weighted_loss: 0.3697, label: 4, bag_size: 111735
batch 1419, loss: 0.0000, instance_loss: 0.0063, weighted_loss: 0.0019, label: 4, bag_size: 2213
batch 1439, loss: 0.0000, instance_loss: 0.0000, weighted_loss: 0.0000, label: 5, bag_size: 6337
batch 1459, loss: 0.0014, instance_loss: 0.0017, weighted_loss: 0.0015, label: 0, bag_size: 4855
batch 1479, loss: 0.0006, instance_loss: 0.0000, weighted_loss: 0.0004, label: 3, bag_size: 74422
batch 1499, loss: 0.0000, instance_loss: 0.0000, weighted_loss: 0.0000, label: 5, bag_size: 42075
batch 1519, loss: 0.1514, instance_loss: 0.0000, weighted_loss: 0.1060, label: 6, bag_size: 1792
batch 1539, loss: 0.1218, instance_loss: 0.0000, weighted_loss: 0.0853, label: 6, bag_size: 22084
batch 1559, loss: 0.0000, instance_loss: 0.0000, weighted_loss: 0.0000, label: 2, bag_size: 55669
batch 1579, loss: 0.0002, instance_loss: 0.0000, weighted_loss: 0.0001, label: 3, bag_size: 48697
batch 1599, loss: 0.0001, instance_loss: 0.0000, weighted_loss: 0.0000, label: 1, bag_size: 39579
batch 1619, loss: 0.0015, instance_loss: 0.0011, weighted_loss: 0.0014, label: 7, bag_size: 13117
batch 1639, loss: 0.0133, instance_loss: 0.0000, weighted_loss: 0.0093, label: 4, bag_size: 38607
batch 1659, loss: 0.0010, instance_loss: 0.0000, weighted_loss: 0.0007, label: 1, bag_size: 47248
batch 1679, loss: 0.0175, instance_loss: 0.0000, weighted_loss: 0.0122, label: 6, bag_size: 61722
batch 1699, loss: 0.0006, instance_loss: 0.0000, weighted_loss: 0.0004, label: 0, bag_size: 100791
batch 1719, loss: 0.0026, instance_loss: 0.0015, weighted_loss: 0.0023, label: 6, bag_size: 4847
Warning: Feature file not found, skipping: /media/administrador/Storage1/sdonoso/clam_environ/environ/features/pt_files/150012-2-3.pt
Warning: Feature file not found, skipping: /media/administrador/Storage1/sdonoso/clam_environ/environ/features/pt_files/150012-2-3.pt
Warning: Feature file not found, skipping: /media/administrador/Storage1/sdonoso/clam_environ/environ/features/pt_files/150012-2-3.pt
Warning: Feature file not found, skipping: /media/administrador/Storage1/sdonoso/clam_environ/environ/features/pt_files/150012-2-3.pt
Warning: Feature file not found, skipping: /media/administrador/Storage1/sdonoso/clam_environ/environ/features/pt_files/histai_0030_slide_H&E_6.pt
Warning: Feature file not found, skipping: /media/administrador/Storage1/sdonoso/clam_environ/environ/features/pt_files/150012-2-3.pt
Warning: Feature file not found, skipping: /media/administrador/Storage1/sdonoso/clam_environ/environ/features/pt_files/150012-2-3.pt
Warning: Feature file not found, skipping: /media/administrador/Storage1/sdonoso/clam_environ/environ/features/pt_files/150012-2-3.pt
Warning: Feature file not found, skipping: /media/administrador/Storage1/sdonoso/clam_environ/environ/features/pt_files/histai_0030_slide_H&E_3.pt
Warning: Feature file not found, skipping: /media/administrador/Storage1/sdonoso/clam_environ/environ/features/pt_files/150012-2-3.pt
Warning: Feature file not found, skipping: /media/administrador/Storage1/sdonoso/clam_environ/environ/features/pt_files/150012-2-3.pt
Warning: Feature file not found, skipping: /media/administrador/Storage1/sdonoso/clam_environ/environ/features/pt_files/150012-2-3.pt
Warning: Feature file not found, skipping: /media/administrador/Storage1/sdonoso/clam_environ/environ/features/pt_files/150012-2-3.pt
Warning: Feature file not found, skipping: /media/administrador/Storage1/sdonoso/clam_environ/environ/features/pt_files/150012-2-3.pt
Warning: Feature file not found, skipping: /media/administrador/Storage1/sdonoso/clam_environ/environ/features/pt_files/150012-2-3.pt
Warning: Feature file not found, skipping: /media/administrador/Storage1/sdonoso/clam_environ/environ/features/pt_files/150012-2-3.pt
Warning: Feature file not found, skipping: /media/administrador/Storage1/sdonoso/clam_environ/environ/features/pt_files/150012-2-3.pt
Warning: Feature file not found, skipping: /media/administrador/Storage1/sdonoso/clam_environ/environ/features/pt_files/150012-2-3.pt
Warning: Feature file not found, skipping: /media/administrador/Storage1/sdonoso/clam_environ/environ/features/pt_files/150012-2-3.pt
Warning: Feature file not found, skipping: /media/administrador/Storage1/sdonoso/clam_environ/environ/features/pt_files/150012-2-3.pt
Warning: Feature file not found, skipping: /media/administrador/Storage1/sdonoso/clam_environ/environ/features/pt_files/150012-2-3.pt
Warning: Feature file not found, skipping: /media/administrador/Storage1/sdonoso/clam_environ/environ/features/pt_files/150012-2-3.pt
Warning: Feature file not found, skipping: /media/administrador/Storage1/sdonoso/clam_environ/environ/features/pt_files/150012-2-3.pt
Warning: Feature file not found, skipping: /media/administrador/Storage1/sdonoso/clam_environ/environ/features/pt_files/150012-2-3.pt
Warning: Feature file not found, skipping: /media/administrador/Storage1/sdonoso/clam_environ/environ/features/pt_files/histai_0030_slide_H&E_3.pt
Warning: Feature file not found, skipping: /media/administrador/Storage1/sdonoso/clam_environ/environ/features/pt_files/150012-2-3.pt
Warning: Feature file not found, skipping: /media/administrador/Storage1/sdonoso/clam_environ/environ/features/pt_files/150012-2-3.pt
Warning: Feature file not found, skipping: /media/administrador/Storage1/sdonoso/clam_environ/environ/features/pt_files/150012-2-3.pt
Warning: Feature file not found, skipping: /media/administrador/Storage1/sdonoso/clam_environ/environ/features/pt_files/150012-2-3.pt
Warning: Feature file not found, skipping: /media/administrador/Storage1/sdonoso/clam_environ/environ/features/pt_files/150012-2-3.pt
Warning: Feature file not found, skipping: /media/administrador/Storage1/sdonoso/clam_environ/environ/features/pt_files/150012-2-3.pt
Warning: Feature file not found, skipping: /media/administrador/Storage1/sdonoso/clam_environ/environ/features/pt_files/150012-2-3.pt
Warning: Feature file not found, skipping: /media/administrador/Storage1/sdonoso/clam_environ/environ/features/pt_files/150012-2-3.pt
Warning: Feature file not found, skipping: /media/administrador/Storage1/sdonoso/clam_environ/environ/features/pt_files/histai_0010_slide_H&E_1.pt
batch 1739, loss: 0.0000, instance_loss: 0.0007, weighted_loss: 0.0002, label: 0, bag_size: 4034
batch 1759, loss: 0.0000, instance_loss: 0.0000, weighted_loss: 0.0000, label: 2, bag_size: 17241
batch 1779, loss: 0.0002, instance_loss: 0.0006, weighted_loss: 0.0004, label: 7, bag_size: 3270
batch 1799, loss: 0.0941, instance_loss: 0.0000, weighted_loss: 0.0659, label: 6, bag_size: 3881
batch 1819, loss: 0.0088, instance_loss: 0.0000, weighted_loss: 0.0062, label: 0, bag_size: 76990
batch 1839, loss: 0.0009, instance_loss: 0.0000, weighted_loss: 0.0006, label: 3, bag_size: 15813
batch 1859, loss: 1.6352, instance_loss: 0.0000, weighted_loss: 1.1446, label: 6, bag_size: 2508
batch 1879, loss: 0.0025, instance_loss: 0.0000, weighted_loss: 0.0018, label: 6, bag_size: 9993
batch 1899, loss: 0.0000, instance_loss: 0.0005, weighted_loss: 0.0002, label: 2, bag_size: 27600
batch 1919, loss: 0.0004, instance_loss: 0.0044, weighted_loss: 0.0016, label: 4, bag_size: 8350
batch 1939, loss: 0.0001, instance_loss: 0.0000, weighted_loss: 0.0001, label: 6, bag_size: 3457
batch 1959, loss: 0.0000, instance_loss: 0.0000, weighted_loss: 0.0000, label: 1, bag_size: 39579
batch 1979, loss: 0.1497, instance_loss: 0.0000, weighted_loss: 0.1048, label: 7, bag_size: 1592
batch 1999, loss: 0.0000, instance_loss: 0.0009, weighted_loss: 0.0003, label: 3, bag_size: 40779
batch 2019, loss: 0.0046, instance_loss: 0.0025, weighted_loss: 0.0040, label: 6, bag_size: 7174
batch 2039, loss: 0.0021, instance_loss: 0.0014, weighted_loss: 0.0019, label: 4, bag_size: 6808
batch 2059, loss: 0.0001, instance_loss: 0.0000, weighted_loss: 0.0000, label: 5, bag_size: 42075
batch 2079, loss: 0.0064, instance_loss: 0.0026, weighted_loss: 0.0052, label: 4, bag_size: 1708
batch 2099, loss: 0.0000, instance_loss: 0.0000, weighted_loss: 0.0000, label: 1, bag_size: 26832
batch 2119, loss: 0.0462, instance_loss: 0.0002, weighted_loss: 0.0324, label: 6, bag_size: 3077
batch 2139, loss: 0.0040, instance_loss: 0.0000, weighted_loss: 0.0028, label: 1, bag_size: 47248
batch 2159, loss: 0.0115, instance_loss: 0.0252, weighted_loss: 0.0156, label: 7, bag_size: 1636
batch 2179, loss: 0.0049, instance_loss: 0.0000, weighted_loss: 0.0034, label: 0, bag_size: 68174
batch 2219, loss: 0.4584, instance_loss: 0.0002, weighted_loss: 0.3209, label: 6, bag_size: 1792
batch 2239, loss: 0.0671, instance_loss: 0.0068, weighted_loss: 0.0490, label: 7, bag_size: 13386
batch 2259, loss: 0.0047, instance_loss: 0.0007, weighted_loss: 0.0035, label: 0, bag_size: 37484
batch 2279, loss: 0.0100, instance_loss: 0.0032, weighted_loss: 0.0079, label: 7, bag_size: 8422
batch 2299, loss: 0.0002, instance_loss: 0.0000, weighted_loss: 0.0001, label: 3, bag_size: 94662
batch 2319, loss: 0.0000, instance_loss: 0.0000, weighted_loss: 0.0000, label: 2, bag_size: 55669
batch 2339, loss: 0.0000, instance_loss: 0.0000, weighted_loss: 0.0000, label: 5, bag_size: 5565
batch 2359, loss: 0.0001, instance_loss: 0.0000, weighted_loss: 0.0001, label: 3, bag_size: 47490
batch 2379, loss: 0.0026, instance_loss: 0.0000, weighted_loss: 0.0018, label: 1, bag_size: 47817
batch 2399, loss: 0.0000, instance_loss: 0.0000, weighted_loss: 0.0000, label: 2, bag_size: 17241


class 0 clustering acc 0.9989600665557404: correct 19212/19232
class 1 clustering acc 0.9962562396006656: correct 19160/19232
Epoch: 21, train_loss: 0.0901, train_clustering_loss:  0.0151, train_error: 0.0300
class 0: acc 0.9933333333333333, correct 298/300
class 1: acc 0.9966216216216216, correct 295/296
class 2: acc 1.0, correct 282/282
class 3: acc 0.9938837920489296, correct 325/327
class 4: acc 0.9781931464174455, correct 314/321
class 5: acc 0.9963503649635036, correct 273/274
class 6: acc 0.95, correct 285/300
class 7: acc 0.8552631578947368, correct 260/304
Warning: Feature file not found, skipping: /media/administrador/Storage1/sdonoso/clam_environ/environ/features/pt_files/histai_0063_slide_H&E_1.pt
Warning: Feature file not found, skipping: /media/administrador/Storage1/sdonoso/clam_environ/environ/features/pt_files/histai_0088_slide_H&E_3.pt
Warning: Feature file not found, skipping: /media/administrador/Storage1/sdonoso/clam_environ/environ/features/pt_files/histai_0046_slide_H&E_6.pt
Warning: Feature file not found, skipping: /media/administrador/Storage1/sdonoso/clam_environ/environ/features/pt_files/histai_0046_slide_H&E_0.pt
Warning: Feature file not found, skipping: /media/administrador/Storage1/sdonoso/clam_environ/environ/features/pt_files/histai_0038_slide_H&E_3.pt
Warning: Feature file not found, skipping: /media/administrador/Storage1/sdonoso/clam_environ/environ/features/pt_files/histai_0126_slide_H&E_0.pt
Warning: Feature file not found, skipping: /media/administrador/Storage1/sdonoso/clam_environ/environ/features/pt_files/histai_0063_slide_H&E_6.pt
Warning: Feature file not found, skipping: /media/administrador/Storage1/sdonoso/clam_environ/environ/features/pt_files/histai_0063_slide_H&E_3.pt
Warning: Feature file not found, skipping: /media/administrador/Storage1/sdonoso/clam_environ/environ/features/pt_files/histai_0088_slide_H&E_1.pt
Warning: Feature file not found, skipping: /media/administrador/Storage1/sdonoso/clam_environ/environ/features/pt_files/histai_0046_slide_H&E_3.pt
Warning: Feature file not found, skipping: /media/administrador/Storage1/sdonoso/clam_environ/environ/features/pt_files/histai_0046_slide_H&E_1.pt
Warning: Feature file not found, skipping: /media/administrador/Storage1/sdonoso/clam_environ/environ/features/pt_files/histai_0126_slide_H&E_1.pt
Warning: Feature file not found, skipping: /media/administrador/Storage1/sdonoso/clam_environ/environ/features/pt_files/histai_0063_slide_H&E_7.pt
Warning: Feature file not found, skipping: /media/administrador/Storage1/sdonoso/clam_environ/environ/features/pt_files/histai_0088_slide_H&E_2.pt
Warning: Feature file not found, skipping: /media/administrador/Storage1/sdonoso/clam_environ/environ/features/pt_files/histai_0046_slide_H&E_7.pt
Warning: Feature file not found, skipping: /media/administrador/Storage1/sdonoso/clam_environ/environ/features/pt_files/histai_0046_slide_H&E_5.pt
Warning: Feature file not found, skipping: /media/administrador/Storage1/sdonoso/clam_environ/environ/features/pt_files/histai_0003_slide_H&E_1.pt
Warning: Feature file not found, skipping: /media/administrador/Storage1/sdonoso/clam_environ/environ/features/pt_files/histai_0038_slide_H&E_2.pt
Warning: Feature file not found, skipping: /media/administrador/Storage1/sdonoso/clam_environ/environ/features/pt_files/histai_0126_slide_H&E_2.pt
Warning: Feature file not found, skipping: /media/administrador/Storage1/sdonoso/clam_environ/environ/features/pt_files/histai_0063_slide_H&E_4.pt
Warning: Feature file not found, skipping: /media/administrador/Storage1/sdonoso/clam_environ/environ/features/pt_files/histai_0088_slide_H&E_0.pt
Warning: Feature file not found, skipping: /media/administrador/Storage1/sdonoso/clam_environ/environ/features/pt_files/histai_0046_slide_H&E_4.pt
Warning: Feature file not found, skipping: /media/administrador/Storage1/sdonoso/clam_environ/environ/features/pt_files/histai_0046_slide_H&E_2.pt
Warning: Feature file not found, skipping: /media/administrador/Storage1/sdonoso/clam_environ/environ/features/pt_files/histai_0038_slide_H&E_4.pt

Val Set, val_loss: 1.4055, val_error: 0.2814, auc: 0.6385
class 0 clustering acc 0.9987288135593221: correct 2357/2360
class 1 clustering acc 0.9936440677966102: correct 2345/2360
class 0: acc 0.0, correct 0/4
class 1: acc 0.0, correct 0/1
class 2: acc 0.0, correct 0/1
class 3: acc 0.0, correct 0/1
class 4: acc 0.5, correct 4/8
class 5: acc 0.0, correct 0/1
class 6: acc 0.1875, correct 3/16
class 7: acc 0.779467680608365, correct 205/263
EarlyStopping counter: 20 out of 20


batch 19, loss: 0.0013, instance_loss: 0.0000, weighted_loss: 0.0009, label: 4, bag_size: 23894
batch 39, loss: 0.0000, instance_loss: 0.0000, weighted_loss: 0.0000, label: 2, bag_size: 18291
batch 59, loss: 0.0001, instance_loss: 0.0000, weighted_loss: 0.0001, label: 3, bag_size: 45816
batch 79, loss: 0.0043, instance_loss: 0.0010, weighted_loss: 0.0033, label: 1, bag_size: 47817
batch 99, loss: 0.0007, instance_loss: 0.0000, weighted_loss: 0.0005, label: 2, bag_size: 27600
batch 119, loss: 0.0107, instance_loss: 0.0070, weighted_loss: 0.0096, label: 1, bag_size: 39579
batch 139, loss: 0.0000, instance_loss: 0.0000, weighted_loss: 0.0000, label: 2, bag_size: 55669
batch 159, loss: 0.0011, instance_loss: 0.0000, weighted_loss: 0.0008, label: 3, bag_size: 40462
batch 179, loss: 0.0000, instance_loss: 0.0000, weighted_loss: 0.0000, label: 5, bag_size: 5565
batch 199, loss: 0.0333, instance_loss: 0.0026, weighted_loss: 0.0241, label: 7, bag_size: 14096
batch 219, loss: 0.0000, instance_loss: 0.0330, weighted_loss: 0.0099, label: 7, bag_size: 807
batch 239, loss: 0.0000, instance_loss: 0.0000, weighted_loss: 0.0000, label: 2, bag_size: 18291
batch 259, loss: 0.0001, instance_loss: 0.0000, weighted_loss: 0.0001, label: 0, bag_size: 31191
batch 279, loss: 0.0001, instance_loss: 0.0002, weighted_loss: 0.0001, label: 2, bag_size: 27600
batch 299, loss: 0.0187, instance_loss: 0.0000, weighted_loss: 0.0131, label: 6, bag_size: 13888
batch 319, loss: 0.0000, instance_loss: 0.0000, weighted_loss: 0.0000, label: 0, bag_size: 4034
batch 339, loss: 0.0094, instance_loss: 0.0052, weighted_loss: 0.0081, label: 4, bag_size: 31677
batch 359, loss: 0.0063, instance_loss: 0.0026, weighted_loss: 0.0052, label: 6, bag_size: 5736
batch 379, loss: 0.0004, instance_loss: 0.0028, weighted_loss: 0.0011, label: 1, bag_size: 11584
batch 399, loss: 0.0003, instance_loss: 0.0000, weighted_loss: 0.0002, label: 1, bag_size: 23247
batch 419, loss: 0.0000, instance_loss: 0.2080, weighted_loss: 0.0624, label: 4, bag_size: 1979
batch 439, loss: 0.0003, instance_loss: 0.1025, weighted_loss: 0.0309, label: 0, bag_size: 11173
batch 459, loss: 0.0002, instance_loss: 0.0000, weighted_loss: 0.0001, label: 5, bag_size: 42075
batch 479, loss: 0.0013, instance_loss: 0.0000, weighted_loss: 0.0009, label: 0, bag_size: 60895
batch 499, loss: 0.0000, instance_loss: 0.0000, weighted_loss: 0.0000, label: 2, bag_size: 18291
batch 519, loss: 0.0000, instance_loss: 0.0000, weighted_loss: 0.0000, label: 2, bag_size: 18291
batch 539, loss: 0.0946, instance_loss: 0.0000, weighted_loss: 0.0662, label: 6, bag_size: 33593
batch 559, loss: 0.0055, instance_loss: 0.0173, weighted_loss: 0.0090, label: 4, bag_size: 17286
batch 579, loss: 0.0004, instance_loss: 0.0000, weighted_loss: 0.0003, label: 3, bag_size: 48697
batch 599, loss: 0.0006, instance_loss: 0.0058, weighted_loss: 0.0022, label: 1, bag_size: 11584
batch 619, loss: 0.0002, instance_loss: 0.0023, weighted_loss: 0.0008, label: 4, bag_size: 40726
batch 639, loss: 0.0019, instance_loss: 0.0000, weighted_loss: 0.0013, label: 0, bag_size: 63464
batch 659, loss: 0.0005, instance_loss: 0.0064, weighted_loss: 0.0022, label: 1, bag_size: 11584
batch 679, loss: 0.0000, instance_loss: 0.0000, weighted_loss: 0.0000, label: 2, bag_size: 18291
batch 699, loss: 0.7167, instance_loss: 0.0000, weighted_loss: 0.5017, label: 6, bag_size: 98115
batch 719, loss: 0.0000, instance_loss: 0.0003, weighted_loss: 0.0001, label: 2, bag_size: 18291
batch 739, loss: 0.0225, instance_loss: 0.0002, weighted_loss: 0.0158, label: 1, bag_size: 51943
batch 759, loss: 0.0007, instance_loss: 0.0000, weighted_loss: 0.0005, label: 3, bag_size: 40462
batch 779, loss: 0.0011, instance_loss: 0.0000, weighted_loss: 0.0008, label: 1, bag_size: 23247
batch 799, loss: 0.0001, instance_loss: 0.0000, weighted_loss: 0.0001, label: 3, bag_size: 45816
batch 819, loss: 0.0000, instance_loss: 0.0000, weighted_loss: 0.0000, label: 2, bag_size: 18291
batch 839, loss: 0.0000, instance_loss: 0.0000, weighted_loss: 0.0000, label: 2, bag_size: 18291
batch 859, loss: 0.6060, instance_loss: 0.0093, weighted_loss: 0.4270, label: 7, bag_size: 8707
batch 879, loss: 0.0000, instance_loss: 0.0042, weighted_loss: 0.0012, label: 4, bag_size: 1979
batch 899, loss: 0.0001, instance_loss: 0.0047, weighted_loss: 0.0015, label: 4, bag_size: 9933
batch 919, loss: 0.0024, instance_loss: 0.0007, weighted_loss: 0.0019, label: 7, bag_size: 10964
batch 939, loss: 0.0176, instance_loss: 0.1069, weighted_loss: 0.0444, label: 4, bag_size: 2116
batch 959, loss: 0.0000, instance_loss: 0.0000, weighted_loss: 0.0000, label: 2, bag_size: 18291
batch 979, loss: 0.0000, instance_loss: 0.0002, weighted_loss: 0.0001, label: 7, bag_size: 5950
batch 999, loss: 0.0023, instance_loss: 0.0015, weighted_loss: 0.0021, label: 4, bag_size: 32239
batch 1019, loss: 0.0600, instance_loss: 0.0000, weighted_loss: 0.0420, label: 6, bag_size: 4957
batch 1039, loss: 0.0008, instance_loss: 0.0000, weighted_loss: 0.0006, label: 3, bag_size: 82568
batch 1059, loss: 0.0001, instance_loss: 0.0000, weighted_loss: 0.0001, label: 2, bag_size: 17241
batch 1079, loss: 0.0000, instance_loss: 0.0002, weighted_loss: 0.0001, label: 0, bag_size: 4034
batch 1099, loss: 0.0026, instance_loss: 0.0000, weighted_loss: 0.0018, label: 3, bag_size: 40779
batch 1119, loss: 0.0001, instance_loss: 0.0065, weighted_loss: 0.0020, label: 4, bag_size: 1708
batch 1139, loss: 0.0004, instance_loss: 0.0000, weighted_loss: 0.0003, label: 6, bag_size: 2582
batch 1159, loss: 1.2907, instance_loss: 0.0004, weighted_loss: 0.9036, label: 6, bag_size: 4847
batch 1179, loss: 0.0000, instance_loss: 0.0003, weighted_loss: 0.0001, label: 1, bag_size: 10314
batch 1199, loss: 0.0000, instance_loss: 0.0000, weighted_loss: 0.0000, label: 1, bag_size: 39579
batch 1219, loss: 0.0004, instance_loss: 0.0000, weighted_loss: 0.0003, label: 3, bag_size: 45816
batch 1239, loss: 0.0000, instance_loss: 0.0865, weighted_loss: 0.0259, label: 7, bag_size: 1230
batch 1259, loss: 0.0000, instance_loss: 0.0000, weighted_loss: 0.0000, label: 2, bag_size: 27600
batch 1299, loss: 0.0189, instance_loss: 0.0051, weighted_loss: 0.0148, label: 1, bag_size: 11584
batch 1319, loss: 0.0001, instance_loss: 0.0000, weighted_loss: 0.0001, label: 0, bag_size: 14458
batch 1339, loss: 0.0066, instance_loss: 0.0016, weighted_loss: 0.0051, label: 4, bag_size: 111735
batch 1359, loss: 0.0006, instance_loss: 0.0000, weighted_loss: 0.0004, label: 5, bag_size: 18304
batch 1379, loss: 0.0005, instance_loss: 0.0000, weighted_loss: 0.0004, label: 3, bag_size: 34611
batch 1399, loss: 0.0004, instance_loss: 0.0000, weighted_loss: 0.0003, label: 3, bag_size: 48697
batch 1419, loss: 0.0070, instance_loss: 0.0035, weighted_loss: 0.0060, label: 7, bag_size: 2496
batch 1439, loss: 0.0004, instance_loss: 0.0005, weighted_loss: 0.0004, label: 2, bag_size: 27600
batch 1459, loss: 0.0042, instance_loss: 0.0012, weighted_loss: 0.0033, label: 0, bag_size: 3320
batch 1479, loss: 0.0002, instance_loss: 0.0000, weighted_loss: 0.0002, label: 0, bag_size: 68174
batch 1499, loss: 0.1068, instance_loss: 0.0000, weighted_loss: 0.0748, label: 5, bag_size: 22096
batch 1519, loss: 0.0047, instance_loss: 0.0000, weighted_loss: 0.0033, label: 6, bag_size: 2573
batch 1539, loss: 0.0108, instance_loss: 0.0000, weighted_loss: 0.0076, label: 0, bag_size: 11173
batch 1559, loss: 0.0007, instance_loss: 0.0000, weighted_loss: 0.0005, label: 3, bag_size: 47490
batch 1579, loss: 0.0269, instance_loss: 0.0000, weighted_loss: 0.0188, label: 5, bag_size: 5565
batch 1599, loss: 0.2309, instance_loss: 0.0000, weighted_loss: 0.1616, label: 5, bag_size: 42075
batch 1619, loss: 0.0001, instance_loss: 0.0008, weighted_loss: 0.0003, label: 5, bag_size: 5179
batch 1639, loss: 0.0009, instance_loss: 0.0000, weighted_loss: 0.0006, label: 2, bag_size: 55669
batch 1659, loss: 0.0083, instance_loss: 0.0002, weighted_loss: 0.0059, label: 5, bag_size: 42075
batch 1679, loss: 0.0056, instance_loss: 0.0070, weighted_loss: 0.0060, label: 3, bag_size: 40779
batch 1699, loss: 0.0013, instance_loss: 0.0012, weighted_loss: 0.0013, label: 7, bag_size: 9687
Warning: Feature file not found, skipping: /media/administrador/Storage1/sdonoso/clam_environ/environ/features/pt_files/150012-2-3.pt
Warning: Feature file not found, skipping: /media/administrador/Storage1/sdonoso/clam_environ/environ/features/pt_files/histai_0054_slide_H&E_0.pt
Warning: Feature file not found, skipping: /media/administrador/Storage1/sdonoso/clam_environ/environ/features/pt_files/150012-2-3.pt
Warning: Feature file not found, skipping: /media/administrador/Storage1/sdonoso/clam_environ/environ/features/pt_files/histai_0068_slide_H&E_1.pt
Warning: Feature file not found, skipping: /media/administrador/Storage1/sdonoso/clam_environ/environ/features/pt_files/150012-2-3.pt
Warning: Feature file not found, skipping: /media/administrador/Storage1/sdonoso/clam_environ/environ/features/pt_files/histai_0117_slide_H&E_3.pt
Warning: Feature file not found, skipping: /media/administrador/Storage1/sdonoso/clam_environ/environ/features/pt_files/150012-2-3.pt
Warning: Feature file not found, skipping: /media/administrador/Storage1/sdonoso/clam_environ/environ/features/pt_files/150012-2-3.pt
Warning: Feature file not found, skipping: /media/administrador/Storage1/sdonoso/clam_environ/environ/features/pt_files/150012-2-3.pt
Warning: Feature file not found, skipping: /media/administrador/Storage1/sdonoso/clam_environ/environ/features/pt_files/150012-2-3.pt
Warning: Feature file not found, skipping: /media/administrador/Storage1/sdonoso/clam_environ/environ/features/pt_files/150012-2-3.pt
Warning: Feature file not found, skipping: /media/administrador/Storage1/sdonoso/clam_environ/environ/features/pt_files/150012-2-3.pt
Warning: Feature file not found, skipping: /media/administrador/Storage1/sdonoso/clam_environ/environ/features/pt_files/histai_0117_slide_H&E_3.pt
Warning: Feature file not found, skipping: /media/administrador/Storage1/sdonoso/clam_environ/environ/features/pt_files/histai_0070_slide_H&E_2.pt
Warning: Feature file not found, skipping: /media/administrador/Storage1/sdonoso/clam_environ/environ/features/pt_files/150012-2-3.pt
Warning: Feature file not found, skipping: /media/administrador/Storage1/sdonoso/clam_environ/environ/features/pt_files/150012-2-3.pt
Warning: Feature file not found, skipping: /media/administrador/Storage1/sdonoso/clam_environ/environ/features/pt_files/150012-2-3.pt
Warning: Feature file not found, skipping: /media/administrador/Storage1/sdonoso/clam_environ/environ/features/pt_files/150012-2-3.pt
Warning: Feature file not found, skipping: /media/administrador/Storage1/sdonoso/clam_environ/environ/features/pt_files/150012-2-3.pt
Warning: Feature file not found, skipping: /media/administrador/Storage1/sdonoso/clam_environ/environ/features/pt_files/150012-2-3.pt
Warning: Feature file not found, skipping: /media/administrador/Storage1/sdonoso/clam_environ/environ/features/pt_files/150012-2-3.pt
Warning: Feature file not found, skipping: /media/administrador/Storage1/sdonoso/clam_environ/environ/features/pt_files/150012-2-3.pt
Warning: Feature file not found, skipping: /media/administrador/Storage1/sdonoso/clam_environ/environ/features/pt_files/150012-2-3.pt
Warning: Feature file not found, skipping: /media/administrador/Storage1/sdonoso/clam_environ/environ/features/pt_files/150012-2-3.pt
Warning: Feature file not found, skipping: /media/administrador/Storage1/sdonoso/clam_environ/environ/features/pt_files/histai_0121_slide_H&E_2.pt
Warning: Feature file not found, skipping: /media/administrador/Storage1/sdonoso/clam_environ/environ/features/pt_files/150012-2-3.pt
Warning: Feature file not found, skipping: /media/administrador/Storage1/sdonoso/clam_environ/environ/features/pt_files/histai_0010_slide_H&E_3.pt
Warning: Feature file not found, skipping: /media/administrador/Storage1/sdonoso/clam_environ/environ/features/pt_files/histai_0037_slide_H&E_0.pt
Warning: Feature file not found, skipping: /media/administrador/Storage1/sdonoso/clam_environ/environ/features/pt_files/150012-2-3.pt
batch 1719, loss: 0.0009, instance_loss: 0.0002, weighted_loss: 0.0007, label: 5, bag_size: 5565
batch 1739, loss: 0.0000, instance_loss: 0.0014, weighted_loss: 0.0004, label: 4, bag_size: 2213
batch 1759, loss: 0.0000, instance_loss: 0.0000, weighted_loss: 0.0000, label: 2, bag_size: 18291
batch 1779, loss: 0.0857, instance_loss: 0.0000, weighted_loss: 0.0600, label: 0, bag_size: 37484
batch 1799, loss: 0.0000, instance_loss: 0.0000, weighted_loss: 0.0000, label: 1, bag_size: 10314
batch 1819, loss: 0.1427, instance_loss: 1.2898, weighted_loss: 0.4868, label: 4, bag_size: 494
batch 1839, loss: 0.0004, instance_loss: 0.0002, weighted_loss: 0.0004, label: 6, bag_size: 9068
batch 1859, loss: 0.0081, instance_loss: 0.0011, weighted_loss: 0.0060, label: 6, bag_size: 5760
batch 1879, loss: 0.0011, instance_loss: 0.0000, weighted_loss: 0.0008, label: 3, bag_size: 74422
batch 1899, loss: 0.0001, instance_loss: 0.0000, weighted_loss: 0.0000, label: 0, bag_size: 48169
batch 1919, loss: 0.1870, instance_loss: 0.0009, weighted_loss: 0.1312, label: 7, bag_size: 8530
batch 1939, loss: 0.0005, instance_loss: 0.0000, weighted_loss: 0.0003, label: 0, bag_size: 29441
batch 1959, loss: 0.0198, instance_loss: 0.0000, weighted_loss: 0.0139, label: 6, bag_size: 63460
batch 1979, loss: 0.0001, instance_loss: 0.0000, weighted_loss: 0.0001, label: 2, bag_size: 17241
batch 1999, loss: 0.0002, instance_loss: 0.0000, weighted_loss: 0.0001, label: 1, bag_size: 10314
batch 2019, loss: 0.0008, instance_loss: 0.0009, weighted_loss: 0.0008, label: 2, bag_size: 18291
batch 2039, loss: 0.0654, instance_loss: 0.0000, weighted_loss: 0.0458, label: 0, bag_size: 63464
batch 2059, loss: 0.0001, instance_loss: 0.0000, weighted_loss: 0.0001, label: 0, bag_size: 29441
batch 2079, loss: 0.0015, instance_loss: 0.0000, weighted_loss: 0.0010, label: 6, bag_size: 9993
batch 2099, loss: 0.0000, instance_loss: 0.0000, weighted_loss: 0.0000, label: 5, bag_size: 5179
batch 2119, loss: 0.0002, instance_loss: 0.0000, weighted_loss: 0.0002, label: 3, bag_size: 44290
batch 2139, loss: 0.0008, instance_loss: 0.0000, weighted_loss: 0.0005, label: 5, bag_size: 6337
batch 2159, loss: 0.0072, instance_loss: 0.0026, weighted_loss: 0.0058, label: 4, bag_size: 5383
batch 2179, loss: 0.0973, instance_loss: 0.0964, weighted_loss: 0.0970, label: 7, bag_size: 11515
batch 2199, loss: 0.0001, instance_loss: 0.0000, weighted_loss: 0.0001, label: 3, bag_size: 74422
batch 2219, loss: 0.4868, instance_loss: 0.0019, weighted_loss: 0.3413, label: 7, bag_size: 10304
batch 2239, loss: 0.0056, instance_loss: 0.0000, weighted_loss: 0.0039, label: 2, bag_size: 27600
batch 2259, loss: 0.0042, instance_loss: 0.0074, weighted_loss: 0.0052, label: 4, bag_size: 32239
batch 2279, loss: 0.0010, instance_loss: 0.0002, weighted_loss: 0.0008, label: 0, bag_size: 4034
batch 2299, loss: 0.0221, instance_loss: 0.0149, weighted_loss: 0.0199, label: 7, bag_size: 10481
batch 2319, loss: 0.0120, instance_loss: 0.0000, weighted_loss: 0.0084, label: 1, bag_size: 47248
batch 2339, loss: 3.6198, instance_loss: 0.0103, weighted_loss: 2.5370, label: 7, bag_size: 31710
batch 2359, loss: 0.0020, instance_loss: 0.0166, weighted_loss: 0.0064, label: 7, bag_size: 1418
batch 2379, loss: 0.0000, instance_loss: 0.0003, weighted_loss: 0.0001, label: 1, bag_size: 26832
batch 2399, loss: 0.0046, instance_loss: 0.0000, weighted_loss: 0.0032, label: 3, bag_size: 82568
batch 2419, loss: 0.0000, instance_loss: 0.0176, weighted_loss: 0.0053, label: 4, bag_size: 1708


class 0 clustering acc 0.9988584474885844: correct 19250/19272
class 1 clustering acc 0.997716894977169: correct 19228/19272
Epoch: 22, train_loss: 0.1082, train_clustering_loss:  0.0099, train_error: 0.0361
class 0: acc 0.9968652037617555, correct 318/319
class 1: acc 0.9936507936507937, correct 313/315
class 2: acc 0.9965870307167235, correct 292/293
class 3: acc 0.9968944099378882, correct 321/322
class 4: acc 0.9921568627450981, correct 253/255
class 5: acc 0.9890909090909091, correct 272/275
class 6: acc 0.9122257053291536, correct 291/319
class 7: acc 0.842443729903537, correct 262/311
Warning: Feature file not found, skipping: /media/administrador/Storage1/sdonoso/clam_environ/environ/features/pt_files/histai_0063_slide_H&E_1.pt
Warning: Feature file not found, skipping: /media/administrador/Storage1/sdonoso/clam_environ/environ/features/pt_files/histai_0088_slide_H&E_3.pt
Warning: Feature file not found, skipping: /media/administrador/Storage1/sdonoso/clam_environ/environ/features/pt_files/histai_0046_slide_H&E_6.pt
Warning: Feature file not found, skipping: /media/administrador/Storage1/sdonoso/clam_environ/environ/features/pt_files/histai_0046_slide_H&E_0.pt
Warning: Feature file not found, skipping: /media/administrador/Storage1/sdonoso/clam_environ/environ/features/pt_files/histai_0038_slide_H&E_3.pt
Warning: Feature file not found, skipping: /media/administrador/Storage1/sdonoso/clam_environ/environ/features/pt_files/histai_0126_slide_H&E_1.pt
Warning: Feature file not found, skipping: /media/administrador/Storage1/sdonoso/clam_environ/environ/features/pt_files/histai_0063_slide_H&E_7.pt
Warning: Feature file not found, skipping: /media/administrador/Storage1/sdonoso/clam_environ/environ/features/pt_files/histai_0088_slide_H&E_2.pt
Warning: Feature file not found, skipping: /media/administrador/Storage1/sdonoso/clam_environ/environ/features/pt_files/histai_0046_slide_H&E_7.pt
Warning: Feature file not found, skipping: /media/administrador/Storage1/sdonoso/clam_environ/environ/features/pt_files/histai_0046_slide_H&E_5.pt
Warning: Feature file not found, skipping: /media/administrador/Storage1/sdonoso/clam_environ/environ/features/pt_files/histai_0003_slide_H&E_1.pt
Warning: Feature file not found, skipping: /media/administrador/Storage1/sdonoso/clam_environ/environ/features/pt_files/histai_0038_slide_H&E_2.pt
Warning: Feature file not found, skipping: /media/administrador/Storage1/sdonoso/clam_environ/environ/features/pt_files/histai_0126_slide_H&E_2.pt
Warning: Feature file not found, skipping: /media/administrador/Storage1/sdonoso/clam_environ/environ/features/pt_files/histai_0063_slide_H&E_4.pt
Warning: Feature file not found, skipping: /media/administrador/Storage1/sdonoso/clam_environ/environ/features/pt_files/histai_0088_slide_H&E_0.pt
Warning: Feature file not found, skipping: /media/administrador/Storage1/sdonoso/clam_environ/environ/features/pt_files/histai_0046_slide_H&E_4.pt
Warning: Feature file not found, skipping: /media/administrador/Storage1/sdonoso/clam_environ/environ/features/pt_files/histai_0046_slide_H&E_2.pt
Warning: Feature file not found, skipping: /media/administrador/Storage1/sdonoso/clam_environ/environ/features/pt_files/histai_0038_slide_H&E_4.pt
Warning: Feature file not found, skipping: /media/administrador/Storage1/sdonoso/clam_environ/environ/features/pt_files/histai_0126_slide_H&E_0.pt
Warning: Feature file not found, skipping: /media/administrador/Storage1/sdonoso/clam_environ/environ/features/pt_files/histai_0063_slide_H&E_6.pt
Warning: Feature file not found, skipping: /media/administrador/Storage1/sdonoso/clam_environ/environ/features/pt_files/histai_0063_slide_H&E_3.pt
Warning: Feature file not found, skipping: /media/administrador/Storage1/sdonoso/clam_environ/environ/features/pt_files/histai_0088_slide_H&E_1.pt
Warning: Feature file not found, skipping: /media/administrador/Storage1/sdonoso/clam_environ/environ/features/pt_files/histai_0046_slide_H&E_3.pt
Warning: Feature file not found, skipping: /media/administrador/Storage1/sdonoso/clam_environ/environ/features/pt_files/histai_0046_slide_H&E_1.pt

Val Set, val_loss: 1.2833, val_error: 0.2644, auc: 0.6581
class 0 clustering acc 0.9991525423728813: correct 2358/2360
class 1 clustering acc 0.9902542372881356: correct 2337/2360
class 0: acc 0.0, correct 0/4
class 1: acc 0.0, correct 0/1
class 2: acc 0.0, correct 0/1
class 3: acc 0.0, correct 0/1
class 4: acc 0.125, correct 1/8
class 5: acc 0.0, correct 0/1
class 6: acc 0.5, correct 8/16
class 7: acc 0.7908745247148289, correct 208/263
EarlyStopping counter: 21 out of 20


Warning: Feature file not found, skipping: /media/administrador/Storage1/sdonoso/clam_environ/environ/features/pt_files/150012-2-3.pt
Warning: Feature file not found, skipping: /media/administrador/Storage1/sdonoso/clam_environ/environ/features/pt_files/150012-2-3.pt
Warning: Feature file not found, skipping: /media/administrador/Storage1/sdonoso/clam_environ/environ/features/pt_files/histai_0121_slide_H&E_2.pt
Warning: Feature file not found, skipping: /media/administrador/Storage1/sdonoso/clam_environ/environ/features/pt_files/150012-2-3.pt
Warning: Feature file not found, skipping: /media/administrador/Storage1/sdonoso/clam_environ/environ/features/pt_files/150012-2-3.pt
Warning: Feature file not found, skipping: /media/administrador/Storage1/sdonoso/clam_environ/environ/features/pt_files/150012-2-3.pt
Warning: Feature file not found, skipping: /media/administrador/Storage1/sdonoso/clam_environ/environ/features/pt_files/150012-2-3.pt
Warning: Feature file not found, skipping: /media/administrador/Storage1/sdonoso/clam_environ/environ/features/pt_files/150012-2-3.pt
batch 19, loss: 0.0006, instance_loss: 0.0000, weighted_loss: 0.0004, label: 2, bag_size: 55669
batch 39, loss: 0.0117, instance_loss: 0.0000, weighted_loss: 0.0082, label: 7, bag_size: 14670
batch 59, loss: 0.0003, instance_loss: 0.0049, weighted_loss: 0.0017, label: 4, bag_size: 25699
batch 99, loss: 0.0013, instance_loss: 0.0193, weighted_loss: 0.0067, label: 4, bag_size: 4032
batch 119, loss: 0.0005, instance_loss: 0.0006, weighted_loss: 0.0006, label: 3, bag_size: 40779
batch 139, loss: 0.0042, instance_loss: 0.0004, weighted_loss: 0.0031, label: 3, bag_size: 40779
batch 159, loss: 0.0000, instance_loss: 0.0000, weighted_loss: 0.0000, label: 1, bag_size: 39579
batch 179, loss: 0.0005, instance_loss: 0.0000, weighted_loss: 0.0003, label: 0, bag_size: 4855
batch 199, loss: 0.0001, instance_loss: 0.0000, weighted_loss: 0.0000, label: 0, bag_size: 14638
batch 219, loss: 0.0103, instance_loss: 0.0000, weighted_loss: 0.0072, label: 6, bag_size: 53008
batch 239, loss: 0.0000, instance_loss: 0.0000, weighted_loss: 0.0000, label: 3, bag_size: 48697
batch 259, loss: 0.0000, instance_loss: 0.0000, weighted_loss: 0.0000, label: 0, bag_size: 14638
batch 299, loss: 0.0721, instance_loss: 0.0010, weighted_loss: 0.0508, label: 6, bag_size: 9428
batch 319, loss: 0.0033, instance_loss: 0.0002, weighted_loss: 0.0024, label: 4, bag_size: 44358
batch 339, loss: 0.0034, instance_loss: 0.0014, weighted_loss: 0.0028, label: 0, bag_size: 7987
batch 359, loss: 0.0068, instance_loss: 0.0000, weighted_loss: 0.0048, label: 1, bag_size: 47248
batch 379, loss: 0.0037, instance_loss: 0.0011, weighted_loss: 0.0029, label: 0, bag_size: 68174
batch 399, loss: 0.0000, instance_loss: 0.0000, weighted_loss: 0.0000, label: 1, bag_size: 3832
batch 419, loss: 0.0001, instance_loss: 0.0000, weighted_loss: 0.0001, label: 5, bag_size: 22096
batch 439, loss: 0.0000, instance_loss: 0.0136, weighted_loss: 0.0041, label: 0, bag_size: 14458
batch 459, loss: 0.0015, instance_loss: 0.0019, weighted_loss: 0.0016, label: 4, bag_size: 1708
batch 479, loss: 0.0000, instance_loss: 0.0000, weighted_loss: 0.0000, label: 5, bag_size: 6337
