ckpt,grupo,idx,x,y,atencion,percentil
seba_privado_s0,Nucleos alto grado,1039,8446,71104,0.0002523935690987855,66.96540225093788
seba_privado_s0,Nucleos alto grado,1040,8446,71360,0.0005335463210940361,91.95498124218425
seba_privado_s0,Nucleos alto grado,1067,8958,70848,0.0002522869617678225,66.9237182159233
seba_privado_s0,Nucleos alto grado,1068,8958,71104,0.0004738817806355655,88.70362651104627
seba_privado_s0,Nucleos alto grado,1071,8958,71872,0.0007034541922621429,97.45727386411005
seba_privado_s0,Nucleos alto grado,1084,9214,71104,0.0005287081585265696,91.7048770320967
seba_privado_s0,Nucleos alto grado,1087,9214,71872,0.0003869624633807689,81.76323468111713
seba_privado_s0,Nucleos alto grado,1101,9470,71104,0.0005232737748883665,91.37140475198
seba_privado_s0,Nucleos alto grado,1102,9470,71360,0.00047876950702629983,88.93288870362652
seba_privado_s0,Nucleos alto grado,1117,9726,71104,0.0005168381030671299,91.16298457690705
seba_privado_s0,Nucleos alto grado,1120,9726,71872,0.00026356708258390427,68.21592330137557
seba_privado_s0,Nucleos alto grado,1121,9726,72128,0.0002938142279163003,71.77990829512297
seba_privado_s0,Nucleos alto grado,1151,10238,71616,0.0004657673998735845,88.1408920383493
seba_privado_s0,Mitosis,1085,9214,71360,0.0007225814624689519,97.81158816173405
seba_privado_s0,Mitosis,1098,9470,70336,0.0005152520025148988,91.10045852438516
seba_privado_s0,Mitosis,1102,9470,71360,0.00047876950702629983,88.93288870362652
seba_privado_s0,Mitosis,1114,9726,70336,0.0003138661850243807,74.26010837849104
seba_privado_s0,Mitosis,1115,9726,70592,0.0004054255550727248,83.24301792413506
seba_privado_s0,Mitosis,1118,9726,71360,0.0004660790436901152,88.2034180908712
seba_privado_s0,Mitosis,1152,10238,71872,0.00037706224247813225,80.80450187578158
seba_privado_s0,Mitosis,1153,10238,72128,0.0003396198444534093,77.01125468945393
seba_privado_s0,Mitosis,1962,11645,55104,0.0006133684073574841,95.10212588578574
seba_privado_s0,Mitosis,1963,11645,55360,0.0010347693460062146,99.68736973739058
seba_privado_s0,Mitosis,1965,11645,55872,0.0006645196699537337,96.58190912880367
seba_privado_s0,Mitosis,1972,11645,57664,0.0004072255687788129,83.38891204668612
seba_privado_s0,Mitosis,1987,11901,55872,0.0006169970147311687,95.24802000833681
seba_privado_s0,Mitosis,1994,11901,57664,0.00033139780862256885,76.11504793664027
seba_privado_s0,Mitosis,2022,12157,58176,0.00023897983192000538,65.38140892038349
seba_privado_s0,Mitosis,2026,12157,59200,0.00034626031992956996,77.74072530220926
seba_privado_s0,Mitosis,2052,12413,58176,0.0005491080810315907,92.64276781992497
seba_privado_s0,Mitosis,2053,12413,58432,0.0003445780894253403,77.49062109212171
seba_privado_s0,Mitosis,2054,12413,58688,0.0004629027098417282,87.82826177573989
seba_privado_s0,Mitosis,2074,12669,55616,0.0005752642755396664,93.68486869528971
seba_privado_s0,Mitosis,2075,12669,55872,0.0006167447427287698,95.22717799082952
seba_privado_s0,Mitosis,2120,12925,59200,0.00031518322066403925,74.4060025010421
seba_privado_s0,Mitosis,2137,13181,55616,0.0006053345859982073,94.83117965819092
seba_privado_s0,Mitosis,2203,13693,56896,0.00033642229391261935,76.7403084618591
seba_privado_s0,Mitosis,2215,13693,59968,0.0005848410073667765,94.0808670279283
seba_privado_s0,Mitosis,2234,13949,57408,0.0001050599166774191,45.64401834097541
seba_privado_s0,Mitosis,2317,14717,58688,0.0004341490857768804,85.61900791996665
seba_privado_s0,Mitosis,2341,14973,58688,0.00017924753774423152,58.711963318049186
seba_privado_s0,Immune cells,1979,11901,53824,6.444955943152308e-05,31.283868278449354
seba_privado_s0,Immune cells,1980,11901,54080,0.0001071566657628864,46.29012088370154
seba_privado_s0,Immune cells,1981,11901,54336,7.020905468380079e-05,33.972488536890374
seba_privado_s0,Immune cells,2005,12157,53824,6.180744821904227e-05,29.887453105460608
seba_privado_s0,Immune cells,2006,12157,54080,4.102701132069342e-05,16.527719883284703
seba_privado_s0,Immune cells,2007,12157,54336,5.801983206765726e-05,27.553147144643603
seba_privado_s0,Immune cells,2033,12413,53312,7.112701860023662e-05,34.34764485202167
seba_privado_s0,Immune cells,2034,12413,53568,5.418746513896622e-05,25.635681533972488
seba_privado_s0,Immune cells,2035,12413,53824,4.047190668643452e-05,16.152563568153397
seba_privado_s0,Immune cells,2036,12413,54080,2.8464315619203262e-05,8.837015423092955
seba_privado_s0,Immune cells,2037,12413,54336,0.00012024298484902829,48.95789912463526
seba_privado_s0,Immune cells,2065,12669,53312,0.0001338973961537704,51.5631513130471
seba_privado_s0,Immune cells,2066,12669,53568,3.830323475995101e-05,14.61025427261359
seba_privado_s0,Immune cells,2067,12669,53824,2.819135261233896e-05,8.691121300541893
seba_privado_s0,Immune cells,2068,12669,54080,8.310957491630688e-05,39.45393914130888
seba_privado_s0,Immune cells,2069,12669,54336,0.0005380764487199485,92.24676948728637
seba_privado_s0,Immune cells,2097,12925,53312,3.1009676604298875e-05,10.150062526052523
seba_privado_s0,Immune cells,2098,12925,53568,3.382968861842528e-05,11.900791996665276
seba_privado_s0,Immune cells,2099,12925,53824,6.526294600917026e-05,31.700708628595248
seba_privado_s0,Immune cells,2100,12925,54080,7.322984311031178e-05,35.28553563984994
seba_privado_s0,Immune cells,2131,13181,54080,0.00011343855294398963,47.624010004168404
seba_privado_s0,Immune cells,2146,13181,57920,0.000122630299301818,49.49979157982493
seba_privado_s0,Immune cells,2148,13181,58432,9.122752817347646e-05,42.01750729470613
seba_privado_s0,Tumor,2057,12413,59456,0.00058496039127931,94.1017090454356
seba_privado_s0,Tumor,2058,12413,59712,0.00043823622399941087,85.95248020008337
seba_privado_s0,Tumor,2059,12413,59968,0.00018489998183213174,59.56648603584827
seba_privado_s0,Tumor,2089,12669,59456,0.000520833651535213,91.28803668195081
seba_privado_s0,Tumor,2090,12669,59712,0.00039415431092493236,82.3051271363068
seba_privado_s0,Tumor,2091,12669,59968,0.00041918997885659337,84.34764485202167
seba_privado_s0,Tumor,2092,12669,60224,0.00041668114135973155,84.07669862442684
seba_privado_s0,Tumor,2093,12669,60480,0.0004296286788303405,85.22300958732805
seba_privado_s0,Tumor,2094,12669,60736,0.00022265197185333818,63.69320550229262
seba_privado_s0,Tumor,2095,12669,60992,0.0001980579545488581,60.90037515631513
seba_privado_s0,Tumor,2121,12925,59456,0.00031551337451674044,74.4476865360567
seba_privado_s0,Tumor,2122,12925,59712,0.0008408999419771135,99.06210921217173
seba_privado_s0,Tumor,2123,12925,59968,0.0005902572884224355,94.31012922050854
seba_privado_s0,Tumor,2124,12925,60224,0.0005475393845699728,92.60108378491037
seba_privado_s0,Tumor,2125,12925,60480,0.0005135611281730235,90.9337223843268
seba_privado_s0,Tumor,2126,12925,60736,0.0005268478416837752,91.51729887453105
seba_privado_s0,Tumor,2127,12925,60992,0.0005262083723209798,91.47561483951647
seba_privado_s0,Tumor,2152,13181,59456,0.0004825537034776062,89.16215089620675
seba_privado_s0,Tumor,2153,13181,59712,0.0003612036525737494,79.19966652771988
seba_privado_s0,Tumor,2154,13181,59968,0.0005711247795261443,93.49729053772406
seba_privado_s0,Tumor,2155,13181,60224,0.00038060592487454414,81.15881617340558
seba_privado_s0,Tumor,2156,13181,60480,0.00028031531837768853,70.30012505210505
seba_privado_s0,Tumor,2157,13181,60736,0.00027074513491243124,69.19549812421842
seba_privado_s0,Tumor,2158,13181,60992,0.0006097467266954482,95.01875781575656
seba_privado_s0,Tumor,2185,13437,59968,0.0002903931599576026,71.38390996248437
seba_privado_s0,Tumor,2186,13437,60224,0.00041909056017175317,84.32680283451438
seba_privado_s0,Tumor,2187,13437,60480,0.00031939285690896213,74.92705293872447
seba_privado_s0,Tumor,2188,13437,60736,0.0002947980538010597,72.00917048770322
seba_privado_s0,Tumor,2189,13437,60992,0.00043901309254579246,86.07753230512714
seba_privado_s0,Tumor,2215,13693,59968,0.0005848410073667765,94.0808670279283
seba_privado_s0,Tumor,2216,13693,60224,0.0004735403344966471,88.68278449353897
seba_privado_s0,Tumor,2217,13693,60480,0.00039306218968704343,82.22175906627761
seba_privado_s0,Tumor,2218,13693,60736,0.0007225765148177743,97.79074614422676
seba_privado_s0,Tumor,2219,13693,60992,0.0002695485600270331,68.94539391413089
seba_privado_s0,Tumor,2236,13949,57920,0.0005830266745761037,93.95581492288454
seba_privado_s0,Tumor,2237,13949,58176,0.0001614073698874563,56.044185077115465
seba_privado_s0,Tumor,2238,13949,58432,0.0002902541309595108,71.36306794497708
seba_privado_s0,Tumor,2239,13949,58688,0.0002950137131847441,72.0508545227178
seba_privado_s0,Tumor,2243,13949,59712,0.00020827412663493305,62.17173822426011
seba_privado_s0,Tumor,2244,13949,59968,0.0003604371740948409,79.15798249270529
seba_privado_s0,Tumor,2263,14205,57920,0.0004306165501475334,85.36890370987912
seba_privado_s0,Tumor,2264,14205,58176,0.00032263388857245445,75.32305127136307
seba_privado_s0,Tumor,2265,14205,58432,0.0009235345060005784,99.43726552730304
seba_privado_s0,Tumor,2266,14205,58688,0.0007289181812666357,97.97832430179241
seba_privado_s0,Tumor,2289,14461,57920,0.00029210225329734385,71.57148812005002
seba_privado_s0,Tumor,2290,14461,58176,0.00015455737593583763,54.94997915798249
seba_privado_s0,Tumor,2291,14461,58432,0.0005059674731455743,90.5377240516882
seba_privado_s0,Tumor,2292,14461,58688,0.00047656396054662764,88.84952063359734
seba_privado_s0,necrosis,1523,15870,75712,0.00018183454812970012,59.107961650687784
seba_privado_s0,necrosis,1524,15870,75968,0.00020259444136172533,61.56731971654856
seba_privado_s0,necrosis,1525,15870,76224,0.00028423586627468467,70.67528136723635
seba_privado_s0,necrosis,1535,16126,75712,0.00022945138334762305,64.44351813255523
seba_privado_s0,necrosis,1536,16126,75968,0.00020327074162196368,61.65068778657774
seba_privado_s0,necrosis,1537,16126,76224,0.0004207780584692955,84.55606502709462
seba_privado_s0,necrosis,1545,16382,75712,4.3097345042042434e-05,17.98666110879533
seba_privado_s0,necrosis,1546,16382,75968,0.0006474625552073121,96.24843684868695
seba_privado_s0,necrosis,1547,16382,76224,0.00015792482008691877,55.46060858691121
seba_privado_s0,necrosis,2111,12925,56896,0.00017158671107608825,57.79491454772822
seba_privado_s0,necrosis,2142,13181,56896,0.00047096190974116325,88.5994164235098
seba_privado_s0,necrosis,2205,13693,57408,0.00024461100110784173,65.7148812005002
seba_privado_s0,necrosis,2232,13949,56896,0.0001661709975451231,56.77365568987078
seba_privado_s0,necrosis,2233,13949,57152,0.0002624387270770967,68.00750312630262
seba_privado_s0,necrosis,2235,13949,57664,0.0003598845796659589,79.09545644018341
seba_privado_s0,necrosis,2236,13949,57920,0.0005830266745761037,93.95581492288454
seba_privado_s0,necrosis,2262,14205,57664,0.0003344563883729279,76.42767819924968
seba_privado_s0,necrosis,2263,14205,57920,0.0004306165501475334,85.36890370987912
seba_privado_s0,Stroma,2115,12925,57920,0.0002705244696699083,69.09128803668195
seba_privado_s0,Stroma,2116,12925,58176,0.000133366251247935,51.41725719049604
seba_privado_s0,Stroma,2117,12925,58432,0.0004950590082444251,90.03751563151313
seba_privado_s0,Stroma,2118,12925,58688,0.00038372501148842275,81.42976240100042
seba_privado_s0,Stroma,2146,13181,57920,0.000122630299301818,49.49979157982493
seba_privado_s0,Stroma,2147,13181,58176,0.00015891288057900965,55.62734472696957
seba_privado_s0,Stroma,2148,13181,58432,9.122752817347646e-05,42.01750729470613
seba_privado_s0,Stroma,2149,13181,58688,0.00016792298993095756,57.21133805752397
seba_privado_s0,Stroma,2177,13437,57920,0.00026644649915397167,68.61192163401417
seba_privado_s0,Stroma,2178,13437,58176,0.00021841620036866516,63.21383909962484
seba_privado_s0,Stroma,2179,13437,58432,0.00015376137162093073,54.7102959566486
seba_privado_s0,Stroma,2180,13437,58688,0.00010468655818840489,45.560650270946226
seba_privado_s0,Tejido Adiposo,1584,19066,63040,3.444555477472022e-05,12.380158399333055
seba_privado_s0,Tejido Adiposo,1585,19322,63040,3.4045224310830235e-05,12.025844101709046
seba_privado_s0,Tejido Adiposo,1586,19322,63296,3.69139997928869e-05,13.943309712380158
seba_privado_s0,Tejido Adiposo,1587,19578,63040,3.180391286150552e-05,10.608586911213006
seba_privado_s0,Tejido Adiposo,1588,19578,63296,4.771673047798686e-05,21.2588578574406
seba_privado_s0,Tejido Adiposo,1589,19834,63040,4.73167237942107e-05,20.925385577323883
seba_privado_s0,Tejido Adiposo,1590,19834,63296,4.457751492736861e-05,19.13297207169654
seba_privado_s0,Tejido Adiposo,2348,14973,60480,7.238919351948425e-05,34.931221342225925
seba_privado_s0,Tejido Adiposo,2349,14973,60736,6.922111060703173e-05,33.57649020425177
seba_privado_s0,Tejido Adiposo,2350,14973,60992,6.062817919882946e-05,29.05377240516882
seba_privado_s0,Tejido Adiposo,2351,14973,61248,8.277010783785954e-05,39.3705710712797
seba_privado_s0,Tejido Adiposo,2352,14973,61504,3.334315260872245e-05,11.483951646519383
seba_privado_s0,Tejido Adiposo,2353,14973,61760,3.2863725209608674e-05,11.150479366402667
seba_privado_s0,Tejido Adiposo,2354,14973,62016,5.338059781934135e-05,25.114631096290122
seba_privado_s0,Tejido Adiposo,2367,15229,60480,5.282429629005492e-05,24.676948728636933
seba_privado_s0,Tejido Adiposo,2368,15229,60736,4.2996682168450207e-05,17.819924968736974
seba_privado_s0,Tejido Adiposo,2369,15229,60992,4.259207707946189e-05,17.465610671112962
seba_privado_s0,Tejido Adiposo,2370,15229,61248,3.729941454366781e-05,14.193413922467695
seba_privado_s0,Tejido Adiposo,2371,15229,61504,3.5653647501021624e-05,13.192997082117548
seba_privado_s0,Tejido Adiposo,2372,15229,61760,3.426242619752884e-05,12.213422259274697
seba_privado_s0,Tejido Adiposo,2373,15229,62016,3.890848165610805e-05,15.047936640266778
seba_privado_s0,Tejido Adiposo,2381,15485,60480,3.959517925977707e-05,15.464776990412672
seba_privado_s0,Tejido Adiposo,2382,15485,60736,2.9645552785950713e-05,9.524802000833681
seba_privado_s0,Tejido Adiposo,2383,15485,62016,3.1888390367385e-05,10.67111296373489
seba_privado_s0,Tejido Adiposo,2389,15741,62016,4.4045002141501755e-05,18.69528970404335
seba_privado_s0,Tejido Adiposo,2395,15997,62016,3.0511480872519314e-05,9.941642350979574
seba_privado_s0,Tejido Adiposo,2401,16253,62016,3.0154846172081307e-05,9.816590245935807
seba_combined_s0,Nucleos alto grado,1039,8446,71104,0.00020836717158090323,60.56690287619842
seba_combined_s0,Nucleos alto grado,1040,8446,71360,0.0005932500353083014,93.64318466027511
seba_combined_s0,Nucleos alto grado,1067,8958,70848,6.349270552163944e-05,36.82784493538975
seba_combined_s0,Nucleos alto grado,1068,8958,71104,0.00034354865783825517,76.30262609420592
seba_combined_s0,Nucleos alto grado,1071,8958,71872,0.0005716150044463575,92.39266360983743
seba_combined_s0,Nucleos alto grado,1084,9214,71104,0.00041940019582398236,82.82617757398916
seba_combined_s0,Nucleos alto grado,1087,9214,71872,0.00047758891014382243,87.45310546060858
seba_combined_s0,Nucleos alto grado,1101,9470,71104,0.0002366379339946434,64.00583576490205
seba_combined_s0,Nucleos alto grado,1102,9470,71360,0.0005648093647323549,91.95498124218425
seba_combined_s0,Nucleos alto grado,1117,9726,71104,0.0005456355283968151,91.10045852438516
seba_combined_s0,Nucleos alto grado,1120,9726,71872,0.0002355186006752774,63.81825760733639
seba_combined_s0,Nucleos alto grado,1121,9726,72128,0.00029579756665043533,71.40475197999166
seba_combined_s0,Nucleos alto grado,1151,10238,71616,0.000417897681472823,82.72196748645268
seba_combined_s0,Mitosis,1085,9214,71360,0.0004790484090335667,87.61984160066694
seba_combined_s0,Mitosis,1098,9470,70336,0.0004470668500289321,84.97290537724052
seba_combined_s0,Mitosis,1102,9470,71360,0.0005648093647323549,91.95498124218425
seba_combined_s0,Mitosis,1114,9726,70336,0.0005643479526042938,91.91329720716965
seba_combined_s0,Mitosis,1115,9726,70592,0.0005506257293745875,91.41308878699458
seba_combined_s0,Mitosis,1118,9726,71360,0.0004632834461517632,86.05669028761984
seba_combined_s0,Mitosis,1152,10238,71872,0.0007742988527752459,98.29095456440183
seba_combined_s0,Mitosis,1153,10238,72128,0.0004927392583340406,88.39099624843685
seba_combined_s0,Mitosis,1962,11645,55104,0.0005313448491506279,90.26677782409337
seba_combined_s0,Mitosis,1963,11645,55360,0.00047523161629214883,87.26552730304293
seba_combined_s0,Mitosis,1965,11645,55872,0.0005320300697349012,90.30846185910796
seba_combined_s0,Mitosis,1972,11645,57664,0.0005685974028892815,92.26761150479366
seba_combined_s0,Mitosis,1987,11901,55872,0.0006901997257955372,96.37348895373073
seba_combined_s0,Mitosis,1994,11901,57664,0.00033791063469834626,75.88578574406003
seba_combined_s0,Mitosis,2022,12157,58176,0.00013952319568488747,50.50020842017507
seba_combined_s0,Mitosis,2026,12157,59200,0.0003907753562089056,80.3459774906211
seba_combined_s0,Mitosis,2052,12413,58176,0.000728315906599164,97.41558982909545
seba_combined_s0,Mitosis,2053,12413,58432,0.0007603836129419506,98.12421842434348
seba_combined_s0,Mitosis,2054,12413,58688,0.0007052917499095201,96.72780325135473
seba_combined_s0,Mitosis,2074,12669,55616,0.0009267901768907905,99.49979157982493
seba_combined_s0,Mitosis,2075,12669,55872,0.0006245035910978913,94.60191746561067
seba_combined_s0,Mitosis,2120,12925,59200,0.0002750548883341253,68.9245518966236
seba_combined_s0,Mitosis,2137,13181,55616,0.000772362865973264,98.22842851187995
seba_combined_s0,Mitosis,2203,13693,56896,0.0010862237541005015,99.93747394747811
seba_combined_s0,Mitosis,2215,13693,59968,0.00016768059867899865,54.981242184243435
seba_combined_s0,Mitosis,2234,13949,57408,0.0006782287964597344,96.1025427261359
seba_combined_s0,Mitosis,2317,14717,58688,0.0003915847628377378,80.45018757815757
seba_combined_s0,Mitosis,2341,14973,58688,0.00042584064067341387,83.57649020425177
seba_combined_s0,Immune cells,1979,11901,53824,1.3629371096612886e-05,8.086702792830346
seba_combined_s0,Immune cells,1980,11901,54080,2.200202834501397e-05,21.2588578574406
seba_combined_s0,Immune cells,1981,11901,54336,1.4770788766327314e-05,10.962901208837016
seba_combined_s0,Immune cells,2005,12157,53824,1.819554927351419e-05,17.111296373488955
seba_combined_s0,Immune cells,2006,12157,54080,1.6652909835102037e-05,14.714464360150062
seba_combined_s0,Immune cells,2007,12157,54336,1.653626713959966e-05,14.61025427261359
seba_combined_s0,Immune cells,2033,12413,53312,1.7558484614710324e-05,16.02751146310963
seba_combined_s0,Immune cells,2034,12413,53568,3.162542270729318e-05,27.136306794497706
seba_combined_s0,Immune cells,2035,12413,53824,2.1159648895263672e-05,20.571071279699876
seba_combined_s0,Immune cells,2036,12413,54080,6.800355913583189e-05,37.97415589829095
seba_combined_s0,Immune cells,2037,12413,54336,0.00010243015276500955,44.68528553563985
seba_combined_s0,Immune cells,2065,12669,53312,6.25917236902751e-05,36.598582742809505
seba_combined_s0,Immune cells,2066,12669,53568,4.052860094816424e-05,30.325135473113797
seba_combined_s0,Immune cells,2067,12669,53824,4.65332341264002e-05,32.305127136306794
seba_combined_s0,Immune cells,2068,12669,54080,0.00011181931768078357,46.22759483117966
seba_combined_s0,Immune cells,2069,12669,54336,0.00047690499923191965,87.411421425594
seba_combined_s0,Immune cells,2097,12925,53312,2.9347260351642035e-05,26.073363901625676
seba_combined_s0,Immune cells,2098,12925,53568,7.368460501311347e-05,39.05794080867028
seba_combined_s0,Immune cells,2099,12925,53824,8.847816934576258e-05,41.954981242184246
seba_combined_s0,Immune cells,2100,12925,54080,9.187032264890149e-05,42.49687369737391
seba_combined_s0,Immune cells,2131,13181,54080,0.00016341308946721256,54.25177157148812
seba_combined_s0,Immune cells,2146,13181,57920,2.0046922145411372e-05,19.341392246769487
seba_combined_s0,Immune cells,2148,13181,58432,1.9414565031183884e-05,18.820341809087118
seba_combined_s0,Tumor,2057,12413,59456,0.0006533963605761528,95.53980825343893
seba_combined_s0,Tumor,2058,12413,59712,0.00015258739585988224,52.48020008336807
seba_combined_s0,Tumor,2059,12413,59968,0.00022884731879457831,62.984576907044605
seba_combined_s0,Tumor,2089,12669,59456,0.00039450713666155934,80.78365985827428
seba_combined_s0,Tumor,2090,12669,59712,0.0007298305863514543,97.47811588161734
seba_combined_s0,Tumor,2091,12669,59968,0.0005043367273174226,88.95373072113381
seba_combined_s0,Tumor,2092,12669,60224,0.0003384975134395063,75.92746977907461
seba_combined_s0,Tumor,2093,12669,60480,0.0006529859383590519,95.51896623593164
seba_combined_s0,Tumor,2094,12669,60736,0.000529949669726193,90.1625677365569
seba_combined_s0,Tumor,2095,12669,60992,0.0001603281998541206,53.75156315131305
seba_combined_s0,Tumor,2121,12925,59456,0.0002840774250216782,69.94581075448103
seba_combined_s0,Tumor,2122,12925,59712,0.0006925776833668351,96.41517298874531
seba_combined_s0,Tumor,2123,12925,59968,0.00025007757358253,65.7565652355148
seba_combined_s0,Tumor,2124,12925,60224,0.00036190342507325113,77.84493538974573
seba_combined_s0,Tumor,2125,12925,60480,0.00043712364276871085,84.30596081700709
seba_combined_s0,Tumor,2126,12925,60736,0.00028845499036833644,70.65443934972906
seba_combined_s0,Tumor,2127,12925,60992,0.0004572694015223533,85.57732388495207
seba_combined_s0,Tumor,2152,13181,59456,8.60315776662901e-05,41.55898290954564
seba_combined_s0,Tumor,2153,13181,59712,0.00025770440697669983,66.71529804085036
seba_combined_s0,Tumor,2154,13181,59968,0.0004124877159483731,82.09670696123385
seba_combined_s0,Tumor,2155,13181,60224,0.00034872358082793653,76.84451854939559
seba_combined_s0,Tumor,2156,13181,60480,0.00030872467323206365,72.75948311796581
seba_combined_s0,Tumor,2157,13181,60736,0.00029445189284160733,71.217173822426
seba_combined_s0,Tumor,2158,13181,60992,0.0005696407752111554,92.30929553980825
seba_combined_s0,Tumor,2185,13437,59968,0.0001262136356672272,48.645268862025844
seba_combined_s0,Tumor,2186,13437,60224,0.000473756663268432,87.16131721550646
seba_combined_s0,Tumor,2187,13437,60480,0.00037602949305437505,79.1162984576907
seba_combined_s0,Tumor,2188,13437,60736,0.00028108747210353613,69.59149645685703
seba_combined_s0,Tumor,2189,13437,60992,0.0003984573995694518,81.01292205085453
seba_combined_s0,Tumor,2215,13693,59968,0.00016768059867899865,54.981242184243435
seba_combined_s0,Tumor,2216,13693,60224,0.0003935298591386527,80.63776573572322
seba_combined_s0,Tumor,2217,13693,60480,0.0006130756810307503,94.31012922050854
seba_combined_s0,Tumor,2218,13693,60736,0.00028592548915185034,70.19591496456857
seba_combined_s0,Tumor,2219,13693,60992,0.0003071770188398659,72.55106294289287
seba_combined_s0,Tumor,2236,13949,57920,0.000749480037484318,97.81158816173405
seba_combined_s0,Tumor,2237,13949,58176,0.00019766372861340642,59.00375156315131
seba_combined_s0,Tumor,2238,13949,58432,0.00046887146891094744,86.53605669028762
seba_combined_s0,Tumor,2239,13949,58688,0.00010910328273894265,45.81075448103376
seba_combined_s0,Tumor,2243,13949,59712,0.00033432457712478936,75.51062942892872
seba_combined_s0,Tumor,2244,13949,59968,0.0005498206592164934,91.3297207169654
seba_combined_s0,Tumor,2263,14205,57920,0.0007919080671854317,98.56190079199666
seba_combined_s0,Tumor,2264,14205,58176,0.000540722394362092,90.87119633180492
seba_combined_s0,Tumor,2265,14205,58432,0.0007275331881828606,97.29053772405169
seba_combined_s0,Tumor,2266,14205,58688,0.0007415493601001799,97.70737807419758
seba_combined_s0,Tumor,2289,14461,57920,0.0003409456694498658,76.13588995414756
seba_combined_s0,Tumor,2290,14461,58176,0.00016816428978927433,55.04376823676532
seba_combined_s0,Tumor,2291,14461,58432,0.0008084073779173195,98.79116298457691
seba_combined_s0,Tumor,2292,14461,58688,0.0004456189344637096,84.82701125468945
seba_combined_s0,necrosis,1523,15870,75712,0.00022552859445568174,62.6094205919133
seba_combined_s0,necrosis,1524,15870,75968,0.0009585963562130928,99.72905377240517
seba_combined_s0,necrosis,1525,15870,76224,0.0009538588928990066,99.68736973739058
seba_combined_s0,necrosis,1535,16126,75712,0.0007043196237646043,96.68611921634015
seba_combined_s0,necrosis,1536,16126,75968,0.0009995466098189354,99.74989578991246
seba_combined_s0,necrosis,1537,16126,76224,0.0009391772327944636,99.6040016673614
seba_combined_s0,necrosis,1545,16382,75712,0.00025318944244645536,66.1525635681534
seba_combined_s0,necrosis,1546,16382,75968,0.0007886738167144358,98.52021675698208
seba_combined_s0,necrosis,1547,16382,76224,0.00022114856983534992,61.98416006669446
seba_combined_s0,necrosis,2111,12925,56896,0.0005522894789464772,91.57982492705294
seba_combined_s0,necrosis,2142,13181,56896,0.0007752011879347265,98.33263859941643
seba_combined_s0,necrosis,2205,13693,57408,0.00041525016422383487,82.40933722384327
seba_combined_s0,necrosis,2232,13949,56896,0.0004059595230501145,81.53397248853689
seba_combined_s0,necrosis,2233,13949,57152,0.0007283108425326645,97.37390579408087
seba_combined_s0,necrosis,2235,13949,57664,0.0005238890298642218,89.78741142142559
seba_combined_s0,necrosis,2236,13949,57920,0.000749480037484318,97.81158816173405
seba_combined_s0,necrosis,2262,14205,57664,0.0006403476581908762,95.12296790329304
seba_combined_s0,necrosis,2263,14205,57920,0.0007919080671854317,98.56190079199666
seba_combined_s0,Stroma,2115,12925,57920,7.185716094681993e-05,38.724468528553565
seba_combined_s0,Stroma,2116,12925,58176,2.0867866624030285e-05,20.27928303459775
seba_combined_s0,Stroma,2117,12925,58432,0.0003833280934486538,79.80408503543143
seba_combined_s0,Stroma,2118,12925,58688,0.0003801024577114731,79.5331388078366
seba_combined_s0,Stroma,2146,13181,57920,2.0046922145411372e-05,19.341392246769487
seba_combined_s0,Stroma,2147,13181,58176,1.5891098883002996e-05,13.484785327219674
seba_combined_s0,Stroma,2148,13181,58432,1.9414565031183884e-05,18.820341809087118
seba_combined_s0,Stroma,2149,13181,58688,6.581527122762054e-05,37.49478949562317
seba_combined_s0,Stroma,2177,13437,57920,0.00029260062729008496,71.05043768236766
seba_combined_s0,Stroma,2178,13437,58176,0.00021930782531853765,61.71321383909962
seba_combined_s0,Stroma,2179,13437,58432,4.8538600822212175e-05,32.95122967903293
seba_combined_s0,Stroma,2180,13437,58688,1.5006964531494305e-05,11.525635681533972
seba_combined_s0,Tejido Adiposo,1584,19066,63040,1.7260601453017443e-05,15.652355147978325
seba_combined_s0,Tejido Adiposo,1585,19322,63040,1.5053686183819082e-05,11.60900375156315
seba_combined_s0,Tejido Adiposo,1586,19322,63296,1.8534547052695416e-05,17.548978741142143
seba_combined_s0,Tejido Adiposo,1587,19578,63040,2.084320476569701e-05,20.23759899958316
seba_combined_s0,Tejido Adiposo,1588,19578,63296,1.8172884665546007e-05,17.069612338474364
seba_combined_s0,Tejido Adiposo,1589,19834,63040,1.4979888874222524e-05,11.463109629012088
seba_combined_s0,Tejido Adiposo,1590,19834,63296,1.3428520105662756e-05,7.419758232596916
seba_combined_s0,Tejido Adiposo,2348,14973,60480,1.2809379768441431e-05,5.960817007086286
seba_combined_s0,Tejido Adiposo,2349,14973,60736,1.686030918790493e-05,15.089620675281367
seba_combined_s0,Tejido Adiposo,2350,14973,60992,1.6822292309370823e-05,14.985410587744894
seba_combined_s0,Tejido Adiposo,2351,14973,61248,1.336137211183086e-05,7.169654022509379
seba_combined_s0,Tejido Adiposo,2352,14973,61504,2.002176915993914e-05,19.237182159233015
seba_combined_s0,Tejido Adiposo,2353,14973,61760,2.1121613826835528e-05,20.529387244685285
seba_combined_s0,Tejido Adiposo,2354,14973,62016,1.2249745850567706e-05,4.835348061692372
seba_combined_s0,Tejido Adiposo,2367,15229,60480,1.23188428915455e-05,4.918716131721551
seba_combined_s0,Tejido Adiposo,2368,15229,60736,1.3917763681092765e-05,8.89954147561484
seba_combined_s0,Tejido Adiposo,2369,15229,60992,1.3491052413883153e-05,7.607336390162568
seba_combined_s0,Tejido Adiposo,2370,15229,61248,1.6120180589496158e-05,13.859941642350979
seba_combined_s0,Tejido Adiposo,2371,15229,61504,1.4513877431454603e-05,10.129220508545227
seba_combined_s0,Tejido Adiposo,2372,15229,61760,2.5038008971023373e-05,23.6348478532722
seba_combined_s0,Tejido Adiposo,2373,15229,62016,1.5385885490104556e-05,12.380158399333055
seba_combined_s0,Tejido Adiposo,2381,15485,60480,1.642790448386222e-05,14.422676115047937
seba_combined_s0,Tejido Adiposo,2382,15485,60736,1.5309788068407215e-05,12.109212171738225
seba_combined_s0,Tejido Adiposo,2383,15485,62016,1.6274183508357964e-05,14.068361817423927
seba_combined_s0,Tejido Adiposo,2389,15741,62016,1.5164094293140806e-05,11.838265944143393
seba_combined_s0,Tejido Adiposo,2395,15997,62016,1.990644886973314e-05,19.13297207169654
seba_combined_s0,Tejido Adiposo,2401,16253,62016,1.5457744666491635e-05,12.588578574406002
seba_5fold_f0,Nucleos alto grado,1039,8446,71104,2.869811032724101e-05,60.35848270112547
seba_5fold_f0,Nucleos alto grado,1040,8446,71360,4.9423200835008174e-05,67.88245102125886
seba_5fold_f0,Nucleos alto grado,1067,8958,70848,7.053708395687863e-05,72.98874531054607
seba_5fold_f0,Nucleos alto grado,1068,8958,71104,0.000793395796790719,95.16465193830763
seba_5fold_f0,Nucleos alto grado,1071,8958,71872,0.00018036057008430362,85.57732388495207
seba_5fold_f0,Nucleos alto grado,1084,9214,71104,9.206958202412352e-05,76.17757398916216
seba_5fold_f0,Nucleos alto grado,1087,9214,71872,0.0005102792638354003,93.12213422259275
seba_5fold_f0,Nucleos alto grado,1101,9470,71104,3.9011789340293035e-05,64.40183409754064
seba_5fold_f0,Nucleos alto grado,1102,9470,71360,0.0006656681653112173,94.22676115047936
seba_5fold_f0,Nucleos alto grado,1117,9726,71104,0.0030469216872006655,98.47853272196748
seba_5fold_f0,Nucleos alto grado,1120,9726,71872,0.00018326329882256687,85.68153397248854
seba_5fold_f0,Nucleos alto grado,1121,9726,72128,9.639887866796926e-05,76.88620258441017
seba_5fold_f0,Nucleos alto grado,1151,10238,71616,0.00016758692800067365,84.55606502709462
seba_5fold_f0,Mitosis,1085,9214,71360,0.00014139257837086916,82.59691538140892
seba_5fold_f0,Mitosis,1098,9470,70336,0.0005658906302414834,93.60150062526053
seba_5fold_f0,Mitosis,1102,9470,71360,0.0006656681653112173,94.22676115047936
seba_5fold_f0,Mitosis,1114,9726,70336,0.007568353321403265,99.70821175489787
seba_5fold_f0,Mitosis,1115,9726,70592,0.008321311324834824,99.77073780741976
seba_5fold_f0,Mitosis,1118,9726,71360,0.00039762494270689785,91.93413922467695
seba_5fold_f0,Mitosis,1152,10238,71872,0.0007927729748189449,95.14380992080034
seba_5fold_f0,Mitosis,1153,10238,72128,3.454839315963909e-05,62.73447269695706
seba_5fold_f0,Mitosis,1962,11645,55104,0.0002838755608536303,89.745727386411
seba_5fold_f0,Mitosis,1963,11645,55360,0.0006721037207171321,94.28928720300125
seba_5fold_f0,Mitosis,1965,11645,55872,0.0017309817485511303,97.47811588161734
seba_5fold_f0,Mitosis,1972,11645,57664,0.0017508920282125473,97.54064193413923
seba_5fold_f0,Mitosis,1987,11901,55872,0.0015366098377853632,97.08211754897874
seba_5fold_f0,Mitosis,1994,11901,57664,0.0008878044900484383,95.68570237598999
seba_5fold_f0,Mitosis,2022,12157,58176,4.877092578681186e-05,67.6948728636932
seba_5fold_f0,Mitosis,2026,12157,59200,0.00015599559992551804,83.8474364318466
seba_5fold_f0,Mitosis,2052,12413,58176,0.005397567991167307,99.37473947478117
seba_5fold_f0,Mitosis,2053,12413,58432,0.02127593196928501,99.97915798249271
seba_5fold_f0,Mitosis,2054,12413,58688,0.0048694186843931675,99.18716131721551
seba_5fold_f0,Mitosis,2074,12669,55616,0.005279550328850746,99.29137140475198
seba_5fold_f0,Mitosis,2075,12669,55872,0.003275536233559251,98.68695289704043
seba_5fold_f0,Mitosis,2120,12925,59200,0.001015635672956705,96.1025427261359
seba_5fold_f0,Mitosis,2137,13181,55616,0.006177943199872971,99.52063359733222
seba_5fold_f0,Mitosis,2203,13693,56896,0.0028608033899217844,98.3951646519383
seba_5fold_f0,Mitosis,2215,13693,59968,0.00025591501616872847,88.87036265110463
seba_5fold_f0,Mitosis,2234,13949,57408,0.001017976668663323,96.12338474364319
seba_5fold_f0,Mitosis,2317,14717,58688,0.0007608229061588645,94.8728636932055
seba_5fold_f0,Mitosis,2341,14973,58688,6.547148223035038e-05,71.75906627761567
seba_5fold_f0,Immune cells,1979,11901,53824,6.620543899771292e-06,22.509378907878283
seba_5fold_f0,Immune cells,1980,11901,54080,7.226772595458897e-06,26.761150479366403
seba_5fold_f0,Immune cells,1981,11901,54336,5.037566097598756e-06,6.315131304710296
seba_5fold_f0,Immune cells,2005,12157,53824,5.361122020985931e-06,10.170904543559816
seba_5fold_f0,Immune cells,2006,12157,54080,5.459753538161749e-06,11.483951646519383
seba_5fold_f0,Immune cells,2007,12157,54336,5.8579244068823755e-06,15.589829095456441
seba_5fold_f0,Immune cells,2033,12413,53312,9.03718864719849e-06,35.70237598999583
seba_5fold_f0,Immune cells,2034,12413,53568,1.1172312042617705e-05,42.20508545227178
seba_5fold_f0,Immune cells,2035,12413,53824,7.715801075391937e-06,29.658190912880368
seba_5fold_f0,Immune cells,2036,12413,54080,7.103659754648106e-06,25.78157565652355
seba_5fold_f0,Immune cells,2037,12413,54336,2.4146018404280767e-05,57.89912463526469
seba_5fold_f0,Immune cells,2065,12669,53312,6.56664851703681e-05,71.77990829512297
seba_5fold_f0,Immune cells,2066,12669,53568,6.532182851515245e-06,21.675698207586496
seba_5fold_f0,Immune cells,2067,12669,53824,5.666838205797831e-06,13.880783659858274
seba_5fold_f0,Immune cells,2068,12669,54080,1.1131674909847789e-05,42.03834931221342
seba_5fold_f0,Immune cells,2069,12669,54336,0.00047192242345772684,92.80950395998333
seba_5fold_f0,Immune cells,2097,12925,53312,4.942294253851287e-06,5.147978324301793
seba_5fold_f0,Immune cells,2098,12925,53568,6.538733487104764e-06,21.77990829512297
seba_5fold_f0,Immune cells,2099,12925,53824,9.268379471905064e-06,36.72363484785327
seba_5fold_f0,Immune cells,2100,12925,54080,2.1346973881009035e-05,55.71071279699875
seba_5fold_f0,Immune cells,2131,13181,54080,1.3568948816100601e-05,47.33222175906628
seba_5fold_f0,Immune cells,2146,13181,57920,3.633525557233952e-05,63.401417257190495
seba_5fold_f0,Immune cells,2148,13181,58432,4.290855213184841e-05,65.65235514797833
seba_5fold_f0,Tumor,2057,12413,59456,0.00044265761971473694,92.4968736973739
seba_5fold_f0,Tumor,2058,12413,59712,0.00014013465261086822,82.45102125885786
seba_5fold_f0,Tumor,2059,12413,59968,0.0001457042817492038,82.88870362651105
seba_5fold_f0,Tumor,2089,12669,59456,0.0011235069250687957,96.29012088370155
seba_5fold_f0,Tumor,2090,12669,59712,0.0003393106162548065,91.10045852438516
seba_5fold_f0,Tumor,2091,12669,59968,0.0003022831224370748,90.35014589412255
seba_5fold_f0,Tumor,2092,12669,60224,0.00014274989371187985,82.6802834514381
seba_5fold_f0,Tumor,2093,12669,60480,0.0014378364430740476,96.99874947894956
seba_5fold_f0,Tumor,2094,12669,60736,0.0005610305233858526,93.55981659024593
seba_5fold_f0,Tumor,2095,12669,60992,0.00010635384387569502,78.19924968736974
seba_5fold_f0,Tumor,2121,12925,59456,0.00014886340068187565,83.30554397665694
seba_5fold_f0,Tumor,2122,12925,59712,0.00016175118798855692,84.05585660691955
seba_5fold_f0,Tumor,2123,12925,59968,0.00016387589857913554,84.20175072947062
seba_5fold_f0,Tumor,2124,12925,60224,0.00024605062208138406,88.5785744060025
seba_5fold_f0,Tumor,2125,12925,60480,0.0007656646193936467,94.93538974572739
seba_5fold_f0,Tumor,2126,12925,60736,0.0003563705540727824,91.39224676948729
seba_5fold_f0,Tumor,2127,12925,60992,8.219438313972205e-05,74.92705293872447
seba_5fold_f0,Tumor,2152,13181,59456,0.00011723996431101114,79.99166319299708
seba_5fold_f0,Tumor,2153,13181,59712,0.0006761406548321247,94.31012922050854
seba_5fold_f0,Tumor,2154,13181,59968,0.00025134909083135426,88.72446852855356
seba_5fold_f0,Tumor,2155,13181,60224,4.5142092858441174e-05,66.59024593580659
seba_5fold_f0,Tumor,2156,13181,60480,0.0004321163287386298,92.37182159233014
seba_5fold_f0,Tumor,2157,13181,60736,0.000229004435823299,87.86994581075449
seba_5fold_f0,Tumor,2158,13181,60992,0.0004232373321428895,92.30929553980825
seba_5fold_f0,Tumor,2185,13437,59968,0.00012255596811883152,80.76281784076699
seba_5fold_f0,Tumor,2186,13437,60224,0.0018654385348781943,97.68653605669029
seba_5fold_f0,Tumor,2187,13437,60480,0.00079778564395383,95.22717799082952
seba_5fold_f0,Tumor,2188,13437,60736,0.0007475113961845636,94.76865360566903
seba_5fold_f0,Tumor,2189,13437,60992,0.0002011096803471446,86.5777407253022
seba_5fold_f0,Tumor,2215,13693,59968,0.00025591501616872847,88.87036265110463
seba_5fold_f0,Tumor,2216,13693,60224,0.00044679129496216774,92.68445185493955
seba_5fold_f0,Tumor,2217,13693,60480,0.00018372651538811624,85.70237598999583
seba_5fold_f0,Tumor,2218,13693,60736,0.00021152370027266443,87.32805335556482
seba_5fold_f0,Tumor,2219,13693,60992,0.0001156692742370069,79.65819091288037
seba_5fold_f0,Tumor,2236,13949,57920,0.000268557108938694,89.3497290537724
seba_5fold_f0,Tumor,2237,13949,58176,4.6435085096163675e-05,67.09045435598166
seba_5fold_f0,Tumor,2238,13949,58432,0.00019636940851341933,86.2442684451855
seba_5fold_f0,Tumor,2239,13949,58688,5.476023579831235e-05,69.3205502292622
seba_5fold_f0,Tumor,2243,13949,59712,0.00015000927669461817,83.451438099208
seba_5fold_f0,Tumor,2244,13949,59968,0.00047592821647413075,92.85118799499791
seba_5fold_f0,Tumor,2263,14205,57920,0.0038020573556423187,98.93705710712797
seba_5fold_f0,Tumor,2264,14205,58176,0.0004440771590452641,92.55939974989579
seba_5fold_f0,Tumor,2265,14205,58432,0.0014431281015276909,97.01959149645685
seba_5fold_f0,Tumor,2266,14205,58688,0.0006362493149936199,94.01834097540642
seba_5fold_f0,Tumor,2289,14461,57920,4.54533874290064e-05,66.67361400583576
seba_5fold_f0,Tumor,2290,14461,58176,0.00012818070536013693,81.36723634847853
seba_5fold_f0,Tumor,2291,14461,58432,0.007106420584022999,99.66652771988329
seba_5fold_f0,Tumor,2292,14461,58688,0.00040058724698610604,91.97582325969154
seba_5fold_f0,necrosis,1523,15870,75712,2.415390554233454e-05,57.91996665277199
seba_5fold_f0,necrosis,1524,15870,75968,0.0001332346728304401,81.86744476865361
seba_5fold_f0,necrosis,1525,15870,76224,0.00012856941611971706,81.40892038349313
seba_5fold_f0,necrosis,1535,16126,75712,1.0779674994410016e-05,41.267194664443515
seba_5fold_f0,necrosis,1536,16126,75968,0.003215350676327944,98.62442684451855
seba_5fold_f0,necrosis,1537,16126,76224,4.811259714188054e-05,67.52813672363484
seba_5fold_f0,necrosis,1545,16382,75712,1.0867372111533768e-05,41.49645685702376
seba_5fold_f0,necrosis,1546,16382,75968,7.602059667988215e-06,28.991246352646936
seba_5fold_f0,necrosis,1547,16382,76224,1.600849827809725e-05,50.812838682784495
seba_5fold_f0,necrosis,2111,12925,56896,0.0002496834204066545,88.64110045852439
seba_5fold_f0,necrosis,2142,13181,56896,0.00021388157620094717,87.411421425594
seba_5fold_f0,necrosis,2205,13693,57408,3.644283424364403e-05,63.422259274697794
seba_5fold_f0,necrosis,2232,13949,56896,0.000156242836965248,83.8682784493539
seba_5fold_f0,necrosis,2233,13949,57152,0.0001168584349215962,79.88745310546061
seba_5fold_f0,necrosis,2235,13949,57664,0.0003108563832938671,90.5794080867028
seba_5fold_f0,necrosis,2236,13949,57920,0.000268557108938694,89.3497290537724
seba_5fold_f0,necrosis,2262,14205,57664,0.00030903410515747964,90.5377240516882
seba_5fold_f0,necrosis,2263,14205,57920,0.0038020573556423187,98.93705710712797
seba_5fold_f0,Stroma,2115,12925,57920,5.920165858697146e-05,70.32096706961234
seba_5fold_f0,Stroma,2116,12925,58176,3.7096011510584503e-05,63.71404751979992
seba_5fold_f0,Stroma,2117,12925,58432,4.322735549067147e-05,65.7565652355148
seba_5fold_f0,Stroma,2118,12925,58688,9.366223093820736e-05,76.40683618174239
seba_5fold_f0,Stroma,2146,13181,57920,3.633525557233952e-05,63.401417257190495
seba_5fold_f0,Stroma,2147,13181,58176,1.6313591913785785e-05,51.1671529804085
seba_5fold_f0,Stroma,2148,13181,58432,4.290855213184841e-05,65.65235514797833
seba_5fold_f0,Stroma,2149,13181,58688,0.00011984312732238322,80.36681950812839
seba_5fold_f0,Stroma,2177,13437,57920,4.6021599700907245e-05,66.9445602334306
seba_5fold_f0,Stroma,2178,13437,58176,5.8381676353747025e-05,70.07086285952481
seba_5fold_f0,Stroma,2179,13437,58432,1.9999901269329712e-05,54.7311379741559
seba_5fold_f0,Stroma,2180,13437,58688,8.137849363265559e-06,31.950812838682783
seba_5fold_f0,Tejido Adiposo,1584,19066,63040,9.342813427792862e-06,37.057107127969985
seba_5fold_f0,Tejido Adiposo,1585,19322,63040,1.299149062106153e-05,46.165068778657776
seba_5fold_f0,Tejido Adiposo,1586,19322,63296,6.017861323925899e-06,17.40308461859108
seba_5fold_f0,Tejido Adiposo,1587,19578,63040,1.0121045306732412e-05,39.43309712380158
seba_5fold_f0,Tejido Adiposo,1588,19578,63296,4.3991814891342074e-05,66.17340558566069
seba_5fold_f0,Tejido Adiposo,1589,19834,63040,5.123249138705432e-06,7.44060025010421
seba_5fold_f0,Tejido Adiposo,1590,19834,63296,8.318475011037663e-06,32.95122967903293
seba_5fold_f0,Tejido Adiposo,2348,14973,60480,4.819796686206246e-06,3.8766152563568155
seba_5fold_f0,Tejido Adiposo,2349,14973,60736,4.863374215346994e-06,4.460191746561067
seba_5fold_f0,Tejido Adiposo,2350,14973,60992,1.0073466000903863e-05,39.224676948728636
seba_5fold_f0,Tejido Adiposo,2351,14973,61248,6.722762918798253e-06,23.2180075031263
seba_5fold_f0,Tejido Adiposo,2352,14973,61504,2.1809877580381e-05,56.23176323468112
seba_5fold_f0,Tejido Adiposo,2353,14973,61760,1.1776142855524085e-05,43.64318466027512
seba_5fold_f0,Tejido Adiposo,2354,14973,62016,6.972643404878909e-06,24.989578991246354
seba_5fold_f0,Tejido Adiposo,2367,15229,60480,5.27270231032162e-06,9.170487703209671
seba_5fold_f0,Tejido Adiposo,2368,15229,60736,4.738389179692604e-06,3.334722801167153
seba_5fold_f0,Tejido Adiposo,2369,15229,60992,6.5898602770175785e-06,22.175906627761567
seba_5fold_f0,Tejido Adiposo,2370,15229,61248,7.45957413528231e-06,28.07419758232597
seba_5fold_f0,Tejido Adiposo,2371,15229,61504,5.4470947361551225e-06,11.275531471446437
seba_5fold_f0,Tejido Adiposo,2372,15229,61760,1.2917655112687498e-05,46.060858691121304
seba_5fold_f0,Tejido Adiposo,2373,15229,62016,1.1267816262261476e-05,42.434347644852025
seba_5fold_f0,Tejido Adiposo,2381,15485,60480,6.2219291976362e-06,19.153814089203834
seba_5fold_f0,Tejido Adiposo,2382,15485,60736,7.759245818306226e-06,30.03334722801167
seba_5fold_f0,Tejido Adiposo,2383,15485,62016,7.745169568806887e-06,29.97082117548979
seba_5fold_f0,Tejido Adiposo,2389,15741,62016,1.2137357771280222e-05,44.456023343059606
seba_5fold_f0,Tejido Adiposo,2395,15997,62016,5.491807314683683e-06,11.879949979157983
seba_5fold_f0,Tejido Adiposo,2401,16253,62016,7.496355010516709e-06,28.449353897457275
seba_5fold_f2,Nucleos alto grado,1039,8446,71104,0.0007206942536868155,93.20550229262193
seba_5fold_f2,Nucleos alto grado,1040,8446,71360,0.0004787948855664581,90.37098791162984
seba_5fold_f2,Nucleos alto grado,1067,8958,70848,0.0001356392604066059,77.86577740725302
seba_5fold_f2,Nucleos alto grado,1068,8958,71104,0.0006111531401984394,92.12171738224261
seba_5fold_f2,Nucleos alto grado,1071,8958,71872,0.0015531539684161544,96.85285535639849
seba_5fold_f2,Nucleos alto grado,1084,9214,71104,0.0013456485467031598,96.24843684868695
seba_5fold_f2,Nucleos alto grado,1087,9214,71872,0.00015999816241674125,80.22092538557732
seba_5fold_f2,Nucleos alto grado,1101,9470,71104,0.0013980278745293617,96.51938307628178
seba_5fold_f2,Nucleos alto grado,1102,9470,71360,0.006312321871519089,99.87494789495624
seba_5fold_f2,Nucleos alto grado,1117,9726,71104,0.002104102401062846,97.91579824927052
seba_5fold_f2,Nucleos alto grado,1120,9726,71872,0.00011878085933858529,75.5939974989579
seba_5fold_f2,Nucleos alto grado,1121,9726,72128,0.00022370854276232421,84.22259274697791
seba_5fold_f2,Nucleos alto grado,1151,10238,71616,0.00023650132061447948,84.95206335973322
seba_5fold_f2,Mitosis,1085,9214,71360,0.0004468281113076955,89.78741142142559
seba_5fold_f2,Mitosis,1098,9470,70336,0.002827259711921215,98.95789912463526
seba_5fold_f2,Mitosis,1102,9470,71360,0.006312321871519089,99.87494789495624
seba_5fold_f2,Mitosis,1114,9726,70336,0.004961416590958834,99.5623176323468
seba_5fold_f2,Mitosis,1115,9726,70592,0.004118075128644705,99.47894956231764
seba_5fold_f2,Mitosis,1118,9726,71360,0.0032123178243637085,99.2288453522301
seba_5fold_f2,Mitosis,1152,10238,71872,0.004542269743978977,99.49979157982493
seba_5fold_f2,Mitosis,1153,10238,72128,0.0004415439907461405,89.72488536890371
seba_5fold_f2,Mitosis,1962,11645,55104,0.0001988698641071096,82.65944143393081
seba_5fold_f2,Mitosis,1963,11645,55360,9.747142030391842e-05,71.32138390996248
seba_5fold_f2,Mitosis,1965,11645,55872,0.0004636997764464468,90.12088370154231
seba_5fold_f2,Mitosis,1972,11645,57664,0.00038195669185370207,88.76615256356816
seba_5fold_f2,Mitosis,1987,11901,55872,0.0004245030868332833,89.51646519383077
seba_5fold_f2,Mitosis,1994,11901,57664,0.0010007881792262197,94.91454772822009
seba_5fold_f2,Mitosis,2022,12157,58176,0.00021924692555330694,83.97248853689037
seba_5fold_f2,Mitosis,2026,12157,59200,0.0012259313371032476,95.72738641100459
seba_5fold_f2,Mitosis,2052,12413,58176,0.0029689071234315634,98.99958315964986
seba_5fold_f2,Mitosis,2053,12413,58432,0.010449382476508617,100.0
seba_5fold_f2,Mitosis,2054,12413,58688,0.0016871091211214662,97.2280116715298
seba_5fold_f2,Mitosis,2074,12669,55616,0.0004890699638053775,90.55856606919549
seba_5fold_f2,Mitosis,2075,12669,55872,0.0002871954638976604,86.66110879533139
seba_5fold_f2,Mitosis,2120,12925,59200,0.00015516164421569556,79.88745310546061
seba_5fold_f2,Mitosis,2137,13181,55616,0.0008606453775428236,94.0808670279283
seba_5fold_f2,Mitosis,2203,13693,56896,0.0005448530428111553,91.28803668195081
seba_5fold_f2,Mitosis,2215,13693,59968,0.00023132270143833011,84.74364318466027
seba_5fold_f2,Mitosis,2234,13949,57408,0.0009001168073154986,94.22676115047936
seba_5fold_f2,Mitosis,2317,14717,58688,0.0005384640535339713,91.20466861192163
seba_5fold_f2,Mitosis,2341,14973,58688,0.00013486380339600146,77.71988328470196
seba_5fold_f2,Immune cells,1979,11901,53824,1.2402688298607245e-06,12.255106294289288
seba_5fold_f2,Immune cells,1980,11901,54080,5.764164598076604e-06,31.179658190912882
seba_5fold_f2,Immune cells,1981,11901,54336,1.6748796269894228e-06,16.65277198832847
seba_5fold_f2,Immune cells,2005,12157,53824,2.6561663162283367e-06,22.488536890370987
seba_5fold_f2,Immune cells,2006,12157,54080,1.5799837456142996e-06,15.694039182992913
seba_5fold_f2,Immune cells,2007,12157,54336,1.382494815516111e-06,13.880783659858274
seba_5fold_f2,Immune cells,2033,12413,53312,2.4101550479826983e-06,21.112963734889536
seba_5fold_f2,Immune cells,2034,12413,53568,1.1737726026694872e-06,11.233847436431846
seba_5fold_f2,Immune cells,2035,12413,53824,1.1659017218335066e-06,11.150479366402667
seba_5fold_f2,Immune cells,2036,12413,54080,5.772884378529852e-06,31.200500208420173
seba_5fold_f2,Immune cells,2037,12413,54336,4.6174711314961314e-05,51.229679032930385
seba_5fold_f2,Immune cells,2065,12669,53312,2.670547701200121e-06,22.551062942892873
seba_5fold_f2,Immune cells,2066,12669,53568,2.0938591660524253e-06,19.383076281784078
seba_5fold_f2,Immune cells,2067,12669,53824,2.4279440822283505e-06,21.2588578574406
seba_5fold_f2,Immune cells,2068,12669,54080,4.529653233475983e-05,50.87536473530638
seba_5fold_f2,Immune cells,2069,12669,54336,0.0004824372590519488,90.45435598165902
seba_5fold_f2,Immune cells,2097,12925,53312,3.790534492509323e-06,26.677782409337222
seba_5fold_f2,Immune cells,2098,12925,53568,2.3685613541601924e-06,20.883701542309296
seba_5fold_f2,Immune cells,2099,12925,53824,2.2254616851569153e-05,42.70529387244685
seba_5fold_f2,Immune cells,2100,12925,54080,4.234194057062268e-05,49.81242184243435
seba_5fold_f2,Immune cells,2131,13181,54080,5.1436676585581154e-05,53.66819508128387
seba_5fold_f2,Immune cells,2146,13181,57920,3.360534265084425e-06,25.1979991663193
seba_5fold_f2,Immune cells,2148,13181,58432,3.5961720641353168e-06,26.115047936640266
seba_5fold_f2,Tumor,2057,12413,59456,0.00015349799650721252,79.78324301792414
seba_5fold_f2,Tumor,2058,12413,59712,0.00014229791122488678,78.63693205502292
seba_5fold_f2,Tumor,2059,12413,59968,9.524760389467701e-05,70.73780741975823
seba_5fold_f2,Tumor,2089,12669,59456,0.0010614950442686677,95.08128386827845
seba_5fold_f2,Tumor,2090,12669,59712,0.00037374996463768184,88.64110045852439
seba_5fold_f2,Tumor,2091,12669,59968,0.00038225692696869373,88.80783659858274
seba_5fold_f2,Tumor,2092,12669,60224,0.0003118567983619869,87.20300125052105
seba_5fold_f2,Tumor,2093,12669,60480,0.000653219351079315,92.62192580241768
seba_5fold_f2,Tumor,2094,12669,60736,0.0016733214724808931,97.16548561900792
seba_5fold_f2,Tumor,2095,12669,60992,7.822318730177358e-05,65.88161734055856
seba_5fold_f2,Tumor,2121,12925,59456,0.00020739035971928388,83.0554397665694
seba_5fold_f2,Tumor,2122,12925,59712,0.0002460017567500472,85.32721967486452
seba_5fold_f2,Tumor,2123,12925,59968,0.00014495117648039013,79.05377240516881
seba_5fold_f2,Tumor,2124,12925,60224,0.00013832221156917512,78.11588161734056
seba_5fold_f2,Tumor,2125,12925,60480,0.00023367712856270373,84.84785327219674
seba_5fold_f2,Tumor,2126,12925,60736,0.0002764255623333156,86.39016256773655
seba_5fold_f2,Tumor,2127,12925,60992,0.0002135874965460971,83.5139641517299
seba_5fold_f2,Tumor,2152,13181,59456,0.00011134883243357763,74.36431846602751
seba_5fold_f2,Tumor,2153,13181,59712,0.000237789296079427,85.05627344726969
seba_5fold_f2,Tumor,2154,13181,59968,0.0004489154671318829,89.82909545644019
seba_5fold_f2,Tumor,2155,13181,60224,0.00012077468272764236,75.86494372655272
seba_5fold_f2,Tumor,2156,13181,60480,0.00022445501235779375,84.26427678199249
seba_5fold_f2,Tumor,2157,13181,60736,0.00018004068988375366,81.471446436015
seba_5fold_f2,Tumor,2158,13181,60992,0.0010719833662733436,95.10212588578574
seba_5fold_f2,Tumor,2185,13437,59968,6.600446795346215e-05,60.50437682367653
seba_5fold_f2,Tumor,2186,13437,60224,0.00023713392147328705,84.99374739474781
seba_5fold_f2,Tumor,2187,13437,60480,0.0003626430407166481,88.43268028345143
seba_5fold_f2,Tumor,2188,13437,60736,0.00014284640201367438,78.7411421425594
seba_5fold_f2,Tumor,2189,13437,60992,0.0013658740790560842,96.39433097123802
seba_5fold_f2,Tumor,2215,13693,59968,0.00023132270143833011,84.74364318466027
seba_5fold_f2,Tumor,2216,13693,60224,0.00022740855638403445,84.51438099208004
seba_5fold_f2,Tumor,2217,13693,60480,8.407339919358492e-05,67.44476865360566
seba_5fold_f2,Tumor,2218,13693,60736,0.00018128448573406786,81.55481450604418
seba_5fold_f2,Tumor,2219,13693,60992,0.0007266391185112298,93.24718632763651
seba_5fold_f2,Tumor,2236,13949,57920,0.00010424861102364957,72.842851187995
seba_5fold_f2,Tumor,2237,13949,58176,0.00016568592400290072,80.57523968320133
seba_5fold_f2,Tumor,2238,13949,58432,0.00019960403733421117,82.70112546894539
seba_5fold_f2,Tumor,2239,13949,58688,0.00014473292685579509,79.01208837015423
seba_5fold_f2,Tumor,2243,13949,59712,0.0003279407974332571,87.61984160066694
seba_5fold_f2,Tumor,2244,13949,59968,0.00040966959204524755,89.26636098374323
seba_5fold_f2,Tumor,2263,14205,57920,0.0004112569149583578,89.30804501875781
seba_5fold_f2,Tumor,2264,14205,58176,9.751707693794742e-05,71.36306794497708
seba_5fold_f2,Tumor,2265,14205,58432,0.00020688993390649557,83.03459774906212
seba_5fold_f2,Tumor,2266,14205,58688,0.00018965177878271788,82.03418090871196
seba_5fold_f2,Tumor,2289,14461,57920,0.00011653675755951554,75.23968320133389
seba_5fold_f2,Tumor,2290,14461,58176,8.793670713203028e-05,68.75781575656524
seba_5fold_f2,Tumor,2291,14461,58432,0.0002656387514434755,86.03584827011255
seba_5fold_f2,Tumor,2292,14461,58688,0.00010970588482450694,74.03084618591079
seba_5fold_f2,necrosis,1523,15870,75712,0.00013354999828152359,77.5531471446436
seba_5fold_f2,necrosis,1524,15870,75968,0.00010275671229464933,72.71779908295123
seba_5fold_f2,necrosis,1525,15870,76224,6.349819159368053e-05,59.149645685702374
seba_5fold_f2,necrosis,1535,16126,75712,6.004461829434149e-05,57.50312630262609
seba_5fold_f2,necrosis,1536,16126,75968,0.00030005723237991333,86.93205502292622
seba_5fold_f2,necrosis,1537,16126,76224,4.0382426959695294e-05,48.95789912463526
seba_5fold_f2,necrosis,1545,16382,75712,5.5903965403558686e-05,55.62734472696957
seba_5fold_f2,necrosis,1546,16382,75968,3.865925100399181e-05,48.29095456440184
seba_5fold_f2,necrosis,1547,16382,76224,3.686851414386183e-05,47.47811588161734
seba_5fold_f2,necrosis,2111,12925,56896,0.0002746999089140445,86.32763651521468
seba_5fold_f2,necrosis,2142,13181,56896,0.00010283436859026551,72.73864110045852
seba_5fold_f2,necrosis,2205,13693,57408,8.928104944061488e-05,69.13297207169654
seba_5fold_f2,necrosis,2232,13949,56896,4.4893975427839905e-05,50.687786577740724
seba_5fold_f2,necrosis,2233,13949,57152,6.290186138357967e-05,58.94122551062943
seba_5fold_f2,necrosis,2235,13949,57664,0.00016218310338445008,80.3251354731138
seba_5fold_f2,necrosis,2236,13949,57920,0.00010424861102364957,72.842851187995
seba_5fold_f2,necrosis,2262,14205,57664,7.605883729411289e-05,64.9854105877449
seba_5fold_f2,necrosis,2263,14205,57920,0.0004112569149583578,89.30804501875781
seba_5fold_f2,Stroma,2115,12925,57920,6.851623766124249e-05,61.60900375156315
seba_5fold_f2,Stroma,2116,12925,58176,2.3622494609298883e-06,20.75864943726553
seba_5fold_f2,Stroma,2117,12925,58432,0.0006222818628884852,92.24676948728637
seba_5fold_f2,Stroma,2118,12925,58688,0.0003172979922965169,87.39057940808671
seba_5fold_f2,Stroma,2146,13181,57920,3.360534265084425e-06,25.1979991663193
seba_5fold_f2,Stroma,2147,13181,58176,1.106358695324161e-06,10.421008753647353
seba_5fold_f2,Stroma,2148,13181,58432,3.5961720641353168e-06,26.115047936640266
seba_5fold_f2,Stroma,2149,13181,58688,3.496218050713651e-05,46.89453939141309
seba_5fold_f2,Stroma,2177,13437,57920,0.00033547880593687296,87.82826177573989
seba_5fold_f2,Stroma,2178,13437,58176,0.00014052084588911384,78.42851187994998
seba_5fold_f2,Stroma,2179,13437,58432,4.8620997404213995e-05,52.14672780325135
seba_5fold_f2,Stroma,2180,13437,58688,1.280724518437637e-06,12.734472696957065
seba_5fold_f2,Tejido Adiposo,1584,19066,63040,5.416426915871853e-07,0.5418924551896623
seba_5fold_f2,Tejido Adiposo,1585,19322,63040,5.436215815279866e-07,0.5627344726969571
seba_5fold_f2,Tejido Adiposo,1586,19322,63296,7.813763431840925e-07,5.31471446436015
seba_5fold_f2,Tejido Adiposo,1587,19578,63040,4.6171425083230133e-07,0.020842017507294707
seba_5fold_f2,Tejido Adiposo,1588,19578,63296,6.860352641524514e-07,3.2096706961233847
seba_5fold_f2,Tejido Adiposo,1589,19834,63040,5.827171207783977e-07,1.208837015423093
seba_5fold_f2,Tejido Adiposo,1590,19834,63296,6.104924636929354e-07,1.77157148812005
seba_5fold_f2,Tejido Adiposo,2348,14973,60480,1.3112298802298028e-06,13.026260942059192
seba_5fold_f2,Tejido Adiposo,2349,14973,60736,6.574591679964215e-07,2.6886202584410173
seba_5fold_f2,Tejido Adiposo,2350,14973,60992,8.479640314362769e-07,6.606919549812422
seba_5fold_f2,Tejido Adiposo,2351,14973,61248,7.042060587991728e-07,3.5639849937473946
seba_5fold_f2,Tejido Adiposo,2352,14973,61504,8.625571012998989e-07,6.877865777407253
seba_5fold_f2,Tejido Adiposo,2353,14973,61760,6.059553356863034e-07,1.6465193830762819
seba_5fold_f2,Tejido Adiposo,2354,14973,62016,6.167728656691907e-07,1.8340975406419342
seba_5fold_f2,Tejido Adiposo,2367,15229,60480,6.491442263723002e-07,2.542726135889954
seba_5fold_f2,Tejido Adiposo,2368,15229,60736,5.822549269396404e-07,1.1879949979157982
seba_5fold_f2,Tejido Adiposo,2369,15229,60992,6.375868792929396e-07,2.271779908295123
seba_5fold_f2,Tejido Adiposo,2370,15229,61248,5.610555717794341e-07,0.8336807002917882
seba_5fold_f2,Tejido Adiposo,2371,15229,61504,7.269856041602907e-07,4.168403501458942
seba_5fold_f2,Tejido Adiposo,2372,15229,61760,1.0174840099352878e-06,9.191329720716965
seba_5fold_f2,Tejido Adiposo,2373,15229,62016,5.269372991278942e-07,0.35431429762401
seba_5fold_f2,Tejido Adiposo,2381,15485,60480,6.216897077138128e-07,1.917465610671113
seba_5fold_f2,Tejido Adiposo,2382,15485,60736,6.617896701754944e-07,2.83451438099208
seba_5fold_f2,Tejido Adiposo,2383,15485,62016,6.809158890064282e-07,3.0846185910796167
seba_5fold_f2,Tejido Adiposo,2389,15741,62016,6.229764153431461e-07,1.9591496456857023
seba_5fold_f2,Tejido Adiposo,2395,15997,62016,5.736708885706321e-07,1.0837849103793247
seba_5fold_f2,Tejido Adiposo,2401,16253,62016,5.590004548139405e-07,0.8128386827844936
seba_5fold_f1,Nucleos alto grado,1039,8446,71104,0.00011571360664675012,81.117132138391
seba_5fold_f1,Nucleos alto grado,1040,8446,71360,0.00021342227410059422,87.66152563568153
seba_5fold_f1,Nucleos alto grado,1067,8958,70848,0.00027734911418519914,89.7665694039183
seba_5fold_f1,Nucleos alto grado,1068,8958,71104,0.0002862021210603416,90.01667361400584
seba_5fold_f1,Nucleos alto grado,1071,8958,71872,0.0005451150354929268,93.55981659024593
seba_5fold_f1,Nucleos alto grado,1084,9214,71104,0.0004476162139326334,92.58024176740308
seba_5fold_f1,Nucleos alto grado,1087,9214,71872,0.0005755738238804042,93.72655273030429
seba_5fold_f1,Nucleos alto grado,1101,9470,71104,0.00046160141937434673,92.70529387244686
seba_5fold_f1,Nucleos alto grado,1102,9470,71360,0.001753434189595282,97.35306377657358
seba_5fold_f1,Nucleos alto grado,1117,9726,71104,0.005256886128336191,99.18716131721551
seba_5fold_f1,Nucleos alto grado,1120,9726,71872,4.003708090749569e-05,64.69362234264277
seba_5fold_f1,Nucleos alto grado,1121,9726,72128,7.820421160431579e-05,75.63568153397249
seba_5fold_f1,Nucleos alto grado,1151,10238,71616,0.0001310760562773794,82.51354731137974
seba_5fold_f1,Mitosis,1085,9214,71360,0.0003494679112918675,91.43393080450187
seba_5fold_f1,Mitosis,1098,9470,70336,0.001155409263446927,96.16506877865777
seba_5fold_f1,Mitosis,1102,9470,71360,0.001753434189595282,97.35306377657358
seba_5fold_f1,Mitosis,1114,9726,70336,0.0024995296262204647,97.97832430179241
seba_5fold_f1,Mitosis,1115,9726,70592,0.007739364635199308,99.66652771988329
seba_5fold_f1,Mitosis,1118,9726,71360,0.0012062744935974479,96.4360150062526
seba_5fold_f1,Mitosis,1152,10238,71872,0.005159800406545401,99.10379324718633
seba_5fold_f1,Mitosis,1153,10238,72128,0.0001625364675419405,84.86869528970405
seba_5fold_f1,Mitosis,1962,11645,55104,0.0003204573586117476,90.91288036681951
seba_5fold_f1,Mitosis,1963,11645,55360,0.004473765846341848,98.95789912463526
seba_5fold_f1,Mitosis,1965,11645,55872,0.0011276251170784235,96.0608586911213
seba_5fold_f1,Mitosis,1972,11645,57664,0.0007408936507999897,94.64360150062527
seba_5fold_f1,Mitosis,1987,11901,55872,0.0022970419377088547,97.83243017924136
seba_5fold_f1,Mitosis,1994,11901,57664,0.0009012612281367183,95.35223009587328
seba_5fold_f1,Mitosis,2022,12157,58176,0.0002464710851199925,88.9745727386411
seba_5fold_f1,Mitosis,2026,12157,59200,0.0007943711243569851,94.91454772822009
seba_5fold_f1,Mitosis,2052,12413,58176,0.009187235496938229,99.81242184243435
seba_5fold_f1,Mitosis,2053,12413,58432,0.012889780104160309,99.91663192997082
seba_5fold_f1,Mitosis,2054,12413,58688,0.006625346373766661,99.47894956231764
seba_5fold_f1,Mitosis,2074,12669,55616,0.007074615452438593,99.58315964985411
seba_5fold_f1,Mitosis,2075,12669,55872,0.0006259416695684195,94.16423509795749
seba_5fold_f1,Mitosis,2120,12925,59200,0.00021934859978500754,87.86994581075449
seba_5fold_f1,Mitosis,2137,13181,55616,0.002539673587307334,97.9991663192997
seba_5fold_f1,Mitosis,2203,13693,56896,0.005263410042971373,99.2080033347228
seba_5fold_f1,Mitosis,2215,13693,59968,0.00015346362488344312,84.2851187994998
seba_5fold_f1,Mitosis,2234,13949,57408,0.0006042802124284208,94.01834097540642
seba_5fold_f1,Mitosis,2317,14717,58688,0.0007732066442258656,94.76865360566903
seba_5fold_f1,Mitosis,2341,14973,58688,0.00013519714411813766,82.88870362651105
seba_5fold_f1,Immune cells,1979,11901,53824,3.2352161269955104e-06,41.704877032096704
seba_5fold_f1,Immune cells,1980,11901,54080,2.763223892543465e-05,59.64985410587745
seba_5fold_f1,Immune cells,1981,11901,54336,1.0235303307126742e-06,31.867444768653606
seba_5fold_f1,Immune cells,2005,12157,53824,3.4342137951171026e-06,42.20508545227178
seba_5fold_f1,Immune cells,2006,12157,54080,7.714541538916819e-07,28.282617757398917
seba_5fold_f1,Immune cells,2007,12157,54336,9.012609325509402e-07,30.55439766569404
seba_5fold_f1,Immune cells,2033,12413,53312,2.0794648207811406e-06,38.203418090871196
seba_5fold_f1,Immune cells,2034,12413,53568,1.2387860124363215e-06,33.868278449353895
seba_5fold_f1,Immune cells,2035,12413,53824,3.107104930677451e-06,41.45477282200917
seba_5fold_f1,Immune cells,2036,12413,54080,2.010067646551761e-06,37.7865777407253
seba_5fold_f1,Immune cells,2037,12413,54336,3.5923454561270773e-05,63.06794497707378
seba_5fold_f1,Immune cells,2065,12669,53312,9.188641342916526e-06,49.12463526469362
seba_5fold_f1,Immune cells,2066,12669,53568,3.1764875529916026e-07,10.98374322634431
seba_5fold_f1,Immune cells,2067,12669,53824,3.0825532348899287e-07,10.566902876198416
seba_5fold_f1,Immune cells,2068,12669,54080,2.4752011086093262e-05,58.274280950396
seba_5fold_f1,Immune cells,2069,12669,54336,0.000547432922758162,93.58065860775324
seba_5fold_f1,Immune cells,2097,12925,53312,4.105833966150385e-07,15.63151313047103
seba_5fold_f1,Immune cells,2098,12925,53568,2.6152409304813773e-07,7.836598582742809
seba_5fold_f1,Immune cells,2099,12925,53824,1.0662456588761415e-05,50.4168403501459
seba_5fold_f1,Immune cells,2100,12925,54080,1.8083408576785587e-05,54.68945393914131
seba_5fold_f1,Immune cells,2131,13181,54080,6.10777351539582e-06,45.91496456857024
seba_5fold_f1,Immune cells,2146,13181,57920,0.00016773886454757303,85.24385160483534
seba_5fold_f1,Immune cells,2148,13181,58432,0.00018874771194532514,86.43184660275115
seba_5fold_f1,Tumor,2057,12413,59456,0.0008232500404119492,95.08128386827845
seba_5fold_f1,Tumor,2058,12413,59712,0.00010994212061632425,80.38766152563568
seba_5fold_f1,Tumor,2059,12413,59968,4.917827754979953e-05,68.25760733639017
seba_5fold_f1,Tumor,2089,12669,59456,0.0018982392502948642,97.47811588161734
seba_5fold_f1,Tumor,2090,12669,59712,0.0003253078612033278,91.01709045435598
seba_5fold_f1,Tumor,2091,12669,59968,0.00013323458551894873,82.74280950395999
seba_5fold_f1,Tumor,2092,12669,60224,0.00013362447498366237,82.76365152146728
seba_5fold_f1,Tumor,2093,12669,60480,0.0012690689181908965,96.56106711129637
seba_5fold_f1,Tumor,2094,12669,60736,0.00029841094510629773,90.37098791162984
seba_5fold_f1,Tumor,2095,12669,60992,3.172344804625027e-05,61.4214255939975
seba_5fold_f1,Tumor,2121,12925,59456,0.0001120006782002747,80.63776573572322
seba_5fold_f1,Tumor,2122,12925,59712,0.0006949536618776619,94.41433930804502
seba_5fold_f1,Tumor,2123,12925,59968,4.7420046030310914e-05,67.46561067111297
seba_5fold_f1,Tumor,2124,12925,60224,0.00015276520571205765,84.16006669445602
seba_5fold_f1,Tumor,2125,12925,60480,0.0001732408272800967,85.57732388495207
seba_5fold_f1,Tumor,2126,12925,60736,0.0001341079914709553,82.80533555648186
seba_5fold_f1,Tumor,2127,12925,60992,5.068094833404757e-05,68.86202584410171
seba_5fold_f1,Tumor,2152,13181,59456,7.454908336512744e-05,75.03126302626094
seba_5fold_f1,Tumor,2153,13181,59712,0.0001623033604118973,84.84785327219674
seba_5fold_f1,Tumor,2154,13181,59968,0.0001812418777262792,86.05669028761984
seba_5fold_f1,Tumor,2155,13181,60224,7.965043187141418e-05,75.88578574406003
seba_5fold_f1,Tumor,2156,13181,60480,0.00011722402268787846,81.36723634847853
seba_5fold_f1,Tumor,2157,13181,60736,0.00012542279728222638,82.07586494372656
seba_5fold_f1,Tumor,2158,13181,60992,0.0015797517262399197,97.08211754897874
seba_5fold_f1,Tumor,2185,13437,59968,4.945579348714091e-05,68.32013338891204
seba_5fold_f1,Tumor,2186,13437,60224,0.00013141670206096023,82.57607336390163
seba_5fold_f1,Tumor,2187,13437,60480,0.00016134751786012203,84.80616923718216
seba_5fold_f1,Tumor,2188,13437,60736,0.00028316571842879057,89.93330554397666
seba_5fold_f1,Tumor,2189,13437,60992,0.00062591303139925,94.14339308045018
seba_5fold_f1,Tumor,2215,13693,59968,0.00015346362488344312,84.2851187994998
seba_5fold_f1,Tumor,2216,13693,60224,0.00012855803652200848,82.36765318882868
seba_5fold_f1,Tumor,2217,13693,60480,4.8367914132541046e-05,67.88245102125886
seba_5fold_f1,Tumor,2218,13693,60736,9.174578735837713e-05,78.19924968736974
seba_5fold_f1,Tumor,2219,13693,60992,0.0001541148085379973,84.30596081700709
seba_5fold_f1,Tumor,2236,13949,57920,0.0003944521595258266,91.87161317215507
seba_5fold_f1,Tumor,2237,13949,58176,0.0004934386815875769,92.99708211754898
seba_5fold_f1,Tumor,2238,13949,58432,0.00043500197352841496,92.39266360983743
seba_5fold_f1,Tumor,2239,13949,58688,7.991200982360169e-05,75.9483117965819
seba_5fold_f1,Tumor,2243,13949,59712,0.00010241435666102916,79.69987494789495
seba_5fold_f1,Tumor,2244,13949,59968,0.00025066587841138244,89.12046686119217
seba_5fold_f1,Tumor,2263,14205,57920,0.0020059978123754263,97.56148395164652
seba_5fold_f1,Tumor,2264,14205,58176,0.00014044081035535783,83.15964985410588
seba_5fold_f1,Tumor,2265,14205,58432,0.00208949763327837,97.6031679866611
seba_5fold_f1,Tumor,2266,14205,58688,0.00046274365740828216,92.74697790746144
seba_5fold_f1,Tumor,2289,14461,57920,0.00010040121560450643,79.49145477282201
seba_5fold_f1,Tumor,2290,14461,58176,7.865812222007662e-05,75.78157565652356
seba_5fold_f1,Tumor,2291,14461,58432,0.004255630075931549,98.8120050020842
seba_5fold_f1,Tumor,2292,14461,58688,0.00018952514801640064,86.51521467278033
seba_5fold_f1,necrosis,1523,15870,75712,9.337106894236058e-05,78.47019591496456
seba_5fold_f1,necrosis,1524,15870,75968,9.07494977582246e-05,78.03251354731138
seba_5fold_f1,necrosis,1525,15870,76224,0.00010992246097885072,80.36681950812839
seba_5fold_f1,necrosis,1535,16126,75712,1.95923767023487e-05,55.564818674447686
seba_5fold_f1,necrosis,1536,16126,75968,0.0008206949569284916,95.06044185077116
seba_5fold_f1,necrosis,1537,16126,76224,1.947381861100439e-05,55.523134639433096
seba_5fold_f1,necrosis,1545,16382,75712,1.8672770238481462e-05,54.939558149228844
seba_5fold_f1,necrosis,1546,16382,75968,2.868599722205545e-06,40.808670279283035
seba_5fold_f1,necrosis,1547,16382,76224,2.7950920411967672e-05,59.733222175906626
seba_5fold_f1,necrosis,2111,12925,56896,0.00015806916053406894,84.53522300958733
seba_5fold_f1,necrosis,2142,13181,56896,0.0002335482568014413,88.55773238849521
seba_5fold_f1,necrosis,2205,13693,57408,0.00012577362940646708,82.13839099624843
seba_5fold_f1,necrosis,2232,13949,56896,0.0001698281557764858,85.38974572738641
seba_5fold_f1,necrosis,2233,13949,57152,9.020065044751391e-05,77.90746144226762
seba_5fold_f1,necrosis,2235,13949,57664,0.00016508172848261893,85.0145894122551
seba_5fold_f1,necrosis,2236,13949,57920,0.0003944521595258266,91.87161317215507
seba_5fold_f1,necrosis,2262,14205,57664,0.00017362281505484134,85.61900791996665
seba_5fold_f1,necrosis,2263,14205,57920,0.0020059978123754263,97.56148395164652
seba_5fold_f1,Stroma,2115,12925,57920,9.027714986586943e-05,77.92830345977491
seba_5fold_f1,Stroma,2116,12925,58176,0.0004751666565425694,92.85118799499791
seba_5fold_f1,Stroma,2117,12925,58432,0.0007254269439727068,94.58107544810338
seba_5fold_f1,Stroma,2118,12925,58688,0.000553967896848917,93.62234264276782
seba_5fold_f1,Stroma,2146,13181,57920,0.00016773886454757303,85.24385160483534
seba_5fold_f1,Stroma,2147,13181,58176,0.0001718805287964642,85.4522717799083
seba_5fold_f1,Stroma,2148,13181,58432,0.00018874771194532514,86.43184660275115
seba_5fold_f1,Stroma,2149,13181,58688,0.00013837896403856575,83.09712380158399
seba_5fold_f1,Stroma,2177,13437,57920,0.0001341587194474414,82.82617757398916
seba_5fold_f1,Stroma,2178,13437,58176,4.0039867599261925e-05,64.71446436015006
seba_5fold_f1,Stroma,2179,13437,58432,3.4061875339830294e-05,62.359316381825764
seba_5fold_f1,Stroma,2180,13437,58688,2.724078149185516e-05,59.39974989578991
seba_5fold_f1,Tejido Adiposo,1584,19066,63040,3.6644576084654545e-07,13.526469362234264
seba_5fold_f1,Tejido Adiposo,1585,19322,63040,4.2145882162003545e-07,16.25677365568987
seba_5fold_f1,Tejido Adiposo,1586,19322,63296,3.2313323572452646e-07,11.192163401417258
seba_5fold_f1,Tejido Adiposo,1587,19578,63040,4.818501793124597e-07,19.028761984160067
seba_5fold_f1,Tejido Adiposo,1588,19578,63296,6.70366659960564e-07,26.13588995414756
seba_5fold_f1,Tejido Adiposo,1589,19834,63040,4.541966234228312e-07,17.924135056273446
seba_5fold_f1,Tejido Adiposo,1590,19834,63296,4.848259891332418e-07,19.13297207169654
seba_5fold_f1,Tejido Adiposo,2348,14973,60480,7.36677975510247e-07,27.782409337223843
seba_5fold_f1,Tejido Adiposo,2349,14973,60736,8.822070753922162e-07,30.28345143809921
seba_5fold_f1,Tejido Adiposo,2350,14973,60992,6.827513061580248e-07,26.511046269278864
seba_5fold_f1,Tejido Adiposo,2351,14973,61248,1.4935175158825587e-06,35.452271779908294
seba_5fold_f1,Tejido Adiposo,2352,14973,61504,6.307736271082831e-07,24.84368486869529
seba_5fold_f1,Tejido Adiposo,2353,14973,61760,4.2637316255422775e-07,16.61108795331388
seba_5fold_f1,Tejido Adiposo,2354,14973,62016,5.191661216485954e-07,20.50854522717799
seba_5fold_f1,Tejido Adiposo,2367,15229,60480,6.416705673473189e-07,25.177157148812004
seba_5fold_f1,Tejido Adiposo,2368,15229,60736,4.1804980810411507e-07,16.048353480616925
seba_5fold_f1,Tejido Adiposo,2369,15229,60992,6.099178904150904e-07,24.072530220925387
seba_5fold_f1,Tejido Adiposo,2370,15229,61248,4.351173572558764e-07,17.069612338474364
seba_5fold_f1,Tejido Adiposo,2371,15229,61504,5.850416755492915e-07,22.94706127553147
seba_5fold_f1,Tejido Adiposo,2372,15229,61760,5.607756179415446e-07,21.904960400166736
seba_5fold_f1,Tejido Adiposo,2373,15229,62016,4.233957895394269e-07,16.423509795748227
seba_5fold_f1,Tejido Adiposo,2381,15485,60480,3.727435853306815e-07,13.734889537307211
seba_5fold_f1,Tejido Adiposo,2382,15485,60736,3.976392122240213e-07,14.818674447686536
seba_5fold_f1,Tejido Adiposo,2383,15485,62016,4.704745037997782e-07,18.507711546477697
seba_5fold_f1,Tejido Adiposo,2389,15741,62016,4.712117913641123e-07,18.570237598999583
seba_5fold_f1,Tejido Adiposo,2395,15997,62016,2.958071547709551e-07,9.816590245935807
seba_5fold_f1,Tejido Adiposo,2401,16253,62016,3.34204230512114e-07,11.60900375156315
seba_5fold_f3,Nucleos alto grado,1039,8446,71104,4.4838438952865545e-06,61.77573989162151
seba_5fold_f3,Nucleos alto grado,1040,8446,71360,0.00020670457161031663,86.47353063776573
seba_5fold_f3,Nucleos alto grado,1067,8958,70848,2.0617844711523503e-06,52.79283034597749
seba_5fold_f3,Nucleos alto grado,1068,8958,71104,0.0007708993507549167,91.7465610671113
seba_5fold_f3,Nucleos alto grado,1071,8958,71872,5.93884578847792e-05,80.3459774906211
seba_5fold_f3,Nucleos alto grado,1084,9214,71104,4.099040597793646e-05,78.47019591496456
seba_5fold_f3,Nucleos alto grado,1087,9214,71872,0.00019488693214952946,86.14005835764902
seba_5fold_f3,Nucleos alto grado,1101,9470,71104,2.814562503772322e-05,76.3443101292205
seba_5fold_f3,Nucleos alto grado,1102,9470,71360,0.0015114567941054702,95.08128386827845
seba_5fold_f3,Nucleos alto grado,1117,9726,71104,0.001533798291347921,95.16465193830763
seba_5fold_f3,Nucleos alto grado,1120,9726,71872,3.0388723644136917e-06,57.35723218007503
seba_5fold_f3,Nucleos alto grado,1121,9726,72128,3.378523388164467e-06,58.649437265527304
seba_5fold_f3,Nucleos alto grado,1151,10238,71616,9.974955901270732e-06,68.96623593163818
seba_5fold_f3,Mitosis,1085,9214,71360,3.210132854292169e-05,77.19883284701959
seba_5fold_f3,Mitosis,1098,9470,70336,0.0013826098293066025,94.51854939558149
seba_5fold_f3,Mitosis,1102,9470,71360,0.0015114567941054702,95.08128386827845
seba_5fold_f3,Mitosis,1114,9726,70336,0.003465153742581606,98.85368903709879
seba_5fold_f3,Mitosis,1115,9726,70592,0.0028552371077239513,98.14506044185077
seba_5fold_f3,Mitosis,1118,9726,71360,8.033123594941571e-05,81.86744476865361
seba_5fold_f3,Mitosis,1152,10238,71872,0.0011805484537035227,93.76823676531889
seba_5fold_f3,Mitosis,1153,10238,72128,0.0002600254665594548,87.45310546060858
seba_5fold_f3,Mitosis,1962,11645,55104,0.0011442247778177261,93.51813255523135
seba_5fold_f3,Mitosis,1963,11645,55360,0.0008470141910947859,92.1425593997499
seba_5fold_f3,Mitosis,1965,11645,55872,0.0022612723987549543,97.16548561900792
seba_5fold_f3,Mitosis,1972,11645,57664,0.0034626745618879795,98.8328470195915
seba_5fold_f3,Mitosis,1987,11901,55872,0.001508154789917171,95.06044185077116
seba_5fold_f3,Mitosis,1994,11901,57664,0.002876982092857361,98.18674447686536
seba_5fold_f3,Mitosis,2022,12157,58176,0.0011341327335685492,93.47644852021676
seba_5fold_f3,Mitosis,2026,12157,59200,0.0003541021142154932,88.78699458107545
seba_5fold_f3,Mitosis,2052,12413,58176,0.0035213723313063383,98.97874114214255
seba_5fold_f3,Mitosis,2053,12413,58432,0.007205551490187645,99.97915798249271
seba_5fold_f3,Mitosis,2054,12413,58688,0.0047822995111346245,99.72905377240517
seba_5fold_f3,Mitosis,2074,12669,55616,0.003953016363084316,99.31221342225928
seba_5fold_f3,Mitosis,2075,12669,55872,0.0017086960142478347,95.91496456857024
seba_5fold_f3,Mitosis,2120,12925,59200,0.0006597718456760049,91.14214255939974
seba_5fold_f3,Mitosis,2137,13181,55616,0.0031364073511213064,98.54105877448937
seba_5fold_f3,Mitosis,2203,13693,56896,0.0030567701905965805,98.41600666944561
seba_5fold_f3,Mitosis,2215,13693,59968,0.0001415647129761055,84.78532721967487
seba_5fold_f3,Mitosis,2234,13949,57408,0.0018697354244068265,96.24843684868695
seba_5fold_f3,Mitosis,2317,14717,58688,0.0016653768252581358,95.68570237598999
seba_5fold_f3,Mitosis,2341,14973,58688,0.0010283932788297534,92.95539808253439
seba_5fold_f3,Immune cells,1979,11901,53824,5.444792918751773e-07,28.282617757398917
seba_5fold_f3,Immune cells,1980,11901,54080,1.3146358242011047e-06,46.91538140892038
seba_5fold_f3,Immune cells,1981,11901,54336,1.1828946355763037e-07,1.2296790329303877
seba_5fold_f3,Immune cells,2005,12157,53824,9.866719352658038e-08,0.70862859524802
seba_5fold_f3,Immune cells,2006,12157,54080,2.8885656888633093e-07,11.192163401417258
seba_5fold_f3,Immune cells,2007,12157,54336,1.2801660886907484e-07,1.6048353480616924
seba_5fold_f3,Immune cells,2033,12413,53312,1.5892196358890942e-07,2.855356398499375
seba_5fold_f3,Immune cells,2034,12413,53568,1.432209160157072e-07,2.313463943309712
seba_5fold_f3,Immune cells,2035,12413,53824,3.3446394809288904e-07,14.714464360150062
seba_5fold_f3,Immune cells,2036,12413,54080,2.0691346946932754e-07,5.3772405168820345
seba_5fold_f3,Immune cells,2037,12413,54336,1.2949110441695666e-06,46.72780325135473
seba_5fold_f3,Immune cells,2065,12669,53312,7.50787592096458e-07,35.952480200083365
seba_5fold_f3,Immune cells,2066,12669,53568,6.608484426351424e-08,0.16673614005835766
seba_5fold_f3,Immune cells,2067,12669,53824,5.660547230945667e-08,0.06252605252188412
seba_5fold_f3,Immune cells,2068,12669,54080,7.685598006901273e-07,36.76531888286786
seba_5fold_f3,Immune cells,2069,12669,54336,0.0004249375488143414,89.3497290537724
seba_5fold_f3,Immune cells,2097,12925,53312,7.913831723271869e-08,0.43768236765318885
seba_5fold_f3,Immune cells,2098,12925,53568,5.5079318883599626e-08,0.041684035014589414
seba_5fold_f3,Immune cells,2099,12925,53824,1.7489871595444129e-07,3.6681950812838684
seba_5fold_f3,Immune cells,2100,12925,54080,4.0219126162810426e-07,19.17465610671113
seba_5fold_f3,Immune cells,2131,13181,54080,3.569134605641011e-07,16.173405585660692
seba_5fold_f3,Immune cells,2146,13181,57920,3.5043215120822424e-06,58.96206752813672
seba_5fold_f3,Immune cells,2148,13181,58432,5.345330009731697e-06,63.7557315548145
seba_5fold_f3,Tumor,2057,12413,59456,0.0021810003090649843,97.04043351396415
seba_5fold_f3,Tumor,2058,12413,59712,1.0112672498507891e-05,69.09128803668195
seba_5fold_f3,Tumor,2059,12413,59968,2.3481476091546938e-05,75.09378907878282
seba_5fold_f3,Tumor,2089,12669,59456,0.004496311768889427,99.66652771988329
seba_5fold_f3,Tumor,2090,12669,59712,0.001404089154675603,94.62275948311796
seba_5fold_f3,Tumor,2091,12669,59968,0.00032026899862103164,88.30762817840767
seba_5fold_f3,Tumor,2092,12669,60224,0.00048643481568433344,89.84993747394748
seba_5fold_f3,Tumor,2093,12669,60480,0.0012199016055092216,93.85160483534806
seba_5fold_f3,Tumor,2094,12669,60736,0.00046462766476906836,89.745727386411
seba_5fold_f3,Tumor,2095,12669,60992,3.92813990401919e-06,60.15006252605252
seba_5fold_f3,Tumor,2121,12925,59456,0.00040478885057382286,89.12046686119217
seba_5fold_f3,Tumor,2122,12925,59712,0.0012920607114210725,94.22676115047936
seba_5fold_f3,Tumor,2123,12925,59968,9.712018254504073e-06,68.79949979157982
seba_5fold_f3,Tumor,2124,12925,60224,6.015909093548544e-05,80.40850354314297
seba_5fold_f3,Tumor,2125,12925,60480,0.0027642613276839256,98.08253438932888
seba_5fold_f3,Tumor,2126,12925,60736,0.00013342805323190987,84.43101292205085
seba_5fold_f3,Tumor,2127,12925,60992,0.00011611122317845002,83.63901625677366
seba_5fold_f3,Tumor,2152,13181,59456,1.0670839401427656e-05,69.48728636932054
seba_5fold_f3,Tumor,2153,13181,59712,0.000940404599532485,92.5385577323885
seba_5fold_f3,Tumor,2154,13181,59968,0.001287451945245266,94.18507711546478
seba_5fold_f3,Tumor,2155,13181,60224,0.0009117734734900296,92.41350562734473
seba_5fold_f3,Tumor,2156,13181,60480,0.0018104345072060823,96.14422676115048
seba_5fold_f3,Tumor,2157,13181,60736,0.001659246045164764,95.6440183409754
seba_5fold_f3,Tumor,2158,13181,60992,0.0004349774098955095,89.47478115881617
seba_5fold_f3,Tumor,2185,13437,59968,1.984808022825746e-06,52.18841183826594
seba_5fold_f3,Tumor,2186,13437,60224,0.0015851968200877309,95.33138807836599
seba_5fold_f3,Tumor,2187,13437,60480,0.0011486322619020939,93.55981659024593
seba_5fold_f3,Tumor,2188,13437,60736,0.001162465661764145,93.64318466027511
seba_5fold_f3,Tumor,2189,13437,60992,0.0005056866211816669,89.97498957899124
seba_5fold_f3,Tumor,2215,13693,59968,0.0001415647129761055,84.78532721967487
seba_5fold_f3,Tumor,2216,13693,60224,0.00042029458563774824,89.28720300125052
seba_5fold_f3,Tumor,2217,13693,60480,0.0001633847423363477,85.4522717799083
seba_5fold_f3,Tumor,2218,13693,60736,0.000610252667684108,90.80867027928304
seba_5fold_f3,Tumor,2219,13693,60992,9.691275772638619e-05,82.76365152146728
seba_5fold_f3,Tumor,2236,13949,57920,0.0019873641431331635,96.62359316381826
seba_5fold_f3,Tumor,2237,13949,58176,0.0016252868808805943,95.41475614839517
seba_5fold_f3,Tumor,2238,13949,58432,0.002567274495959282,97.68653605669029
seba_5fold_f3,Tumor,2239,13949,58688,2.1691821530112065e-05,74.63526469362235
seba_5fold_f3,Tumor,2243,13949,59712,0.00023171685461420566,86.93205502292622
seba_5fold_f3,Tumor,2244,13949,59968,0.0006053644465282559,90.76698624426845
seba_5fold_f3,Tumor,2263,14205,57920,0.00304328091442585,98.37432263443101
seba_5fold_f3,Tumor,2264,14205,58176,0.0019124250393360853,96.4776990412672
seba_5fold_f3,Tumor,2265,14205,58432,0.0018764851847663522,96.35264693622342
seba_5fold_f3,Tumor,2266,14205,58688,0.0003085629432462156,88.1408920383493
seba_5fold_f3,Tumor,2289,14461,57920,0.0010584972333163023,93.01792413505628
seba_5fold_f3,Tumor,2290,14461,58176,8.397889178013429e-05,82.18007503126303
seba_5fold_f3,Tumor,2291,14461,58432,0.002879661275073886,98.20758649437265
seba_5fold_f3,Tumor,2292,14461,58688,0.0007971778395585716,91.85077115464777
seba_5fold_f3,necrosis,1523,15870,75712,0.00040952677954919636,89.20383493122134
seba_5fold_f3,necrosis,1524,15870,75968,6.874480459373444e-05,81.09629012088371
seba_5fold_f3,necrosis,1525,15870,76224,1.445906309527345e-05,72.03001250521051
seba_5fold_f3,necrosis,1535,16126,75712,5.278450043988414e-05,79.5539808253439
seba_5fold_f3,necrosis,1536,16126,75968,4.087830347998533e-06,60.733639016256774
seba_5fold_f3,necrosis,1537,16126,76224,1.3891519756725756e-06,47.74906210921217
seba_5fold_f3,necrosis,1545,16382,75712,1.6862953998497687e-05,73.00958732805336
seba_5fold_f3,necrosis,1546,16382,75968,2.473766244293074e-06,54.81450604418508
seba_5fold_f3,necrosis,1547,16382,76224,2.2500893464894034e-05,74.8020008336807
seba_5fold_f3,necrosis,2111,12925,56896,0.0005679395981132984,90.5377240516882
seba_5fold_f3,necrosis,2142,13181,56896,0.0009961345931515098,92.76781992496873
seba_5fold_f3,necrosis,2205,13693,57408,0.0004945570253767073,89.91246352646937
seba_5fold_f3,necrosis,2232,13949,56896,0.0015323749976232648,95.14380992080034
seba_5fold_f3,necrosis,2233,13949,57152,0.0005798927159048617,90.66277615673197
seba_5fold_f3,necrosis,2235,13949,57664,0.0003272478061262518,88.43268028345143
seba_5fold_f3,necrosis,2236,13949,57920,0.0019873641431331635,96.62359316381826
seba_5fold_f3,necrosis,2262,14205,57664,0.0002820801455527544,87.8074197582326
seba_5fold_f3,necrosis,2263,14205,57920,0.00304328091442585,98.37432263443101
seba_5fold_f3,Stroma,2115,12925,57920,1.376607542624697e-06,47.603167986661106
seba_5fold_f3,Stroma,2116,12925,58176,3.15685938403476e-05,77.13630679449771
seba_5fold_f3,Stroma,2117,12925,58432,0.0006520063034258783,91.05877448937058
seba_5fold_f3,Stroma,2118,12925,58688,0.0017864214023575187,96.12338474364319
seba_5fold_f3,Stroma,2146,13181,57920,3.5043215120822424e-06,58.96206752813672
seba_5fold_f3,Stroma,2147,13181,58176,1.2786927072738763e-06,46.540225093789076
seba_5fold_f3,Stroma,2148,13181,58432,5.345330009731697e-06,63.7557315548145
seba_5fold_f3,Stroma,2149,13181,58688,7.245565484481631e-06,66.50687786577741
seba_5fold_f3,Stroma,2177,13437,57920,0.00030250020790845156,88.01583993330554
seba_5fold_f3,Stroma,2178,13437,58176,2.9864071620977484e-05,76.71946644435181
seba_5fold_f3,Stroma,2179,13437,58432,2.7929777388635557e-06,56.19007919966653
seba_5fold_f3,Stroma,2180,13437,58688,2.678461044069991e-07,9.649854105877449
seba_5fold_f3,Tejido Adiposo,1584,19066,63040,3.6408312098501483e-07,16.840350145894124
seba_5fold_f3,Tejido Adiposo,1585,19322,63040,8.96413098416815e-07,40.35014589412255
seba_5fold_f3,Tejido Adiposo,1586,19322,63296,5.410975063568912e-07,28.11588161734056
seba_5fold_f3,Tejido Adiposo,1587,19578,63040,3.4016866834463144e-07,14.985410587744894
seba_5fold_f3,Tejido Adiposo,1588,19578,63296,2.748653969320003e-06,56.02334305960817
seba_5fold_f3,Tejido Adiposo,1589,19834,63040,3.7389872886706144e-07,17.423926636098376
seba_5fold_f3,Tejido Adiposo,1590,19834,63296,4.5780024038322154e-07,22.98874531054606
seba_5fold_f3,Tejido Adiposo,2348,14973,60480,1.3712215718442167e-07,2.0425177157148813
seba_5fold_f3,Tejido Adiposo,2349,14973,60736,1.84489877597116e-07,4.25177157148812
seba_5fold_f3,Tejido Adiposo,2350,14973,60992,6.031200427969452e-07,30.929553980825343
seba_5fold_f3,Tejido Adiposo,2351,14973,61248,5.232542434896459e-07,26.907044601917466
seba_5fold_f3,Tejido Adiposo,2352,14973,61504,1.8723306993706501e-06,51.62567736556899
seba_5fold_f3,Tejido Adiposo,2353,14973,61760,9.608436357666506e-07,41.93413922467695
seba_5fold_f3,Tejido Adiposo,2354,14973,62016,4.2431801716702466e-07,20.633597332221758
seba_5fold_f3,Tejido Adiposo,2367,15229,60480,2.688369988845807e-07,9.670696123384744
seba_5fold_f3,Tejido Adiposo,2368,15229,60736,2.766034299384046e-07,10.337640683618174
seba_5fold_f3,Tejido Adiposo,2369,15229,60992,5.368897859625577e-07,27.865777407253024
seba_5fold_f3,Tejido Adiposo,2370,15229,61248,3.772318279970932e-07,17.653188828678616
seba_5fold_f3,Tejido Adiposo,2371,15229,61504,4.2142889356000524e-07,20.425177157148813
seba_5fold_f3,Tejido Adiposo,2372,15229,61760,1.3922713151259813e-06,47.81158816173406
seba_5fold_f3,Tejido Adiposo,2373,15229,62016,7.557147796433128e-07,36.119216340141726
seba_5fold_f3,Tejido Adiposo,2381,15485,60480,2.7732741614272527e-07,10.421008753647353
seba_5fold_f3,Tejido Adiposo,2382,15485,60736,5.096334234622191e-07,26.115047936640266
seba_5fold_f3,Tejido Adiposo,2383,15485,62016,5.307405785970332e-07,27.490621092121717
seba_5fold_f3,Tejido Adiposo,2389,15741,62016,7.480945214410895e-07,35.91079616506878
seba_5fold_f3,Tejido Adiposo,2395,15997,62016,3.995648114596406e-07,18.96623593163818
seba_5fold_f3,Tejido Adiposo,2401,16253,62016,4.973688874088111e-07,25.323051271363067
seba_5fold_f4,Nucleos alto grado,1039,8446,71104,0.00036139090661890805,80.24176740308462
seba_5fold_f4,Nucleos alto grado,1040,8446,71360,0.0010933547746390104,98.33263859941643
seba_5fold_f4,Nucleos alto grado,1067,8958,70848,0.0001759287843015045,63.21383909962484
seba_5fold_f4,Nucleos alto grado,1068,8958,71104,0.0007889309781603515,94.78949562317632
seba_5fold_f4,Nucleos alto grado,1071,8958,71872,0.0007958635687828064,94.93538974572739
seba_5fold_f4,Nucleos alto grado,1084,9214,71104,0.0005845542764291167,89.99583159649855
seba_5fold_f4,Nucleos alto grado,1087,9214,71872,0.0007583574624732137,94.22676115047936
seba_5fold_f4,Nucleos alto grado,1101,9470,71104,0.0006071471143513918,90.74614422676115
seba_5fold_f4,Nucleos alto grado,1102,9470,71360,0.0008327575633302331,95.56065027094623
seba_5fold_f4,Nucleos alto grado,1117,9726,71104,0.001223610364831984,98.95789912463526
seba_5fold_f4,Nucleos alto grado,1120,9726,71872,0.00020674517145380378,67.63234681117132
seba_5fold_f4,Nucleos alto grado,1121,9726,72128,0.00040968635585159063,83.01375573155481
seba_5fold_f4,Nucleos alto grado,1151,10238,71616,0.00045837153447791934,85.4522717799083
seba_5fold_f4,Mitosis,1085,9214,71360,0.0009100204333662987,96.49854105877449
seba_5fold_f4,Mitosis,1098,9470,70336,0.0008722650818526745,96.1025427261359
seba_5fold_f4,Mitosis,1102,9470,71360,0.0008327575633302331,95.56065027094623
seba_5fold_f4,Mitosis,1114,9726,70336,0.0010640183463692665,98.0616923718216
seba_5fold_f4,Mitosis,1115,9726,70592,0.0010348523501306772,97.85327219674865
seba_5fold_f4,Mitosis,1118,9726,71360,0.0008129539201036096,95.24802000833681
seba_5fold_f4,Mitosis,1152,10238,71872,0.0010263961739838123,97.72822009170488
seba_5fold_f4,Mitosis,1153,10238,72128,0.00045752135338261724,85.4105877448937
seba_5fold_f4,Mitosis,1962,11645,55104,0.0006673731259070337,92.22592746977908
seba_5fold_f4,Mitosis,1963,11645,55360,0.0014751972630620003,99.77073780741976
seba_5fold_f4,Mitosis,1965,11645,55872,0.0012768612941727042,99.24968736973739
seba_5fold_f4,Mitosis,1972,11645,57664,0.0006631213473156095,92.08003334722801
seba_5fold_f4,Mitosis,1987,11901,55872,0.001600195886567235,99.89578991246353
seba_5fold_f4,Mitosis,1994,11901,57664,0.0006329667521640658,91.41308878699458
seba_5fold_f4,Mitosis,2022,12157,58176,0.0003442162415012717,79.30387661525636
seba_5fold_f4,Mitosis,2026,12157,59200,0.0006163272773846984,90.99624843684869
seba_5fold_f4,Mitosis,2052,12413,58176,0.0016029853140935302,99.91663192997082
seba_5fold_f4,Mitosis,2053,12413,58432,0.0012468035565689206,99.08295122967904
seba_5fold_f4,Mitosis,2054,12413,58688,0.0010440476471558213,97.89495623176323
seba_5fold_f4,Mitosis,2074,12669,55616,0.0013950210995972157,99.6248436848687
seba_5fold_f4,Mitosis,2075,12669,55872,0.0010960137005895376,98.3951646519383
seba_5fold_f4,Mitosis,2120,12925,59200,0.0007244389271363616,93.49729053772406
seba_5fold_f4,Mitosis,2137,13181,55616,0.0012446779292076826,99.04126719466444
seba_5fold_f4,Mitosis,2203,13693,56896,0.0011934904614463449,98.79116298457691
seba_5fold_f4,Mitosis,2215,13693,59968,0.0003073771367780864,76.67778240933723
seba_5fold_f4,Mitosis,2234,13949,57408,0.0005691901897080243,89.55814922884535
seba_5fold_f4,Mitosis,2317,14717,58688,0.0006855965475551784,92.66360983743226
seba_5fold_f4,Mitosis,2341,14973,58688,0.0003405089082662016,79.01208837015423
seba_5fold_f4,Immune cells,1979,11901,53824,3.1247123843058944e-05,32.07586494372655
seba_5fold_f4,Immune cells,1980,11901,54080,8.533854270353913e-05,47.39474781158816
seba_5fold_f4,Immune cells,1981,11901,54336,1.9010063624591567e-05,24.17674030846186
seba_5fold_f4,Immune cells,2005,12157,53824,3.709150405484252e-05,34.34764485202167
seba_5fold_f4,Immune cells,2006,12157,54080,3.095136707997881e-05,31.950812838682783
seba_5fold_f4,Immune cells,2007,12157,54336,4.939389327773824e-05,38.641100458524384
seba_5fold_f4,Immune cells,2033,12413,53312,3.7266319850459695e-05,34.389328887036264
seba_5fold_f4,Immune cells,2034,12413,53568,2.2118660126579925e-05,27.157148812005
seba_5fold_f4,Immune cells,2035,12413,53824,7.295792602235451e-05,44.893705710712794
seba_5fold_f4,Immune cells,2036,12413,54080,8.252539555542171e-05,46.89453939141309
seba_5fold_f4,Immune cells,2037,12413,54336,0.00022779195569455624,69.92496873697374
seba_5fold_f4,Immune cells,2065,12669,53312,0.00010569584992481396,51.43809920800334
seba_5fold_f4,Immune cells,2066,12669,53568,4.826002987101674e-05,38.37015423092955
seba_5fold_f4,Immune cells,2067,12669,53824,3.997145176981576e-05,35.28553563984994
seba_5fold_f4,Immune cells,2068,12669,54080,0.00019603429245762527,66.23593163818258
seba_5fold_f4,Immune cells,2069,12669,54336,0.0006987079977989197,93.05960817007086
seba_5fold_f4,Immune cells,2097,12925,53312,1.5232494661177043e-05,19.153814089203834
seba_5fold_f4,Immune cells,2098,12925,53568,4.6970220864750445e-05,37.97415589829095
seba_5fold_f4,Immune cells,2099,12925,53824,0.0001542339741718024,59.733222175906626
seba_5fold_f4,Immune cells,2100,12925,54080,0.0003474702825769782,79.42892872030012
seba_5fold_f4,Immune cells,2131,13181,54080,0.0001378162414766848,56.91954981242184
seba_5fold_f4,Immune cells,2146,13181,57920,0.00014771742280572653,58.39933305543977
seba_5fold_f4,Immune cells,2148,13181,58432,0.00019240386609453708,65.69403918299291
seba_5fold_f4,Tumor,2057,12413,59456,0.0009007304324768484,96.4360150062526
seba_5fold_f4,Tumor,2058,12413,59712,0.00021723542886320502,69.00791996665278
seba_5fold_f4,Tumor,2059,12413,59968,0.00015085881750565022,59.107961650687784
seba_5fold_f4,Tumor,2089,12669,59456,0.000507998454850167,87.59899958315965
seba_5fold_f4,Tumor,2090,12669,59712,0.0007211114279925823,93.41392246769487
seba_5fold_f4,Tumor,2091,12669,59968,0.0004417810414452106,84.51438099208004
seba_5fold_f4,Tumor,2092,12669,60224,0.00030595032148994505,76.63609837432263
seba_5fold_f4,Tumor,2093,12669,60480,0.0008203779580071568,95.39391413088786
seba_5fold_f4,Tumor,2094,12669,60736,0.0007736573461443186,94.51854939558149
seba_5fold_f4,Tumor,2095,12669,60992,0.00023834277817513794,71.13380575239684
seba_5fold_f4,Tumor,2121,12925,59456,0.0002902104170061648,75.48978741142143
seba_5fold_f4,Tumor,2122,12925,59712,0.0007997365319170058,94.95623176323468
seba_5fold_f4,Tumor,2123,12925,59968,0.00017620828293729573,63.27636515214673
seba_5fold_f4,Tumor,2124,12925,60224,0.0004514142347034067,84.99374739474781
seba_5fold_f4,Tumor,2125,12925,60480,0.0005547144101001322,89.12046686119217
seba_5fold_f4,Tumor,2126,12925,60736,0.00038424477679654956,81.57565652355147
seba_5fold_f4,Tumor,2127,12925,60992,0.00033672692370601,78.69945810754481
seba_5fold_f4,Tumor,2152,13181,59456,0.00020943148410879076,68.02834514380991
seba_5fold_f4,Tumor,2153,13181,59712,0.0007632189081050456,94.37265527303043
seba_5fold_f4,Tumor,2154,13181,59968,0.00038603274151682854,81.82576073363902
seba_5fold_f4,Tumor,2155,13181,60224,0.00043811288196593523,84.18090871196331
seba_5fold_f4,Tumor,2156,13181,60480,0.0005335775786079466,88.49520633597332
seba_5fold_f4,Tumor,2157,13181,60736,0.0005034977803006768,87.3697373905794
seba_5fold_f4,Tumor,2158,13181,60992,0.0007488938863389194,94.06002501042101
seba_5fold_f4,Tumor,2185,13437,59968,0.00018304183322470635,64.42267611504793
seba_5fold_f4,Tumor,2186,13437,60224,0.0009257178753614426,96.66527719883285
seba_5fold_f4,Tumor,2187,13437,60480,0.0005577139090746641,89.20383493122134
seba_5fold_f4,Tumor,2188,13437,60736,0.0006796030211262405,92.4968736973739
seba_5fold_f4,Tumor,2189,13437,60992,0.0006847509066574275,92.62192580241768
seba_5fold_f4,Tumor,2215,13693,59968,0.0003073771367780864,76.67778240933723
seba_5fold_f4,Tumor,2216,13693,60224,0.0005268370732665062,88.34931221342227
seba_5fold_f4,Tumor,2217,13693,60480,0.0005706149968318641,89.64151729887453
seba_5fold_f4,Tumor,2218,13693,60736,0.00031254993518814445,77.03209670696124
seba_5fold_f4,Tumor,2219,13693,60992,0.00040158830233849585,82.59691538140892
seba_5fold_f4,Tumor,2236,13949,57920,0.0006626820540986955,92.05919132972072
seba_5fold_f4,Tumor,2237,13949,58176,0.000410145556088537,83.0554397665694
seba_5fold_f4,Tumor,2238,13949,58432,0.0007737958803772926,94.5393914130888
seba_5fold_f4,Tumor,2239,13949,58688,0.0002635219134390354,73.34305960817007
seba_5fold_f4,Tumor,2243,13949,59712,0.00044133898336440325,84.49353897457274
seba_5fold_f4,Tumor,2244,13949,59968,0.0005806333501823246,89.87077949145477
seba_5fold_f4,Tumor,2263,14205,57920,0.0010271993232890964,97.79074614422676
seba_5fold_f4,Tumor,2264,14205,58176,0.000612485280726105,90.91288036681951
seba_5fold_f4,Tumor,2265,14205,58432,0.001466624904423952,99.74989578991246
seba_5fold_f4,Tumor,2266,14205,58688,0.0007701176218688488,94.45602334305961
seba_5fold_f4,Tumor,2289,14461,57920,0.0002859150990843773,75.23968320133389
seba_5fold_f4,Tumor,2290,14461,58176,0.0002263577189296484,69.86244268445185
seba_5fold_f4,Tumor,2291,14461,58432,0.0014245931524783373,99.66652771988329
seba_5fold_f4,Tumor,2292,14461,58688,0.0005509306793101132,89.03709879116299
seba_5fold_f4,necrosis,1523,15870,75712,0.00020374312589410692,67.29887453105461
seba_5fold_f4,necrosis,1524,15870,75968,0.0009456677944399416,96.8736973739058
seba_5fold_f4,necrosis,1525,15870,76224,0.0010951162548735738,98.37432263443101
seba_5fold_f4,necrosis,1535,16126,75712,0.00017022677639033645,62.17173822426011
seba_5fold_f4,necrosis,1536,16126,75968,0.0012484632898122072,99.12463526469362
seba_5fold_f4,necrosis,1537,16126,76224,0.00048128285561688244,86.6402667778241
seba_5fold_f4,necrosis,1545,16382,75712,4.380000245873816e-05,36.91121300541892
seba_5fold_f4,necrosis,1546,16382,75968,0.0004725054313894361,86.05669028761984
seba_5fold_f4,necrosis,1547,16382,76224,0.00011063483543694019,52.27177990829512
seba_5fold_f4,necrosis,2111,12925,56896,0.000439513853052631,84.30596081700709
seba_5fold_f4,necrosis,2142,13181,56896,0.0006680284859612584,92.24676948728637
seba_5fold_f4,necrosis,2205,13693,57408,0.0003165362577419728,77.38641100458524
seba_5fold_f4,necrosis,2232,13949,56896,0.00026348387473262846,73.32221759066277
seba_5fold_f4,necrosis,2233,13949,57152,0.0004553015169221908,85.28553563984994
seba_5fold_f4,necrosis,2235,13949,57664,0.0008021599496714771,95.03959983326386
seba_5fold_f4,necrosis,2236,13949,57920,0.0006626820540986955,92.05919132972072
seba_5fold_f4,necrosis,2262,14205,57664,0.0007901073549874127,94.81033764068361
seba_5fold_f4,necrosis,2263,14205,57920,0.0010271993232890964,97.79074614422676
seba_5fold_f4,Stroma,2115,12925,57920,0.0001856890885392204,64.86035848270113
seba_5fold_f4,Stroma,2116,12925,58176,0.00011661239841487259,53.438932888703626
seba_5fold_f4,Stroma,2117,12925,58432,0.0007431464036926627,93.87244685285536
seba_5fold_f4,Stroma,2118,12925,58688,0.00063779775518924,91.51729887453105
seba_5fold_f4,Stroma,2146,13181,57920,0.00014771742280572653,58.39933305543977
seba_5fold_f4,Stroma,2147,13181,58176,7.728953642072156e-05,45.64401834097541
seba_5fold_f4,Stroma,2148,13181,58432,0.00019240386609453708,65.69403918299291
seba_5fold_f4,Stroma,2149,13181,58688,0.00014401055523194373,57.8574406002501
seba_5fold_f4,Stroma,2177,13437,57920,0.0004699229612015188,85.95248020008337
seba_5fold_f4,Stroma,2178,13437,58176,0.0003223497187718749,77.74072530220926
seba_5fold_f4,Stroma,2179,13437,58432,0.0001646735763642937,61.29637348895373
seba_5fold_f4,Stroma,2180,13437,58688,6.58904027659446e-05,43.3097123801584
seba_5fold_f4,Tejido Adiposo,1584,19066,63040,8.836771485221107e-06,2.209253855773239
seba_5fold_f4,Tejido Adiposo,1585,19322,63040,9.528638656775001e-06,4.314297624010004
seba_5fold_f4,Tejido Adiposo,1586,19322,63296,8.407879249716643e-06,1.1046269278866194
seba_5fold_f4,Tejido Adiposo,1587,19578,63040,8.92656680662185e-06,2.4385160483534807
seba_5fold_f4,Tejido Adiposo,1588,19578,63296,1.160729971161345e-05,10.900375156315132
seba_5fold_f4,Tejido Adiposo,1589,19834,63040,8.718007848074194e-06,1.7924135056273447
seba_5fold_f4,Tejido Adiposo,1590,19834,63296,1.2043179594911635e-05,12.192580241767404
seba_5fold_f4,Tejido Adiposo,2348,14973,60480,1.0908354852290358e-05,8.982909545644018
seba_5fold_f4,Tejido Adiposo,2349,14973,60736,9.866528671409469e-06,5.3772405168820345
seba_5fold_f4,Tejido Adiposo,2350,14973,60992,1.2125892681069672e-05,12.40100041684035
seba_5fold_f4,Tejido Adiposo,2351,14973,61248,1.3955278518551495e-05,16.423509795748227
seba_5fold_f4,Tejido Adiposo,2352,14973,61504,1.5796846128068864e-05,20.0708628595248
seba_5fold_f4,Tejido Adiposo,2353,14973,61760,1.053386768035125e-05,7.774072530220925
seba_5fold_f4,Tejido Adiposo,2354,14973,62016,8.830157639749814e-06,2.1675698207586493
seba_5fold_f4,Tejido Adiposo,2367,15229,60480,1.0700849088607356e-05,8.50354314297624
seba_5fold_f4,Tejido Adiposo,2368,15229,60736,1.1684655873978045e-05,11.192163401417258
seba_5fold_f4,Tejido Adiposo,2369,15229,60992,1.1439830814197194e-05,10.379324718632764
seba_5fold_f4,Tejido Adiposo,2370,15229,61248,1.2066804629284889e-05,12.255106294289288
seba_5fold_f4,Tejido Adiposo,2371,15229,61504,9.559689715388231e-06,4.397665694039183
seba_5fold_f4,Tejido Adiposo,2372,15229,61760,1.2926793715450913e-05,14.130887869945811
seba_5fold_f4,Tejido Adiposo,2373,15229,62016,9.81748235062696e-06,5.168820341809087
seba_5fold_f4,Tejido Adiposo,2381,15485,60480,1.0539690265432e-05,7.815756565235515
seba_5fold_f4,Tejido Adiposo,2382,15485,60736,1.1744078619813081e-05,11.4214255939975
seba_5fold_f4,Tejido Adiposo,2383,15485,62016,9.730316378409043e-06,4.877032096706961
seba_5fold_f4,Tejido Adiposo,2389,15741,62016,1.1810693649749737e-05,11.588161734055857
seba_5fold_f4,Tejido Adiposo,2395,15997,62016,9.07983849174343e-06,2.8136723634847853
seba_5fold_f4,Tejido Adiposo,2401,16253,62016,9.696301276562735e-06,4.7311379741558985
tier0_f0,Nucleos alto grado,1039,8446,71104,2.2272142814472318e-05,75.88578574406003
tier0_f0,Nucleos alto grado,1040,8446,71360,0.0005104208830744028,90.9754064193414
tier0_f0,Nucleos alto grado,1067,8958,70848,5.843894541612826e-06,66.50687786577741
tier0_f0,Nucleos alto grado,1068,8958,71104,0.0002763885131571442,88.30762817840767
tier0_f0,Nucleos alto grado,1071,8958,71872,0.00027968065114691854,88.45352230095874
tier0_f0,Nucleos alto grado,1084,9214,71104,0.0003847244952339679,89.84993747394748
tier0_f0,Nucleos alto grado,1087,9214,71872,3.601756543503143e-05,78.86619424760316
tier0_f0,Nucleos alto grado,1101,9470,71104,0.0003082801413256675,88.93288870362652
tier0_f0,Nucleos alto grado,1102,9470,71360,0.003898944705724716,98.8120050020842
tier0_f0,Nucleos alto grado,1117,9726,71104,0.00640574935823679,99.70821175489787
tier0_f0,Nucleos alto grado,1120,9726,71872,3.697278998515685e-06,63.0054189245519
tier0_f0,Nucleos alto grado,1121,9726,72128,0.00024310107983183116,87.765735723218
tier0_f0,Nucleos alto grado,1151,10238,71616,0.0007425471558235586,92.66360983743226
tier0_f0,Mitosis,1085,9214,71360,0.00038262130692601204,89.82909545644019
tier0_f0,Mitosis,1098,9470,70336,0.003208946669474244,98.20758649437265
tier0_f0,Mitosis,1102,9470,71360,0.003898944705724716,98.8120050020842
tier0_f0,Mitosis,1114,9726,70336,0.0040378691628575325,98.87453105460608
tier0_f0,Mitosis,1115,9726,70592,0.006579908542335033,99.81242184243435
tier0_f0,Mitosis,1118,9726,71360,0.0014695943100377917,95.74822842851188
tier0_f0,Mitosis,1152,10238,71872,0.006792637053877115,99.83326385994164
tier0_f0,Mitosis,1153,10238,72128,0.0009288830915465951,93.64318466027511
tier0_f0,Mitosis,1962,11645,55104,3.249254950787872e-05,78.22009170487703
tier0_f0,Mitosis,1963,11645,55360,1.0469490916875657e-05,70.67528136723635
tier0_f0,Mitosis,1965,11645,55872,0.0013876564335078,95.35223009587328
tier0_f0,Mitosis,1972,11645,57664,0.0010263993171975017,94.03918299291371
tier0_f0,Mitosis,1987,11901,55872,0.0018991793040186167,96.72780325135473
tier0_f0,Mitosis,1994,11901,57664,0.0021430703345686197,97.14464360150062
tier0_f0,Mitosis,2022,12157,58176,4.1426479583606124e-05,79.49145477282201
tier0_f0,Mitosis,2026,12157,59200,0.0008591899531893432,93.3097123801584
tier0_f0,Mitosis,2052,12413,58176,0.005283819045871496,99.39558149228846
tier0_f0,Mitosis,2053,12413,58432,0.008812283165752888,100.0
tier0_f0,Mitosis,2054,12413,58688,0.006388734094798565,99.68736973739058
tier0_f0,Mitosis,2074,12669,55616,0.00369440671056509,98.56190079199666
tier0_f0,Mitosis,2075,12669,55872,0.00042836088687181473,90.32930387661526
tier0_f0,Mitosis,2120,12925,59200,9.637872426537797e-05,83.63901625677366
tier0_f0,Mitosis,2137,13181,55616,0.0037581739015877247,98.60358482701126
tier0_f0,Mitosis,2203,13693,56896,0.005039663054049015,99.33305543976657
tier0_f0,Mitosis,2215,13693,59968,2.7460533601697534e-05,77.09462275948312
tier0_f0,Mitosis,2234,13949,57408,0.004702760372310877,99.18716131721551
tier0_f0,Mitosis,2317,14717,58688,0.0009669833234511316,93.78907878282618
tier0_f0,Mitosis,2341,14973,58688,0.0009181602508760989,93.58065860775324
tier0_f0,Immune cells,1979,11901,53824,4.065862313495927e-09,21.550646102542725
tier0_f0,Immune cells,1980,11901,54080,5.443790129788795e-08,40.850354314297626
tier0_f0,Immune cells,1981,11901,54336,5.138908409918486e-09,24.739474781158815
tier0_f0,Immune cells,2005,12157,53824,1.6354306353605352e-07,45.31054606085869
tier0_f0,Immune cells,2006,12157,54080,4.152238997079394e-09,21.800750312630264
tier0_f0,Immune cells,2007,12157,54336,7.067717966435794e-09,28.053355564818673
tier0_f0,Immune cells,2033,12413,53312,2.1603675293135893e-08,36.34847853272197
tier0_f0,Immune cells,2034,12413,53568,9.985956062052992e-09,30.971238015839933
tier0_f0,Immune cells,2035,12413,53824,5.269559011367164e-08,40.641934139224674
tier0_f0,Immune cells,2036,12413,54080,1.4618516175346485e-08,33.76406836181742
tier0_f0,Immune cells,2037,12413,54336,7.223300713121716e-07,52.16756982075865
tier0_f0,Immune cells,2065,12669,53312,1.0940825490024508e-07,43.72655273030429
tier0_f0,Immune cells,2066,12669,53568,1.431047191857715e-08,33.61817423926636
tier0_f0,Immune cells,2067,12669,53824,6.4224656703970595e-09,27.136306794497706
tier0_f0,Immune cells,2068,12669,54080,3.841113027647225e-07,49.06210921217174
tier0_f0,Immune cells,2069,12669,54336,0.00034601506195031106,89.3705710712797
tier0_f0,Immune cells,2097,12925,53312,4.208237758263067e-09,21.988328470195913
tier0_f0,Immune cells,2098,12925,53568,8.911660742683125e-09,30.137557315548143
tier0_f0,Immune cells,2099,12925,53824,1.3484796568263846e-07,44.456023343059606
tier0_f0,Immune cells,2100,12925,54080,4.1781859749789874e-07,49.49979157982493
tier0_f0,Immune cells,2131,13181,54080,3.9678266716691724e-07,49.228845352230096
tier0_f0,Immune cells,2146,13181,57920,1.0474773404212101e-07,43.51813255523135
tier0_f0,Immune cells,2148,13181,58432,1.7400419949353818e-07,45.560650270946226
tier0_f0,Tumor,2057,12413,59456,0.0008610256481915712,93.3305543976657
tier0_f0,Tumor,2058,12413,59712,1.485999564465601e-05,73.38474364318466
tier0_f0,Tumor,2059,12413,59968,1.5056769370858092e-05,73.48895373072114
tier0_f0,Tumor,2089,12669,59456,0.0021506333723664284,97.16548561900792
tier0_f0,Tumor,2090,12669,59712,0.0010224089492112398,94.01834097540642
tier0_f0,Tumor,2091,12669,59968,0.000807755277492106,93.08045018757815
tier0_f0,Tumor,2092,12669,60224,0.0002762642689049244,88.28678616090038
tier0_f0,Tumor,2093,12669,60480,0.003393474267795682,98.3951646519383
tier0_f0,Tumor,2094,12669,60736,0.0011391593143343925,94.41433930804502
tier0_f0,Tumor,2095,12669,60992,8.635332960693631e-06,69.23718215923301
tier0_f0,Tumor,2121,12925,59456,0.00029746218933723867,88.74531054606086
tier0_f0,Tumor,2122,12925,59712,0.0004628078022506088,90.68361817423927
tier0_f0,Tumor,2123,12925,59968,2.4303719328599982e-05,76.36515214672781
tier0_f0,Tumor,2124,12925,60224,0.00012144503853050992,84.57690704460192
tier0_f0,Tumor,2125,12925,60480,0.00025220081442967057,87.97415589829096
tier0_f0,Tumor,2126,12925,60736,0.00010591821046546102,83.93080450187578
tier0_f0,Tumor,2127,12925,60992,0.00018123132758773863,86.36932055022926
tier0_f0,Tumor,2152,13181,59456,2.9005320811847923e-06,61.48395164651938
tier0_f0,Tumor,2153,13181,59712,2.0707464500446804e-05,75.5939974989579
tier0_f0,Tumor,2154,13181,59968,0.0006048768991604447,91.43393080450187
tier0_f0,Tumor,2155,13181,60224,3.4952478017657995e-05,78.67861609003752
tier0_f0,Tumor,2156,13181,60480,0.000137365932459943,85.11879949979158
tier0_f0,Tumor,2157,13181,60736,0.00021117876167409122,86.99458107544811
tier0_f0,Tumor,2158,13181,60992,0.00290644820779562,97.95748228428512
tier0_f0,Tumor,2185,13437,59968,1.5705396663179272e-06,56.89870779491455
tier0_f0,Tumor,2186,13437,60224,9.91891574813053e-05,83.70154230929553
tier0_f0,Tumor,2187,13437,60480,0.00024124524497892708,87.70320967069613
tier0_f0,Tumor,2188,13437,60736,7.087508856784552e-05,82.09670696123385
tier0_f0,Tumor,2189,13437,60992,0.001343839569017291,95.18549395581492
tier0_f0,Tumor,2215,13693,59968,2.7460533601697534e-05,77.09462275948312
tier0_f0,Tumor,2216,13693,60224,0.00010405665670987219,83.88912046686119
tier0_f0,Tumor,2217,13693,60480,3.156287129968405e-05,78.07419758232597
tier0_f0,Tumor,2218,13693,60736,3.130818731733598e-05,77.92830345977491
tier0_f0,Tumor,2219,13693,60992,7.886125968070701e-05,82.6802834514381
tier0_f0,Tumor,2236,13949,57920,0.00029519209056161344,88.68278449353897
tier0_f0,Tumor,2237,13949,58176,0.0003997485328000039,90.05835764902042
tier0_f0,Tumor,2238,13949,58432,0.001203526509925723,94.66444351813256
tier0_f0,Tumor,2239,13949,58688,7.176907274697442e-06,67.90329303876615
tier0_f0,Tumor,2243,13949,59712,7.086515688570216e-05,82.07586494372656
tier0_f0,Tumor,2244,13949,59968,0.00044092393363825977,90.45435598165902
tier0_f0,Tumor,2263,14205,57920,0.004683555103838444,99.1663192997082
tier0_f0,Tumor,2264,14205,58176,0.00015402295684907585,85.51479783243018
tier0_f0,Tumor,2265,14205,58432,0.0006921155145391822,92.22592746977908
tier0_f0,Tumor,2266,14205,58688,0.00023967944434843957,87.64068361817424
tier0_f0,Tumor,2289,14461,57920,0.00024316507915500551,87.8074197582326
tier0_f0,Tumor,2290,14461,58176,1.5832252756808884e-05,73.82242601083784
tier0_f0,Tumor,2291,14461,58432,0.0019781505689024925,96.85285535639849
tier0_f0,Tumor,2292,14461,58688,0.0003394124796614051,89.26636098374323
tier0_f0,necrosis,1523,15870,75712,7.683420699322596e-05,82.55523134639434
tier0_f0,necrosis,1524,15870,75968,0.00042350622243247926,90.22509378907878
tier0_f0,necrosis,1525,15870,76224,0.00019370057270862162,86.68195081283868
tier0_f0,necrosis,1535,16126,75712,4.8810972657520324e-05,80.49187161317215
tier0_f0,necrosis,1536,16126,75968,1.3853178643330466e-05,72.90537724051688
tier0_f0,necrosis,1537,16126,76224,7.662894859095104e-06,68.528553563985
tier0_f0,necrosis,1545,16382,75712,1.669608096221964e-08,34.68111713213839
tier0_f0,necrosis,1546,16382,75968,4.756094313052017e-06,65.06877865777408
tier0_f0,necrosis,1547,16382,76224,4.77852381663979e-07,49.97915798249271
tier0_f0,necrosis,2111,12925,56896,0.0003971800615545362,89.99583159649855
tier0_f0,necrosis,2142,13181,56896,0.0006971289403736591,92.26761150479366
tier0_f0,necrosis,2205,13693,57408,0.00017941884289029986,86.28595248020008
tier0_f0,necrosis,2232,13949,56896,7.32710486772703e-06,68.13255523134639
tier0_f0,necrosis,2233,13949,57152,0.00010316676343791187,83.8682784493539
tier0_f0,necrosis,2235,13949,57664,0.00010766310879262164,84.07669862442684
tier0_f0,necrosis,2236,13949,57920,0.00029519209056161344,88.68278449353897
tier0_f0,necrosis,2262,14205,57664,0.00016631378093734384,85.86911213005419
tier0_f0,necrosis,2263,14205,57920,0.004683555103838444,99.1663192997082
tier0_f0,Stroma,2115,12925,57920,8.985703061625827e-07,53.50145894122551
tier0_f0,Stroma,2116,12925,58176,6.423758236451249e-07,51.47978324301793
tier0_f0,Stroma,2117,12925,58432,0.0004407097294460982,90.43351396415173
tier0_f0,Stroma,2118,12925,58688,0.0004809074744116515,90.89203834931222
tier0_f0,Stroma,2146,13181,57920,1.0474773404212101e-07,43.51813255523135
tier0_f0,Stroma,2147,13181,58176,2.020252942713796e-08,36.035848270112545
tier0_f0,Stroma,2148,13181,58432,1.7400419949353818e-07,45.560650270946226
tier0_f0,Stroma,2149,13181,58688,6.146938176243566e-07,51.20883701542309
tier0_f0,Stroma,2177,13437,57920,0.00024726835545152426,87.89078782826178
tier0_f0,Stroma,2178,13437,58176,8.126965440169442e-06,68.79949979157982
tier0_f0,Stroma,2179,13437,58432,1.9170083760400303e-06,58.31596498541059
tier0_f0,Stroma,2180,13437,58688,1.733900312217429e-08,34.972905377240515
tier0_f0,Tejido Adiposo,1584,19066,63040,1.5867213098985644e-09,1.709045435598166
tier0_f0,Tejido Adiposo,1585,19322,63040,1.3525146558279744e-09,0.27094622759483117
tier0_f0,Tejido Adiposo,1586,19322,63296,1.5460940305800364e-09,1.3964151729887453
tier0_f0,Tejido Adiposo,1587,19578,63040,2.1515234038815834e-09,7.732388495206336
tier0_f0,Tejido Adiposo,1588,19578,63296,2.422582578986976e-09,10.962901208837016
tier0_f0,Tejido Adiposo,1589,19834,63040,1.644691383084762e-09,2.12588578574406
tier0_f0,Tejido Adiposo,1590,19834,63296,2.354685113559185e-09,10.316798666110879
tier0_f0,Tejido Adiposo,2348,14973,60480,4.204980363908817e-09,21.96748645268862
tier0_f0,Tejido Adiposo,2349,14973,60736,2.6263602403986397e-09,13.15131304710296
tier0_f0,Tejido Adiposo,2350,14973,60992,2.078026195562188e-09,6.898707794914547
tier0_f0,Tejido Adiposo,2351,14973,61248,3.3435243462776043e-09,18.299291371404752
tier0_f0,Tejido Adiposo,2352,14973,61504,1.8219471487057604e-09,4.064193413922467
tier0_f0,Tejido Adiposo,2353,14973,61760,1.4130124847966385e-09,0.6044185077115465
tier0_f0,Tejido Adiposo,2354,14973,62016,1.6661014790031459e-09,2.334305960817007
tier0_f0,Tejido Adiposo,2367,15229,60480,2.211119287665042e-09,8.566069195498125
tier0_f0,Tejido Adiposo,2368,15229,60736,1.89573445830149e-09,4.751979991663193
tier0_f0,Tejido Adiposo,2369,15229,60992,1.6492525123368296e-09,2.2300958732805336
tier0_f0,Tejido Adiposo,2370,15229,61248,2.160924772454109e-09,7.878282617757399
tier0_f0,Tejido Adiposo,2371,15229,61504,1.7275301189556558e-09,2.959566486035848
tier0_f0,Tejido Adiposo,2372,15229,61760,2.2123258780482047e-09,8.607753230512714
tier0_f0,Tejido Adiposo,2373,15229,62016,1.4451064789255952e-09,0.7711546477699042
tier0_f0,Tejido Adiposo,2381,15485,60480,1.5466515845830031e-09,1.41725719049604
tier0_f0,Tejido Adiposo,2382,15485,60736,1.554758655153421e-09,1.4589412255106293
tier0_f0,Tejido Adiposo,2383,15485,62016,1.519617764955683e-09,1.2505210504376825
tier0_f0,Tejido Adiposo,2389,15741,62016,1.980511754595682e-09,5.627344726969571
tier0_f0,Tejido Adiposo,2395,15997,62016,1.2756450340489778e-09,0.14589412255106293
tier0_f0,Tejido Adiposo,2401,16253,62016,1.3836145562606816e-09,0.45852438516048355
tier0_f1,Nucleos alto grado,1039,8446,71104,0.00020749703980982304,77.30304293455606
tier0_f1,Nucleos alto grado,1040,8446,71360,0.0009348181774839759,91.68403501458941
tier0_f1,Nucleos alto grado,1067,8958,70848,5.6621109251864254e-05,65.79824927052938
tier0_f1,Nucleos alto grado,1068,8958,71104,0.0008679411839693785,90.62109212171738
tier0_f1,Nucleos alto grado,1071,8958,71872,0.0009488101932220161,91.85077115464777
tier0_f1,Nucleos alto grado,1084,9214,71104,0.0008085556328296661,89.8082534389329
tier0_f1,Nucleos alto grado,1087,9214,71872,0.0007946889381855726,89.59983326385994
tier0_f1,Nucleos alto grado,1101,9470,71104,0.0004170444735791534,83.38891204668612
tier0_f1,Nucleos alto grado,1102,9470,71360,0.0017609636997804046,98.58274280950396
tier0_f1,Nucleos alto grado,1117,9726,71104,0.001874888432212174,99.10379324718633
tier0_f1,Nucleos alto grado,1120,9726,71872,0.0001835811708588153,76.32346811171321
tier0_f1,Nucleos alto grado,1121,9726,72128,0.0003843795566353947,82.76365152146728
tier0_f1,Nucleos alto grado,1151,10238,71616,0.0005674330750480294,85.93163818257608
tier0_f1,Mitosis,1085,9214,71360,0.0008946951129473746,91.05877448937058
tier0_f1,Mitosis,1098,9470,70336,0.001620944240130484,97.79074614422676
tier0_f1,Mitosis,1102,9470,71360,0.0017609636997804046,98.58274280950396
tier0_f1,Mitosis,1114,9726,70336,0.0016424290370196104,97.97832430179241
tier0_f1,Mitosis,1115,9726,70592,0.0020794339943677187,99.6248436848687
tier0_f1,Mitosis,1118,9726,71360,0.0009292095783166587,91.51729887453105
tier0_f1,Mitosis,1152,10238,71872,0.0020191138610243797,99.49979157982493
tier0_f1,Mitosis,1153,10238,72128,0.000787028984632343,89.49562317632346
tier0_f1,Mitosis,1962,11645,55104,0.0004922616062685847,84.57690704460192
tier0_f1,Mitosis,1963,11645,55360,0.0007687713950872421,89.20383493122134
tier0_f1,Mitosis,1965,11645,55872,0.0015616674209013581,97.51979991663192
tier0_f1,Mitosis,1972,11645,57664,0.0011234728153795004,94.01834097540642
tier0_f1,Mitosis,1987,11901,55872,0.00171776139177382,98.3951646519383
tier0_f1,Mitosis,1994,11901,57664,0.0010416671866551042,93.10129220508546
tier0_f1,Mitosis,2022,12157,58176,8.392475137952715e-05,69.6540225093789
tier0_f1,Mitosis,2026,12157,59200,0.0009961517062038183,92.60108378491037
tier0_f1,Mitosis,2052,12413,58176,0.0021041654981672764,99.68736973739058
tier0_f1,Mitosis,2053,12413,58432,0.0023225555196404457,99.93747394747811
tier0_f1,Mitosis,2054,12413,58688,0.0021950260270386934,99.79157982492706
tier0_f1,Mitosis,2074,12669,55616,0.0020744199864566326,99.58315964985411
tier0_f1,Mitosis,2075,12669,55872,0.0012103543849661946,94.93538974572739
tier0_f1,Mitosis,2120,12925,59200,0.0006652494193986058,87.7865777407253
tier0_f1,Mitosis,2137,13181,55616,0.002023060340434313,99.52063359733222
tier0_f1,Mitosis,2203,13693,56896,0.0022124676033854485,99.87494789495624
tier0_f1,Mitosis,2215,13693,59968,0.0004695453098975122,84.22259274697791
tier0_f1,Mitosis,2234,13949,57408,0.0016260722186416388,97.83243017924136
tier0_f1,Mitosis,2317,14717,58688,0.001049712998792529,93.16381825760733
tier0_f1,Mitosis,2341,14973,58688,0.0005642295000143349,85.86911213005419
tier0_f1,Immune cells,1979,11901,53824,1.1859561936944374e-06,19.21634014172572
tier0_f1,Immune cells,1980,11901,54080,3.936218945455039e-06,38.182576073363904
tier0_f1,Immune cells,1981,11901,54336,1.0110255743711605e-06,16.110879533138807
tier0_f1,Immune cells,2005,12157,53824,1.554345772092347e-06,24.572738641100457
tier0_f1,Immune cells,2006,12157,54080,1.149574472947279e-06,18.674447686536055
tier0_f1,Immune cells,2007,12157,54336,1.6285513311231625e-06,25.760733639016255
tier0_f1,Immune cells,2033,12413,53312,1.7402145431333338e-06,27.032096706961234
tier0_f1,Immune cells,2034,12413,53568,1.3955785789221409e-06,22.467694872863692
tier0_f1,Immune cells,2035,12413,53824,1.2511162594819325e-06,20.19591496456857
tier0_f1,Immune cells,2036,12413,54080,2.957505557787954e-06,34.993747394747814
tier0_f1,Immune cells,2037,12413,54336,6.223772652447224e-05,66.88203418090872
tier0_f1,Immune cells,2065,12669,53312,1.9288338535261573e-06,28.7411421425594
tier0_f1,Immune cells,2066,12669,53568,2.114113840434584e-06,29.887453105460608
tier0_f1,Immune cells,2067,12669,53824,1.8508374068915145e-06,27.969987494789496
tier0_f1,Immune cells,2068,12669,54080,3.0984658224042505e-05,58.691121300541894
tier0_f1,Immune cells,2069,12669,54336,0.0009519743616692722,91.87161317215507
tier0_f1,Immune cells,2097,12925,53312,2.6638831513992045e-06,33.59733222175907
tier0_f1,Immune cells,2098,12925,53568,1.8845120166588458e-06,28.17840766986244
tier0_f1,Immune cells,2099,12925,53824,6.593900252482854e-06,43.16381825760734
tier0_f1,Immune cells,2100,12925,54080,3.9462865970563143e-05,61.62984576907045
tier0_f1,Immune cells,2131,13181,54080,9.527372640150134e-06,46.10254272613589
tier0_f1,Immune cells,2146,13181,57920,8.190589142031968e-06,44.935389745727385
tier0_f1,Immune cells,2148,13181,58432,1.0203000783803873e-05,46.8320133388912
tier0_f1,Tumor,2057,12413,59456,0.0010183830745518208,92.85118799499791
tier0_f1,Tumor,2058,12413,59712,0.00016139296349138021,74.86452688620258
tier0_f1,Tumor,2059,12413,59968,0.00010364188347011805,71.13380575239684
tier0_f1,Tumor,2089,12669,59456,0.0012482393067330122,95.22717799082952
tier0_f1,Tumor,2090,12669,59712,0.001315485336817801,95.93580658607753
tier0_f1,Tumor,2091,12669,59968,0.0008779100608080626,90.87119633180492
tier0_f1,Tumor,2092,12669,60224,0.00015768558660056442,74.59358065860775
tier0_f1,Tumor,2093,12669,60480,0.0014877062058076262,97.18632763651522
tier0_f1,Tumor,2094,12669,60736,0.0014199134893715382,96.74864526886202
tier0_f1,Tumor,2095,12669,60992,0.00011039412493119016,71.59233013755731
tier0_f1,Tumor,2121,12925,59456,0.0006425459287129343,87.411421425594
tier0_f1,Tumor,2122,12925,59712,0.0011807390255853534,94.62275948311796
tier0_f1,Tumor,2123,12925,59968,0.00015254775644280016,74.30179241350562
tier0_f1,Tumor,2124,12925,60224,0.0003214422322344035,81.4922884535223
tier0_f1,Tumor,2125,12925,60480,0.0008097146637737751,89.82909545644019
tier0_f1,Tumor,2126,12925,60736,0.000496386899612844,84.6394330971238
tier0_f1,Tumor,2127,12925,60992,0.0005287001258693635,85.32721967486452
tier0_f1,Tumor,2152,13181,59456,4.2597344872774556e-05,62.67194664443518
tier0_f1,Tumor,2153,13181,59712,0.00048373782192356884,84.43101292205085
tier0_f1,Tumor,2154,13181,59968,0.0009742863476276398,92.16340141725719
tier0_f1,Tumor,2155,13181,60224,0.00028173791361041367,80.36681950812839
tier0_f1,Tumor,2156,13181,60480,0.00042070698691532016,83.5139641517299
tier0_f1,Tumor,2157,13181,60736,0.0005137183470651507,85.0145894122551
tier0_f1,Tumor,2158,13181,60992,0.001280308933928609,95.62317632346812
tier0_f1,Tumor,2185,13437,59968,8.049226744333282e-05,69.21634014172572
tier0_f1,Tumor,2186,13437,60224,0.000900404411368072,91.18382659441434
tier0_f1,Tumor,2187,13437,60480,0.0007286173640750349,88.64110045852439
tier0_f1,Tumor,2188,13437,60736,0.0005075912340544164,84.80616923718216
tier0_f1,Tumor,2189,13437,60992,0.0010857123415917158,93.49729053772406
tier0_f1,Tumor,2215,13693,59968,0.0004695453098975122,84.22259274697791
tier0_f1,Tumor,2216,13693,60224,0.0008082730928435922,89.78741142142559
tier0_f1,Tumor,2217,13693,60480,0.0005825947737321258,86.32763651521468
tier0_f1,Tumor,2218,13693,60736,0.0003528225643094629,82.22175906627761
tier0_f1,Tumor,2219,13693,60992,0.000611023569945246,86.74447686536057
tier0_f1,Tumor,2236,13949,57920,0.0008942954009398818,91.03793247186327
tier0_f1,Tumor,2237,13949,58176,0.00032517933868803084,81.67986661108796
tier0_f1,Tumor,2238,13949,58432,0.0011217357823625207,93.97665694039183
tier0_f1,Tumor,2239,13949,58688,9.749058517627418e-05,70.59191329720717
tier0_f1,Tumor,2243,13949,59712,0.0005613485700450838,85.8274280950396
tier0_f1,Tumor,2244,13949,59968,0.0011650676606222987,94.4768653605669
tier0_f1,Tumor,2263,14205,57920,0.0020751282572746277,99.6040016673614
tier0_f1,Tumor,2264,14205,58176,0.0007346489583142102,88.76615256356816
tier0_f1,Tumor,2265,14205,58432,0.0015526043716818094,97.47811588161734
tier0_f1,Tumor,2266,14205,58688,0.0011058967793360353,93.72655273030429
tier0_f1,Tumor,2289,14461,57920,0.0006030715885572135,86.5777407253022
tier0_f1,Tumor,2290,14461,58176,7.879089389462024e-05,69.09128803668195
tier0_f1,Tumor,2291,14461,58432,0.0017301610205322504,98.47853272196748
tier0_f1,Tumor,2292,14461,58688,0.0006979903555475175,88.28678616090038
tier0_f1,necrosis,1523,15870,75712,0.00027579377638176084,80.22092538557732
tier0_f1,necrosis,1524,15870,75968,0.0005574023816734552,85.70237598999583
tier0_f1,necrosis,1525,15870,76224,0.00019999327196273953,77.11546477699041
tier0_f1,necrosis,1535,16126,75712,0.0001360646856483072,73.2596915381409
tier0_f1,necrosis,1536,16126,75968,7.080283830873668e-05,68.07002917882451
tier0_f1,necrosis,1537,16126,76224,4.5718905312241986e-05,63.526469362234266
tier0_f1,necrosis,1545,16382,75712,1.4345110685098916e-05,50.06252605252188
tier0_f1,necrosis,1546,16382,75968,1.737994716677349e-05,52.396832013338894
tier0_f1,necrosis,1547,16382,76224,7.45270517654717e-05,68.65360566902876
tier0_f1,necrosis,2111,12925,56896,0.0008684052736498415,90.64193413922467
tier0_f1,necrosis,2142,13181,56896,0.0012445219326764345,95.20633597332221
tier0_f1,necrosis,2205,13693,57408,0.00020832839072681963,77.34472696957066
tier0_f1,necrosis,2232,13949,56896,0.00038896253681741655,82.88870362651105
tier0_f1,necrosis,2233,13949,57152,0.0005269558168947697,85.26469362234265
tier0_f1,necrosis,2235,13949,57664,0.0006798686226829886,87.99499791579825
tier0_f1,necrosis,2236,13949,57920,0.0008942954009398818,91.03793247186327
tier0_f1,necrosis,2262,14205,57664,0.0004450420674402267,83.82659441433931
tier0_f1,necrosis,2263,14205,57920,0.0020751282572746277,99.6040016673614
tier0_f1,Stroma,2115,12925,57920,4.3295272917021066e-05,62.880366819508126
tier0_f1,Stroma,2116,12925,58176,9.447507181903347e-06,46.040016673614005
tier0_f1,Stroma,2117,12925,58432,0.0007371620158664882,88.80783659858274
tier0_f1,Stroma,2118,12925,58688,0.0011119077680632472,93.85160483534806
tier0_f1,Stroma,2146,13181,57920,8.190589142031968e-06,44.935389745727385
tier0_f1,Stroma,2147,13181,58176,1.7273440562348696e-06,26.84451854939558
tier0_f1,Stroma,2148,13181,58432,1.0203000783803873e-05,46.8320133388912
tier0_f1,Stroma,2149,13181,58688,6.06933499511797e-05,66.63192997082118
tier0_f1,Stroma,2177,13437,57920,0.00042872593621723354,83.65985827428095
tier0_f1,Stroma,2178,13437,58176,0.00020971022604499012,77.46977907461442
tier0_f1,Stroma,2179,13437,58432,2.6984349460690282e-05,57.21133805752397
tier0_f1,Stroma,2180,13437,58688,2.753805347310845e-06,34.01417257190496
tier0_f1,Tejido Adiposo,1584,19066,63040,4.191877565062896e-07,0.45852438516048355
tier0_f1,Tejido Adiposo,1585,19322,63040,4.2691488033597125e-07,0.6461025427261359
tier0_f1,Tejido Adiposo,1586,19322,63296,4.818149932361848e-07,2.8970404335139643
tier0_f1,Tejido Adiposo,1587,19578,63040,3.9233228221746685e-07,0.041684035014589414
tier0_f1,Tejido Adiposo,1588,19578,63296,4.1910425352398306e-07,0.43768236765318885
tier0_f1,Tejido Adiposo,1589,19834,63040,4.2257545374013716e-07,0.5210504376823677
tier0_f1,Tejido Adiposo,1590,19834,63296,4.930320756102446e-07,3.4597749062109213
tier0_f1,Tejido Adiposo,2348,14973,60480,7.596773912155186e-07,11.588161734055857
tier0_f1,Tejido Adiposo,2349,14973,60736,4.5943505710965837e-07,2.0008336807002918
tier0_f1,Tejido Adiposo,2350,14973,60992,4.658958800973778e-07,2.292621925802418
tier0_f1,Tejido Adiposo,2351,14973,61248,4.7336177999568463e-07,2.6052521884118383
tier0_f1,Tejido Adiposo,2352,14973,61504,6.210520950844511e-07,7.607336390162568
tier0_f1,Tejido Adiposo,2353,14973,61760,4.554256065603113e-07,1.854939558149229
tier0_f1,Tejido Adiposo,2354,14973,62016,4.434359368588048e-07,1.2922050854522718
tier0_f1,Tejido Adiposo,2367,15229,60480,4.5188144781604933e-07,1.709045435598166
tier0_f1,Tejido Adiposo,2368,15229,60736,5.152101607563964e-07,4.355981659024594
tier0_f1,Tejido Adiposo,2369,15229,60992,4.4504412244350533e-07,1.3964151729887453
tier0_f1,Tejido Adiposo,2370,15229,61248,5.397271252149949e-07,5.3772405168820345
tier0_f1,Tejido Adiposo,2371,15229,61504,4.4678941435449815e-07,1.5006252605252188
tier0_f1,Tejido Adiposo,2372,15229,61760,6.293546448432608e-07,7.899124635264694
tier0_f1,Tejido Adiposo,2373,15229,62016,4.174917762611585e-07,0.3751563151313047
tier0_f1,Tejido Adiposo,2381,15485,60480,4.525205667960108e-07,1.7507294706127554
tier0_f1,Tejido Adiposo,2382,15485,60736,5.143029397913779e-07,4.335139641517299
tier0_f1,Tejido Adiposo,2383,15485,62016,4.920822789244994e-07,3.418090871196332
tier0_f1,Tejido Adiposo,2389,15741,62016,4.6722362867512857e-07,2.3759899958315964
tier0_f1,Tejido Adiposo,2395,15997,62016,4.808555900126521e-07,2.855356398499375
tier0_f1,Tejido Adiposo,2401,16253,62016,4.865613618676434e-07,3.1263026260942057
tier0_f2,Nucleos alto grado,1039,8446,71104,0.00019166443962603807,76.0108378491038
tier0_f2,Nucleos alto grado,1040,8446,71360,0.001186914392746985,96.22759483117966
tier0_f2,Nucleos alto grado,1067,8958,70848,9.752122423378751e-05,60.90037515631513
tier0_f2,Nucleos alto grado,1068,8958,71104,0.00129653699696064,96.95706544393498
tier0_f2,Nucleos alto grado,1071,8958,71872,0.0010367365321144462,94.8937057107128
tier0_f2,Nucleos alto grado,1084,9214,71104,0.0006434222450479865,89.82909545644019
tier0_f2,Nucleos alto grado,1087,9214,71872,0.0008650657255202532,92.8720300125052
tier0_f2,Nucleos alto grado,1101,9470,71104,0.00045537346159107983,86.39016256773655
tier0_f2,Nucleos alto grado,1102,9470,71360,0.0013459633337333798,97.2696957065444
tier0_f2,Nucleos alto grado,1117,9726,71104,0.0021000870037823915,99.97915798249271
tier0_f2,Nucleos alto grado,1120,9726,71872,0.00020544530707411468,77.05293872446853
tier0_f2,Nucleos alto grado,1121,9726,72128,0.00027771558961831033,80.82534389328887
tier0_f2,Nucleos alto grado,1151,10238,71616,0.0003414351667743176,83.30554397665694
tier0_f2,Mitosis,1085,9214,71360,0.0010441282065585256,94.99791579824927
tier0_f2,Mitosis,1098,9470,70336,0.0015003078151494265,98.08253438932888
tier0_f2,Mitosis,1102,9470,71360,0.0013459633337333798,97.2696957065444
tier0_f2,Mitosis,1114,9726,70336,0.001536496332846582,98.31179658190914
tier0_f2,Mitosis,1115,9726,70592,0.0018503321334719658,99.66652771988329
tier0_f2,Mitosis,1118,9726,71360,0.0010612590704113245,95.22717799082952
tier0_f2,Mitosis,1152,10238,71872,0.0015947700012475252,98.62442684451855
tier0_f2,Mitosis,1153,10238,72128,0.0004308999050408602,85.57732388495207
tier0_f2,Mitosis,1962,11645,55104,0.0007891526911407709,91.97582325969154
tier0_f2,Mitosis,1963,11645,55360,0.0011439565569162369,95.74822842851188
tier0_f2,Mitosis,1965,11645,55872,0.0010772155364975333,95.33138807836599
tier0_f2,Mitosis,1972,11645,57664,0.0005764274392277002,88.62025844101709
tier0_f2,Mitosis,1987,11901,55872,0.0014146168250590563,97.6031679866611
tier0_f2,Mitosis,1994,11901,57664,0.0006349068717099726,89.64151729887453
tier0_f2,Mitosis,2022,12157,58176,0.00018817618547473103,75.78157565652356
tier0_f2,Mitosis,2026,12157,59200,0.0008786878897808492,93.14297624010004
tier0_f2,Mitosis,2052,12413,58176,0.0016904559452086687,99.24968736973739
tier0_f2,Mitosis,2053,12413,58432,0.0017592774238437414,99.43726552730304
tier0_f2,Mitosis,2054,12413,58688,0.0016269817715510726,98.87453105460608
tier0_f2,Mitosis,2074,12669,55616,0.0016117304330691695,98.79116298457691
tier0_f2,Mitosis,2075,12669,55872,0.0011794882593676448,96.0608586911213
tier0_f2,Mitosis,2120,12925,59200,0.0011984604643657804,96.33180491871613
tier0_f2,Mitosis,2137,13181,55616,0.001860730117186904,99.70821175489787
tier0_f2,Mitosis,2203,13693,56896,0.0018155159195885062,99.5623176323468
tier0_f2,Mitosis,2215,13693,59968,0.00042189087253063917,85.34806169237181
tier0_f2,Mitosis,2234,13949,57408,0.0008840987575240433,93.22634431012922
tier0_f2,Mitosis,2317,14717,58688,0.0011337255127727985,95.7065443934973
tier0_f2,Mitosis,2341,14973,58688,0.0003498522855807096,83.65985827428095
tier0_f2,Immune cells,1979,11901,53824,1.0957322956528515e-05,16.88203418090871
tier0_f2,Immune cells,1980,11901,54080,9.453925304114819e-05,59.58732805335556
tier0_f2,Immune cells,1981,11901,54336,2.2484586224891245e-05,24.656106711129638
tier0_f2,Immune cells,2005,12157,53824,5.3557178034679964e-05,36.89037098791163
tier0_f2,Immune cells,2006,12157,54080,2.833036705851555e-05,27.36556898707795
tier0_f2,Immune cells,2007,12157,54336,5.027133011026308e-05,35.36890370987911
tier0_f2,Immune cells,2033,12413,53312,5.065350342192687e-05,35.577323884952065
tier0_f2,Immune cells,2034,12413,53568,3.632494554040022e-05,30.012505210504376
tier0_f2,Immune cells,2035,12413,53824,6.154896254884079e-05,41.14214255939975
tier0_f2,Immune cells,2036,12413,54080,5.6494805903639644e-05,38.45352230095873
tier0_f2,Immune cells,2037,12413,54336,0.00018875626847147942,75.82325969153814
tier0_f2,Immune cells,2065,12669,53312,5.772304211859591e-05,39.12046686119216
tier0_f2,Immune cells,2066,12669,53568,7.332328823395073e-05,47.97832430179241
tier0_f2,Immune cells,2067,12669,53824,4.0170998545363545e-05,31.429762401000417
tier0_f2,Immune cells,2068,12669,54080,0.00018704848480410874,75.5731554814506
tier0_f2,Immune cells,2069,12669,54336,0.000930705398786813,93.78907878282618
tier0_f2,Immune cells,2097,12925,53312,5.572146983467974e-05,37.97415589829095
tier0_f2,Immune cells,2098,12925,53568,4.35112087870948e-05,32.51354731137974
tier0_f2,Immune cells,2099,12925,53824,8.359109051525593e-05,54.75197999166319
tier0_f2,Immune cells,2100,12925,54080,0.000160584066179581,73.05127136306794
tier0_f2,Immune cells,2131,13181,54080,7.945064135128632e-05,52.31346394330971
tier0_f2,Immune cells,2146,13181,57920,5.2583887736545876e-05,36.41100458524385
tier0_f2,Immune cells,2148,13181,58432,5.0937116611748934e-05,35.68153397248854
tier0_f2,Tumor,2057,12413,59456,0.0007410787511616945,91.47561483951647
tier0_f2,Tumor,2058,12413,59712,9.338897507404909e-05,59.212171738224264
tier0_f2,Tumor,2059,12413,59968,0.00010196404036832973,62.48436848686953
tier0_f2,Tumor,2089,12669,59456,0.0008613873505964875,92.85118799499791
tier0_f2,Tumor,2090,12669,59712,0.0010585710406303406,95.20633597332221
tier0_f2,Tumor,2091,12669,59968,0.00041521748062223196,85.11879949979158
tier0_f2,Tumor,2092,12669,60224,7.693617226323113e-05,50.47936640266778
tier0_f2,Tumor,2093,12669,60480,0.0012459453428164124,96.64443518132555
tier0_f2,Tumor,2094,12669,60736,0.0010511664440855384,95.10212588578574
tier0_f2,Tumor,2095,12669,60992,0.00010479660704731941,63.443101292205085
tier0_f2,Tumor,2121,12925,59456,0.0002715340815484524,80.63776573572322
tier0_f2,Tumor,2122,12925,59712,0.0008473189664073288,92.68445185493955
tier0_f2,Tumor,2123,12925,59968,0.00014840427320450544,71.69654022509378
tier0_f2,Tumor,2124,12925,60224,0.0004208028258290142,85.24385160483534
tier0_f2,Tumor,2125,12925,60480,0.0006825234740972519,90.51688203418091
tier0_f2,Tumor,2126,12925,60736,0.00044570970931090415,86.11921634014172
tier0_f2,Tumor,2127,12925,60992,0.00032470215228386223,82.90954564401834
tier0_f2,Tumor,2152,13181,59456,8.66832779138349e-05,56.127553147144646
tier0_f2,Tumor,2153,13181,59712,0.000547100615222007,87.97415589829096
tier0_f2,Tumor,2154,13181,59968,0.0005254960269667208,87.72405168820342
tier0_f2,Tumor,2155,13181,60224,0.0005803066305816174,88.70362651104627
tier0_f2,Tumor,2156,13181,60480,0.0005544668529182673,88.12005002084202
tier0_f2,Tumor,2157,13181,60736,0.0005940900300629437,88.9745727386411
tier0_f2,Tumor,2158,13181,60992,0.0009487951756455004,94.14339308045018
tier0_f2,Tumor,2185,13437,59968,0.00013446237426251173,69.48728636932054
tier0_f2,Tumor,2186,13437,60224,0.0008676477009430528,92.9345560650271
tier0_f2,Tumor,2187,13437,60480,0.000958715274464339,94.24760316798667
tier0_f2,Tumor,2188,13437,60736,0.0007741869194433093,91.80908711963318
tier0_f2,Tumor,2189,13437,60992,0.0009659057250246406,94.33097123801583
tier0_f2,Tumor,2215,13693,59968,0.00042189087253063917,85.34806169237181
tier0_f2,Tumor,2216,13693,60224,0.0005899806274101138,88.89120466861192
tier0_f2,Tumor,2217,13693,60480,0.0006226217956282198,89.43309712380159
tier0_f2,Tumor,2218,13693,60736,0.0003789984039030969,84.34764485202167
tier0_f2,Tumor,2219,13693,60992,0.0006451752851717174,89.84993747394748
tier0_f2,Tumor,2236,13949,57920,0.0006796152447350323,90.43351396415173
tier0_f2,Tumor,2237,13949,58176,0.00017496064538136125,74.55189662359317
tier0_f2,Tumor,2238,13949,58432,0.0006404158775694668,89.7665694039183
tier0_f2,Tumor,2239,13949,58688,0.000124173573567532,67.79908295122968
tier0_f2,Tumor,2243,13949,59712,0.00042037354432977736,85.22300958732805
tier0_f2,Tumor,2244,13949,59968,0.0008140832651406527,92.30929553980825
tier0_f2,Tumor,2263,14205,57920,0.001858483999967575,99.68736973739058
tier0_f2,Tumor,2264,14205,58176,0.000653263705316931,89.99583159649855
tier0_f2,Tumor,2265,14205,58432,0.000889784365426749,93.28887036265111
tier0_f2,Tumor,2266,14205,58688,0.0008398807840421796,92.58024176740308
tier0_f2,Tumor,2289,14461,57920,0.00032114237546920776,82.72196748645268
tier0_f2,Tumor,2290,14461,58176,0.00013897157623432577,70.4668611921634
tier0_f2,Tumor,2291,14461,58432,0.001591452513821423,98.58274280950396
tier0_f2,Tumor,2292,14461,58688,0.00065169035224244,89.97498957899124
tier0_f2,necrosis,1523,15870,75712,0.00022031979460734874,78.07419758232597
tier0_f2,necrosis,1524,15870,75968,0.0007895427406765521,91.99666527719883
tier0_f2,necrosis,1525,15870,76224,0.0007071237196214497,90.95456440183409
tier0_f2,necrosis,1535,16126,75712,0.00018567845108918846,75.42726135889954
tier0_f2,necrosis,1536,16126,75968,0.0004733166133519262,86.76531888286786
tier0_f2,necrosis,1537,16126,76224,0.00013747133198194206,70.25844101709045
tier0_f2,necrosis,1545,16382,75712,0.00011673802509903908,66.40266777824094
tier0_f2,necrosis,1546,16382,75968,5.923374919802882e-05,39.91246352646936
tier0_f2,necrosis,1547,16382,76224,9.75014190771617e-05,60.858691121300545
tier0_f2,necrosis,2111,12925,56896,0.000426291924668476,85.47311379741559
tier0_f2,necrosis,2142,13181,56896,0.0007394119747914374,91.43393080450187
tier0_f2,necrosis,2205,13693,57408,0.00022877992887515575,78.47019591496456
tier0_f2,necrosis,2232,13949,56896,0.0006632668082602322,90.28761984160067
tier0_f2,necrosis,2233,13949,57152,0.0005086821038275957,87.43226344310129
tier0_f2,necrosis,2235,13949,57664,0.0006988290115259588,90.76698624426845
tier0_f2,necrosis,2236,13949,57920,0.0006796152447350323,90.43351396415173
tier0_f2,necrosis,2262,14205,57664,0.0005628991057164967,88.30762817840767
tier0_f2,necrosis,2263,14205,57920,0.001858483999967575,99.68736973739058
tier0_f2,Stroma,2115,12925,57920,9.791955380933359e-05,61.04626927886619
tier0_f2,Stroma,2116,12925,58176,6.458093412220478e-05,43.22634431012922
tier0_f2,Stroma,2117,12925,58432,0.0005473316414281726,87.99499791579825
tier0_f2,Stroma,2118,12925,58688,0.0011853844625875354,96.20675281367237
tier0_f2,Stroma,2146,13181,57920,5.2583887736545876e-05,36.41100458524385
tier0_f2,Stroma,2147,13181,58176,3.838218253804371e-05,30.78365985827428
tier0_f2,Stroma,2148,13181,58432,5.0937116611748934e-05,35.68153397248854
tier0_f2,Stroma,2149,13181,58688,0.00016277817485388368,73.32221759066277
tier0_f2,Stroma,2177,13437,57920,0.0004258393601048738,85.431429762401
tier0_f2,Stroma,2178,13437,58176,0.00022631962201558053,78.3451438099208
tier0_f2,Stroma,2179,13437,58432,8.465162682114169e-05,55.21050437682368
tier0_f2,Stroma,2180,13437,58688,4.6765009756200016e-05,33.972488536890374
tier0_f2,Tejido Adiposo,1584,19066,63040,1.7374300114170182e-06,1.354731137974156
tier0_f2,Tejido Adiposo,1585,19322,63040,1.2990078630537027e-06,0.020842017507294707
tier0_f2,Tejido Adiposo,1586,19322,63296,1.812710365811654e-06,1.709045435598166
tier0_f2,Tejido Adiposo,1587,19578,63040,1.8294609844815568e-06,1.8757815756565235
tier0_f2,Tejido Adiposo,1588,19578,63296,1.6493114571858314e-06,0.9170487703209671
tier0_f2,Tejido Adiposo,1589,19834,63040,1.9376343516341876e-06,2.417674030846186
tier0_f2,Tejido Adiposo,1590,19834,63296,2.0702680103568127e-06,2.9178824510212586
tier0_f2,Tejido Adiposo,2348,14973,60480,9.892075468087569e-06,15.964985410587746
tier0_f2,Tejido Adiposo,2349,14973,60736,2.1741179807577282e-06,3.2096706961233847
tier0_f2,Tejido Adiposo,2350,14973,60992,1.91904223356687e-06,2.3551479783243017
tier0_f2,Tejido Adiposo,2351,14973,61248,3.71708028978901e-06,7.357232180075031
tier0_f2,Tejido Adiposo,2352,14973,61504,1.983655920412275e-06,2.5844101709045435
tier0_f2,Tejido Adiposo,2353,14973,61760,1.700241227808874e-06,1.2296790329303877
tier0_f2,Tejido Adiposo,2354,14973,62016,1.6770538877608487e-06,1.0421008753647354
tier0_f2,Tejido Adiposo,2367,15229,60480,2.3572879399580415e-06,3.814089203834931
tier0_f2,Tejido Adiposo,2368,15229,60736,2.0431039047252852e-06,2.771988328470196
tier0_f2,Tejido Adiposo,2369,15229,60992,1.4535140735461027e-06,0.3334722801167153
tier0_f2,Tejido Adiposo,2370,15229,61248,1.7758973172021797e-06,1.5006252605252188
tier0_f2,Tejido Adiposo,2371,15229,61504,1.641444555389171e-06,0.8753647353063777
tier0_f2,Tejido Adiposo,2372,15229,61760,2.1010589534853352e-06,3.063776573572322
tier0_f2,Tejido Adiposo,2373,15229,62016,1.4266904599935515e-06,0.18757815756565235
tier0_f2,Tejido Adiposo,2381,15485,60480,1.4592649222322507e-06,0.35431429762401
tier0_f2,Tejido Adiposo,2382,15485,60736,1.303966314480931e-06,0.06252605252188412
tier0_f2,Tejido Adiposo,2383,15485,62016,1.5179664387687808e-06,0.5210504376823677
tier0_f2,Tejido Adiposo,2389,15741,62016,1.561935960125993e-06,0.6669445602334306
tier0_f2,Tejido Adiposo,2395,15997,62016,1.9456224435998593e-06,2.4385160483534807
tier0_f2,Tejido Adiposo,2401,16253,62016,1.6401137372668018e-06,0.854522717799083
tier0_f3,Nucleos alto grado,1039,8446,71104,0.0007057580514810979,96.4776990412672
tier0_f3,Nucleos alto grado,1040,8446,71360,0.0004685053718276322,82.2426010837849
tier0_f3,Nucleos alto grado,1067,8958,70848,0.00024170697724912316,61.98416006669446
tier0_f3,Nucleos alto grado,1068,8958,71104,0.0005275519797578454,86.72363484785328
tier0_f3,Nucleos alto grado,1071,8958,71872,0.0006605338421650231,94.74781158816174
tier0_f3,Nucleos alto grado,1084,9214,71104,0.0006475960253737867,94.1017090454356
tier0_f3,Nucleos alto grado,1087,9214,71872,0.0003491937823127955,72.17590662776156
tier0_f3,Nucleos alto grado,1101,9470,71104,0.0007258083205670118,97.31137974155898
tier0_f3,Nucleos alto grado,1102,9470,71360,0.0008241260657086968,99.37473947478117
tier0_f3,Nucleos alto grado,1117,9726,71104,0.0007737980340607464,98.58274280950396
tier0_f3,Nucleos alto grado,1120,9726,71872,0.0005247150547802448,86.47353063776573
tier0_f3,Nucleos alto grado,1121,9726,72128,0.0007225011941045523,97.10295956648604
tier0_f3,Nucleos alto grado,1151,10238,71616,0.0006632748991250992,94.8937057107128
tier0_f3,Mitosis,1085,9214,71360,0.0006242214003577828,92.99708211754898
tier0_f3,Mitosis,1098,9470,70336,0.0006581643829122186,94.62275948311796
tier0_f3,Mitosis,1102,9470,71360,0.0008241260657086968,99.37473947478117
tier0_f3,Mitosis,1114,9726,70336,0.0006669914582744241,95.12296790329304
tier0_f3,Mitosis,1115,9726,70592,0.0006933879340067506,95.99833263859942
tier0_f3,Mitosis,1118,9726,71360,0.0008011636091396213,98.99958315964986
tier0_f3,Mitosis,1152,10238,71872,0.0007972583407536149,98.95789912463526
tier0_f3,Mitosis,1153,10238,72128,0.0007804681663401425,98.68695289704043
tier0_f3,Mitosis,1962,11645,55104,0.00027370380121283233,65.17298874531055
tier0_f3,Mitosis,1963,11645,55360,0.0002554627717472613,63.46394330971238
tier0_f3,Mitosis,1965,11645,55872,0.00046292965998873115,81.86744476865361
tier0_f3,Mitosis,1972,11645,57664,0.0004013472644146532,76.24010004168403
tier0_f3,Mitosis,1987,11901,55872,0.0005889541353099048,90.9337223843268
tier0_f3,Mitosis,1994,11901,57664,0.0005003949045203626,84.6394330971238
tier0_f3,Mitosis,2022,12157,58176,0.0003192662843503058,69.11213005418925
tier0_f3,Mitosis,2026,12157,59200,0.0005574420210905373,88.64110045852439
tier0_f3,Mitosis,2052,12413,58176,0.0006112527917139232,92.33013755731555
tier0_f3,Mitosis,2053,12413,58432,0.0008180913282558322,99.29137140475198
tier0_f3,Mitosis,2054,12413,58688,0.0004912720760330558,83.88912046686119
tier0_f3,Mitosis,2074,12669,55616,0.0005573203088715672,88.62025844101709
tier0_f3,Mitosis,2075,12669,55872,0.00041752788820303977,77.90746144226762
tier0_f3,Mitosis,2120,12925,59200,0.00028312811627984047,65.79824927052938
tier0_f3,Mitosis,2137,13181,55616,0.0006103515625,92.24676948728637
tier0_f3,Mitosis,2203,13693,56896,0.0006394745432771742,93.72655273030429
tier0_f3,Mitosis,2215,13693,59968,0.0005985359894111753,91.49645685702376
tier0_f3,Mitosis,2234,13949,57408,0.0006574904546141624,94.60191746561067
tier0_f3,Mitosis,2317,14717,58688,0.0005203369073569775,86.2234264276782
tier0_f3,Mitosis,2341,14973,58688,0.00038397437310777605,74.8020008336807
tier0_f3,Immune cells,1979,11901,53824,3.924253178411163e-06,15.54814506044185
tier0_f3,Immune cells,1980,11901,54080,1.478003559896024e-05,36.26511046269279
tier0_f3,Immune cells,1981,11901,54336,3.460785364950425e-06,11.984160066694455
tier0_f3,Immune cells,2005,12157,53824,1.488623001932865e-05,36.30679449770738
tier0_f3,Immune cells,2006,12157,54080,4.5838405640097335e-06,19.362234264276783
tier0_f3,Immune cells,2007,12157,54336,4.2034675971081015e-06,17.340558566069195
tier0_f3,Immune cells,2033,12413,53312,6.199508788995445e-06,25.802417674030846
tier0_f3,Immune cells,2034,12413,53568,4.192209871689556e-06,17.173822426010837
tier0_f3,Immune cells,2035,12413,53824,4.523201823758427e-06,19.070446019174657
tier0_f3,Immune cells,2036,12413,54080,7.608462510688696e-06,29.074614422676117
tier0_f3,Immune cells,2037,12413,54336,0.00016975104517769068,56.044185077115465
tier0_f3,Immune cells,2065,12669,53312,2.1991165340295993e-05,39.203834931221344
tier0_f3,Immune cells,2066,12669,53568,2.1312815078999847e-05,38.95373072113381
tier0_f3,Immune cells,2067,12669,53824,8.158263881341554e-06,29.949979157982494
tier0_f3,Immune cells,2068,12669,54080,0.0002898069506045431,66.548561900792
tier0_f3,Immune cells,2069,12669,54336,0.0006422765436582267,93.80992080033347
tier0_f3,Immune cells,2097,12925,53312,8.751717359700706e-06,31.117132138390996
tier0_f3,Immune cells,2098,12925,53568,1.0122273124579806e-05,32.909545644018344
tier0_f3,Immune cells,2099,12925,53824,7.181272667367011e-05,47.35306377657357
tier0_f3,Immune cells,2100,12925,54080,0.00021212694991845638,59.64985410587745
tier0_f3,Immune cells,2131,13181,54080,0.0001014674999169074,50.0
tier0_f3,Immune cells,2146,13181,57920,5.622584467346314e-06,23.759899958315966
tier0_f3,Immune cells,2148,13181,58432,6.856568688817788e-06,27.511463109629013
tier0_f3,Tumor,2057,12413,59456,0.0004490275459829718,81.09629012088371
tier0_f3,Tumor,2058,12413,59712,0.0004634707875084132,81.8882867861609
tier0_f3,Tumor,2059,12413,59968,0.0002530945639591664,63.15131304710296
tier0_f3,Tumor,2089,12669,59456,0.0004856407467741519,83.451438099208
tier0_f3,Tumor,2090,12669,59712,0.0005552617367357016,88.43268028345143
tier0_f3,Tumor,2091,12669,59968,0.0006657165940850973,95.06044185077116
tier0_f3,Tumor,2092,12669,60224,0.00041617039823904634,77.69904126719466
tier0_f3,Tumor,2093,12669,60480,0.0007239602855406702,97.2280116715298
tier0_f3,Tumor,2094,12669,60736,0.0005048641469329596,85.05627344726969
tier0_f3,Tumor,2095,12669,60992,0.0003004652971867472,67.54897874114214
tier0_f3,Tumor,2121,12925,59456,0.0006150189437903464,92.4968736973739
tier0_f3,Tumor,2122,12925,59712,0.0005607976927421987,88.9745727386411
tier0_f3,Tumor,2123,12925,59968,0.0005123860319145024,85.68153397248854
tier0_f3,Tumor,2124,12925,60224,0.00040108439861796796,76.19841600666945
tier0_f3,Tumor,2125,12925,60480,0.0003259183431509882,69.94581075448103
tier0_f3,Tumor,2126,12925,60736,0.0005578465643338859,88.72446852855356
tier0_f3,Tumor,2127,12925,60992,0.0005150609649717808,85.95248020008337
tier0_f3,Tumor,2152,13181,59456,0.00032878961064852774,70.11254689453939
tier0_f3,Tumor,2153,13181,59712,0.00034308014437556267,71.46727803251355
tier0_f3,Tumor,2154,13181,59968,0.0005762912333011627,90.10004168403502
tier0_f3,Tumor,2155,13181,60224,0.0002295906306244433,60.92121717382243
tier0_f3,Tumor,2156,13181,60480,0.00039251946145668626,75.53147144643602
tier0_f3,Tumor,2157,13181,60736,0.00034792645601555705,72.03001250521051
tier0_f3,Tumor,2158,13181,60992,0.0007125639240257442,96.70696123384744
tier0_f3,Tumor,2185,13437,59968,0.000351743889041245,72.4260108378491
tier0_f3,Tumor,2186,13437,60224,0.0004429834079928696,80.47102959566486
tier0_f3,Tumor,2187,13437,60480,0.0004952105227857828,84.26427678199249
tier0_f3,Tumor,2188,13437,60736,0.0003685092378873378,73.71821592330137
tier0_f3,Tumor,2189,13437,60992,0.0008079386316239834,99.12463526469362
tier0_f3,Tumor,2215,13693,59968,0.0005985359894111753,91.49645685702376
tier0_f3,Tumor,2216,13693,60224,0.0005520906997844577,88.26594414339309
tier0_f3,Tumor,2217,13693,60480,0.00038269514334388077,74.69779074614422
tier0_f3,Tumor,2218,13693,60736,0.00047064851969480515,82.32596915381409
tier0_f3,Tumor,2219,13693,60992,0.0006909908843226731,95.91496456857024
tier0_f3,Tumor,2236,13949,57920,0.0003690313023980707,73.75989995831597
tier0_f3,Tumor,2237,13949,58176,0.00018039664428215474,56.91954981242184
tier0_f3,Tumor,2238,13949,58432,0.0002461817639414221,62.380158399333055
tier0_f3,Tumor,2239,13949,58688,0.0002525078598409891,63.04710295956649
tier0_f3,Tumor,2243,13949,59712,0.00042518466943874955,78.7411421425594
tier0_f3,Tumor,2244,13949,59968,0.000488700345158577,83.70154230929553
tier0_f3,Tumor,2263,14205,57920,0.0006605711532756686,94.76865360566903
tier0_f3,Tumor,2264,14205,58176,0.0002567842893768102,63.526469362234266
tier0_f3,Tumor,2265,14205,58432,0.0004799199232365936,83.03459774906212
tier0_f3,Tumor,2266,14205,58688,0.000565816299058497,89.39141308878699
tier0_f3,Tumor,2289,14461,57920,0.00046925267088226974,82.2842851187995
tier0_f3,Tumor,2290,14461,58176,0.00035583769204095006,72.75948311796581
tier0_f3,Tumor,2291,14461,58432,0.0004378696612548083,80.09587328053355
tier0_f3,Tumor,2292,14461,58688,0.00043496774742379785,79.63734889537307
tier0_f3,necrosis,1523,15870,75712,0.00035399655462242663,72.63443101292205
tier0_f3,necrosis,1524,15870,75968,0.00048099414561875165,83.20133388912046
tier0_f3,necrosis,1525,15870,76224,0.00048391788732260466,83.30554397665694
tier0_f3,necrosis,1535,16126,75712,0.0002260541805298999,60.69195498124218
tier0_f3,necrosis,1536,16126,75968,0.0002544471644796431,63.3805752396832
tier0_f3,necrosis,1537,16126,76224,0.00020220654550939798,58.81617340558566
tier0_f3,necrosis,1545,16382,75712,3.387132892385125e-05,42.434347644852025
tier0_f3,necrosis,1546,16382,75968,0.00015067354252096266,54.62692788661943
tier0_f3,necrosis,1547,16382,76224,6.342762208078057e-05,46.540225093789076
tier0_f3,necrosis,2111,12925,56896,0.00048024061834439635,83.09712380158399
tier0_f3,necrosis,2142,13181,56896,0.00043633379391394556,79.86661108795332
tier0_f3,necrosis,2205,13693,57408,0.00032347277738153934,69.6957065443935
tier0_f3,necrosis,2232,13949,56896,5.674370186170563e-05,45.83159649854106
tier0_f3,necrosis,2233,13949,57152,0.000321209488902241,69.38307628178407
tier0_f3,necrosis,2235,13949,57664,0.000382324680685997,74.65610671112964
tier0_f3,necrosis,2236,13949,57920,0.0003690313023980707,73.75989995831597
tier0_f3,necrosis,2262,14205,57664,0.0003807985340245068,74.46852855356398
tier0_f3,necrosis,2263,14205,57920,0.0006605711532756686,94.76865360566903
tier0_f3,Stroma,2115,12925,57920,0.0001923447853187099,57.96165068778658
tier0_f3,Stroma,2116,12925,58176,6.67239100948791e-06,27.073780741975824
tier0_f3,Stroma,2117,12925,58432,0.0005513177602551877,88.2034180908712
tier0_f3,Stroma,2118,12925,58688,0.0004374543786980212,80.01250521050437
tier0_f3,Stroma,2146,13181,57920,5.622584467346314e-06,23.759899958315966
tier0_f3,Stroma,2147,13181,58176,2.207498710049549e-06,3.0012505210504377
tier0_f3,Stroma,2148,13181,58432,6.856568688817788e-06,27.511463109629013
tier0_f3,Stroma,2149,13181,58688,0.00015701100346632302,55.08545227177991
tier0_f3,Stroma,2177,13437,57920,0.0005283617065288126,86.82784493538975
tier0_f3,Stroma,2178,13437,58176,0.000361856073141098,73.09295539808254
tier0_f3,Stroma,2179,13437,58432,0.00011292454291833565,50.97957482284285
tier0_f3,Stroma,2180,13437,58688,3.856544026348274e-06,15.110462692788662
tier0_f3,Tejido Adiposo,1584,19066,63040,4.715001523436513e-06,19.987494789495624
tier0_f3,Tejido Adiposo,1585,19322,63040,3.6254248243494658e-06,13.297207169654023
tier0_f3,Tejido Adiposo,1586,19322,63296,3.5515274703357136e-06,12.651104626927886
tier0_f3,Tejido Adiposo,1587,19578,63040,5.565585979638854e-06,23.551479783243018
tier0_f3,Tejido Adiposo,1588,19578,63296,7.215276582428487e-06,28.240933722384327
tier0_f3,Tejido Adiposo,1589,19834,63040,3.685814135678811e-06,13.859941642350979
tier0_f3,Tejido Adiposo,1590,19834,63296,3.6382853068062104e-06,13.46394330971238
tier0_f3,Tejido Adiposo,2348,14973,60480,5.2004888857482e-06,22.217590662776157
tier0_f3,Tejido Adiposo,2349,14973,60736,1.0406698493170552e-05,33.22217590662776
tier0_f3,Tejido Adiposo,2350,14973,60992,7.6082337727712e-06,29.05377240516882
tier0_f3,Tejido Adiposo,2351,14973,61248,5.404654984886292e-06,23.07211338057524
tier0_f3,Tejido Adiposo,2352,14973,61504,8.023602276807651e-06,29.72071696540225
tier0_f3,Tejido Adiposo,2353,14973,61760,4.577406343742041e-06,19.278866194247602
tier0_f3,Tejido Adiposo,2354,14973,62016,3.519415940900217e-06,12.317632346811171
tier0_f3,Tejido Adiposo,2367,15229,60480,2.8566967102960916e-06,7.586494372655273
tier0_f3,Tejido Adiposo,2368,15229,60736,5.119977686263155e-06,21.863276365152146
tier0_f3,Tejido Adiposo,2369,15229,60992,5.24003507962334e-06,22.426010837849105
tier0_f3,Tejido Adiposo,2370,15229,61248,6.859511358925374e-06,27.532305127136308
tier0_f3,Tejido Adiposo,2371,15229,61504,5.6364142437814735e-06,23.801583993330553
tier0_f3,Tejido Adiposo,2372,15229,61760,8.182903002307285e-06,29.99166319299708
tier0_f3,Tejido Adiposo,2373,15229,62016,3.221900669814204e-06,9.92080033347228
tier0_f3,Tejido Adiposo,2381,15485,60480,6.508312708319863e-06,26.65694039182993
tier0_f3,Tejido Adiposo,2382,15485,60736,4.698059910879238e-06,19.904126719466444
tier0_f3,Tejido Adiposo,2383,15485,62016,5.052525466453517e-06,21.467278032513548
tier0_f3,Tejido Adiposo,2389,15741,62016,6.379424121405464e-06,26.26094205919133
tier0_f3,Tejido Adiposo,2395,15997,62016,4.5963975026097614e-06,19.403918299291373
tier0_f3,Tejido Adiposo,2401,16253,62016,3.5064372241322417e-06,12.255106294289288
tier0_f4,Nucleos alto grado,1039,8446,71104,6.6335269366391e-05,75.63568153397249
tier0_f4,Nucleos alto grado,1040,8446,71360,0.000843157758936286,91.66319299708212
tier0_f4,Nucleos alto grado,1067,8958,70848,1.0135086995433085e-05,50.66694456023343
tier0_f4,Nucleos alto grado,1068,8958,71104,0.0010148279834538698,93.08045018757815
tier0_f4,Nucleos alto grado,1071,8958,71872,0.000730289495550096,90.78782826177574
tier0_f4,Nucleos alto grado,1084,9214,71104,0.0003676025371532887,87.07794914547728
tier0_f4,Nucleos alto grado,1087,9214,71872,0.0001561615354148671,81.99249687369738
tier0_f4,Nucleos alto grado,1101,9470,71104,0.0004755259142257273,88.49520633597332
tier0_f4,Nucleos alto grado,1102,9470,71360,0.0030258202459663153,99.08295122967904
tier0_f4,Nucleos alto grado,1117,9726,71104,0.003447244642302394,99.6040016673614
tier0_f4,Nucleos alto grado,1120,9726,71872,3.563473728718236e-05,69.13297207169654
tier0_f4,Nucleos alto grado,1121,9726,72128,0.0001780041930032894,82.93038766152564
tier0_f4,Nucleos alto grado,1151,10238,71616,0.0007193841156549752,90.62109212171738
tier0_f4,Mitosis,1085,9214,71360,0.0010980392107740045,93.39308045018758
tier0_f4,Mitosis,1098,9470,70336,0.0030775878112763166,99.14547728220091
tier0_f4,Mitosis,1102,9470,71360,0.0030258202459663153,99.08295122967904
tier0_f4,Mitosis,1114,9726,70336,0.002806399716064334,98.77032096706961
tier0_f4,Mitosis,1115,9726,70592,0.0030691977590322495,99.12463526469362
tier0_f4,Mitosis,1118,9726,71360,0.0019497133325785398,96.60275114631096
tier0_f4,Mitosis,1152,10238,71872,0.003917003981769085,99.93747394747811
tier0_f4,Mitosis,1153,10238,72128,0.0014765956439077854,95.35223009587328
tier0_f4,Mitosis,1962,11645,55104,0.00028851148090325296,85.74406002501043
tier0_f4,Mitosis,1963,11645,55360,0.0007144348346628249,90.55856606919549
tier0_f4,Mitosis,1965,11645,55872,0.001812817296013236,96.33180491871613
tier0_f4,Mitosis,1972,11645,57664,0.0007682304712943733,91.10045852438516
tier0_f4,Mitosis,1987,11901,55872,0.002525004791095853,98.14506044185077
tier0_f4,Mitosis,1994,11901,57664,0.0012598322937265038,94.33097123801583
tier0_f4,Mitosis,2022,12157,58176,9.875545219983906e-05,79.05377240516881
tier0_f4,Mitosis,2026,12157,59200,0.0007834145799279213,91.3088786994581
tier0_f4,Mitosis,2052,12413,58176,0.0036712265573441982,99.77073780741976
tier0_f4,Mitosis,2053,12413,58432,0.004172986373305321,100.0
tier0_f4,Mitosis,2054,12413,58688,0.002844809554517269,98.8328470195915
tier0_f4,Mitosis,2074,12669,55616,0.002787488279864192,98.70779491454773
tier0_f4,Mitosis,2075,12669,55872,0.0011604160536080599,93.72655273030429
tier0_f4,Mitosis,2120,12925,59200,0.00033227939275093377,86.5985827428095
tier0_f4,Mitosis,2137,13181,55616,0.0028133804444223642,98.79116298457691
tier0_f4,Mitosis,2203,13693,56896,0.003516031429171562,99.64568570237599
tier0_f4,Mitosis,2215,13693,59968,0.00013426435180008411,81.13797415589829
tier0_f4,Mitosis,2234,13949,57408,0.0024073116946965456,97.72822009170488
tier0_f4,Mitosis,2317,14717,58688,0.0011675076093524694,93.74739474781158
tier0_f4,Mitosis,2341,14973,58688,0.0006466872873716056,90.07919966652771
tier0_f4,Immune cells,1979,11901,53824,1.3848656408299576e-06,15.589829095456441
tier0_f4,Immune cells,1980,11901,54080,4.14465785070206e-06,41.22551062942893
tier0_f4,Immune cells,1981,11901,54336,1.4159353440845734e-06,16.56940391829929
tier0_f4,Immune cells,2005,12157,53824,4.111370799364522e-06,41.18382659441434
tier0_f4,Immune cells,2006,12157,54080,1.514830842097581e-06,19.674864526886203
tier0_f4,Immune cells,2007,12157,54336,1.5538754496446927e-06,20.654439349729053
tier0_f4,Immune cells,2033,12413,53312,1.8983498648594832e-06,28.261775739891622
tier0_f4,Immune cells,2034,12413,53568,1.7389199911121977e-06,25.052105043768236
tier0_f4,Immune cells,2035,12413,53824,3.1844799650571076e-06,38.182576073363904
tier0_f4,Immune cells,2036,12413,54080,2.6979139420291176e-06,35.66069195498124
tier0_f4,Immune cells,2037,12413,54336,2.4631281121401116e-05,64.29762401000417
tier0_f4,Immune cells,2065,12669,53312,1.2772198715538252e-05,53.73072113380575
tier0_f4,Immune cells,2066,12669,53568,4.55330564363976e-06,42.24676948728637
tier0_f4,Immune cells,2067,12669,53824,2.435604301354033e-06,34.09754064193414
tier0_f4,Immune cells,2068,12669,54080,3.7356585380621254e-05,69.73739057940809
tier0_f4,Immune cells,2069,12669,54336,0.0006198349874466658,89.8082534389329
tier0_f4,Immune cells,2097,12925,53312,1.8931323211290874e-06,28.17840766986244
tier0_f4,Immune cells,2098,12925,53568,2.5728411401360063e-06,35.11879949979158
tier0_f4,Immune cells,2099,12925,53824,2.284599031554535e-05,63.04710295956649
tier0_f4,Immune cells,2100,12925,54080,3.2892170565901324e-05,68.19508128386828
tier0_f4,Immune cells,2131,13181,54080,1.2682979104283731e-05,53.5639849937474
tier0_f4,Immune cells,2146,13181,57920,2.3801915176591137e-06,33.8474364318466
tier0_f4,Immune cells,2148,13181,58432,3.198555532435421e-06,38.22426010837849
tier0_f4,Tumor,2057,12413,59456,0.0011990302009508014,93.83076281784076
tier0_f4,Tumor,2058,12413,59712,3.174725134158507e-05,67.54897874114214
tier0_f4,Tumor,2059,12413,59968,1.3435339496936649e-05,54.66861192163402
tier0_f4,Tumor,2089,12669,59456,0.0016135205514729023,95.83159649854106
tier0_f4,Tumor,2090,12669,59712,0.0011931448243558407,93.80992080033347
tier0_f4,Tumor,2091,12669,59968,0.000644058920443058,90.03751563151313
tier0_f4,Tumor,2092,12669,60224,6.30774229648523e-05,75.15631513130471
tier0_f4,Tumor,2093,12669,60480,0.0022218814119696617,97.33222175906627
tier0_f4,Tumor,2094,12669,60736,0.001426724367775023,94.99791579824927
tier0_f4,Tumor,2095,12669,60992,1.9987941414001398e-05,61.15047936640267
tier0_f4,Tumor,2121,12925,59456,0.000347994442563504,86.84868695289704
tier0_f4,Tumor,2122,12925,59712,0.0009534384007565677,92.64276781992497
tier0_f4,Tumor,2123,12925,59968,3.318511517136358e-05,68.32013338891204
tier0_f4,Tumor,2124,12925,60224,7.628904859302565e-05,76.92788661942475
tier0_f4,Tumor,2125,12925,60480,0.00043947200174443424,88.09920800333472
tier0_f4,Tumor,2126,12925,60736,0.00017607040354050696,82.82617757398916
tier0_f4,Tumor,2127,12925,60992,0.00020238042634446174,83.57649020425177
tier0_f4,Tumor,2152,13181,59456,1.5761635950184427e-05,57.107127969987495
tier0_f4,Tumor,2153,13181,59712,0.0002798245695885271,85.59816590245936
tier0_f4,Tumor,2154,13181,59968,0.000746673031244427,90.89203834931222
tier0_f4,Tumor,2155,13181,60224,0.0002225427597295493,84.30596081700709
tier0_f4,Tumor,2156,13181,60480,0.00037673802580684423,87.09879116298458
tier0_f4,Tumor,2157,13181,60736,0.00041688038618303835,87.7865777407253
tier0_f4,Tumor,2158,13181,60992,0.0012039600405842066,93.93497290537724
tier0_f4,Tumor,2185,13437,59968,2.0268715161364526e-05,61.33805752396832
tier0_f4,Tumor,2186,13437,60224,0.0006730078021064401,90.28761984160067
tier0_f4,Tumor,2187,13437,60480,0.0006582643836736679,90.1625677365569
tier0_f4,Tumor,2188,13437,60736,0.0005650291568599641,89.3497290537724
tier0_f4,Tumor,2189,13437,60992,0.0014793102163821459,95.37307211338057
tier0_f4,Tumor,2215,13693,59968,0.00013426435180008411,81.13797415589829
tier0_f4,Tumor,2216,13693,60224,0.0005783915403299034,89.45393914130888
tier0_f4,Tumor,2217,13693,60480,0.00030402556876651943,86.03584827011255
tier0_f4,Tumor,2218,13693,60736,0.000272359378868714,85.38974572738641
tier0_f4,Tumor,2219,13693,60992,0.0002253659040434286,84.43101292205085
tier0_f4,Tumor,2236,13949,57920,0.0006238872301764786,89.82909545644019
tier0_f4,Tumor,2237,13949,58176,0.00019196569337509573,83.36807002917882
tier0_f4,Tumor,2238,13949,58432,0.0010582024697214365,93.22634431012922
tier0_f4,Tumor,2239,13949,58688,1.741096275509335e-05,58.79533138807837
tier0_f4,Tumor,2243,13949,59712,0.00021423332509584725,83.95164651938308
tier0_f4,Tumor,2244,13949,59968,0.0003637578629422933,87.0154230929554
tier0_f4,Tumor,2263,14205,57920,0.0033953115344047546,99.49979157982493
tier0_f4,Tumor,2264,14205,58176,0.0007048220722936094,90.47519799916633
tier0_f4,Tumor,2265,14205,58432,0.002062799409031868,96.97790746144227
tier0_f4,Tumor,2266,14205,58688,0.0007159030647017062,90.5794080867028
tier0_f4,Tumor,2289,14461,57920,0.0003094242711085826,86.14005835764902
tier0_f4,Tumor,2290,14461,58176,4.817893204744905e-05,72.46769487286369
tier0_f4,Tumor,2291,14461,58432,0.0029137919191271067,98.95789912463526
tier0_f4,Tumor,2292,14461,58688,0.0008828992140479386,92.05919132972072
tier0_f4,necrosis,1523,15870,75712,0.0001230824418598786,80.59608170070862
tier0_f4,necrosis,1524,15870,75968,0.0011409511789679527,93.58065860775324
tier0_f4,necrosis,1525,15870,76224,0.000938978570047766,92.5385577323885
tier0_f4,necrosis,1535,16126,75712,8.834388427203521e-05,77.90746144226762
tier0_f4,necrosis,1536,16126,75968,0.0002966104948427528,85.88995414756148
tier0_f4,necrosis,1537,16126,76224,1.2206422070448752e-05,53.10546060858691
tier0_f4,necrosis,1545,16382,75712,3.922713403881062e-06,40.51688203418091
tier0_f4,necrosis,1546,16382,75968,1.1299214747850783e-05,52.12588578574406
tier0_f4,necrosis,1547,16382,76224,8.812153282633517e-06,48.85368903709879
tier0_f4,necrosis,2111,12925,56896,0.00042308412957936525,87.82826177573989
tier0_f4,necrosis,2142,13181,56896,0.0008672139956615865,91.95498124218425
tier0_f4,necrosis,2205,13693,57408,0.00014949633623473346,81.74239266360983
tier0_f4,necrosis,2232,13949,56896,0.00030343071557581425,86.01500625260525
tier0_f4,necrosis,2233,13949,57152,0.0003775157092604786,87.11963318049187
tier0_f4,necrosis,2235,13949,57664,0.0004829740501008928,88.64110045852439
tier0_f4,necrosis,2236,13949,57920,0.0006238872301764786,89.82909545644019
tier0_f4,necrosis,2262,14205,57664,0.0006655827164649963,90.18340975406419
tier0_f4,necrosis,2263,14205,57920,0.0033953115344047546,99.49979157982493
tier0_f4,Stroma,2115,12925,57920,1.8146776710636914e-05,59.62901208837015
tier0_f4,Stroma,2116,12925,58176,3.261453230152256e-06,38.49520633597332
tier0_f4,Stroma,2117,12925,58432,0.0009461845038458705,92.58024176740308
tier0_f4,Stroma,2118,12925,58688,0.001201441278681159,93.89328887036265
tier0_f4,Stroma,2146,13181,57920,2.3801915176591137e-06,33.8474364318466
tier0_f4,Stroma,2147,13181,58176,1.3575411230704049e-06,14.433097123801584
tier0_f4,Stroma,2148,13181,58432,3.198555532435421e-06,38.22426010837849
tier0_f4,Stroma,2149,13181,58688,2.5812178137130104e-05,64.922884535223
tier0_f4,Stroma,2177,13437,57920,0.000473867665277794,88.45352230095874
tier0_f4,Stroma,2178,13437,58176,7.115381595212966e-05,76.30262609420592
tier0_f4,Stroma,2179,13437,58432,9.32422153709922e-06,49.6040016673614
tier0_f4,Stroma,2180,13437,58688,1.7482000203017378e-06,25.323051271363067
tier0_f4,Tejido Adiposo,1584,19066,63040,1.2276860843485338e-06,9.56648603584827
tier0_f4,Tejido Adiposo,1585,19322,63040,1.143890585808549e-06,5.543976656940392
tier0_f4,Tejido Adiposo,1586,19322,63296,1.1299839570710901e-06,4.8145060441850775
tier0_f4,Tejido Adiposo,1587,19578,63040,1.1375082067388576e-06,5.27303042934556
tier0_f4,Tejido Adiposo,1588,19578,63296,1.2907455584354466e-06,11.796581909128804
tier0_f4,Tejido Adiposo,1589,19834,63040,1.2071802757418482e-06,8.54522717799083
tier0_f4,Tejido Adiposo,1590,19834,63296,1.2507865676525398e-06,10.295956648603585
tier0_f4,Tejido Adiposo,2348,14973,60480,1.5370198980235728e-06,20.320967069612337
tier0_f4,Tejido Adiposo,2349,14973,60736,1.8315299712412525e-06,27.09462275948312
tier0_f4,Tejido Adiposo,2350,14973,60992,1.427458414582361e-06,16.944560233430597
tier0_f4,Tejido Adiposo,2351,14973,61248,1.3754821566180908e-06,15.23551479783243
tier0_f4,Tejido Adiposo,2352,14973,61504,1.6372229083572165e-06,22.71779908295123
tier0_f4,Tejido Adiposo,2353,14973,61760,1.1963372799073113e-06,8.107544810337641
tier0_f4,Tejido Adiposo,2354,14973,62016,1.1360522194081568e-06,5.168820341809087
tier0_f4,Tejido Adiposo,2367,15229,60480,1.1561852488739532e-06,6.127553147144644
tier0_f4,Tejido Adiposo,2368,15229,60736,1.449934870834113e-06,17.486452688620258
tier0_f4,Tejido Adiposo,2369,15229,60992,1.359230509478948e-06,14.506044185077116
tier0_f4,Tejido Adiposo,2370,15229,61248,1.5174333611867041e-06,19.737390579408086
tier0_f4,Tejido Adiposo,2371,15229,61504,1.288620183004241e-06,11.650687786577741
tier0_f4,Tejido Adiposo,2372,15229,61760,1.6046637938416097e-06,22.030012505210504
tier0_f4,Tejido Adiposo,2373,15229,62016,1.0826822745002573e-06,2.8970404335139643
tier0_f4,Tejido Adiposo,2381,15485,60480,1.614021357454476e-06,22.300958732805334
tier0_f4,Tejido Adiposo,2382,15485,60736,1.4284396456787363e-06,17.027928303459774
tier0_f4,Tejido Adiposo,2383,15485,62016,1.2735125665130909e-06,11.067111296373488
tier0_f4,Tejido Adiposo,2389,15741,62016,1.2667801456700545e-06,10.837849103793248
tier0_f4,Tejido Adiposo,2395,15997,62016,1.276632929148036e-06,11.275531471446437
tier0_f4,Tejido Adiposo,2401,16253,62016,1.179157607111847e-06,7.419758232596916
